exposure,outcome,snp,chrom,pos,r2_exposure,r2_outcome,steiger_z,steiger_p,direction,steiger_sig,in_HLA,in_5q31,in_immune_locus_r6
Frailty,ALLERG_ASTHMA,rs9275160,6,32684843,0.0006546264752567999,0.0019591437312345655,-2.0291435944529175,0.04244366673075552,wrong,True,True,False,True
Frailty,ALLERG_ASTHMA,rs9273344,6,32655681,0.0008471563900799998,0.006713930886528633,-5.702250768361949,1.182357131829151e-08,wrong,True,True,False,True
Frailty,ALLERG_ASTHMA,rs77062257,6,32652987,0.0006690166912511998,1.9565852743308336e-05,2.294237476740179,0.02177686172355622,correct,True,True,False,True
Frailty,ALLERG_ASTHMA,rs28746860,6,32667256,0.0005909158613357999,0.0014932253808608246,-1.5601901138186454,0.11871496118218977,wrong,False,True,False,True
Frailty,ALLERG_ASTHMA,rs1281935,6,32616043,0.0005385584383487999,0.0004986955844965174,0.09254850693865185,0.9262622535934678,correct,False,True,False,True
Frailty,ALLERG_ASTHMA,rs6910879,6,32592962,0.0004795527628800001,2.0712654530984375e-08,2.331568433660818,0.019723406059449083,correct,True,True,False,True
Frailty,ALLERG_ASTHMA,rs1281934,6,32616605,0.0003995611519999998,0.0006152013767322976,-0.520545315936362,0.6026835519539894,wrong,False,True,False,True
Frailty,ALLERG_ASTHMA,rs9268362,6,32365564,0.00034373248683179994,0.001241337287514265,-1.8150382393160247,0.06951803319611725,wrong,False,True,False,True
Frailty,ALLERG_ASTHMA,rs28746878,6,32669738,0.0003599528802552,0.00017406549146009714,0.6253399893864799,0.5317479393154416,correct,False,True,False,True
Frailty,ALLERG_ASTHMA,rs34422230,6,32809218,0.0002946885101567999,5.581853014461968e-05,1.0308389815772188,0.30261633469526805,correct,False,True,False,True
Frailty,ALLERG_ASTHMA,rs2523668,6,31470319,0.00029184560761519996,0.0016246203180749533,-2.550990287486771,0.010741731924619856,wrong,True,True,False,True
Frailty,ALLERG_ASTHMA,rs35520662,6,32780252,0.0002839383801101999,7.87549519343177e-05,0.8472160838131249,0.39687469020648536,correct,False,True,False,True
Frailty,ALLERG_ASTHMA,rs34043227,6,32780813,0.0002839383801102,7.189538167189274e-05,0.8890124122128028,0.37399640911271903,correct,False,True,False,True
Frailty,ALLERG_ASTHMA,rs34153000,6,32779239,0.0002839383801102,7.87549519343177e-05,0.8472160838131252,0.39687469020648525,correct,False,True,False,True
Frailty,ALLERG_ASTHMA,rs34408145,6,32787400,0.00028280149084079987,7.87549519343177e-05,0.8436288017648258,0.3988768645607995,correct,False,True,False,True
Frailty,ALLERG_ASTHMA,rs17213756,6,32820219,0.00027983501568000003,7.254803464636909e-05,0.8740488097749854,0.3820916731740389,correct,False,True,False,True
Frailty,ALLERG_ASTHMA,rs41316548,6,32829390,0.00028010220564479997,7.20970715024187e-05,0.877137536175975,0.38041193876627366,correct,False,True,False,True
Frailty,ALLERG_ASTHMA,rs35921062,6,32806639,0.00027827673996719997,7.254859929273695e-05,0.8691907257446561,0.3847428192527469,correct,False,True,False,True
Frailty,ALLERG_ASTHMA,rs35486885,6,32795729,0.00027715125379979986,7.215358626783635e-05,0.8679869445309685,0.3854014797633962,correct,False,True,False,True
Frailty,ALLERG_ASTHMA,rs34710970,6,32800338,0.00027715125379979986,7.255004350939932e-05,0.8655861245643287,0.3867171674324179,correct,False,True,False,True
Frailty,ALLERG_ASTHMA,rs41258084,6,32813180,0.0002764533547008,6.874648362558348e-05,0.8872064407750931,0.37496776543047494,correct,False,True,False,True
Frailty,ALLERG_ASTHMA,rs41316241,6,32815018,0.0002764533547008,6.911550344193748e-05,0.8848350968316739,0.37624557719342766,correct,False,True,False,True
Frailty,ALLERG_ASTHMA,rs41317090,6,32834577,0.0002731408355000001,7.014217576495511e-05,0.8698118700563744,0.38440322353968526,correct,False,True,False,True
Frailty,ALLERG_ASTHMA,rs2857702,6,31609506,0.0002734913721848,0.0002085396773901793,0.22679578566788475,0.8205825408758651,correct,False,True,False,True
Frailty,ALLERG_ASTHMA,rs2228396,6,32830032,0.00025174418734079997,0.0004319959371394506,-0.526137206001214,0.5987928795041488,wrong,False,True,False,True
Frailty,ALLERG_ASTHMA,rs8192574,6,32201368,0.0002463022333152,0.00030125743471868144,-0.17879356529738463,0.8580997980203036,wrong,False,True,False,True
Frailty,ALLERG_ASTHMA,rs41268932,6,32186934,0.00024584563303820005,0.0002865021231346079,-0.13402625703111223,0.8933818116398868,wrong,False,True,False,True
Frailty,ALLERG_ASTHMA,rs2022059,6,32188712,0.0002444178555,0.00031029171089512096,-0.2127830281039387,0.8314962022179593,wrong,False,True,False,True
Frailty,ALLERG_ASTHMA,rs9268835,6,32460338,0.00023710552632000002,0.0032238515482944687,-4.543725249263305,5.526868660918331e-06,wrong,True,True,False,True
Frailty,ALLERG_ASTHMA,rs137893789,6,32087709,0.00023601935953919997,0.000280348468061357,-0.1483717310887143,0.8820494084459272,wrong,False,True,False,True
Frailty,ALLERG_ASTHMA,rs2844456,6,31896897,0.00023322421142720016,4.719137349741666e-05,0.900921347867919,0.3676301398387656,correct,False,True,False,True
Frailty,ALLERG_ASTHMA,rs2856437,6,32189587,0.0002320384983822,0.0003080692634314841,-0.24912125682587735,0.803266987134,wrong,False,True,False,True
Frailty,ALLERG_ASTHMA,rs34562262,6,32053184,0.00022492022799020002,0.0002825655082128717,-0.19472684555666306,0.8456067944765947,wrong,False,True,False,True
Frailty,ALLERG_ASTHMA,rs644045,6,31916180,0.0002214071304192,0.0007728619241403063,-1.3949954036046548,0.1630172256319664,wrong,False,True,False,True
Frailty,ALLERG_ASTHMA,rs35029304,6,32941756,0.00022662158310380015,0.0003733507337936084,-0.458716849592055,0.6464375125638111,wrong,False,True,False,True
Frailty,ALLERG_ASTHMA,rs82334,4,3223644,0.00021559183443180003,0.0014027576227536964,-2.4500409648979122,0.014283996281704868,wrong,True,False,False,False
Frailty,ALLERG_ASTHMA,rs41268928,6,32179380,0.00021272174407680004,4.498645363373112e-06,1.3413742836560207,0.17979896269981743,correct,False,True,False,True
Frailty,ALLERG_ASTHMA,rs805284,6,31714252,0.00020823197050880003,4.3628674079826946e-05,0.8398407751091829,0.4009976679163779,correct,False,True,False,True
Frailty,ALLERG_ASTHMA,rs41268924,6,32167360,0.00020656499834880002,0.00023605276108354056,-0.10650574954899257,0.9151810938772382,wrong,False,True,False,True
Frailty,ALLERG_ASTHMA,rs10947233,6,32156647,0.00020487298007999997,7.736724536876913e-06,1.2402859711966367,0.21486963943118187,correct,False,True,False,True
Frailty,ALLERG_ASTHMA,rs3101944,6,32943350,0.0002033559043038,6.863950505847734e-05,0.6509140315896916,0.5151019831690113,correct,False,True,False,True
Frailty,ALLERG_ASTHMA,rs2396766,7,114678016,0.00020139393487500002,7.105191453759386e-05,0.6223258617388338,0.5337276191016783,correct,False,False,False,False
Frailty,ALLERG_ASTHMA,rs12739243,1,210128698,0.0002013847764192,4.96649926252917e-05,0.768324005091699,0.44229471659817,correct,False,False,False,False
Frailty,ALLERG_ASTHMA,rs583514,3,173396377,0.0001979074152158,0.0007675896868489405,-1.472184074208124,0.14097117681967616,wrong,False,False,False,False
Frailty,ALLERG_ASTHMA,rs204887,6,32061449,0.00019066298723119995,0.002012198381258094,-3.3358047707096983,0.0008505286969575868,wrong,True,True,False,True
Frailty,ALLERG_ASTHMA,rs34451818,6,31616064,0.00018801771088320003,3.9536965517207176e-05,0.7961363483980083,0.42595278918237856,correct,False,True,False,True
Frailty,ALLERG_ASTHMA,rs35502919,6,31636578,0.00018617441112000002,4.745195615754428e-05,0.7247556645098902,0.4686019392016303,correct,False,True,False,True
Frailty,ALLERG_ASTHMA,rs73728611,6,32621586,0.00020121724465920008,0.00028904910761039156,-0.3040584172270367,0.7610833861098701,wrong,False,True,False,True
Frailty,ALLERG_ASTHMA,rs8089807,18,41742675,0.00018670208363519996,0.00010892421258488584,0.34790068404949237,0.7279147715300032,correct,False,False,False,False
Frailty,ALLERG_ASTHMA,rs4146140,10,60125604,0.00018493529638320002,4.733628412472734e-06,1.229911747522182,0.2187301546242717,correct,False,False,False,False
Frailty,ALLERG_ASTHMA,rs1800454,6,32832635,0.00017480921588480003,0.00034480848948591783,-0.5764938957394271,0.5642813946784636,wrong,False,True,False,True
Frailty,ALLERG_ASTHMA,rs2071207,3,50122411,0.00017450650008,0.0010036641837038059,-1.9947210160582416,0.0460733159415799,wrong,True,False,False,False
Frailty,ALLERG_ASTHMA,rs4952693,2,43924669,0.00017611573503680002,0.00015117984721731094,0.10464343919612931,0.9166587444108217,correct,False,False,False,False
Frailty,ALLERG_ASTHMA,rs3129871,6,32438565,0.0001730235236408,1.2501256841916733e-07,1.3793894612629463,0.16777470681756412,correct,False,True,False,True
Frailty,ALLERG_ASTHMA,rs3959554,15,41151726,0.00017376602615819999,0.0008389940402948091,-1.7091250972023464,0.08742777961906929,wrong,False,False,False,False
Frailty,ALLERG_ASTHMA,rs10891490,11,113014805,0.00017080182392,4.059129874038124e-05,0.7151010865519465,0.4745465826079084,correct,False,False,False,True
Frailty,ALLERG_ASTHMA,rs2854051,6,32216273,0.0001714694908512,0.0004362303884695477,-0.8334570892159459,0.4045869890194419,wrong,False,True,False,True
Frailty,ALLERG_ASTHMA,rs2854050,6,32217828,0.00017052083712,0.0004258624535126052,-0.8109168068064949,0.417413447897342,wrong,False,True,False,True
Frailty,ALLERG_ASTHMA,rs1363103,5,104582136,0.00017189847199999998,0.0005729908008442658,-1.1644656428252718,0.24423535893408033,wrong,False,False,False,False
Frailty,ALLERG_ASTHMA,rs28407322,6,32635578,0.0001706708881632,0.009953986126346272,-9.266425149537252,1.9248930438149065e-20,wrong,True,True,False,True
Frailty,ALLERG_ASTHMA,rs2849017,6,32206271,0.00016979605200779992,0.00041572274565038246,-0.7873902801641236,0.4310534348842425,wrong,False,True,False,True
Frailty,ALLERG_ASTHMA,rs2555457,6,32206023,0.00016790944384620005,0.00041495004226969944,-0.7931573156832625,0.4276861728451319,wrong,False,True,False,True
Frailty,ALLERG_ASTHMA,rs2854047,6,32211655,0.0001674050501088,0.0004278243447390801,-0.8286068286118631,0.4073269227167112,wrong,False,True,False,True
Frailty,ALLERG_ASTHMA,rs17612102,15,51971897,0.0001687569740318,2.7841069221553345e-05,0.8298261945474859,0.406637058428712,correct,False,False,False,False
Frailty,ALLERG_ASTHMA,rs8192575,6,32198607,0.0001671875964799999,0.00037516365189382286,-0.6886261662190006,0.491058550360966,wrong,False,True,False,True
Frailty,ALLERG_ASTHMA,rs146003472,6,32422974,0.00020791974612779986,0.0003917349602906521,-0.5772640003978214,0.5637611285864473,wrong,False,True,False,True
Frailty,ALLERG_ASTHMA,rs2071285,6,32212654,0.00016697009215679991,0.0004271358231487838,-0.8288353815630377,0.40719756426725096,wrong,False,True,False,True
Frailty,ALLERG_ASTHMA,rs1008210,4,3036385,0.00016726441315499996,0.0013943914302732797,-2.6280365428752086,0.008587928958270442,wrong,True,False,False,False
Frailty,ALLERG_ASTHMA,rs2555469,6,32211717,0.00016509929356079995,0.0004280393695711371,-0.8387279191511484,0.4016220075154262,wrong,False,True,False,True
Frailty,ALLERG_ASTHMA,rs56299474,8,22135291,0.0001664219403182,7.077901806368566e-05,0.4750046696421343,0.6347836449298867,correct,False,False,False,False
Frailty,ALLERG_ASTHMA,rs9469227,6,32720103,0.00021108238303680003,0.0014996370539155947,-2.6128861579113436,0.00897812025844943,wrong,True,True,False,True
GrimAge,ALLERG_ASTHMA,rs9386796,6,109297501,0.0195337171751598,2.315560101901494e-06,13.191360668346164,9.839310999356896e-40,correct,True,False,False,False
GrimAge,ALLERG_ASTHMA,rs887466,6,31175734,0.01754196745952,0.0002425855114906745,11.073569981519165,1.6854943752052248e-28,correct,True,True,False,False
GrimAge,ALLERG_ASTHMA,rs4065321,17,39987295,0.0144367247448398,0.0011338925566991398,8.253741413226445,1.5351131769493866e-16,correct,True,False,False,False
GrimAge,ALLERG_ASTHMA,rs17094148,10,99520522,0.013431427128,9.778330522381012e-06,10.719674684100502,8.229226267636967e-27,correct,True,False,False,False
GrimAge,ALLERG_ASTHMA,rs3134745,6,31274985,0.014418132767999999,0.004440738083263838,5.116744255796835,3.1085465276977374e-07,correct,True,True,False,False
Hannum,ALLERG_ASTHMA,rs10786282,10,96363051,0.043360593408,4.994578106427663e-08,19.94706327235035,1.5895494628983717e-88,correct,True,False,False,False
Hannum,ALLERG_ASTHMA,rs941997,10,96287079,0.041491664091622214,7.822912435416261e-05,18.37748058007369,1.989988833983517e-75,correct,True,False,False,False
Hannum,ALLERG_ASTHMA,rs1005277,10,37929331,0.03782064674646719,4.397233416796576e-05,17.696846909627205,4.434502487667856e-70,correct,True,False,False,False
Hannum,ALLERG_ASTHMA,rs117932856,10,37875836,0.04766429491199999,0.00013242958172542588,19.316718101237225,3.885839518492615e-83,correct,True,False,False,False
Hannum,ALLERG_ASTHMA,rs144646268,10,96302996,0.03326513597299499,4.4900277438975426e-05,16.548751124561413,1.6345835350125072e-61,correct,True,False,False,False
Hannum,ALLERG_ASTHMA,rs77125544,10,96301326,0.03321391969578381,4.793164746145057e-05,16.520893498378868,2.5952468380933462e-61,correct,True,False,False,False
Hannum,ALLERG_ASTHMA,rs80065902,10,96299652,0.03296273590883521,4.796804998774414e-05,16.454153601467155,7.830888010185918e-61,correct,True,False,False,False
Hannum,ALLERG_ASTHMA,rs17386635,10,96304051,0.033402435617932796,4.7454304847098496e-05,16.536327128408537,2.0090422937135293e-61,correct,True,False,False,False
Hannum,ALLERG_ASTHMA,rs117699776,10,96288508,0.03221135579463677,4.70293957099514e-05,16.23169594267047,3.0102601583165695e-59,correct,True,False,False,False
Hannum,ALLERG_ASTHMA,rs117219667,10,96288202,0.0321491216649848,4.402048307295383e-05,16.230156455847688,3.086716626564758e-59,correct,True,False,False,False
Hannum,ALLERG_ASTHMA,rs143370018,10,96290260,0.0319834581896952,4.491950959106409e-05,16.181493628792055,6.812162134464141e-59,correct,True,False,False,False
Hannum,ALLERG_ASTHMA,rs117774156,10,96291808,0.03188265981981119,4.5511570036613004e-05,16.15193599776396,1.1005266457853199e-58,correct,True,False,False,False
Hannum,ALLERG_ASTHMA,rs76715209,10,96291651,0.0319083744782208,4.5511482203800556e-05,16.15882229471331,9.842405478258662e-59,correct,True,False,False,False
Hannum,ALLERG_ASTHMA,rs117148433,10,96258109,0.031185231700079984,4.489587206125354e-05,15.967925764586811,2.1377760033049044e-57,correct,True,False,False,False
Hannum,ALLERG_ASTHMA,rs80106405,10,96269434,0.03107807879550003,5.540168663417908e-05,15.888474852673053,7.615804176174927e-57,correct,True,False,False,False
Hannum,ALLERG_ASTHMA,rs4142016,10,96266318,0.031091927827327205,4.1735323058946686e-05,15.959677719778014,2.4398800644015138e-57,correct,True,False,False,False
Hannum,ALLERG_ASTHMA,rs79663593,10,96265101,0.030922162819891207,4.14246972298339e-05,15.915956552977622,4.911065359211244e-57,correct,True,False,False,False
Hannum,ALLERG_ASTHMA,rs2505248,10,38170169,0.030321465048000002,4.4461115310607855e-07,16.28834777150543,1.194118529945583e-59,correct,True,False,False,False
Hannum,ALLERG_ASTHMA,rs117480177,10,96255961,0.029997536754479994,2.5790151315152183e-05,15.799230869749941,3.149355256295076e-56,correct,True,False,False,False
Hannum,ALLERG_ASTHMA,rs55668627,10,96255397,0.029569740151164772,2.9866097120597302e-05,15.644459819792576,3.624315659949161e-55,correct,True,False,False,False
Hannum,ALLERG_ASTHMA,rs117315625,10,96253690,0.029569740151164804,3.1565365100628766e-05,15.615417736084156,5.716945585390996e-55,correct,True,False,False,False
Hannum,ALLERG_ASTHMA,rs149538538,10,96251179,0.029066037717555202,2.567252336308012e-05,15.528533362570963,2.2240845017632442e-54,correct,True,False,False,False
Hannum,ALLERG_ASTHMA,rs117567726,10,96247491,0.02944793389207997,2.3024727366209403e-05,15.66390422399169,2.669916127349756e-55,correct,True,False,False,False
Hannum,ALLERG_ASTHMA,rs111716638,10,96250177,0.02884791691430223,2.101566485100184e-05,15.515703868498921,2.716396285687784e-54,correct,True,False,False,False
Hannum,ALLERG_ASTHMA,rs55769428,10,96246079,0.028958774061679973,1.963070247196355e-05,15.556362001738123,1.4405777317658135e-54,correct,True,False,False,False
Hannum,ALLERG_ASTHMA,rs111925661,10,96245257,0.028703455404991206,2.755963222263746e-05,15.401508702687899,1.5989477257575962e-53,correct,True,False,False,False
Hannum,ALLERG_ASTHMA,rs141225626,10,96350318,0.028578320803355,2.879765682930588e-05,15.322936182676115,5.373430258825782e-53,correct,True,False,False,False
Hannum,ALLERG_ASTHMA,rs185532555,10,37723361,0.0402812043994302,0.00011672484286570319,17.27249506108618,7.579350034028726e-67,correct,True,False,False,False
Hannum,ALLERG_ASTHMA,rs150082435,10,38260511,0.039457733151628795,6.900662741913295e-05,17.138876085213255,7.610758623914897e-66,correct,True,False,False,False
Hannum,ALLERG_ASTHMA,rs148942702,10,38005002,0.038304117079603205,0.00013592574999070017,16.72632638193042,8.427882098132439e-63,correct,True,False,False,False
Hannum,ALLERG_ASTHMA,rs112231354,10,37957966,0.03345085591879678,1.718439355393469e-05,16.669102291309066,2.1987188345468153e-62,correct,True,False,False,False
Hannum,ALLERG_ASTHMA,rs73318809,10,96246624,0.026839944873763184,2.0739563585633883e-05,14.935764900062098,1.9284845010278976e-50,correct,True,False,False,False
Hannum,ALLERG_ASTHMA,rs144205159,10,37976541,0.0351384677898552,8.488930442635108e-05,15.858233100993843,1.2331463118732763e-56,correct,True,False,False,False
Hannum,ALLERG_ASTHMA,rs12417758,11,66308889,0.0217170490187742,6.068429833091353e-05,13.1008550173149,3.2556918539002565e-39,correct,True,False,False,False
Hannum,ALLERG_ASTHMA,rs75666621,10,37420549,0.023025638655640807,0.00014894419146718908,13.061902569557935,5.435222214064617e-39,correct,True,False,False,False
Hannum,ALLERG_ASTHMA,rs11188741,10,96389100,0.0179078839452942,7.267729909528249e-05,11.800537319647031,3.878270967099699e-32,correct,True,False,False,False
Hannum,ALLERG_ASTHMA,rs117267867,10,42444187,0.027352793482879202,0.00014060983953092355,13.262345137842095,3.827368587558389e-40,correct,True,False,False,False
Hannum,ALLERG_ASTHMA,rs1598856,4,102524958,0.017082644149900798,0.00019396982292740984,11.13404181820246,8.566124177924637e-29,correct,True,False,False,False
Hannum,ALLERG_ASTHMA,rs75368049,10,96385808,0.017839322552095197,9.158687427203723e-05,11.609165745518663,3.7020987590256407e-31,correct,True,False,False,False
Hannum,ALLERG_ASTHMA,rs3093956,6,31459190,0.017836275348364794,0.003215955419742732,7.281362389255609,3.304656371330553e-13,correct,True,True,False,False
Hannum,ALLERG_ASTHMA,rs11597902,10,42533243,0.025831531800000005,0.00012349198917627197,12.879888364490853,5.841999996724428e-38,correct,True,False,False,False
Hannum,ALLERG_ASTHMA,rs75001365,10,42493843,0.02298125004600778,8.531777664062697e-05,13.083240398900145,4.105577491595715e-39,correct,True,False,False,False
Hannum,ALLERG_ASTHMA,rs11597305,10,42532391,0.022611791220391822,8.399589342305124e-05,13.040423853657428,7.205535749621429e-39,correct,True,False,False,False
Hannum,ALLERG_ASTHMA,rs116255654,10,96402910,0.016303788982908803,0.00014405716354742027,10.840353402620321,2.216133037904992e-27,correct,True,False,False,False
Hannum,ALLERG_ASTHMA,rs10882762,10,96247971,0.0162824436978462,0.00020615743085259486,10.552555621345661,4.943388165292694e-26,correct,True,False,False,False
Hannum,ALLERG_ASTHMA,rs10827833,10,37843228,0.0179382688540128,7.3867757699955735e-06,12.123038387197074,7.974684888012617e-34,correct,True,False,False,False
Hannum,ALLERG_ASTHMA,rs117756827,10,38140862,0.0295828020536832,0.00021195607849798935,13.353569098271711,1.1290690061818674e-40,correct,True,False,False,False
Hannum,ALLERG_ASTHMA,rs4383328,2,16511856,0.014536551868723203,7.696048910594775e-05,10.560772607883735,4.529184963375882e-26,correct,True,False,False,False
Hannum,ALLERG_ASTHMA,rs111731678,7,130733917,0.0160515337753848,0.00018778758938122443,10.485739878913792,1.004562812671695e-25,correct,True,False,False,False
Hannum,ALLERG_ASTHMA,rs4838595,10,48467204,0.0141858438159872,9.302651419061939e-05,10.335208731398593,4.8834776113894e-25,correct,True,False,False,False
Hannum,ALLERG_ASTHMA,rs118042830,10,37397427,0.017409384139499995,6.79332803279611e-05,11.363946904314842,6.322229555908766e-30,correct,True,False,False,False
Hannum,ALLERG_ASTHMA,rs41291608,10,96160522,0.02335075815072001,2.1576652296764037e-07,14.049767269069664,7.728760462043875e-45,correct,True,False,False,False
Hannum,ALLERG_ASTHMA,rs34970912,16,73034264,0.0184580323918848,5.207358342103151e-07,12.583177144843768,2.6130516867564873e-36,correct,True,False,False,False
Hannum,ALLERG_ASTHMA,rs1383732,4,103032232,0.013794607628887796,2.8795775968888247e-06,10.81657594522929,2.8731156680760595e-27,correct,True,False,False,False
Hannum,ALLERG_ASTHMA,rs3909552,7,130728484,0.013014036142380003,4.603267905493994e-05,10.192862050487932,2.1338779667810984e-24,correct,True,False,False,False
Hannum,ALLERG_ASTHMA,rs117065021,10,36960213,0.018117263671874998,7.046198633638266e-05,11.59706982105432,4.264299222981765e-31,correct,True,False,False,False
IEAA,ALLERG_ASTHMA,rs10949481,6,18120798,0.11800358297542085,0.00022790380319721526,32.342478951112994,1.769836857435801e-229,correct,True,False,False,False
IEAA,ALLERG_ASTHMA,rs10949480,6,18120793,0.1162970497480248,0.00022074637791648862,32.12720024318445,1.8390927711975555e-226,correct,True,False,False,False
IEAA,ALLERG_ASTHMA,rs1142345,6,18130687,0.11638309379859506,0.00021520709674655716,32.1512400214659,8.486623433577998e-227,correct,True,False,False,False
IEAA,ALLERG_ASTHMA,rs76244256,6,18140332,0.11691979169792001,0.000197566605832147,31.828956776098973,2.574083211547602e-222,correct,True,False,False,False
IEAA,ALLERG_ASTHMA,rs77339739,6,18135289,0.11593322169276087,0.00019922593862929585,31.676392530897257,3.285245508374163e-220,correct,True,False,False,False
IEAA,ALLERG_ASTHMA,rs78846846,6,18132264,0.11588634408818882,0.0001997833139222876,31.667316190825368,4.380627206603497e-220,correct,True,False,False,False
IEAA,ALLERG_ASTHMA,rs77134359,6,18135110,0.115740686043875,0.0001997805921204907,31.644810739033645,8.938210907153402e-220,correct,True,False,False,False
IEAA,ALLERG_ASTHMA,rs73724422,6,18123999,0.11563428244987498,0.0002057342735915396,31.603092109655748,3.348039155681873e-219,correct,True,False,False,False
IEAA,ALLERG_ASTHMA,rs78631584,6,18127970,0.11543192819035021,0.000199144269499084,31.598003364762103,3.9327647853611696e-219,correct,True,False,False,False
IEAA,ALLERG_ASTHMA,rs12111366,6,18122711,0.11499834691846081,0.00020924246631274674,31.492964308976934,1.084374633579863e-217,correct,True,False,False,False
IEAA,ALLERG_ASTHMA,rs75379431,6,18128250,0.115089876178875,0.00019914291068817502,31.545103823681355,2.0928996341397896e-218,correct,True,False,False,False
IEAA,ALLERG_ASTHMA,rs4348322,6,18125372,0.11548417073549995,0.00020194515829037663,31.594300051812752,4.4214606182141315e-219,correct,True,False,False,False
IEAA,ALLERG_ASTHMA,rs76574179,6,18152309,0.1182371501250552,0.00023075014278784524,31.922915906826024,1.2841555982212158e-223,correct,True,False,False,False
IEAA,ALLERG_ASTHMA,rs115306927,6,18126707,0.11498308901118003,0.00019942149844500562,31.52715791045302,3.6879217111074793e-218,correct,True,False,False,False
IEAA,ALLERG_ASTHMA,rs79050301,6,18151959,0.11726690377414312,0.00023065598718386275,31.77439653735231,1.461886432725495e-221,correct,True,False,False,False
IEAA,ALLERG_ASTHMA,rs77095250,6,18157635,0.11743803496541994,0.0002590247559981025,31.727218275829696,6.5479926231535645e-221,correct,True,False,False,False
IEAA,ALLERG_ASTHMA,rs3931660,6,18148874,0.11764188928327685,0.00023088304397177666,31.8128582012996,4.2985149959639364e-222,correct,True,False,False,False
IEAA,ALLERG_ASTHMA,rs17839845,6,18147727,0.11681885863800003,0.00024961047122176006,31.622451917103035,1.8143848481244395e-219,correct,True,False,False,False
IEAA,ALLERG_ASTHMA,rs75221067,6,18148434,0.11705020437707521,0.00023075803576451664,31.741153686619743,4.205912837490667e-221,correct,True,False,False,False
IEAA,ALLERG_ASTHMA,rs7760301,6,18144674,0.11641710779999999,0.00022930647260227874,31.649116955936222,7.798418495884109e-220,correct,True,False,False,False
IEAA,ALLERG_ASTHMA,rs11967496,6,18145519,0.11643599287800009,0.00023078645361075862,31.647384613640654,8.238359120560487e-220,correct,True,False,False,False
IEAA,ALLERG_ASTHMA,rs76969503,6,18143281,0.11629734652728003,0.0002397218943292849,31.572649535875218,8.766632527771007e-219,correct,True,False,False,False
IEAA,ALLERG_ASTHMA,rs11969221,6,18145660,0.11661212037021121,0.0002496302990461349,31.59139726408503,4.846559779511348e-219,correct,True,False,False,False
IEAA,ALLERG_ASTHMA,rs55835807,6,18124731,0.11391089820768001,0.00020382464313218641,31.34259665606572,1.227313457915207e-215,correct,True,False,False,False
IEAA,ALLERG_ASTHMA,rs11966998,6,18145502,0.11598115173765113,0.0002496249766316269,31.49410026156484,1.0462290196502455e-217,correct,True,False,False,False
IEAA,ALLERG_ASTHMA,rs77011815,6,18116195,0.1131992417719982,0.00021141916874701245,31.204976568395804,9.12059743184953e-214,correct,True,False,False,False
IEAA,ALLERG_ASTHMA,rs79867975,6,18119925,0.11277211549767019,0.00021151110968870064,31.139056022615158,7.134462742259793e-213,correct,True,False,False,False
IEAA,ALLERG_ASTHMA,rs75289348,6,18120253,0.1127934526369248,0.0002115440943763555,31.142396717647433,6.428866386762158e-213,correct,True,False,False,False
IEAA,ALLERG_ASTHMA,rs73726541,6,18119782,0.11279345263692482,0.00021150059147174373,31.14238483648046,6.431248007088844e-213,correct,True,False,False,False
IEAA,ALLERG_ASTHMA,rs77353348,6,18120169,0.11287882137758723,0.00021153567644850648,31.15570962651652,4.244768139448361e-213,correct,True,False,False,False
IEAA,ALLERG_ASTHMA,rs58413089,6,18119457,0.1127934526369248,0.0002114676235657919,31.142351008126223,6.43803384412803e-213,correct,True,False,False,False
IEAA,ALLERG_ASTHMA,rs55738521,6,18120323,0.1127294472742542,0.00021155251244089673,31.132414829425176,8.775188438230198e-213,correct,True,False,False,False
IEAA,ALLERG_ASTHMA,rs77032929,6,18152062,0.11649178871531829,0.00024948978243108486,31.571878659933812,8.982833999224262e-219,correct,True,False,False,False
IEAA,ALLERG_ASTHMA,rs59662522,6,18119227,0.11298557771661424,0.00021144586056517185,31.172312547984,2.5287924642563864e-213,correct,True,False,False,False
IEAA,ALLERG_ASTHMA,rs114994345,6,18142057,0.11514083800657919,0.00022249143490632716,31.47289367282619,2.041167784825413e-217,correct,True,False,False,False
IEAA,ALLERG_ASTHMA,rs7775626,6,18144290,0.11559442432323117,0.00024676481832811904,31.4429681162937,5.237621862487551e-217,correct,True,False,False,False
IEAA,ALLERG_ASTHMA,rs145835309,6,18151340,0.11568593252639814,0.00024949513793496664,31.447370245350672,4.559906629151518e-217,correct,True,False,False,False
IEAA,ALLERG_ASTHMA,rs143093668,6,18114015,0.1126228120370912,0.00021132045939014556,31.11624203396373,1.4524170504423086e-212,correct,True,False,False,False
IEAA,ALLERG_ASTHMA,rs114615109,6,18117589,0.11247360747636782,0.0002177158813791129,31.067736231877607,6.572720556698822e-212,correct,True,False,False,False
IEAA,ALLERG_ASTHMA,rs74370978,6,18114456,0.11243099576715503,0.00022363482368900636,31.037920957319518,1.6605510707828235e-211,correct,True,False,False,False
IEAA,ALLERG_ASTHMA,rs59065902,6,18119279,0.11185652788244484,0.00021145077609735299,30.99591530111839,6.118928493119375e-211,correct,True,False,False,False
IEAA,ALLERG_ASTHMA,rs79409033,6,18116247,0.1123089178188672,0.00021141916874701245,31.066886888420566,6.748646287827126e-212,correct,True,False,False,False
IEAA,ALLERG_ASTHMA,rs79664320,6,18116254,0.11201934923927999,0.00021141916874701245,31.02142910140316,2.7715780070555545e-211,correct,True,False,False,False
IEAA,ALLERG_ASTHMA,rs150772783,6,18117724,0.1120119825797088,0.0002114156680210379,31.020345371738824,2.8664374571671784e-211,correct,True,False,False,False
IEAA,ALLERG_ASTHMA,rs73726535,6,18118161,0.11205455245393921,0.00021139256395650327,31.027079479705435,2.3255028868419537e-211,correct,True,False,False,False
IEAA,ALLERG_ASTHMA,rs73726539,6,18118533,0.11215421644780081,0.00021139256395650327,31.04266855387007,1.4327993064391275e-211,correct,True,False,False,False
IEAA,ALLERG_ASTHMA,rs73726538,6,18118494,0.11215421644780085,0.00021139256395650327,31.042668553870076,1.432799306438638e-211,correct,True,False,False,False
IEAA,ALLERG_ASTHMA,rs73726537,6,18118481,0.1119981042819072,0.00021139256395650327,31.018247765983997,3.059353724030223e-211,correct,True,False,False,False
IEAA,ALLERG_ASTHMA,rs73726540,6,18118667,0.1120119825797088,0.00021769177533313957,30.995708397402616,6.158337214573904e-211,correct,True,False,False,False
IEAA,ALLERG_ASTHMA,rs146929633,6,18114211,0.11204785368983185,0.00021131625950324368,31.02639132989314,2.3757412323433795e-211,correct,True,False,False,False
IEAA,ALLERG_ASTHMA,rs73726536,6,18118309,0.11205455245393921,0.00021139256395650327,31.027079479705435,2.3255028868419537e-211,correct,True,False,False,False
IEAA,ALLERG_ASTHMA,rs11964408,6,18145676,0.11530383069916618,0.0002494992028515386,31.31958340503814,2.5258834153286625e-215,correct,True,False,False,False
IEAA,ALLERG_ASTHMA,rs76835453,6,18157394,0.1142655073393631,0.000257944848612352,31.241051520813645,2.9535668029696665e-214,correct,True,False,False,False
IEAA,ALLERG_ASTHMA,rs10949482,6,18121083,0.11143194474726079,0.00021098403547724782,30.859479186332063,4.179844097574071e-209,correct,True,False,False,False
IEAA,ALLERG_ASTHMA,rs79325856,6,18161001,0.11270067255659508,0.0002581484613998106,30.992674158948752,6.766258461483288e-211,correct,True,False,False,False
IEAA,ALLERG_ASTHMA,rs140495843,6,18108300,0.10698468755742001,0.0002144240533303174,30.289953635519897,1.554670517661984e-201,correct,True,False,False,False
IEAA,ALLERG_ASTHMA,rs7773076,6,18106901,0.10656752434678318,0.0002080776918325896,30.24858636284257,5.445472115998684e-201,correct,True,False,False,False
IEAA,ALLERG_ASTHMA,rs80152842,6,18109267,0.10627803978167998,0.00020818683311874092,30.20183002839282,2.2410911617369152e-200,correct,True,False,False,False
IEAA,ALLERG_ASTHMA,rs55749163,6,18104414,0.10619539540762878,0.00021529956086409154,30.156646857351053,8.776260948029105e-200,correct,True,False,False,False
IEAA,ALLERG_ASTHMA,rs73726531,6,18102797,0.10594630985591998,0.00021593646645744286,30.110865392180926,3.4922590451453233e-199,correct,True,False,False,False
IEAA,ALLERG_ASTHMA,rs112098771,6,18141408,0.10577550812209914,0.0001983526505397476,30.13550586181161,1.6611052264959281e-199,correct,True,False,False,False
IEAA,ALLERG_ASTHMA,rs75390997,6,18159474,0.10012327877088008,0.000500147739530005,28.240760604551774,1.8483694373330506e-175,correct,True,False,False,False
IEAA,ALLERG_ASTHMA,rs1800460,6,18138997,0.09434149627822082,0.00041370477680389387,27.4873325480703,2.4882118855560787e-166,correct,True,False,False,False
IEAA,ALLERG_ASTHMA,rs79015802,6,18102888,0.08774462230073281,0.0004250650743169448,26.334184825517703,7.789509893758868e-153,correct,True,False,False,False
IEAA,ALLERG_ASTHMA,rs78674316,6,18103177,0.086998631209875,0.00042489126670390434,26.207317479325933,2.1931164687159923e-151,correct,True,False,False,False
IEAA,ALLERG_ASTHMA,rs10949483,6,18122275,0.06515061851647999,3.5139400609907075e-06,24.467161330946976,3.3050570415589526e-132,correct,True,False,False,False
IEAA,ALLERG_ASTHMA,rs115931931,6,18122295,0.06407351309502,1.2853748365319316e-05,23.904158751483354,2.7724534144033578e-126,correct,True,False,False,False
IEAA,ALLERG_ASTHMA,rs2842938,6,18141099,0.0642122735548128,0.00024743189476543774,22.782013401536876,6.913929709177733e-115,correct,True,False,False,False
IEAA,ALLERG_ASTHMA,rs145179222,6,18109030,0.06930070473387501,1.01378260486789e-06,23.49162415193862,4.967613168794942e-122,correct,True,False,False,False
IEAA,ALLERG_ASTHMA,rs12201199,6,18139571,0.0707963451583968,4.460230529308407e-05,25.20626577641227,3.4196701182379295e-140,correct,True,False,False,False
IEAA,ALLERG_ASTHMA,rs3917672,1,169623743,0.0343466949678048,6.799044696163056e-06,17.428422369552795,5.021225192444383e-68,correct,True,False,False,False
IEAA,ALLERG_ASTHMA,rs114836987,6,18007976,0.04021295757038,2.1765195651232173e-05,18.052179942484578,7.5837533136625e-73,correct,True,False,False,False
IEAA,ALLERG_ASTHMA,rs57941717,21,37001879,0.0319471950184448,1.233388528138241e-05,16.540097016111815,1.8871818326176465e-61,correct,True,False,False,False
IEAA,ALLERG_ASTHMA,rs10447389,6,25642349,0.030024052646115195,0.00032544432782103945,14.805092563861152,1.3579996109208975e-49,correct,True,True,False,False
IEAA,ALLERG_ASTHMA,rs148222927,6,18267505,0.04686810998687999,2.5831474416800322e-09,18.958247594890278,3.775141557996279e-80,correct,True,False,False,False
IEAA,ALLERG_ASTHMA,rs116642342,6,18424648,0.041138326007999965,4.351612144554088e-06,18.025584364092467,1.2270870034891488e-72,correct,True,False,False,False
IEAA,ALLERG_ASTHMA,rs6414374,3,150283437,0.028116413487500005,1.3332089619716134e-05,15.63572702819695,4.1570307112619634e-55,correct,True,False,False,False
IEAA,ALLERG_ASTHMA,rs55801031,6,18166029,0.029323056871019996,0.0004536347296332899,14.03516201120737,9.497913088946668e-45,correct,True,False,False,False
IEAA,ALLERG_ASTHMA,rs4240228,2,16507491,0.0263377779130368,8.707272295709429e-05,14.688453797585218,7.643812766065643e-49,correct,True,False,False,False
IEAA,ALLERG_ASTHMA,rs10732882,11,57344219,0.027895796151795,5.56096336697688e-05,14.942653313600767,1.739103860263991e-50,correct,True,False,False,False
IEAA,ALLERG_ASTHMA,rs7550821,1,207856602,0.024015024699183804,0.00023052847582582698,13.43485043115997,3.778309559474574e-41,correct,True,False,False,False
IEAA,ALLERG_ASTHMA,rs7627756,3,160499695,0.023017636812620004,0.00032346310986808394,12.908736309219968,4.018415492142089e-38,correct,True,False,False,False
IEAA,ALLERG_ASTHMA,rs1511762,18,44539359,0.023846200254051198,0.00015442132771204515,13.353653626554337,1.1277882186913207e-40,correct,True,False,False,False
IEAA,ALLERG_ASTHMA,rs879646,11,57356722,0.0225020935773152,0.00012885668786616962,13.157791805037416,1.535069412915557e-39,correct,True,False,False,False
IEAA,ALLERG_ASTHMA,rs61888887,11,57331577,0.023170239050488796,1.632896970989148e-05,13.946617497829731,3.2988344435297053e-44,correct,True,False,False,False
IEAA,ALLERG_ASTHMA,rs2736099,5,1287225,0.0247385476050912,1.3248520032812942e-05,14.507868258682988,1.080258364737624e-47,correct,True,False,False,False
IEAA,ALLERG_ASTHMA,rs12043492,1,38991334,0.022875141290227198,2.5953191347163585e-05,13.883946636594475,7.925697344326714e-44,correct,True,False,False,False
IEAA,ALLERG_ASTHMA,rs859562,1,207878474,0.0228636151898112,0.00017283035940200562,13.056395919027644,5.84291280503072e-39,correct,True,False,False,False
IEAA,ALLERG_ASTHMA,rs75243280,22,17120576,0.023913728353983203,0.00021404848241400669,13.160230405968365,1.4863192869981297e-39,correct,True,False,False,False
IEAA,ALLERG_ASTHMA,rs9477648,6,18171066,0.0218994284777472,4.136109437636785e-05,13.307624905440795,2.090212442486716e-40,correct,True,False,False,False
IEAA,ALLERG_ASTHMA,rs2492286,3,128617455,0.0203155712952192,0.0001960183312091584,12.231715359409622,2.1044699566923444e-34,correct,True,False,False,False
IEAA,ALLERG_ASTHMA,rs6577536,1,8850051,0.019346026766284802,3.989779405870877e-05,12.640166974869077,1.2678442404702133e-36,correct,True,False,False,False
IEAA,ALLERG_ASTHMA,rs7705526,5,1285859,0.0232456776056832,3.319274434804854e-05,13.627308528162697,2.755568144044846e-42,correct,True,False,False,False
IEAA,ALLERG_ASTHMA,rs79111787,3,47674055,0.05134054322584321,0.0006549010592032468,17.844275693841627,3.2022821354516927e-71,correct,True,False,False,False
IEAA,ALLERG_ASTHMA,rs115787626,3,47680022,0.04677908042808,0.0006534743413431364,17.12223123271949,1.013164332394451e-65,correct,True,False,False,False
IEAA,ALLERG_ASTHMA,rs145663802,3,47656167,0.04925779954872,0.0006596514873795438,17.530830863419162,8.334269007339008e-69,correct,True,False,False,False
IEAA,ALLERG_ASTHMA,rs115280199,3,47826745,0.0475233026379662,0.0007331616493993983,17.46418288656675,2.6851824265687385e-68,correct,True,False,False,False
IEAA,ALLERG_ASTHMA,rs9396833,6,18101089,0.029286951288000004,3.2444799392151984e-05,15.00120345054034,7.210008038459685e-51,correct,True,False,False,False
IEAA,ALLERG_ASTHMA,rs12903325,15,50061080,0.017934485702860794,9.09286184335378e-06,12.416823805657055,2.1180456572653167e-35,correct,True,False,False,False
IEAA,ALLERG_ASTHMA,rs1726672,1,236356202,0.017563007414515202,4.847750298463831e-05,11.891726778073233,1.3067657542063262e-32,correct,True,False,False,False
IEAA,ALLERG_ASTHMA,rs184852236,3,47926427,0.04526359757419499,0.000732421316387098,16.656867968762203,2.6978743983730535e-62,correct,True,False,False,False
IEAA,ALLERG_ASTHMA,rs144317085,4,104884951,0.01967548803563517,9.9653106189751e-07,13.22441808534518,6.3426206291175465e-40,correct,True,False,False,False
IEAA,ALLERG_ASTHMA,rs114933663,3,46716370,0.0371708142,0.00061451808106421,15.635614225130832,4.164398953385896e-55,correct,True,False,False,False
IEAA,ALLERG_ASTHMA,rs10735418,12,106949598,0.017843366445411197,2.6719243532293184e-05,12.037101012755144,2.2678589781743665e-33,correct,True,False,False,False
IEAA,ALLERG_ASTHMA,rs6797352,3,160609780,0.017019291013875,0.0004940718241140549,10.285100720350359,8.225602906165772e-25,correct,True,False,False,False
IEAA,ALLERG_ASTHMA,rs668408,11,57249260,0.017821969371619204,3.4108725948618876e-07,12.306366175378516,8.370792789441341e-35,correct,True,False,False,False
IEAA,ALLERG_ASTHMA,rs115360749,3,46671630,0.034753741649134196,0.0005367310866307179,14.889939663863647,3.8311509910249244e-50,correct,True,False,False,False
IEAA,ALLERG_ASTHMA,rs954794,18,44501960,0.0171018085755,4.642250554889008e-05,11.7596706473263,6.297948340232704e-32,correct,True,False,False,False
IEAA,ALLERG_ASTHMA,rs75485436,3,47893519,0.037822768259278196,0.0007414100899219725,15.272243836239694,1.1707424755879004e-52,correct,True,False,False,False
IEAA,ALLERG_ASTHMA,rs145943094,3,47840452,0.03731278214515499,0.000741292589413089,15.148061263942248,7.803477002162699e-52,correct,True,False,False,False
IEAA,ALLERG_ASTHMA,rs78595810,3,46868322,0.0361589571224288,0.0007588830381284981,14.972706357299167,1.107222379750254e-50,correct,True,False,False,False
IEAA,ALLERG_ASTHMA,rs6914699,6,29966245,0.01764289321758,4.669021622391542e-05,11.685059076183244,1.5197386207143446e-31,correct,True,True,False,False
IEAA,ALLERG_ASTHMA,rs1488106,3,169141218,0.0155975807773422,0.00037355624201953054,10.111796734739567,4.897768876377794e-24,correct,True,False,False,False
IEAA,ALLERG_ASTHMA,rs999918,1,39006382,0.01596758419872,3.0263624986192295e-07,11.923091302913198,8.97167088907843e-33,correct,True,False,False,False
IEAA,ALLERG_ASTHMA,rs146179438,3,48187876,0.03956142335928,0.0007383235146960423,15.847334800581049,1.4667064637133408e-56,correct,True,False,False,False
IEAA,ALLERG_ASTHMA,rs12666349,7,31688566,0.02055621339233281,2.869973876156063e-05,12.8900023951347,5.124221980010597e-38,correct,True,False,False,False
IEAA,ALLERG_ASTHMA,rs61010929,3,128568836,0.016067763730636803,0.00024192293114840856,10.748413342074192,6.028976217329701e-27,correct,True,False,False,False
IEAA,ALLERG_ASTHMA,rs2275558,1,164559883,0.01878515707992,9.488107453062108e-06,12.227925840759365,2.204971567417879e-34,correct,True,False,False,False
IEAA,ALLERG_ASTHMA,rs115744844,3,48595323,0.03284698670179019,0.0008171549559806447,14.007104656845724,1.4103869951344033e-44,correct,True,False,False,False
IEAA,ALLERG_ASTHMA,rs116597408,4,104801703,0.0177793739127168,2.3722876245812282e-07,12.360468011965201,4.27659587272893e-35,correct,True,False,False,False
IEAA,ALLERG_ASTHMA,rs114418931,3,47735214,0.041546975744742226,0.0006600991303520723,15.563114052903867,1.2963513409328905e-54,correct,True,False,False,False
IEAA,ALLERG_ASTHMA,rs62329718,4,104836902,0.017127666112696803,7.380475087472106e-06,11.979315246138123,4.5607513205760844e-33,correct,True,False,False,False
IEAA,ALLERG_ASTHMA,rs7281251,21,36978082,0.014818365459955199,5.9702930453538536e-05,10.855593713759381,1.8758376979609313e-27,correct,True,False,False,False
IEAA,ALLERG_ASTHMA,rs34003787,16,73037482,0.016527619701535202,1.1798119977044085e-05,11.644562469831058,2.4457358875417964e-31,correct,True,False,False,False
IEAA,ALLERG_ASTHMA,rs74780677,3,48564341,0.03164149919185918,0.0007962510564656929,13.674461925962813,1.442705107642818e-42,correct,True,False,False,False
IEAA,ALLERG_ASTHMA,rs74735576,3,48316110,0.0347622087409152,0.0007306481187033513,14.676673805078421,9.094338333301923e-49,correct,True,False,False,False
IEAA,ALLERG_ASTHMA,rs1548483,4,104828738,0.015764713813679998,2.392796333588637e-06,11.728087444007402,9.15028401211303e-32,correct,True,False,False,False
IEAA,ALLERG_ASTHMA,rs2860228,3,128490824,0.013647268387500001,7.794141518906252e-06,10.85355409800313,1.9181848217521836e-27,correct,True,False,False,False
IEAA,ALLERG_ASTHMA,rs72839144,6,18011221,0.0187281876581198,2.206128984978665e-05,12.093518490413452,1.1428532524337484e-33,correct,True,False,False,False
IEAA,ALLERG_ASTHMA,rs6806687,3,128672946,0.013636804175279998,3.193784603851789e-05,10.623995583149949,2.304798312419528e-26,correct,True,False,False,False
IEAA,ALLERG_ASTHMA,rs141735437,6,17636296,0.030033827297779196,0.00018143686505396345,13.233152124499115,5.64685308023312e-40,correct,True,False,False,False
IEAA,ALLERG_ASTHMA,rs149636734,3,48291966,0.0332720214943032,0.0006459312635795317,14.469414100687075,1.89075859787611e-47,correct,True,False,False,False
IEAA,ALLERG_ASTHMA,rs76061303,3,48571608,0.032602286308395,0.00079091874755399,13.802481772103546,2.4622750765602452e-43,correct,True,False,False,False
PhenoAge,ALLERG_ASTHMA,rs1142345,6,18130687,0.07001086497677998,0.00021520709674655716,24.19208335911158,2.6953017301499657e-129,correct,True,False,False,False
PhenoAge,ALLERG_ASTHMA,rs10949481,6,18120798,0.06592970882231997,0.00022790380319721526,23.343792523801117,1.5935070196154307e-120,correct,True,False,False,False
PhenoAge,ALLERG_ASTHMA,rs78846846,6,18132264,0.06736614170668621,0.0001997833139222876,23.394063397295938,4.911613749358239e-121,correct,True,False,False,False
PhenoAge,ALLERG_ASTHMA,rs10949480,6,18120793,0.0642306022739192,0.00022074637791648862,23.05084999786832,1.4423097423755733e-117,correct,True,False,False,False
PhenoAge,ALLERG_ASTHMA,rs78631584,6,18127970,0.06704934078617278,0.000199144269499084,23.334391444180852,1.985262724850755e-120,correct,True,False,False,False
PhenoAge,ALLERG_ASTHMA,rs115306927,6,18126707,0.06706599590398377,0.00019942149844500562,23.33637141872755,1.895463234157966e-120,correct,True,False,False,False
PhenoAge,ALLERG_ASTHMA,rs75379431,6,18128250,0.06701603675549997,0.00019914291068817502,23.328026820710633,2.303702066171658e-120,correct,True,False,False,False
PhenoAge,ALLERG_ASTHMA,rs76244256,6,18140332,0.067167307000755,0.000197566605832147,23.359395149829524,1.1061940519808605e-120,correct,True,False,False,False
PhenoAge,ALLERG_ASTHMA,rs77339739,6,18135289,0.06666903493015498,0.00019922593862929585,23.261655271466974,1.0842470804395087e-119,correct,True,False,False,False
PhenoAge,ALLERG_ASTHMA,rs77134359,6,18135110,0.066619309752,0.0001997805921204907,23.250232244304033,1.414857014105494e-119,correct,True,False,False,False
PhenoAge,ALLERG_ASTHMA,rs73724422,6,18123999,0.06674655262391994,0.0002057342735915396,23.251058982911434,1.387870894404076e-119,correct,True,False,False,False
PhenoAge,ALLERG_ASTHMA,rs4348322,6,18125372,0.06694644236267515,0.00020194515829037663,23.303465959100595,4.088678470296788e-120,correct,True,False,False,False
PhenoAge,ALLERG_ASTHMA,rs55835807,6,18124731,0.06656557443563516,0.00020382464313218641,23.222729524822725,2.6839085553035946e-119,correct,True,False,False,False
PhenoAge,ALLERG_ASTHMA,rs12111366,6,18122711,0.066331075558995,0.00020924246631274674,23.15922312340717,1.173737179278836e-118,correct,True,False,False,False
PhenoAge,ALLERG_ASTHMA,rs11966998,6,18145502,0.06725460492166081,0.0002496249766316269,23.193441146260277,5.302925686446381e-119,correct,True,False,False,False
PhenoAge,ALLERG_ASTHMA,rs76969503,6,18143281,0.0668893133654072,0.0002397218943292849,23.152878008129026,1.3598761665759257e-118,correct,True,False,False,False
PhenoAge,ALLERG_ASTHMA,rs17839845,6,18147727,0.0669230404861952,0.00024961047122176006,23.129145469867115,2.3575203206645994e-118,correct,True,False,False,False
PhenoAge,ALLERG_ASTHMA,rs143093668,6,18114015,0.06467174638848001,0.00021132045939014556,22.829517475081897,2.335197253269368e-115,correct,True,False,False,False
PhenoAge,ALLERG_ASTHMA,rs7775626,6,18144290,0.06672708977254323,0.00024676481832811904,23.100493933731805,4.577350700790838e-118,correct,True,False,False,False
PhenoAge,ALLERG_ASTHMA,rs77011815,6,18116195,0.064407409472,0.00021141916874701245,22.77684247100155,7.779990739542153e-115,correct,True,False,False,False
PhenoAge,ALLERG_ASTHMA,rs74370978,6,18114456,0.06430842268928001,0.00022363482368900636,22.712595091599418,3.363804192206347e-114,correct,True,False,False,False
PhenoAge,ALLERG_ASTHMA,rs114994345,6,18142057,0.06602875709633278,0.00022249143490632716,23.058611075722503,1.2056042283235399e-117,correct,True,False,False,False
PhenoAge,ALLERG_ASTHMA,rs114615109,6,18117589,0.06417655872768001,0.0002177158813791129,22.70866338249476,3.678615940866246e-114,correct,True,False,False,False
PhenoAge,ALLERG_ASTHMA,rs150772783,6,18117724,0.06400411776124083,0.0002114156680210379,22.69831689491482,4.6547673369178005e-114,correct,True,False,False,False
PhenoAge,ALLERG_ASTHMA,rs73726535,6,18118161,0.0639547286940078,0.00021139256395650327,22.68869049707625,5.7937003648410184e-114,correct,True,False,False,False
PhenoAge,ALLERG_ASTHMA,rs146929633,6,18114211,0.06401941287318716,0.00021131625950324368,22.70172296656456,4.3077880699314165e-114,correct,True,False,False,False
PhenoAge,ALLERG_ASTHMA,rs11967496,6,18145519,0.06599640553917115,0.00023078645361075862,23.02667712477333,2.5198622407204605e-117,correct,True,False,False,False
PhenoAge,ALLERG_ASTHMA,rs73726536,6,18118309,0.06383105971200007,0.00021139256395650327,22.664386981375728,1.0063936772242618e-113,correct,True,False,False,False
PhenoAge,ALLERG_ASTHMA,rs79664320,6,18116254,0.0638715336242958,0.00021141916874701245,22.67221591856223,8.42451300624397e-114,correct,True,False,False,False
PhenoAge,ALLERG_ASTHMA,rs11969221,6,18145660,0.066095672478,0.0002496302990461349,22.970017813918123,9.297347550314109e-117,correct,True,False,False,False
PhenoAge,ALLERG_ASTHMA,rs73726537,6,18118481,0.0637730424537102,0.00021139256395650327,22.65297838282063,1.3039246710483728e-113,correct,True,False,False,False
PhenoAge,ALLERG_ASTHMA,rs79409033,6,18116247,0.06371485433118719,0.00021141916874701245,22.641531006992288,1.6906851184550554e-113,correct,True,False,False,False
PhenoAge,ALLERG_ASTHMA,rs73726539,6,18118533,0.0636090593833422,0.00021139256395650327,22.62070824598233,2.7109327762580605e-113,correct,True,False,False,False
PhenoAge,ALLERG_ASTHMA,rs73726538,6,18118494,0.06360905938334215,0.00021139256395650327,22.620708245982318,2.7109327762586785e-113,correct,True,False,False,False
PhenoAge,ALLERG_ASTHMA,rs73726540,6,18118667,0.06364237395352319,0.00021769177533313957,22.60383061846229,3.9736208643879876e-113,correct,True,False,False,False
PhenoAge,ALLERG_ASTHMA,rs76574179,6,18152309,0.06616865409101999,0.00023075014278784524,23.05899948582633,1.1948346660589038e-117,correct,True,False,False,False
PhenoAge,ALLERG_ASTHMA,rs59662522,6,18119227,0.06348649321728005,0.00021144586056517185,22.59637783356302,4.7041257366181865e-113,correct,True,False,False,False
PhenoAge,ALLERG_ASTHMA,rs11964408,6,18145676,0.0661897151198712,0.0002494992028515386,22.93713260192723,1.9806093300038577e-116,correct,True,False,False,False
PhenoAge,ALLERG_ASTHMA,rs73726541,6,18119782,0.06320824143872004,0.00021150059147174373,22.541477302443095,1.6279540963806028e-112,correct,True,False,False,False
PhenoAge,ALLERG_ASTHMA,rs58413089,6,18119457,0.06320824143872,0.0002114676235657919,22.541481935829363,1.627783742942016e-112,correct,True,False,False,False
PhenoAge,ALLERG_ASTHMA,rs75289348,6,18120253,0.06319189271808001,0.0002115440943763555,22.538219409544602,1.7522496182262085e-112,correct,True,False,False,False
PhenoAge,ALLERG_ASTHMA,rs77353348,6,18120169,0.0631020534105312,0.00021153567644850648,22.520475838160106,2.615449692053938e-112,correct,True,False,False,False
PhenoAge,ALLERG_ASTHMA,rs77095250,6,18157635,0.06543967506012721,0.0002590247559981025,22.841450110113968,1.7772874681950967e-115,correct,True,False,False,False
PhenoAge,ALLERG_ASTHMA,rs7760301,6,18144674,0.06538483417088001,0.00022930647260227874,22.91253239700057,3.484864466949705e-116,correct,True,False,False,False
PhenoAge,ALLERG_ASTHMA,rs55738521,6,18120323,0.06302852181248,0.00021155251244089673,22.505940037292714,3.630341388219937e-112,correct,True,False,False,False
PhenoAge,ALLERG_ASTHMA,rs145835309,6,18151340,0.065448296869875,0.00024949513793496664,22.84373773724552,1.6866312610095445e-115,correct,True,False,False,False
PhenoAge,ALLERG_ASTHMA,rs79867975,6,18119925,0.06285745623743821,0.00021151110968870064,22.472126740180325,7.7776381815402e-112,correct,True,False,False,False
PhenoAge,ALLERG_ASTHMA,rs59065902,6,18119279,0.06259707611602375,0.00021145077609735299,22.420581350503824,2.479262273462148e-111,correct,True,False,False,False
PhenoAge,ALLERG_ASTHMA,rs3931660,6,18148874,0.06556788000000005,0.00023088304397177666,22.9288961885474,2.393240066821362e-116,correct,True,False,False,False
PhenoAge,ALLERG_ASTHMA,rs77032929,6,18152062,0.06553457990912005,0.00024948978243108486,22.860643195560364,1.1453032875518675e-115,correct,True,False,False,False
PhenoAge,ALLERG_ASTHMA,rs79325856,6,18161001,0.06506399556338217,0.0002581484613998106,22.768615904178166,9.386348935135468e-115,correct,True,False,False,False
PhenoAge,ALLERG_ASTHMA,rs7773076,6,18106901,0.06201319674595499,0.0002080776918325896,22.372609178907165,7.27546582204264e-111,correct,True,False,False,False
PhenoAge,ALLERG_ASTHMA,rs79050301,6,18151959,0.06443428574761917,0.00023065598718386275,22.721794408645387,2.7283211632685456e-114,correct,True,False,False,False
PhenoAge,ALLERG_ASTHMA,rs55749163,6,18104414,0.06150317126912001,0.00021529956086409154,22.240647708837198,1.3893630544245553e-109,correct,True,False,False,False
PhenoAge,ALLERG_ASTHMA,rs75221067,6,18148434,0.0643786463814158,0.00023075803576451664,22.710882307671334,3.4974983613425755e-114,correct,True,False,False,False
PhenoAge,ALLERG_ASTHMA,rs140495843,6,18108300,0.06118103919872001,0.0002144240533303174,22.182082406950517,5.115559889299999e-109,correct,True,False,False,False
PhenoAge,ALLERG_ASTHMA,rs73726531,6,18102797,0.061030091007100745,0.00021593646645744286,22.14087818785138,1.2772381193908325e-108,correct,True,False,False,False
PhenoAge,ALLERG_ASTHMA,rs80152842,6,18109267,0.06107451524504883,0.00020818683311874092,22.18420815415819,4.879465342921871e-109,correct,True,False,False,False
PhenoAge,ALLERG_ASTHMA,rs10949482,6,18121083,0.0618746688,0.00021098403547724782,22.227305895259043,1.8702734352051387e-109,correct,True,False,False,False
PhenoAge,ALLERG_ASTHMA,rs112098771,6,18141408,0.06182622695239685,0.0001983526505397476,22.353643353493702,1.1128258861981616e-110,correct,True,False,False,False
PhenoAge,ALLERG_ASTHMA,rs76835453,6,18157394,0.06219846345582,0.000257944848612352,22.20781588165971,2.886310150777286e-109,correct,True,False,False,False
PhenoAge,ALLERG_ASTHMA,rs4294009,6,18105845,0.05359889969759819,2.081108250205128e-06,22.180083378251787,5.34797099341709e-109,correct,True,False,False,False
PhenoAge,ALLERG_ASTHMA,rs7228835,18,44389106,0.05656729041969919,0.0001932874882934566,21.18913183115914,1.2029484290899555e-99,correct,True,False,False,False
PhenoAge,ALLERG_ASTHMA,rs75390997,6,18159474,0.05836131421596787,0.000500147739530005,20.728498532431182,1.9167735077966098e-95,correct,True,False,False,False
PhenoAge,ALLERG_ASTHMA,rs1800460,6,18138997,0.05610387001477681,0.00041370477680389387,20.45979591023142,4.914359211686367e-93,correct,True,False,False,False
PhenoAge,ALLERG_ASTHMA,rs79015802,6,18102888,0.052022104700743796,0.0004250650743169448,19.56460478616006,3.097959332683139e-85,correct,True,False,False,False
PhenoAge,ALLERG_ASTHMA,rs78674316,6,18103177,0.0512861338784798,0.00042489126670390434,19.407553397198008,6.66248220456569e-84,correct,True,False,False,False
PhenoAge,ALLERG_ASTHMA,rs678553,1,236362147,0.04566912026712,4.5935795007910333e-05,19.765369746803643,5.916329212468888e-87,correct,True,False,False,False
PhenoAge,ALLERG_ASTHMA,rs3829957,17,3475582,0.045659243000716804,3.2669284081232503e-07,20.442351008820346,7.027122515132443e-93,correct,True,False,False,False
PhenoAge,ALLERG_ASTHMA,rs752223,1,59967404,0.0471418690051808,0.0001207598598335224,19.615182170835787,1.1472519895044038e-85,correct,True,False,False,False
PhenoAge,ALLERG_ASTHMA,rs115931931,6,18122295,0.03623881093908478,1.2853748365319316e-05,17.71803762681808,3.043453319936988e-70,correct,True,False,False,False
PhenoAge,ALLERG_ASTHMA,rs12201199,6,18139571,0.04594440370188482,4.460230529308407e-05,20.002013260524805,5.289362286940422e-89,correct,True,False,False,False
PhenoAge,ALLERG_ASTHMA,rs1990053,7,44886297,0.03231864412444619,0.00041246249233703843,15.296458131435575,8.07322051992371e-53,correct,True,False,False,False
PhenoAge,ALLERG_ASTHMA,rs55801031,6,18166029,0.03289704476672,0.0004536347296332899,15.003525700839987,6.962073691761267e-51,correct,True,False,False,False
PhenoAge,ALLERG_ASTHMA,rs11190127,10,99512225,0.0290325402776448,3.583537125069799e-05,15.476946324958844,4.96486582413469e-54,correct,True,False,False,False
PhenoAge,ALLERG_ASTHMA,rs61835534,1,236358278,0.027755892762847203,2.4651344389525594e-06,15.674672166031256,2.253848858217186e-55,correct,True,False,False,False
PhenoAge,ALLERG_ASTHMA,rs145179222,6,18109030,0.034513932152,1.01378260486789e-06,16.35198747959971,4.2102076098491174e-60,correct,True,False,False,False
PhenoAge,ALLERG_ASTHMA,rs2842938,6,18141099,0.028157445518194997,0.00024743189476543774,14.388908877469513,6.074671979350107e-47,correct,True,False,False,False
PhenoAge,ALLERG_ASTHMA,rs34109510,17,3482882,0.027449539185868798,9.644461011425447e-06,15.29550808967213,8.19190022902743e-53,correct,True,False,False,False
PhenoAge,ALLERG_ASTHMA,rs6531114,2,16436513,0.025068169183320794,1.1070561477508223e-06,15.084778721987659,2.0395726068458507e-51,correct,True,False,False,False
PhenoAge,ALLERG_ASTHMA,rs4724320,7,44775735,0.026277651442954998,0.0003865886728360236,13.417386623508266,4.782840140253743e-41,correct,True,False,False,False
PhenoAge,ALLERG_ASTHMA,rs10853522,18,44660633,0.0244807088734208,0.00015190470770039713,13.743507146838832,5.571034964598314e-43,correct,True,False,False,False
PhenoAge,ALLERG_ASTHMA,rs11253338,10,713619,0.024322475182080004,2.2265403088283358e-05,14.157403465084661,1.680909851499273e-45,correct,True,False,False,False
PhenoAge,ALLERG_ASTHMA,rs2265092,10,734353,0.025040301321420006,2.192537061869911e-06,14.705055412381283,5.982193385147143e-49,correct,True,False,False,False
PhenoAge,ALLERG_ASTHMA,rs116853700,17,57388934,0.024772148584874996,7.849800281440328e-06,14.448867049553794,2.5484328111002194e-47,correct,True,False,False,False
PhenoAge,ALLERG_ASTHMA,rs73028070,11,122811127,0.027144129666232805,7.149081818022334e-05,14.584301752215548,3.535204631785005e-48,correct,True,False,False,False
PhenoAge,ALLERG_ASTHMA,rs117945191,17,57387585,0.024519713037119997,7.75206640466376e-06,14.376029401033357,7.317390001582766e-47,correct,True,False,False,False
PhenoAge,ALLERG_ASTHMA,rs1849209,18,44581678,0.021799024240319997,0.00013750071304085667,12.812856536217456,1.3892451041909634e-37,correct,True,False,False,False
PhenoAge,ALLERG_ASTHMA,rs62114564,2,16524812,0.021794588146726197,3.538810207947035e-05,13.43148065374405,3.954252688432064e-41,correct,True,False,False,False
composite_index,ALLERG_ASTHMA,rs3828037,1,65588114,4.741777280783899e-05,1.9499447068370396e-05,0.27488972935584355,0.7834009580828442,correct,False,False,False,False
composite_index,ALLERG_ASTHMA,rs6698842,1,65699049,8.047779430031786e-05,7.400767149814708e-05,0.040929643730803836,0.9673519849626785,correct,False,False,False,False
composite_index,ALLERG_ASTHMA,rs4845620,1,154434180,4.126317133193039e-05,0.0019431545726285471,-4.219013518269327,2.453735624970302e-05,wrong,True,False,False,False
composite_index,ALLERG_ASTHMA,rs1811472,1,159672559,7.15362265328129e-05,0.0005043876675928824,-1.5585732333064415,0.11909742236432036,wrong,False,False,False,False
composite_index,ALLERG_ASTHMA,rs10437340,1,159741019,6.64141524354978e-05,8.469539799844146e-06,0.5830507686334194,0.5598591240728329,correct,False,False,False,False
composite_index,ALLERG_ASTHMA,rs2701185,12,120915171,4.421245923190221e-05,0.00044117910236729453,-1.5966536648084497,0.11034292948394434,wrong,False,False,False,False
composite_index,ALLERG_ASTHMA,rs147636938,19,44883377,4.335128776605092e-05,7.514618992367851e-06,0.42247395426308965,0.6726791078615073,correct,False,False,False,False
composite_index,ALLERG_ASTHMA,rs12972156,19,44884202,8.256170820507988e-05,0.0005780258112555343,-1.6401736772466347,0.10096906073712382,wrong,False,False,False,False
composite_index,ALLERG_ASTHMA,rs77301115,19,44893716,4.39242277112222e-05,1.6096682617657217e-05,0.2876874511805693,0.7735859966312245,correct,False,False,False,False
composite_index,ALLERG_ASTHMA,rs112849259,19,44894050,4.4050105030644765e-05,1.6065090384832214e-05,0.2891720664289316,0.7724497068840049,correct,False,False,False,False
composite_index,ALLERG_ASTHMA,rs116881820,19,44894695,4.404456297794569e-05,1.629679269101191e-05,0.28599651714667623,0.7748807891111146,correct,False,False,False,False
composite_index,ALLERG_ASTHMA,rs79398853,19,44895528,4.441244298774214e-05,1.6446210072195324e-05,0.28710519935654977,0.7740317711906008,correct,False,False,False,False
composite_index,ALLERG_ASTHMA,rs75687619,19,44896087,4.442339810690116e-05,1.6471553864582445e-05,0.28691545231219384,0.7741770584703566,correct,False,False,False,False
composite_index,ALLERG_ASTHMA,rs76366838,19,44896639,4.4285991678852785e-05,1.658779934168672e-05,0.28418685761098667,0.7762671865507451,correct,False,False,False,False
composite_index,ALLERG_ASTHMA,rs114536010,19,44897468,4.469364277793692e-05,1.881233322825925e-05,0.25845805916308007,0.7960534134493922,correct,False,False,False,False
composite_index,ALLERG_ASTHMA,rs115881343,19,44899959,4.665127753889757e-05,2.034894874166379e-05,0.25537381191532094,0.7984343954355373,correct,False,False,False,False
composite_index,ALLERG_ASTHMA,rs112019714,19,44901600,4.681666008782011e-05,1.709960633031867e-05,0.2979368906558513,0.765751331141365,correct,False,False,False,False
composite_index,ALLERG_ASTHMA,rs1081105,19,44909698,4.8834369703999436e-05,2.814160726469221e-05,0.18457366598384395,0.85356344252434,correct,False,False,False,False
composite_index,ALLERG_ASTHMA,rs150966173,19,44917947,4.737726473040666e-05,7.508081732798005e-07,0.6603355601411119,0.5090385149838537,correct,False,False,False,False
composite_index,ALLERG_ASTHMA,rs4239225,17,39970859,5.079804741482538e-06,0.003276060718682879,-6.14608057813934,7.942094866208795e-10,wrong,True,False,False,False
composite_index,ALLERG_ASTHMA,rs2095044,9,6192796,0.0014636718780797998,0.004393958161705537,-3.1893734279785013,0.0014258156230248693,wrong,True,False,False,False
composite_index,ALLERG_ASTHMA,rs56177354,16,85899046,1.4149904799225568e-05,0.00018396270914746644,-1.0808340602691195,0.2797709345777658,wrong,False,False,False,False
composite_index,ALLERG_ASTHMA,rs1401884,16,85979945,1.2318971451966958e-05,0.00039638502178325296,-1.8295243485463746,0.06732109516359756,wrong,False,False,False,False
composite_index,ALLERG_ASTHMA,rs76428106,13,28029870,1.5717101054875123e-05,5.325701601896772e-06,0.17589742221588459,0.8603745305512636,correct,False,False,False,False
composite_index,ALLERG_ASTHMA,rs391855,16,85895015,1.7598279316151334e-05,0.00021401716822722704,-1.1593692593800247,0.2463057015414608,wrong,False,False,False,False
composite_index,ALLERG_ASTHMA,rs139795227,1,92376810,1.924232240219275e-05,0.0018297512502509765,-4.582084258066799,4.603643193055556e-06,wrong,True,False,False,False
composite_index,ALLERG_ASTHMA,rs141094656,1,92287779,1.865010101667251e-05,0.0018006514246142078,-4.544073384307244,5.517743422868262e-06,wrong,True,False,False,False
composite_index,ALLERG_ASTHMA,rs1002607,9,111096653,1.2219210694809523e-05,2.1910525538672627e-05,-0.13214929996090924,0.8948662020809983,wrong,False,False,False,False
composite_index,ALLERG_ASTHMA,rs1610009,9,111237120,1.264459045575553e-05,1.4521158519807388e-05,-0.028320138940992095,0.977406818488795,wrong,False,False,False,False
composite_index,ALLERG_ASTHMA,rs6740847,2,181443625,2.0307985098120556e-05,1.5534066415700723e-07,0.4577088095506606,0.64716165802595,correct,False,False,False,False
composite_index,ALLERG_ASTHMA,rs150649461,1,92460097,1.9397093056225222e-05,0.001800720570624353,-4.537192718695273,5.700800690552951e-06,wrong,True,False,False,False
composite_index,ALLERG_ASTHMA,rs4857909,3,128581625,0.001485061037048754,1.0615571369459508e-06,4.126976840481103,3.67563394570572e-05,correct,True,False,False,False
composite_index,ALLERG_ASTHMA,rs17575497,1,91850339,1.2739078016385894e-05,0.001960742662085677,-4.874239862076906,1.0922821163077165e-06,wrong,True,False,False,False
composite_index,ALLERG_ASTHMA,rs9807989,2,102354740,0.00127536975409395,0.0033236271410448767,-2.4320605847223007,0.015013195850760813,wrong,True,False,False,False
composite_index,ALLERG_ASTHMA,rs13277237,8,129592317,9.466852501832858e-06,2.546910652576897e-05,-0.2188912042014093,0.8267347983623257,wrong,False,False,False,False
composite_index,ALLERG_ASTHMA,rs34856868,1,92088726,9.136373210870764e-06,0.0017947931797377586,-4.6154921676721585,3.921648316658943e-06,wrong,True,False,False,False
composite_index,ALLERG_ASTHMA,rs876036,7,50268114,9.093157515544074e-06,0.0002894194551443068,-1.5584434000807208,0.11912817529540527,wrong,False,False,False,False
composite_index,ALLERG_ASTHMA,rs3093068,1,159711574,3.389224139895039e-05,1.0753686007026106e-05,0.2855662496841247,0.7752103562727047,correct,False,False,False,False
composite_index,ALLERG_ASTHMA,rs2524079,6,31274397,3.875795085969741e-06,0.0027273095225722045,-5.6037321548054555,2.0978480797749968e-08,wrong,True,True,False,False
composite_index,ALLERG_ASTHMA,rs11065394,12,121009119,3.165195260186713e-05,0.0006288697171057333,-2.1678650026492456,0.03016895932277289,wrong,True,False,False,False
composite_index,ALLERG_ASTHMA,rs2706345,5,132568236,0.0009278870051887501,0.0008278685554779027,0.1885427993529856,0.8504511680452811,correct,False,False,True,False
composite_index,ALLERG_ASTHMA,rs8025803,15,79967931,8.158021730755574e-06,2.18361594950245e-05,-0.2034180542312913,0.838808289564422,wrong,False,False,False,False
composite_index,ALLERG_ASTHMA,rs145096717,13,28187455,9.447861106385103e-06,3.538184171367327e-05,-0.305925518252599,0.7596613560935368,wrong,False,False,False,False
composite_index,ALLERG_ASTHMA,rs2228467,3,42864624,7.808797197554954e-06,6.665426591084665e-05,-0.5986899026870149,0.5493796918129299,wrong,False,False,False,False
composite_index,ALLERG_ASTHMA,rs118170342,19,44898611,3.040638265871185e-05,7.735605449745479e-05,-0.36129038460846474,0.7178823809512471,wrong,False,False,False,False
composite_index,ALLERG_ASTHMA,rs9271620,6,32624000,3.469507417017568e-06,0.00020745609412453685,-1.401292598842831,0.16112659349934944,wrong,False,True,False,False
composite_index,ALLERG_ASTHMA,rs1260326,2,27508073,2.8926196701868593e-05,0.00042774072000678333,-1.7067325423719222,0.08787177569240401,wrong,False,False,False,False
composite_index,ALLERG_ASTHMA,rs11466597,1,91719794,7.664220841713856e-06,0.0020964495398769906,-5.136687940012599,2.796226993988304e-07,wrong,True,False,False,False
composite_index,ALLERG_ASTHMA,rs114403972,1,65458349,2.887826902728646e-05,0.00021908872498114374,-1.0517443750887172,0.29291684582102384,wrong,False,False,False,False
composite_index,ALLERG_ASTHMA,rs116359246,1,92570434,7.131060438250603e-06,0.00010679715391081327,-0.8432007903304349,0.3991161564970598,wrong,False,False,False,False
composite_index,ALLERG_ASTHMA,rs60049679,19,44926451,3.0879983724831154e-05,0.00024909993145033317,-1.1449617571359714,0.2522249995402369,wrong,False,False,False,False
composite_index,ALLERG_ASTHMA,rs114425738,1,91706116,7.054091645423797e-06,0.0018741971402222325,-4.833568764092255,1.3410692594348057e-06,wrong,True,False,False,False
composite_index,ALLERG_ASTHMA,rs117310449,19,44890259,2.7254441100016393e-05,1.6832133767356676e-05,0.12304968739705596,0.9020677520421239,correct,False,False,False,False
composite_index,ALLERG_ASTHMA,rs3131643,6,31475005,3.1352489861396064e-06,0.002395004485474893,-5.365605400635958,8.067815023958674e-08,wrong,True,True,False,False
composite_index,ALLERG_ASTHMA,rs4851005,2,102395092,0.0007868481826771394,0.0018481224696757172,-1.6636390153061937,0.09618459016125532,wrong,False,False,False,False
composite_index,ALLERG_ASTHMA,rs34097845,17,58281068,7.1365019917205865e-06,0.00023060248856854605,-1.407339106583692,0.15932685838825245,wrong,False,False,False,False
composite_index,ALLERG_ASTHMA,rs4632248,19,53821741,6.467226261637734e-06,3.871771181428284e-05,-0.4085321279691241,0.6828830483273107,wrong,False,False,False,False
composite_index,ALLERG_ASTHMA,rs369756,9,6146441,0.00074074202592,0.003272087615476782,-3.3934924733363334,0.0006900745486761276,wrong,True,False,False,False
composite_index,ALLERG_ASTHMA,rs1800973,12,69350234,6.333956539030451e-06,1.7811114173392613e-05,-0.18606253988743945,0.8523957177440279,wrong,False,False,False,False
composite_index,ALLERG_ASTHMA,rs12515180,5,132449992,0.00068447201592,0.004809020486470895,-4.7459783723607485,2.0750088449406664e-06,wrong,True,False,True,False
composite_index,ALLERG_ASTHMA,rs113071828,4,38664197,0.0006739995551327999,1.2570863503732629e-05,2.470699972308437,0.013484890135861684,correct,True,False,False,False
composite_index,ALLERG_ASTHMA,rs7251806,19,16388758,0.0001337655460822139,0.00048243573241488056,-1.1591478435970908,0.2463959269210948,wrong,False,False,False,False
composite_index,ALLERG_ASTHMA,rs17196752,20,50270731,5.562551301670978e-06,5.512367864174553e-05,-0.560748748252834,0.5749688299251727,wrong,False,False,False,False
composite_index,ALLERG_ASTHMA,rs17344939,3,128566651,0.0006330211126272,0.00028257836140186445,0.9220255462961445,0.35651525059382316,correct,False,False,False,False
composite_index,ALLERG_ASTHMA,rs2242886,21,35015509,0.0006081206798216881,0.0002725807906713926,0.9170208768979553,0.35913170042881704,correct,False,False,False,False
composite_index,ALLERG_ASTHMA,rs149007767,7,50330658,5.644743095293547e-06,0.0002624455949355648,-1.5368042101345303,0.12434126214267842,wrong,False,False,False,False
composite_index,ALLERG_ASTHMA,rs16939945,16,85911643,5.202036055347085e-06,0.0002123014479156474,-1.3700384202123033,0.17067490872948798,wrong,False,False,False,False
composite_index,ALLERG_ASTHMA,rs10849448,12,6384185,5.3440637434596455e-06,2.121067477583787e-05,-0.25393873505404957,0.799542889136905,wrong,False,False,False,False
composite_index,ALLERG_ASTHMA,rs80181987,2,181453735,5.138717615184326e-06,2.5434646620065463e-05,-0.3058504095938447,0.7597185450477946,wrong,False,False,False,False
composite_index,ALLERG_ASTHMA,rs12619285,2,212959321,0.00058478273098875,1.246152446358003e-05,2.2970561683806774,0.02161556575474646,correct,True,False,False,False
composite_index,ALLERG_ASTHMA,rs27438,5,132077562,0.0005455011250357681,0.0018478638340657788,-2.2001174401152057,0.027798563822780564,wrong,True,False,True,False
composite_index,ALLERG_ASTHMA,rs410867,19,16316300,0.0005439632708148479,0.00028030043572098646,0.7311980931070036,0.46465816475228205,correct,False,False,False,False
composite_index,ALLERG_ASTHMA,rs56330463,5,148820448,0.0005508885541647394,7.371266085466837e-05,1.651420187639441,0.09865280546692666,correct,False,False,False,False
composite_index,ALLERG_ASTHMA,rs7115703,11,306920,4.455172421747361e-06,0.0003875034584793259,-1.9539265501688399,0.050709904165617534,wrong,False,False,False,False
composite_index,ALLERG_ASTHMA,rs76345714,17,58659171,4.282197325046158e-06,0.00019524301340397146,-1.2798910514467385,0.20058345522689158,wrong,False,False,False,False
composite_index,ALLERG_ASTHMA,rs76367978,3,128631925,0.0004978334515323193,2.400636842820242e-05,1.879331345929571,0.06019926416302088,correct,False,False,False,False
composite_index,ALLERG_ASTHMA,rs144937240,13,28123754,4.992883930126735e-06,5.394292277605363e-07,0.1599791605075238,0.8728974902780163,correct,False,False,False,False
composite_index,ALLERG_ASTHMA,rs11864884,16,85867433,4.256135838053311e-06,2.3830959987146387e-05,-0.31206151931074105,0.7549937703455406,wrong,False,False,False,False
composite_index,ALLERG_ASTHMA,rs2239630,14,23120140,4.1491029137644494e-06,0.0002930791383222794,-1.6783965375174417,0.09326971311362257,wrong,False,False,False,False
composite_index,ALLERG_ASTHMA,rs7846314,8,60738272,9.80222268008735e-05,3.113784950423582e-05,0.481123661538543,0.6304286121781957,correct,False,False,False,False
composite_index,ALLERG_ASTHMA,rs113542380,2,43237679,8.018009276348847e-05,3.370178457248955e-05,0.3487754339616845,0.7272579075608774,correct,False,False,False,False
composite_index,ALLERG_ASTHMA,rs56388170,7,28684757,7.682631614292377e-05,1.371629991214058e-06,0.8427439597840429,0.39937165587086376,correct,False,False,False,False
composite_index,ALLERG_ASTHMA,rs73516986,19,16630441,6.965624477100518e-05,0.0003927216832536873,-1.2786481675244616,0.2010209798665643,wrong,False,False,False,False
composite_index,ALLERG_ASTHMA,rs2158799,7,28237488,6.816016139011835e-05,2.1405934535839308e-05,0.40379864998920156,0.6863607893124488,correct,False,False,False,False
composite_index,ALLERG_ASTHMA,rs16850073,4,73838282,6.628677808005555e-05,1.722890111948824e-05,0.4434744716344917,0.6574225801821615,correct,False,False,False,False
composite_index,ALLERG_ASTHMA,rs445,7,92779056,6.0701873393866846e-05,3.752310331141059e-06,0.6421587968568494,0.5207700827901109,correct,False,False,False,False
composite_index,ALLERG_ASTHMA,rs3806792,4,74099557,6.287755206141853e-05,0.00016720391040653121,-0.5559046040672332,0.5782760706597625,wrong,False,False,False,False
composite_index,ALLERG_ASTHMA,rs3917932,1,36478315,5.5259200514210935e-05,8.585945575645209e-05,-0.20407273046746985,0.8382966638376612,wrong,False,False,False,False
composite_index,ALLERG_ASTHMA,rs117520868,19,16469833,5.132899328375631e-05,0.0003891579174059786,-1.3693239512982458,0.17089803433801853,wrong,False,False,False,False
composite_index,ALLERG_ASTHMA,rs117866384,19,16472131,5.115762441896552e-05,0.00039879425337469243,-1.3971961875475247,0.1623545828747628,wrong,False,False,False,False
composite_index,ALLERG_ASTHMA,rs147775088,19,16466392,5.1117729162216716e-05,0.00039132992685341123,-1.376800298365897,0.16857399858615074,wrong,False,False,False,False
composite_index,ALLERG_ASTHMA,rs118051449,19,16478996,5.0780300815920755e-05,0.0003690477432134439,-1.3173903934690503,0.18770779934945714,wrong,False,False,False,False
composite_index,ALLERG_ASTHMA,rs186029736,6,31404923,5.5879374507161344e-05,0.006154943911941543,-7.72576992084927,1.111792843824493e-14,wrong,True,True,False,False
composite_index,ALLERG_ASTHMA,rs6796,7,6462736,5.3175290794016056e-05,0.001012795507132108,-2.714904306285512,0.006629492354425639,wrong,True,False,False,False
Frailty,ALLERG_RHINITIS,rs9275160,6,32684843,0.0006546264752567999,0.0002831038280585704,1.0211248697261164,0.3071952816846544,correct,False,True,False,True
Frailty,ALLERG_RHINITIS,rs9273344,6,32655681,0.0008471563900799998,0.0014967674799689313,-1.117989108675106,0.2635716450039184,wrong,False,True,False,True
Frailty,ALLERG_RHINITIS,rs77062257,6,32652987,0.0006690166912511998,0.00064997390644728,0.043886722690666916,0.9649946988622837,correct,False,True,False,True
Frailty,ALLERG_RHINITIS,rs28746860,6,32667256,0.0005909158613357999,0.00011477515851448158,1.5862745759100223,0.11267703701212929,correct,False,True,False,True
Frailty,ALLERG_RHINITIS,rs1281935,6,32616043,0.0005385584383487999,0.00016240620930730554,1.2072060835839429,0.22735278816697413,correct,False,True,False,True
Frailty,ALLERG_RHINITIS,rs6910879,6,32592962,0.0004795527628800001,0.0002333092771121854,0.7788631516118196,0.4360603321986696,correct,False,True,False,True
Frailty,ALLERG_RHINITIS,rs1281934,6,32616605,0.0003995611519999998,0.0004170469722521297,-0.0492131253227798,0.9607494514465545,wrong,False,True,False,True
Frailty,ALLERG_RHINITIS,rs9268362,6,32365564,0.00034373248683179994,1.5976411107460605e-05,1.6950666615313585,0.09006277570851094,correct,False,True,False,True
Frailty,ALLERG_RHINITIS,rs28746878,6,32669738,0.0003599528802552,3.3366881137841915e-05,1.544263031788637,0.12252462447250843,correct,False,True,False,True
Frailty,ALLERG_RHINITIS,rs34422230,6,32809218,0.0002946885101567999,4.983177615670846e-05,1.177056580290068,0.23917292383699607,correct,False,True,False,True
Frailty,ALLERG_RHINITIS,rs2523668,6,31470319,0.00029184560761519996,0.00028689620005260455,0.017013220053650933,0.9864260692210761,correct,False,True,False,True
Frailty,ALLERG_RHINITIS,rs35520662,6,32780252,0.0002839383801101999,4.29352149832508e-05,1.1993217134566165,0.2304028752359415,correct,False,True,False,True
Frailty,ALLERG_RHINITIS,rs34043227,6,32780813,0.0002839383801102,4.630111985342019e-05,1.1699179061204097,0.2420340072293382,correct,False,True,False,True
Frailty,ALLERG_RHINITIS,rs34153000,6,32779239,0.0002839383801102,4.29352149832508e-05,1.1993217134566168,0.23040287523594138,correct,False,True,False,True
Frailty,ALLERG_RHINITIS,rs34408145,6,32787400,0.00028280149084079987,4.29352149832508e-05,1.1953884307037732,0.23193530372660076,correct,False,True,False,True
Frailty,ALLERG_RHINITIS,rs17213756,6,32820219,0.00027983501568000003,5.327962355707454e-05,1.0985776666103337,0.27195232358149146,correct,False,True,False,True
Frailty,ALLERG_RHINITIS,rs41316548,6,32829390,0.00028010220564479997,5.921552401407677e-05,1.0527709018084048,0.29244600416568933,correct,False,True,False,True
Frailty,ALLERG_RHINITIS,rs35921062,6,32806639,0.00027827673996719997,5.233313053475121e-05,1.100965275560254,0.27091177039834125,correct,False,True,False,True
Frailty,ALLERG_RHINITIS,rs35486885,6,32795729,0.00027715125379979986,5.2989751736389876e-05,1.0916380479644596,0.27499222552808844,correct,False,True,False,True
Frailty,ALLERG_RHINITIS,rs34710970,6,32800338,0.00027715125379979986,5.233282495454975e-05,1.0970346019023853,0.27262626642233323,correct,False,True,False,True
Frailty,ALLERG_RHINITIS,rs41258084,6,32813180,0.0002764533547008,4.6037831915441164e-05,1.1465462855328818,0.2515691872257604,correct,False,True,False,True
Frailty,ALLERG_RHINITIS,rs41316241,6,32815018,0.0002764533547008,4.61324599593287e-05,1.1457553637245677,0.25189638896175603,correct,False,True,False,True
Frailty,ALLERG_RHINITIS,rs41317090,6,32834577,0.0002731408355000001,0.00013767622224713502,0.5583634929559719,0.5765961965158192,correct,False,True,False,True
Frailty,ALLERG_RHINITIS,rs2857702,6,31609506,0.0002734913721848,7.356876869937891e-05,0.9299232077274481,0.3524108459612846,correct,False,True,False,True
Frailty,ALLERG_RHINITIS,rs2228396,6,32830032,0.00025174418734079997,4.122421860686611e-05,1.0973846459978667,0.27247328242817304,correct,False,True,False,True
Frailty,ALLERG_RHINITIS,rs8192574,6,32201368,0.0002463022333152,9.060605626566959e-06,1.4831033783966598,0.1380469465660658,correct,False,True,False,True
Frailty,ALLERG_RHINITIS,rs41268932,6,32186934,0.00024584563303820005,1.2387281948418753e-05,1.4213041422076718,0.15522835984630814,correct,False,True,False,True
Frailty,ALLERG_RHINITIS,rs2022059,6,32188712,0.0002444178555,2.918045667723296e-06,1.627985026379004,0.10352806080604408,correct,False,True,False,True
Frailty,ALLERG_RHINITIS,rs9268835,6,32460338,0.00023710552632000002,1.3668973540244627e-06,1.6628492483800228,0.09634261560303309,correct,False,True,False,True
Frailty,ALLERG_RHINITIS,rs137893789,6,32087709,0.00023601935953919997,2.810623362754458e-06,1.5986231081951983,0.10990437198561709,correct,False,True,False,True
Frailty,ALLERG_RHINITIS,rs2844456,6,31896897,0.00023322421142720016,4.4736094384101913e-05,1.002069847939545,0.3163098593190571,correct,False,True,False,True
Frailty,ALLERG_RHINITIS,rs2856437,6,32189587,0.0002320384983822,2.0111763828041117e-06,1.6151698072833818,0.10627392704496805,correct,False,True,False,True
Frailty,ALLERG_RHINITIS,rs34562262,6,32053184,0.00022492022799020002,2.7764161546633714e-06,1.556961577298948,0.11947960808210834,correct,False,True,False,True
Frailty,ALLERG_RHINITIS,rs644045,6,31916180,0.0002214071304192,0.00041442056583149996,-0.6388274262512075,0.5229352042777404,wrong,False,True,False,True
Frailty,ALLERG_RHINITIS,rs35029304,6,32941756,0.00022662158310380015,0.00014105235911028807,0.37043272254566406,0.7110600961042415,correct,False,True,False,True
Frailty,ALLERG_RHINITIS,rs82334,4,3223644,0.00021559183443180003,8.328498689230209e-05,0.6466180149770002,0.517879195732714,correct,False,False,False,False
Frailty,ALLERG_RHINITIS,rs41268928,6,32179380,0.00021272174407680004,1.4746713121177729e-06,1.5599224561204137,0.1187782070480914,correct,False,True,False,True
Frailty,ALLERG_RHINITIS,rs805284,6,31714252,0.00020823197050880003,5.73673860324714e-05,0.8016270173337243,0.4227687444544459,correct,False,True,False,True
Frailty,ALLERG_RHINITIS,rs41268924,6,32167360,0.00020656499834880002,8.340139794084926e-06,1.3416098878655034,0.17972251846947673,correct,False,True,False,True
Frailty,ALLERG_RHINITIS,rs10947233,6,32156647,0.00020487298007999997,1.9354974194922443e-06,1.5067623428365293,0.1318715851735145,correct,False,True,False,True
Frailty,ALLERG_RHINITIS,rs3101944,6,32943350,0.0002033559043038,6.0371205731355815e-05,0.7607264673897799,0.4468204626541563,correct,False,True,False,True
Frailty,ALLERG_RHINITIS,rs2396766,7,114678016,0.00020139393487500002,1.7659710949637333e-07,1.608083792179901,0.1078168284240756,correct,False,False,False,False
Frailty,ALLERG_RHINITIS,rs12739243,1,210128698,0.0002013847764192,1.3287339973293125e-06,1.5189130859038058,0.12878437469469417,correct,False,False,False,False
Frailty,ALLERG_RHINITIS,rs583514,3,173396377,0.0001979074152158,0.0002466496554436483,-0.19118076585480753,0.848383972301864,wrong,False,False,False,False
Frailty,ALLERG_RHINITIS,rs204887,6,32061449,0.00019066298723119995,0.0004804596391508469,-0.9451708255221397,0.34457167133470723,wrong,False,True,False,True
Frailty,ALLERG_RHINITIS,rs34451818,6,31616064,0.00018801771088320003,5.44370682499594e-05,0.7398928799514685,0.4593649950552886,correct,False,True,False,True
Frailty,ALLERG_RHINITIS,rs35502919,6,31636578,0.00018617441112000002,4.3684319752666914e-05,0.8222323917120183,0.41094464671768927,correct,False,True,False,True
Frailty,ALLERG_RHINITIS,rs73728611,6,32621586,0.00020121724465920008,2.6104596288807757e-09,1.6486650295645384,0.09921627822293763,correct,False,True,False,True
Frailty,ALLERG_RHINITIS,rs8089807,18,41742675,0.00018670208363519996,0.00023994486237504005,-0.2131216085808991,0.831232110592843,wrong,False,False,False,False
Frailty,ALLERG_RHINITIS,rs4146140,10,60125604,0.00018493529638320002,0.00010018291763777069,0.4183465489315906,0.6756937605640829,correct,False,False,False,False
Frailty,ALLERG_RHINITIS,rs1800454,6,32832635,0.00017480921588480003,0.00033156779476807905,-0.5840435139299281,0.5591910365952788,wrong,False,True,False,True
Frailty,ALLERG_RHINITIS,rs2071207,3,50122411,0.00017450650008,0.0006195787331873683,-1.3652028962982186,0.17218928832107006,wrong,False,False,False,False
Frailty,ALLERG_RHINITIS,rs4952693,2,43924669,0.00017611573503680002,0.00013257862932197502,0.2043763583527432,0.8380594035730683,correct,False,False,False,False
Frailty,ALLERG_RHINITIS,rs3129871,6,32438565,0.0001730235236408,2.2515612166419343e-05,0.98221520826536,0.32599383675086424,correct,False,True,False,True
Frailty,ALLERG_RHINITIS,rs3959554,15,41151726,0.00017376602615819999,0.0005336135011310629,-1.1590750781223969,0.24642558339815201,wrong,False,False,False,False
Frailty,ALLERG_RHINITIS,rs10891490,11,113014805,0.00017080182392,0.0003084466932189119,-0.520519695257458,0.6027014042369634,wrong,False,False,False,True
Frailty,ALLERG_RHINITIS,rs2854051,6,32216273,0.0001714694908512,2.5802757048346045e-06,1.340818991930045,0.17997922845319114,correct,False,True,False,True
Frailty,ALLERG_RHINITIS,rs2854050,6,32217828,0.00017052083712,2.21374315274112e-06,1.3507524829259643,0.176774734024013,correct,False,True,False,True
Frailty,ALLERG_RHINITIS,rs1363103,5,104582136,0.00017189847199999998,0.0005279541148096718,-1.1485662756627575,0.25073486983298043,wrong,False,False,False,False
Frailty,ALLERG_RHINITIS,rs28407322,6,32635578,0.0001706708881632,0.002966134829727978,-4.796495698898268,1.6146542278736896e-06,wrong,True,True,False,True
Frailty,ALLERG_RHINITIS,rs2849017,6,32206271,0.00016979605200779992,5.084844077068829e-06,1.2579449295694032,0.2084116732597311,correct,False,True,False,True
Frailty,ALLERG_RHINITIS,rs2555457,6,32206023,0.00016790944384620005,5.32718787173763e-06,1.2433093927045198,0.21375384432322875,correct,False,True,False,True
Frailty,ALLERG_RHINITIS,rs2854047,6,32211655,0.0001674050501088,2.621301107562636e-06,1.3212519049619418,0.18641738464193147,correct,False,True,False,True
Frailty,ALLERG_RHINITIS,rs17612102,15,51971897,0.0001687569740318,3.140723804613166e-05,0.8623049414910547,0.3885197342195801,correct,False,False,False,False
Frailty,ALLERG_RHINITIS,rs8192575,6,32198607,0.0001671875964799999,6.574693701343023e-06,1.209591099156744,0.2264358352636705,correct,False,True,False,True
Frailty,ALLERG_RHINITIS,rs146003472,6,32422974,0.00020791974612779986,0.00015447854798512702,0.23094733164001857,0.817355719172813,correct,False,True,False,True
Frailty,ALLERG_RHINITIS,rs2071285,6,32212654,0.00016697009215679991,2.3947047617790127e-06,1.3279299385523557,0.1842012532357703,correct,False,True,False,True
Frailty,ALLERG_RHINITIS,rs1008210,4,3036385,0.00016726441315499996,0.00025206534822027184,-0.3428322406933903,0.7317246696479625,wrong,False,False,False,False
Frailty,ALLERG_RHINITIS,rs2555469,6,32211717,0.00016509929356079995,2.6128731958790917e-06,1.311118256683198,0.18981781363051298,correct,False,True,False,True
Frailty,ALLERG_RHINITIS,rs56299474,8,22135291,0.0001664219403182,0.0007134896459022101,-1.601895463025542,0.10917872794711078,wrong,False,False,False,False
Frailty,ALLERG_RHINITIS,rs9469227,6,32720103,0.00021108238303680003,2.94072775383682e-05,1.0624743141214903,0.28802041271562373,correct,False,True,False,True
GrimAge,ALLERG_RHINITIS,rs9386796,6,109297501,0.0195337171751598,0.00017244880228884139,12.847267604955993,8.910220834607601e-38,correct,True,False,False,False
GrimAge,ALLERG_RHINITIS,rs887466,6,31175734,0.01754196745952,0.00017789144485011387,11.972982101711004,4.922692989238971e-33,correct,True,True,False,False
GrimAge,ALLERG_RHINITIS,rs4065321,17,39987295,0.0144367247448398,0.00026212674301307284,10.532841664147556,6.096573908127824e-26,correct,True,False,False,False
GrimAge,ALLERG_RHINITIS,rs17094148,10,99520522,0.013431427128,0.0002372308522332248,10.14285588755098,3.5652130310942404e-24,correct,True,False,False,False
GrimAge,ALLERG_RHINITIS,rs3134745,6,31274985,0.014418132767999999,0.0012085257149341438,8.60847087331341,7.404156571121108e-18,correct,True,True,False,False
Hannum,ALLERG_RHINITIS,rs10786282,10,96363051,0.043360593408,5.8924563177786605e-05,20.42095388488996,1.0891669184189273e-92,correct,True,False,False,False
Hannum,ALLERG_RHINITIS,rs941997,10,96287079,0.041491664091622214,4.988549865749542e-05,19.67638196313574,3.436788955649057e-86,correct,True,False,False,False
Hannum,ALLERG_RHINITIS,rs1005277,10,37929331,0.03782064674646719,1.7031331012284032e-06,19.300242864352928,5.345737902847902e-83,correct,True,False,False,False
Hannum,ALLERG_RHINITIS,rs117932856,10,37875836,0.04766429491199999,0.0002515279463288091,20.026222901773977,3.254242099216534e-89,correct,True,False,False,False
Hannum,ALLERG_RHINITIS,rs144646268,10,96302996,0.03326513597299499,6.236056040876187e-05,17.43912205177424,4.164217505809042e-68,correct,True,False,False,False
Hannum,ALLERG_RHINITIS,rs77125544,10,96301326,0.03321391969578381,4.886520403636648e-05,17.51848224253773,1.0355122009935857e-68,correct,True,False,False,False
Hannum,ALLERG_RHINITIS,rs80065902,10,96299652,0.03296273590883521,4.887111412843321e-05,17.447902847511614,3.5710523757540015e-68,correct,True,False,False,False
Hannum,ALLERG_RHINITIS,rs17386635,10,96304051,0.033402435617932796,4.885544410127197e-05,17.526665733847313,8.967629878941773e-69,correct,True,False,False,False
Hannum,ALLERG_RHINITIS,rs117699776,10,96288508,0.03221135579463677,4.943532973468361e-05,17.197937290848124,2.751534894965255e-66,correct,True,False,False,False
Hannum,ALLERG_RHINITIS,rs117219667,10,96288202,0.0321491216649848,6.323580959036014e-05,17.086225725697897,1.879518766162769e-65,correct,True,False,False,False
Hannum,ALLERG_RHINITIS,rs143370018,10,96290260,0.0319834581896952,6.36687298231896e-05,17.03831196611678,4.2687558695207145e-65,correct,True,False,False,False
Hannum,ALLERG_RHINITIS,rs117774156,10,96291808,0.03188265981981119,6.278714003427192e-05,17.016890211685485,6.15542026183845e-65,correct,True,False,False,False
Hannum,ALLERG_RHINITIS,rs76715209,10,96291651,0.0319083744782208,6.278956488013053e-05,17.02420815850281,5.432234360958017e-65,correct,True,False,False,False
Hannum,ALLERG_RHINITIS,rs117148433,10,96258109,0.031185231700079984,2.5114998246883894e-05,17.10795906477389,1.2945669567059644e-65,correct,True,False,False,False
Hannum,ALLERG_RHINITIS,rs80106405,10,96269434,0.03107807879550003,4.336384974729636e-05,16.94814458746167,1.986237478880564e-64,correct,True,False,False,False
Hannum,ALLERG_RHINITIS,rs4142016,10,96266318,0.031091927827327205,3.508633817948291e-05,16.98747208636846,1.0167779216020213e-64,correct,True,False,False,False
Hannum,ALLERG_RHINITIS,rs79663593,10,96265101,0.030922162819891207,3.513769324071072e-05,16.938377684772842,2.345029114820997e-64,correct,True,False,False,False
Hannum,ALLERG_RHINITIS,rs2505248,10,38170169,0.030321465048000002,5.307862041560187e-06,17.092381820426077,1.6912274898662342e-65,correct,True,False,False,False
Hannum,ALLERG_RHINITIS,rs117480177,10,96255961,0.029997536754479994,2.6517792279164614e-05,16.7435987476083,6.305789901190434e-63,correct,True,False,False,False
Hannum,ALLERG_RHINITIS,rs55668627,10,96255397,0.029569740151164772,3.600226481425831e-05,16.535855460304287,2.0248305199616952e-61,correct,True,False,False,False
Hannum,ALLERG_RHINITIS,rs117315625,10,96253690,0.029569740151164804,3.272143272505658e-05,16.548781819220316,1.633750436312546e-61,correct,True,False,False,False
Hannum,ALLERG_RHINITIS,rs149538538,10,96251179,0.029066037717555202,4.596177630950045e-05,16.29757718412112,1.0268250144444955e-59,correct,True,False,False,False
Hannum,ALLERG_RHINITIS,rs117567726,10,96247491,0.02944793389207997,5.4577856560973534e-05,16.346131587951966,4.634859237119416e-60,correct,True,False,False,False
Hannum,ALLERG_RHINITIS,rs111716638,10,96250177,0.02884791691430223,6.850803866532732e-05,16.082979142949817,3.3583308991421125e-58,correct,True,False,False,False
Hannum,ALLERG_RHINITIS,rs55769428,10,96246079,0.028958774061679973,5.957267505337343e-05,16.163231270934396,9.163019759463017e-59,correct,True,False,False,False
Hannum,ALLERG_RHINITIS,rs111925661,10,96245257,0.028703455404991206,3.4992596580173445e-05,16.263042603685534,1.805451572650687e-59,correct,True,False,False,False
Hannum,ALLERG_RHINITIS,rs141225626,10,96350318,0.028578320803355,9.495771234110392e-05,15.789908701275548,3.6510798229708474e-56,correct,True,False,False,False
Hannum,ALLERG_RHINITIS,rs185532555,10,37723361,0.0402812043994302,0.00011753602648743905,18.1915398373796,6.022417678168347e-74,correct,True,False,False,False
Hannum,ALLERG_RHINITIS,rs150082435,10,38260511,0.039457733151628795,0.00024835145753224176,17.420470707948166,5.770049514007199e-68,correct,True,False,False,False
Hannum,ALLERG_RHINITIS,rs148942702,10,38005002,0.038304117079603205,0.00024235375664549184,17.29083116588215,5.51512896372727e-67,correct,True,False,False,False
Hannum,ALLERG_RHINITIS,rs112231354,10,37957966,0.03345085591879678,7.606497638947074e-05,17.24876971457528,1.1430753425815704e-66,correct,True,False,False,False
Hannum,ALLERG_RHINITIS,rs73318809,10,96246624,0.026839944873763184,6.907471992250175e-05,15.461567893586343,6.304509494168562e-54,correct,True,False,False,False
Hannum,ALLERG_RHINITIS,rs144205159,10,37976541,0.0351384677898552,1.3285729298682027e-06,17.815836472191194,5.325580799526201e-71,correct,True,False,False,False
Hannum,ALLERG_RHINITIS,rs12417758,11,66308889,0.0217170490187742,1.0074021461340418e-05,14.347710102976523,1.101133222922566e-46,correct,True,False,False,False
Hannum,ALLERG_RHINITIS,rs75666621,10,37420549,0.023025638655640807,0.0001286161300905888,13.923767400959576,4.54311534554116e-44,correct,True,False,False,False
Hannum,ALLERG_RHINITIS,rs11188741,10,96389100,0.0179078839452942,0.00048280834474526694,11.129676576718227,8.996131763953488e-29,correct,True,False,False,False
Hannum,ALLERG_RHINITIS,rs117267867,10,42444187,0.027352793482879202,9.818265368281038e-05,14.403642751677886,4.90866137088937e-47,correct,True,False,False,False
Hannum,ALLERG_RHINITIS,rs1598856,4,102524958,0.017082644149900798,0.0012405007051091103,9.679374888994039,3.689650143857096e-22,correct,True,False,False,False
Hannum,ALLERG_RHINITIS,rs75368049,10,96385808,0.017839322552095197,3.774341560557198e-05,12.65323126359818,1.0736643164394671e-36,correct,True,False,False,False
Hannum,ALLERG_RHINITIS,rs3093956,6,31459190,0.017836275348364794,0.0011445485002685803,9.958574953543822,2.3135502709752717e-23,correct,True,True,False,False
Hannum,ALLERG_RHINITIS,rs11597902,10,42533243,0.025831531800000005,9.488366810771217e-05,13.939497322181284,3.644983223099758e-44,correct,True,False,False,False
Hannum,ALLERG_RHINITIS,rs75001365,10,42493843,0.02298125004600778,0.00030074734982951803,12.990531803137877,1.3846157766525858e-38,correct,True,False,False,False
Hannum,ALLERG_RHINITIS,rs11597305,10,42532391,0.022611791220391822,0.0002980867583612848,12.947115084700483,2.439505960037708e-38,correct,True,False,False,False
Hannum,ALLERG_RHINITIS,rs116255654,10,96402910,0.016303788982908803,1.6021613974671944e-05,12.282321122686518,1.1271725920366605e-34,correct,True,False,False,False
Hannum,ALLERG_RHINITIS,rs10882762,10,96247971,0.0162824436978462,3.2556632966870864e-08,12.593030210111772,2.3064607636256954e-36,correct,True,False,False,False
Hannum,ALLERG_RHINITIS,rs10827833,10,37843228,0.0179382688540128,7.094692888258552e-07,13.016829929083652,9.816220989448408e-39,correct,True,False,False,False
Hannum,ALLERG_RHINITIS,rs117756827,10,38140862,0.0295828020536832,0.00022422428079229014,14.197914726381912,9.43792183575618e-46,correct,True,False,False,False
Hannum,ALLERG_RHINITIS,rs4383328,2,16511856,0.014536551868723203,4.665330147223676e-05,11.410198266839178,3.71880699183942e-30,correct,True,False,False,False
Hannum,ALLERG_RHINITIS,rs111731678,7,130733917,0.0160515337753848,5.082137273913291e-05,11.754685459093864,6.680906981652494e-32,correct,True,False,False,False
Hannum,ALLERG_RHINITIS,rs4838595,10,48467204,0.0141858438159872,1.0435877457511587e-07,11.94478988860315,6.91248195882563e-33,correct,True,False,False,False
Hannum,ALLERG_RHINITIS,rs118042830,10,37397427,0.017409384139499995,0.0003458033030848074,11.039459083708104,2.46512661838445e-28,correct,True,False,False,False
Hannum,ALLERG_RHINITIS,rs41291608,10,96160522,0.02335075815072001,0.000163448851332819,13.612427349332126,3.3783400125593155e-42,correct,True,False,False,False
Hannum,ALLERG_RHINITIS,rs34970912,16,73034264,0.0184580323918848,6.9425469417440455e-06,13.002473696991672,1.1844891018739897e-38,correct,True,False,False,False
Hannum,ALLERG_RHINITIS,rs1383732,4,103032232,0.013794607628887796,0.000524449908456644,9.295698641501051,1.4624257264820653e-20,correct,True,False,False,False
Hannum,ALLERG_RHINITIS,rs3909552,7,130728484,0.013014036142380003,4.77807620548498e-05,10.808597432187792,3.1342539771843154e-27,correct,True,False,False,False
Hannum,ALLERG_RHINITIS,rs117065021,10,36960213,0.018117263671874998,9.093742259978111e-05,12.18157800884015,3.896686496670778e-34,correct,True,False,False,False
IEAA,ALLERG_RHINITIS,rs10949481,6,18120798,0.11800358297542085,6.158412826305363e-08,35.77355006019362,2.8479631427113705e-280,correct,True,False,False,False
IEAA,ALLERG_RHINITIS,rs10949480,6,18120793,0.1162970497480248,6.739363328067675e-07,35.452544128029764,2.6503125752838667e-275,correct,True,False,False,False
IEAA,ALLERG_RHINITIS,rs1142345,6,18130687,0.11638309379859506,1.7382575352027684e-06,35.400216911158026,1.6944040979700033e-274,correct,True,False,False,False
IEAA,ALLERG_RHINITIS,rs76244256,6,18140332,0.11691979169792001,1.3421851650869673e-06,34.938691486717836,1.9230927513052412e-267,correct,True,False,False,False
IEAA,ALLERG_RHINITIS,rs77339739,6,18135289,0.11593322169276087,1.3258437683905777e-06,34.784739596127984,4.137949485370562e-265,correct,True,False,False,False
IEAA,ALLERG_RHINITIS,rs78846846,6,18132264,0.11588634408818882,1.39056657377e-06,34.77361004637937,6.095778042367682e-265,correct,True,False,False,False
IEAA,ALLERG_RHINITIS,rs77134359,6,18135110,0.115740686043875,1.390441443794572e-06,34.749798792343,1.3957263282830232e-264,correct,True,False,False,False
IEAA,ALLERG_RHINITIS,rs73724422,6,18123999,0.11563428244987498,9.812017833781382e-07,34.745635622264366,1.6131603665070063e-264,correct,True,False,False,False
IEAA,ALLERG_RHINITIS,rs78631584,6,18127970,0.11543192819035021,1.3631405206863952e-06,34.699333146729956,8.062821018950028e-264,correct,True,False,False,False
IEAA,ALLERG_RHINITIS,rs12111366,6,18122711,0.11499834691846081,8.005934688878756e-07,34.65110940228064,4.2983698103508125e-263,correct,True,False,False,False
IEAA,ALLERG_RHINITIS,rs75379431,6,18128250,0.115089876178875,1.3645500409281692e-06,34.64335077147166,5.625301037368191e-263,correct,True,False,False,False
IEAA,ALLERG_RHINITIS,rs4348322,6,18125372,0.11548417073549995,1.1800707070917598e-06,34.71327808860742,4.9673423015097895e-264,correct,True,False,False,False
IEAA,ALLERG_RHINITIS,rs76574179,6,18152309,0.1182371501250552,1.8729339063239226e-06,35.133877917099795,2.049345918647264e-270,correct,True,False,False,False
IEAA,ALLERG_RHINITIS,rs115306927,6,18126707,0.11498308901118003,1.339602852268046e-06,34.62634092538025,1.0144159952024301e-262,correct,True,False,False,False
IEAA,ALLERG_RHINITIS,rs79050301,6,18151959,0.11726690377414312,1.8656234800358685e-06,34.976802361759454,5.069088634175627e-268,correct,True,False,False,False
IEAA,ALLERG_RHINITIS,rs77095250,6,18157635,0.11743803496541994,5.133489104888074e-07,35.105974102214,5.464615917069555e-270,correct,True,False,False,False
IEAA,ALLERG_RHINITIS,rs3931660,6,18148874,0.11764188928327685,2.4776937125075304e-07,35.1140801594342,4.11014968255307e-270,correct,True,False,False,False
IEAA,ALLERG_RHINITIS,rs17839845,6,18147727,0.11681885863800003,5.82122531007637e-07,34.94525647816649,1.5286016473306901e-267,correct,True,False,False,False
IEAA,ALLERG_RHINITIS,rs75221067,6,18148434,0.11705020437707521,1.8756248470640062e-06,34.94146396923119,1.745401688878953e-267,correct,True,False,False,False
IEAA,ALLERG_RHINITIS,rs7760301,6,18144674,0.11641710779999999,1.884536522463739e-06,34.839145658985785,6.216732443117213e-266,correct,True,False,False,False
IEAA,ALLERG_RHINITIS,rs11967496,6,18145519,0.11643599287800009,1.882184109693698e-06,34.84230454373904,5.568334992124833e-266,correct,True,False,False,False
IEAA,ALLERG_RHINITIS,rs76969503,6,18143281,0.11629734652728003,6.007853416654149e-07,34.86002648939817,3.0010371746506327e-266,correct,True,False,False,False
IEAA,ALLERG_RHINITIS,rs11969221,6,18145660,0.11661212037021121,5.849838025321398e-07,34.91233132194031,4.8323382248145425e-267,correct,True,False,False,False
IEAA,ALLERG_RHINITIS,rs55835807,6,18124731,0.11391089820768001,1.082715742829977e-06,34.4581987783568,3.3940160926093405e-260,correct,True,False,False,False
IEAA,ALLERG_RHINITIS,rs11966998,6,18145502,0.11598115173765113,5.850209118460354e-07,34.80937835139068,1.754418120221163e-265,correct,True,False,False,False
IEAA,ALLERG_RHINITIS,rs77011815,6,18116195,0.1131992417719982,6.888021966047476e-07,34.36133050484126,9.539620586995264e-259,correct,True,False,False,False
IEAA,ALLERG_RHINITIS,rs79867975,6,18119925,0.11277211549767019,6.918216114213025e-07,34.291692025126316,1.0436820220275228e-257,correct,True,False,False,False
IEAA,ALLERG_RHINITIS,rs75289348,6,18120253,0.1127934526369248,6.927139831945105e-07,34.29527052349584,9.230531401143424e-258,correct,True,False,False,False
IEAA,ALLERG_RHINITIS,rs73726541,6,18119782,0.11279345263692482,6.913544650758567e-07,34.29520638009502,9.250876469559857e-258,correct,True,False,False,False
IEAA,ALLERG_RHINITIS,rs77353348,6,18120169,0.11287882137758723,6.92338857489346e-07,34.309348864382514,5.692714993401603e-258,correct,True,False,False,False
IEAA,ALLERG_RHINITIS,rs58413089,6,18119457,0.1127934526369248,6.905333358535918e-07,34.295110438652664,9.281390929858317e-258,correct,True,False,False,False
IEAA,ALLERG_RHINITIS,rs55738521,6,18120323,0.1127294472742542,6.927117447059938e-07,34.28473843290123,1.3249617460001584e-257,correct,True,False,False,False
IEAA,ALLERG_RHINITIS,rs77032929,6,18152062,0.11649178871531829,5.758225372229012e-07,34.891809282737135,9.896479994466647e-267,correct,True,False,False,False
IEAA,ALLERG_RHINITIS,rs59662522,6,18119227,0.11298557771661424,6.900848785368105e-07,34.3268398041089,3.121840579903223e-258,correct,True,False,False,False
IEAA,ALLERG_RHINITIS,rs114994345,6,18142057,0.11514083800657919,1.9498315743060228e-06,34.62760590771738,9.709057230283974e-263,correct,True,False,False,False
IEAA,ALLERG_RHINITIS,rs7775626,6,18144290,0.11559442432323117,5.866808415867591e-07,34.74614789586114,1.5846777802111931e-264,correct,True,False,False,False
IEAA,ALLERG_RHINITIS,rs145835309,6,18151340,0.11568593252639814,5.770547390680796e-07,34.7599815594327,9.794358742349844e-265,correct,True,False,False,False
IEAA,ALLERG_RHINITIS,rs143093668,6,18114015,0.1126228120370912,6.893348037276904e-07,34.267242759292124,2.4146991461099404e-257,correct,True,False,False,False
IEAA,ALLERG_RHINITIS,rs114615109,6,18117589,0.11247360747636782,6.033431427074778e-07,34.246420540786936,4.930718566722465e-257,correct,True,False,False,False
IEAA,ALLERG_RHINITIS,rs74370978,6,18114456,0.11243099576715503,5.64439289448613e-07,34.23686514316567,6.841149873772975e-257,correct,True,False,False,False
IEAA,ALLERG_RHINITIS,rs59065902,6,18119279,0.11185652788244484,6.899446236952808e-07,34.140213937760485,1.868192508661915e-255,correct,True,False,False,False
IEAA,ALLERG_RHINITIS,rs79409033,6,18116247,0.1123089178188672,6.888021966047476e-07,34.215394462442845,1.427400976991154e-256,correct,True,False,False,False
IEAA,ALLERG_RHINITIS,rs79664320,6,18116254,0.11201934923927999,6.888021966047476e-07,34.167273332378635,7.408188388626816e-256,correct,True,False,False,False
IEAA,ALLERG_RHINITIS,rs150772783,6,18117724,0.1120119825797088,6.888542468712072e-07,34.16611637253497,7.707155829664964e-256,correct,True,False,False,False
IEAA,ALLERG_RHINITIS,rs73726535,6,18118161,0.11205455245393921,6.887283521622509e-07,34.17313380471799,6.062735972891818e-256,correct,True,False,False,False
IEAA,ALLERG_RHINITIS,rs73726539,6,18118533,0.11215421644780081,6.88716341466036e-07,34.189626525695914,3.448486811941751e-256,correct,True,False,False,False
IEAA,ALLERG_RHINITIS,rs73726538,6,18118494,0.11215421644780085,6.88716341466036e-07,34.18962652569592,3.4484868119413585e-256,correct,True,False,False,False
IEAA,ALLERG_RHINITIS,rs73726537,6,18118481,0.1119981042819072,6.88716341466036e-07,34.163791261214044,8.344932647376154e-256,correct,True,False,False,False
IEAA,ALLERG_RHINITIS,rs73726540,6,18118667,0.1120119825797088,6.03212251676781e-07,34.170078903982585,6.730445183567952e-256,correct,True,False,False,False
IEAA,ALLERG_RHINITIS,rs146929633,6,18114211,0.11204785368983185,6.892066388485905e-07,34.17218103250949,6.263554094486963e-256,correct,True,False,False,False
IEAA,ALLERG_RHINITIS,rs73726536,6,18118309,0.11205455245393921,6.88716341466036e-07,34.17313451667681,6.062588343050596e-256,correct,True,False,False,False
IEAA,ALLERG_RHINITIS,rs11964408,6,18145676,0.11530383069916618,5.814860336145043e-07,34.6121523512017,1.6585106269841253e-262,correct,True,False,False,False
IEAA,ALLERG_RHINITIS,rs76835453,6,18157394,0.1142655073393631,4.593072156199111e-07,34.591789076181655,3.357232434444854e-262,correct,True,False,False,False
IEAA,ALLERG_RHINITIS,rs10949482,6,18121083,0.11143194474726079,6.52885686509976e-07,33.98402440862823,3.8363643291212816e-253,correct,True,False,False,False
IEAA,ALLERG_RHINITIS,rs79325856,6,18161001,0.11270067255659508,5.958113991397827e-07,34.320370189750705,3.8988101435714533e-258,correct,True,False,False,False
IEAA,ALLERG_RHINITIS,rs140495843,6,18108300,0.10698468755742001,2.049000242768377e-06,33.361237327662295,5.005824672418106e-244,correct,True,False,False,False
IEAA,ALLERG_RHINITIS,rs7773076,6,18106901,0.10656752434678318,2.1996257670770856e-06,33.28725348337063,5.904347831661785e-243,correct,True,False,False,False
IEAA,ALLERG_RHINITIS,rs80152842,6,18109267,0.10627803978167998,2.1998978482305316e-06,33.2381141750408,3.0315796972160983e-242,correct,True,False,False,False
IEAA,ALLERG_RHINITIS,rs55749163,6,18104414,0.10619539540762878,2.0540492862585843e-06,33.22289132090657,5.029920631152608e-242,correct,True,False,False,False
IEAA,ALLERG_RHINITIS,rs73726531,6,18102797,0.10594630985591998,2.051247465485783e-06,33.17686882077227,2.3213393335676224e-241,correct,True,False,False,False
IEAA,ALLERG_RHINITIS,rs112098771,6,18141408,0.10577550812209914,2.4795241183300032e-05,32.765511749588676,1.8258024676857245e-235,correct,True,False,False,False
IEAA,ALLERG_RHINITIS,rs75390997,6,18159474,0.10012327877088008,2.214947210756858e-05,31.713459162191313,1.0135409495782312e-220,correct,True,False,False,False
IEAA,ALLERG_RHINITIS,rs1800460,6,18138997,0.09434149627822082,2.6480797430335293e-05,30.643806196054776,3.1957316478703783e-206,correct,True,False,False,False
IEAA,ALLERG_RHINITIS,rs79015802,6,18102888,0.08774462230073281,3.033281905594226e-05,29.416685067157953,3.360137244773672e-190,correct,True,False,False,False
IEAA,ALLERG_RHINITIS,rs78674316,6,18103177,0.086998631209875,3.0429211654248154e-05,29.28088898809461,1.8164392669854428e-188,correct,True,False,False,False
IEAA,ALLERG_RHINITIS,rs10949483,6,18122275,0.06515061851647999,1.9366748973158135e-05,25.71634426879269,7.673844787170059e-146,correct,True,False,False,False
IEAA,ALLERG_RHINITIS,rs115931931,6,18122295,0.06407351309502,4.228580845825696e-06,25.704281963234173,1.046892318449309e-145,correct,True,False,False,False
IEAA,ALLERG_RHINITIS,rs2842938,6,18141099,0.0642122735548128,1.7218426035858884e-05,25.23392291723161,1.7005218578028749e-140,correct,True,False,False,False
IEAA,ALLERG_RHINITIS,rs145179222,6,18109030,0.06930070473387501,2.5145476154244482e-05,24.717596749808045,6.918895341113115e-135,correct,True,False,False,False
IEAA,ALLERG_RHINITIS,rs12201199,6,18139571,0.0707963451583968,9.000495099465625e-06,27.081960086995217,1.60624776864539e-161,correct,True,False,False,False
IEAA,ALLERG_RHINITIS,rs3917672,1,169623743,0.0343466949678048,2.5937619522634866e-05,18.242662347742602,2.366460114460325e-74,correct,True,False,False,False
IEAA,ALLERG_RHINITIS,rs114836987,6,18007976,0.04021295757038,0.00014500414054879744,18.453737182856525,4.866064713607832e-76,correct,True,False,False,False
IEAA,ALLERG_RHINITIS,rs57941717,21,37001879,0.0319471950184448,0.00012744207472546683,16.739299611523652,6.778101221474701e-63,correct,True,False,False,False
IEAA,ALLERG_RHINITIS,rs10447389,6,25642349,0.030024052646115195,0.00019785312711551088,16.13016882249318,1.5659181855440213e-58,correct,True,True,False,False
IEAA,ALLERG_RHINITIS,rs148222927,6,18267505,0.04686810998687999,1.242707314960895e-05,19.973027137620555,9.454600471141031e-89,correct,True,False,False,False
IEAA,ALLERG_RHINITIS,rs116642342,6,18424648,0.041138326007999965,2.7460423699364196e-07,19.680903564392068,3.1434785843193674e-86,correct,True,False,False,False
IEAA,ALLERG_RHINITIS,rs6414374,3,150283437,0.028116413487500005,4.723704093032964e-05,16.262159843354898,1.8316562224873055e-59,correct,True,False,False,False
IEAA,ALLERG_RHINITIS,rs55801031,6,18166029,0.029323056871019996,3.6761770467614136e-05,16.446505051248398,8.884948439729612e-61,correct,True,False,False,False
IEAA,ALLERG_RHINITIS,rs4240228,2,16507491,0.0263377779130368,4.1410440320551266e-05,15.917593023044418,4.7843087476616086e-57,correct,True,False,False,False
IEAA,ALLERG_RHINITIS,rs10732882,11,57344219,0.027895796151795,1.0808130413529919e-05,16.242445102125288,2.5264990307879493e-59,correct,True,False,False,False
IEAA,ALLERG_RHINITIS,rs7550821,1,207856602,0.024015024699183804,0.00027053374409882275,14.156171371612864,1.710633713973374e-45,correct,True,False,False,False
IEAA,ALLERG_RHINITIS,rs7627756,3,160499695,0.023017636812620004,9.429557504516252e-05,14.567413453915675,4.527095690410331e-48,correct,True,False,False,False
IEAA,ALLERG_RHINITIS,rs1511762,18,44539359,0.023846200254051198,1.3711421361102292e-05,15.076399778345737,2.3155575850003312e-51,correct,True,False,False,False
IEAA,ALLERG_RHINITIS,rs879646,11,57356722,0.0225020935773152,6.086928582343082e-05,14.335979717631181,1.3039333713260532e-46,correct,True,False,False,False
IEAA,ALLERG_RHINITIS,rs61888887,11,57331577,0.023170239050488796,5.491747902328085e-05,14.468606436330546,1.9130895990203713e-47,correct,True,False,False,False
IEAA,ALLERG_RHINITIS,rs2736099,5,1287225,0.0247385476050912,0.00026882713353684935,14.124530343615866,2.6818180244802174e-45,correct,True,False,False,False
IEAA,ALLERG_RHINITIS,rs12043492,1,38991334,0.022875141290227198,1.414987626137533e-05,14.873422168042433,4.904109353878981e-50,correct,True,False,False,False
IEAA,ALLERG_RHINITIS,rs859562,1,207878474,0.0228636151898112,0.00029365780983782474,13.457036671706991,2.7991883511240736e-41,correct,True,False,False,False
IEAA,ALLERG_RHINITIS,rs75243280,22,17120576,0.023913728353983203,0.0002573657942699584,13.781119831049985,3.3109607363298486e-43,correct,True,False,False,False
IEAA,ALLERG_RHINITIS,rs9477648,6,18171066,0.0218994284777472,6.333898943299172e-06,14.480825776014044,1.6016137917474364e-47,correct,True,False,False,False
IEAA,ALLERG_RHINITIS,rs2492286,3,128617455,0.0203155712952192,0.00010275639138897408,13.335855606596844,1.4320224269415018e-40,correct,True,False,False,False
IEAA,ALLERG_RHINITIS,rs6577536,1,8850051,0.019346026766284802,0.00036758162837220883,12.11930510080506,8.346379745111323e-34,correct,True,False,False,False
IEAA,ALLERG_RHINITIS,rs7705526,5,1285859,0.0232456776056832,1.3921599441134263e-06,14.876518554263495,4.682389345710401e-50,correct,True,False,False,False
IEAA,ALLERG_RHINITIS,rs79111787,3,47674055,0.05134054322584321,0.00012743520779150773,19.752461433054087,7.640174619991431e-87,correct,True,False,False,False
IEAA,ALLERG_RHINITIS,rs115787626,3,47680022,0.04677908042808,0.0001256621652625031,19.048734444992963,6.730983995729334e-81,correct,True,False,False,False
IEAA,ALLERG_RHINITIS,rs145663802,3,47656167,0.04925779954872,0.0001282235369598459,19.451402176081224,2.835698315645177e-84,correct,True,False,False,False
IEAA,ALLERG_RHINITIS,rs115280199,3,47826745,0.0475233026379662,0.0001754004367995473,19.372852896854553,1.3080493357896126e-83,correct,True,False,False,False
IEAA,ALLERG_RHINITIS,rs9396833,6,18101089,0.029286951288000004,0.00036378566060554535,14.591187033361173,3.1958810473683366e-48,correct,True,False,False,False
IEAA,ALLERG_RHINITIS,rs12903325,15,50061080,0.017934485702860794,9.72667615146506e-06,13.176988356010302,1.190490719111967e-39,correct,True,False,False,False
IEAA,ALLERG_RHINITIS,rs1726672,1,236356202,0.017563007414515202,1.664198858007513e-05,12.898063351467878,4.615511071207847e-38,correct,True,False,False,False
IEAA,ALLERG_RHINITIS,rs184852236,3,47926427,0.04526359757419499,0.00017562215339827198,18.48640863176122,2.6566949107992264e-76,correct,True,False,False,False
IEAA,ALLERG_RHINITIS,rs144317085,4,104884951,0.01967548803563517,2.010672486756764e-07,14.095185726449385,4.0657679915209585e-45,correct,True,False,False,False
IEAA,ALLERG_RHINITIS,rs114933663,3,46716370,0.0371708142,0.00024209214005226022,17.145199465288766,6.826423031242243e-66,correct,True,False,False,False
IEAA,ALLERG_RHINITIS,rs10735418,12,106949598,0.017843366445411197,0.00014207140615857145,12.085262341382267,1.2636617813128986e-33,correct,True,False,False,False
IEAA,ALLERG_RHINITIS,rs6797352,3,160609780,0.017019291013875,0.00014052617034416393,11.960954952548619,5.690372496783772e-33,correct,True,False,False,False
IEAA,ALLERG_RHINITIS,rs668408,11,57249260,0.017821969371619204,1.744531252853879e-05,12.782474419260392,2.0542823634022387e-37,correct,True,False,False,False
IEAA,ALLERG_RHINITIS,rs115360749,3,46671630,0.034753741649134196,0.0002547615251931316,16.149144993849085,1.1514667532889138e-58,correct,True,False,False,False
IEAA,ALLERG_RHINITIS,rs954794,18,44501960,0.0171018085755,8.616490006089092e-06,12.91741135016545,3.5901796672753787e-38,correct,True,False,False,False
IEAA,ALLERG_RHINITIS,rs75485436,3,47893519,0.037822768259278196,0.00019178227696590807,17.064366459487545,2.7333849411693114e-65,correct,True,False,False,False
IEAA,ALLERG_RHINITIS,rs145943094,3,47840452,0.03731278214515499,0.00018682657699333995,16.95201921032755,1.85956006229001e-64,correct,True,False,False,False
IEAA,ALLERG_RHINITIS,rs78595810,3,46868322,0.0361589571224288,0.0002454894143600201,16.6688124046579,2.209407143869231e-62,correct,True,False,False,False
IEAA,ALLERG_RHINITIS,rs6914699,6,29966245,0.01764289321758,0.00028845949496828416,11.377607725540948,5.406242334485715e-30,correct,True,True,False,False
IEAA,ALLERG_RHINITIS,rs1488106,3,169141218,0.0155975807773422,3.936412643605095e-05,12.077732207103733,1.3848668463893932e-33,correct,True,False,False,False
IEAA,ALLERG_RHINITIS,rs999918,1,39006382,0.01596758419872,0.00013574631746889713,11.54697125965213,7.646793128410842e-31,correct,True,False,False,False
IEAA,ALLERG_RHINITIS,rs146179438,3,48187876,0.03956142335928,8.099646298687966e-05,18.15523191908878,1.167339755206086e-73,correct,True,False,False,False
IEAA,ALLERG_RHINITIS,rs12666349,7,31688566,0.02055621339233281,2.5498205942516765e-05,13.682728477220891,1.2876862993559679e-42,correct,True,False,False,False
IEAA,ALLERG_RHINITIS,rs61010929,3,128568836,0.016067763730636803,0.0004615476305232521,10.902669635104756,1.1192437275159265e-27,correct,True,False,False,False
IEAA,ALLERG_RHINITIS,rs2275558,1,164559883,0.01878515707992,3.792078865611896e-05,12.657762584646584,1.0134674390281455e-36,correct,True,False,False,False
IEAA,ALLERG_RHINITIS,rs115744844,3,48595323,0.03284698670179019,0.00015304979548984147,16.068286984069303,4.256881496359889e-58,correct,True,False,False,False
IEAA,ALLERG_RHINITIS,rs116597408,4,104801703,0.0177793739127168,6.127084046509021e-05,12.40302905432558,2.5162841128005997e-35,correct,True,False,False,False
IEAA,ALLERG_RHINITIS,rs114418931,3,47735214,0.041546975744742226,0.0001352310304893435,17.343144274965734,2.222401735074602e-67,correct,True,False,False,False
IEAA,ALLERG_RHINITIS,rs62329718,4,104836902,0.017127666112696803,1.464194782669484e-06,12.847899242154005,8.837777483504022e-38,correct,True,False,False,False
IEAA,ALLERG_RHINITIS,rs7281251,21,36978082,0.014818365459955199,4.94293105243438e-05,11.582146079350622,5.075917825211109e-31,correct,True,False,False,False
IEAA,ALLERG_RHINITIS,rs34003787,16,73037482,0.016527619701535202,1.2651143870485297e-06,12.52346924620339,5.555281693225681e-36,correct,True,False,False,False
IEAA,ALLERG_RHINITIS,rs74780677,3,48564341,0.03164149919185918,0.00014733228388289,15.697082469817772,1.583593724362022e-55,correct,True,False,False,False
IEAA,ALLERG_RHINITIS,rs74735576,3,48316110,0.0347622087409152,8.250166993830689e-05,16.920226002078582,3.1920328887210776e-64,correct,True,False,False,False
IEAA,ALLERG_RHINITIS,rs1548483,4,104828738,0.015764713813679998,4.080637739102066e-07,12.5446047075525,4.255324600269497e-36,correct,True,False,False,False
IEAA,ALLERG_RHINITIS,rs2860228,3,128490824,0.013647268387500001,2.05509301009212e-06,11.664333943454649,1.9391467783869896e-31,correct,True,False,False,False
IEAA,ALLERG_RHINITIS,rs72839144,6,18011221,0.0187281876581198,0.0004289150987675446,11.356396669738073,6.892946116005126e-30,correct,True,False,False,False
IEAA,ALLERG_RHINITIS,rs6806687,3,128672946,0.013636804175279998,4.957561303215373e-06,11.632716851943774,2.810089167742297e-31,correct,True,False,False,False
IEAA,ALLERG_RHINITIS,rs141735437,6,17636296,0.030033827297779196,2.172643479945806e-05,14.873835375716027,4.873927421758974e-50,correct,True,False,False,False
IEAA,ALLERG_RHINITIS,rs149636734,3,48291966,0.0332720214943032,5.225402476017277e-05,16.770649688792403,4.001099765110845e-63,correct,True,False,False,False
IEAA,ALLERG_RHINITIS,rs76061303,3,48571608,0.032602286308395,0.0001524163758216567,15.775327979474952,4.6000239354173395e-56,correct,True,False,False,False
PhenoAge,ALLERG_RHINITIS,rs1142345,6,18130687,0.07001086497677998,1.7382575352027684e-06,26.967288062052855,3.576969238990207e-160,correct,True,False,False,False
PhenoAge,ALLERG_RHINITIS,rs10949481,6,18120798,0.06592970882231997,6.158412826305363e-08,26.23333152515066,1.1076466025233838e-151,correct,True,False,False,False
PhenoAge,ALLERG_RHINITIS,rs78846846,6,18132264,0.06736614170668621,1.39056657377e-06,26.021943078962206,2.796070870857397e-149,correct,True,False,False,False
PhenoAge,ALLERG_RHINITIS,rs10949480,6,18120793,0.0642306022739192,6.739363328067675e-07,25.833475076263685,3.7315961875986494e-147,correct,True,False,False,False
PhenoAge,ALLERG_RHINITIS,rs78631584,6,18127970,0.06704934078617278,1.3631405206863952e-06,25.95782238484245,1.4837598262830966e-148,correct,True,False,False,False
PhenoAge,ALLERG_RHINITIS,rs115306927,6,18126707,0.06706599590398377,1.339602852268046e-06,25.961866338191207,1.3356840687153975e-148,correct,True,False,False,False
PhenoAge,ALLERG_RHINITIS,rs75379431,6,18128250,0.06701603675549997,1.3645500409281692e-06,25.95105672726792,1.769041803822262e-148,correct,True,False,False,False
PhenoAge,ALLERG_RHINITIS,rs76244256,6,18140332,0.067167307000755,1.3421851650869673e-06,25.979362666548553,8.473694088621143e-149,correct,True,False,False,False
PhenoAge,ALLERG_RHINITIS,rs77339739,6,18135289,0.06666903493015498,1.3258437683905777e-06,25.883216808012946,1.0290944634147229e-147,correct,True,False,False,False
PhenoAge,ALLERG_RHINITIS,rs77134359,6,18135110,0.066619309752,1.390441443794572e-06,25.869789350342373,1.457397441228754e-147,correct,True,False,False,False
PhenoAge,ALLERG_RHINITIS,rs73724422,6,18123999,0.06674655262391994,9.812017833781382e-07,25.910359436304354,5.090176203274038e-148,correct,True,False,False,False
PhenoAge,ALLERG_RHINITIS,rs4348322,6,18125372,0.06694644236267515,1.1800707070917598e-06,25.942909442296088,2.1861643786974903e-148,correct,True,False,False,False
PhenoAge,ALLERG_RHINITIS,rs55835807,6,18124731,0.06656557443563516,1.082715742829977e-06,25.868624030488743,1.5020683881073607e-147,correct,True,False,False,False
PhenoAge,ALLERG_RHINITIS,rs12111366,6,18122711,0.066331075558995,8.005934688878756e-07,25.835035916072872,3.583903975817758e-147,correct,True,False,False,False
PhenoAge,ALLERG_RHINITIS,rs11966998,6,18145502,0.06725460492166081,5.850209118460354e-07,26.02471078238651,2.6014897906013127e-149,correct,True,False,False,False
PhenoAge,ALLERG_RHINITIS,rs76969503,6,18143281,0.0668893133654072,6.007853416654149e-07,25.94938973263991,1.8473662530225686e-148,correct,True,False,False,False
PhenoAge,ALLERG_RHINITIS,rs17839845,6,18147727,0.0669230404861952,5.82122531007637e-07,25.95672317624405,1.5267693530505476e-148,correct,True,False,False,False
PhenoAge,ALLERG_RHINITIS,rs143093668,6,18114015,0.06467174638848001,6.893348037276904e-07,25.500577255710063,1.9423988623363196e-143,correct,True,False,False,False
PhenoAge,ALLERG_RHINITIS,rs7775626,6,18144290,0.06672708977254323,5.866808415867591e-07,25.917248798903305,4.256800338095378e-148,correct,True,False,False,False
PhenoAge,ALLERG_RHINITIS,rs77011815,6,18116195,0.064407409472,6.888021966047476e-07,25.445094277376022,7.999699614868249e-143,correct,True,False,False,False
PhenoAge,ALLERG_RHINITIS,rs74370978,6,18114456,0.06430842268928001,5.64439289448613e-07,25.42832167240634,1.2264405565955288e-142,correct,True,False,False,False
PhenoAge,ALLERG_RHINITIS,rs114994345,6,18142057,0.06602875709633278,1.9498315743060228e-06,25.72563135763288,6.041091332858947e-146,correct,True,False,False,False
PhenoAge,ALLERG_RHINITIS,rs114615109,6,18117589,0.06417655872768001,6.033431427074778e-07,25.402193907283326,2.3849660268339002e-142,correct,True,False,False,False
PhenoAge,ALLERG_RHINITIS,rs150772783,6,18117724,0.06400411776124083,6.888542468712072e-07,25.362107231634585,6.607764370903987e-142,correct,True,False,False,False
PhenoAge,ALLERG_RHINITIS,rs73726535,6,18118161,0.0639547286940078,6.887283521622509e-07,25.351825801953986,8.579326910082982e-142,correct,True,False,False,False
PhenoAge,ALLERG_RHINITIS,rs146929633,6,18114211,0.06401941287318716,6.892066388485905e-07,25.365373734227934,6.081590543736095e-142,correct,True,False,False,False
PhenoAge,ALLERG_RHINITIS,rs11967496,6,18145519,0.06599640553917115,1.882184109693698e-06,25.72178893069235,6.669701335296393e-146,correct,True,False,False,False
PhenoAge,ALLERG_RHINITIS,rs73726536,6,18118309,0.06383105971200007,6.88716341466036e-07,25.32611527989146,1.6475017619873446e-141,correct,True,False,False,False
PhenoAge,ALLERG_RHINITIS,rs79664320,6,18116254,0.0638715336242958,6.888021966047476e-07,25.334505360794306,1.3316336564313262e-141,correct,True,False,False,False
PhenoAge,ALLERG_RHINITIS,rs11969221,6,18145660,0.066095672478,5.849838025321398e-07,25.788250110589345,1.2011666628122174e-146,correct,True,False,False,False
PhenoAge,ALLERG_RHINITIS,rs73726537,6,18118481,0.0637730424537102,6.88716341466036e-07,25.31404586775283,2.2374431044903893e-141,correct,True,False,False,False
PhenoAge,ALLERG_RHINITIS,rs79409033,6,18116247,0.06371485433118719,6.888021966047476e-07,25.302067466493483,3.0311910797278545e-141,correct,True,False,False,False
PhenoAge,ALLERG_RHINITIS,rs73726539,6,18118533,0.0636090593833422,6.88716341466036e-07,25.27990656664671,5.313762678509817e-141,correct,True,False,False,False
PhenoAge,ALLERG_RHINITIS,rs73726538,6,18118494,0.06360905938334215,6.88716341466036e-07,25.279906566646698,5.313762678511026e-141,correct,True,False,False,False
PhenoAge,ALLERG_RHINITIS,rs73726540,6,18118667,0.06364237395352319,6.03212251676781e-07,25.291159499391032,3.9961049770519404e-141,correct,True,False,False,False
PhenoAge,ALLERG_RHINITIS,rs76574179,6,18152309,0.06616865409101999,1.8729339063239226e-06,25.756072902152958,2.756093588408499e-146,correct,True,False,False,False
PhenoAge,ALLERG_RHINITIS,rs59662522,6,18119227,0.06348649321728005,6.900848785368105e-07,25.254237125165375,1.0174703344951467e-140,correct,True,False,False,False
PhenoAge,ALLERG_RHINITIS,rs11964408,6,18145676,0.0661897151198712,5.814860336145043e-07,25.743245359455724,3.8367123258125643e-146,correct,True,False,False,False
PhenoAge,ALLERG_RHINITIS,rs73726541,6,18119782,0.06320824143872004,6.913544650758567e-07,25.196208765150914,4.407867612926151e-140,correct,True,False,False,False
PhenoAge,ALLERG_RHINITIS,rs58413089,6,18119457,0.06320824143872,6.905333358535918e-07,25.196151169393907,4.414278982469723e-140,correct,True,False,False,False
PhenoAge,ALLERG_RHINITIS,rs75289348,6,18120253,0.06319189271808001,6.927139831945105e-07,25.192819528167572,4.801437342400157e-140,correct,True,False,False,False
PhenoAge,ALLERG_RHINITIS,rs77353348,6,18120169,0.0631020534105312,6.92338857489346e-07,25.17404209834473,7.710158287817608e-140,correct,True,False,False,False
PhenoAge,ALLERG_RHINITIS,rs77095250,6,18157635,0.06543967506012721,5.133489104888074e-07,25.698214897233534,1.2238389531021439e-145,correct,True,False,False,False
PhenoAge,ALLERG_RHINITIS,rs7760301,6,18144674,0.06538483417088001,1.884536522463739e-06,25.596063066964614,1.687554861745378e-144,correct,True,False,False,False
PhenoAge,ALLERG_RHINITIS,rs55738521,6,18120323,0.06302852181248,6.927117447059938e-07,25.15869910759452,1.1350636948967439e-139,correct,True,False,False,False
PhenoAge,ALLERG_RHINITIS,rs145835309,6,18151340,0.065448296869875,5.770547390680796e-07,25.65466657127963,3.7503514200720346e-145,correct,True,False,False,False
PhenoAge,ALLERG_RHINITIS,rs79867975,6,18119925,0.06285745623743821,6.918216114213025e-07,25.12284937296247,2.7993866410682777e-139,correct,True,False,False,False
PhenoAge,ALLERG_RHINITIS,rs59065902,6,18119279,0.06259707611602375,6.899446236952808e-07,25.068256712901267,1.1040848240148388e-138,correct,True,False,False,False
PhenoAge,ALLERG_RHINITIS,rs3931660,6,18148874,0.06556788000000005,2.4776937125075304e-07,25.712025255636544,8.576664852880135e-146,correct,True,False,False,False
PhenoAge,ALLERG_RHINITIS,rs77032929,6,18152062,0.06553457990912005,5.758225372229012e-07,25.672619760473946,2.3641247229935086e-145,correct,True,False,False,False
PhenoAge,ALLERG_RHINITIS,rs79325856,6,18161001,0.06506399556338217,5.958113991397827e-07,25.613099722166975,1.0902432847089613e-144,correct,True,False,False,False
PhenoAge,ALLERG_RHINITIS,rs7773076,6,18106901,0.06201319674595499,2.1996257670770856e-06,24.952641825455768,1.9989458578041503e-137,correct,True,False,False,False
PhenoAge,ALLERG_RHINITIS,rs79050301,6,18151959,0.06443428574761917,1.8656234800358685e-06,25.399346902249658,2.5641133325983325e-142,correct,True,False,False,False
PhenoAge,ALLERG_RHINITIS,rs55749163,6,18104414,0.06150317126912001,2.0540492862585843e-06,24.84494012110883,2.932891640649771e-136,correct,True,False,False,False
PhenoAge,ALLERG_RHINITIS,rs75221067,6,18148434,0.0643786463814158,1.8756248470640062e-06,25.38767688025012,3.4501362899677365e-142,correct,True,False,False,False
PhenoAge,ALLERG_RHINITIS,rs140495843,6,18108300,0.06118103919872001,2.049000242768377e-06,24.780256378038608,1.4637095097468212e-135,correct,True,False,False,False
PhenoAge,ALLERG_RHINITIS,rs73726531,6,18102797,0.061030091007100745,2.051247465485783e-06,24.741686171423094,3.8097455921845545e-135,correct,True,False,False,False
PhenoAge,ALLERG_RHINITIS,rs80152842,6,18109267,0.06107451524504883,2.1998978482305316e-06,24.753613500352326,2.834622174493967e-135,correct,True,False,False,False
PhenoAge,ALLERG_RHINITIS,rs10949482,6,18121083,0.0618746688,6.52885686509976e-07,24.85450557798967,2.311522033723077e-136,correct,True,False,False,False
PhenoAge,ALLERG_RHINITIS,rs112098771,6,18141408,0.06182622695239685,2.4795241183300032e-05,24.536238069521357,6.066193880474377e-133,correct,True,False,False,False
PhenoAge,ALLERG_RHINITIS,rs76835453,6,18157394,0.06219846345582,4.593072156199111e-07,25.027902583553853,3.0386586856478774e-138,correct,True,False,False,False
PhenoAge,ALLERG_RHINITIS,rs4294009,6,18105845,0.05359889969759819,2.7666718126146252e-05,23.161396670898334,1.1160094078448207e-118,correct,True,False,False,False
PhenoAge,ALLERG_RHINITIS,rs7228835,18,44389106,0.05656729041969919,2.598796681747773e-06,23.697761223422038,3.802517233618603e-124,correct,True,False,False,False
PhenoAge,ALLERG_RHINITIS,rs75390997,6,18159474,0.05836131421596787,2.214947210756858e-05,23.738816378282497,1.4335880216216103e-124,correct,True,False,False,False
PhenoAge,ALLERG_RHINITIS,rs1800460,6,18138997,0.05610387001477681,2.6480797430335293e-05,23.19061105647826,5.663351074463831e-119,correct,True,False,False,False
PhenoAge,ALLERG_RHINITIS,rs79015802,6,18102888,0.052022104700743796,3.033281905594226e-05,22.235863676721703,1.545655670018027e-109,correct,True,False,False,False
PhenoAge,ALLERG_RHINITIS,rs78674316,6,18103177,0.0512861338784798,3.0429211654248154e-05,22.06804555585541,6.4103107281352756e-108,correct,True,False,False,False
PhenoAge,ALLERG_RHINITIS,rs678553,1,236362147,0.04566912026712,2.8863068200411313e-05,21.10127551644723,7.741935851066794e-99,correct,True,False,False,False
PhenoAge,ALLERG_RHINITIS,rs3829957,17,3475582,0.045659243000716804,5.9464185861782066e-05,20.96536289073692,1.3588083906323603e-97,correct,True,False,False,False
PhenoAge,ALLERG_RHINITIS,rs752223,1,59967404,0.0471418690051808,0.00013519872575614117,20.767813806965393,8.462314915413555e-96,correct,True,False,False,False
PhenoAge,ALLERG_RHINITIS,rs115931931,6,18122295,0.03623881093908478,4.228580845825696e-06,19.091953855321314,2.945440241303461e-81,correct,True,False,False,False
PhenoAge,ALLERG_RHINITIS,rs12201199,6,18139571,0.04594440370188482,9.000495099465625e-06,21.56674853470017,3.6871758442022437e-103,correct,True,False,False,False
PhenoAge,ALLERG_RHINITIS,rs1990053,7,44886297,0.03231864412444619,0.00014368106348152654,17.080287634691892,2.0809051270447977e-65,correct,True,False,False,False
PhenoAge,ALLERG_RHINITIS,rs55801031,6,18166029,0.03289704476672,3.6761770467614136e-05,17.47766166152736,2.120168391413868e-68,correct,True,False,False,False
PhenoAge,ALLERG_RHINITIS,rs11190127,10,99512225,0.0290325402776448,0.0002199707859112116,15.528233023424303,2.2345242380610083e-54,correct,True,False,False,False
PhenoAge,ALLERG_RHINITIS,rs61835534,1,236358278,0.027755892762847203,2.4183471734275725e-05,16.291865440065575,1.1273736727201097e-59,correct,True,False,False,False
PhenoAge,ALLERG_RHINITIS,rs145179222,6,18109030,0.034513932152,2.5145476154244482e-05,17.091621391334954,1.7134279906711734e-65,correct,True,False,False,False
PhenoAge,ALLERG_RHINITIS,rs2842938,6,18141099,0.028157445518194997,1.7218426035858884e-05,16.359948262984496,3.694416016256409e-60,correct,True,False,False,False
PhenoAge,ALLERG_RHINITIS,rs34109510,17,3482882,0.027449539185868798,5.023728182657469e-06,16.28334508656504,1.2958750044516442e-59,correct,True,False,False,False
PhenoAge,ALLERG_RHINITIS,rs6531114,2,16436513,0.025068169183320794,4.977546307211797e-06,15.916836097181818,4.84252795538538e-57,correct,True,False,False,False
PhenoAge,ALLERG_RHINITIS,rs4724320,7,44775735,0.026277651442954998,5.884593051988834e-05,15.416392505139825,1.2700344364404952e-53,correct,True,False,False,False
PhenoAge,ALLERG_RHINITIS,rs10853522,18,44660633,0.0244807088734208,0.00012047875900345376,14.73443949627023,3.87398143356939e-49,correct,True,False,False,False
PhenoAge,ALLERG_RHINITIS,rs11253338,10,713619,0.024322475182080004,3.7558353991766973e-06,15.278727058082378,1.0599088600314495e-52,correct,True,False,False,False
PhenoAge,ALLERG_RHINITIS,rs2265092,10,734353,0.025040301321420006,1.791919208858788e-05,15.309862780074834,6.570240073425972e-53,correct,True,False,False,False
PhenoAge,ALLERG_RHINITIS,rs116853700,17,57388934,0.024772148584874996,1.9187751178358124e-05,15.15064637603786,7.502508565349197e-52,correct,True,False,False,False
PhenoAge,ALLERG_RHINITIS,rs73028070,11,122811127,0.027144129666232805,1.1260016376905164e-07,16.294436107983074,1.080960345814563e-59,correct,True,False,False,False
PhenoAge,ALLERG_RHINITIS,rs117945191,17,57387585,0.024519713037119997,1.8889639089187876e-05,15.075495350710932,2.3474862959623195e-51,correct,True,False,False,False
PhenoAge,ALLERG_RHINITIS,rs1849209,18,44581678,0.021799024240319997,1.1193628729255632e-05,14.42742560994172,3.478232861537601e-47,correct,True,False,False,False
PhenoAge,ALLERG_RHINITIS,rs62114564,2,16524812,0.021794588146726197,6.464735267118003e-05,14.049089979522401,7.803027175192788e-45,correct,True,False,False,False
composite_index,ALLERG_RHINITIS,rs3828037,1,65588114,4.741777280783899e-05,3.100227105094531e-08,0.8136497095375661,0.41584565189720246,correct,False,False,False,False
composite_index,ALLERG_RHINITIS,rs6698842,1,65699049,8.047779430031786e-05,9.27053236535585e-06,0.717710357237637,0.47293589579225337,correct,False,False,False,False
composite_index,ALLERG_RHINITIS,rs4845620,1,154434180,4.126317133193039e-05,0.0009379930564198178,-2.9491488844225007,0.003186504256158731,wrong,True,False,False,False
composite_index,ALLERG_RHINITIS,rs1811472,1,159672559,7.15362265328129e-05,1.65403443258371e-06,0.8696580883555844,0.3844872829025081,correct,False,False,False,False
composite_index,ALLERG_RHINITIS,rs10437340,1,159741019,6.64141524354978e-05,0.0001797209673754048,-0.6361135741253162,0.5247023987057924,wrong,False,False,False,False
composite_index,ALLERG_RHINITIS,rs2701185,12,120915171,4.421245923190221e-05,0.0012015342161246897,-3.399846646352471,0.0006742365605044508,wrong,True,False,False,False
composite_index,ALLERG_RHINITIS,rs147636938,19,44883377,4.335128776605092e-05,0.0001044910252386563,-0.43999446632779016,0.6599411151975365,wrong,False,False,False,False
composite_index,ALLERG_RHINITIS,rs12972156,19,44884202,8.256170820507988e-05,0.00022242170007903862,-0.7063780320033702,0.4799530785710272,wrong,False,False,False,False
composite_index,ALLERG_RHINITIS,rs77301115,19,44893716,4.39242277112222e-05,8.943024643687296e-05,-0.3426155807740446,0.7318876790268585,wrong,False,False,False,False
composite_index,ALLERG_RHINITIS,rs112849259,19,44894050,4.4050105030644765e-05,8.992990564042607e-05,-0.3446730307649763,0.7303401954158579,wrong,False,False,False,False
composite_index,ALLERG_RHINITIS,rs116881820,19,44894695,4.404456297794569e-05,9.152773730996778e-05,-0.3549287776804179,0.7226429487585645,wrong,False,False,False,False
composite_index,ALLERG_RHINITIS,rs79398853,19,44895528,4.441244298774214e-05,9.286245745752911e-05,-0.3601220094227158,0.718755894333809,wrong,False,False,False,False
composite_index,ALLERG_RHINITIS,rs75687619,19,44896087,4.442339810690116e-05,9.367915807151959e-05,-0.3652195512999389,0.7149475250109374,wrong,False,False,False,False
composite_index,ALLERG_RHINITIS,rs76366838,19,44896639,4.4285991678852785e-05,9.448804837653057e-05,-0.3714857385642933,0.7102757762170295,wrong,False,False,False,False
composite_index,ALLERG_RHINITIS,rs114536010,19,44897468,4.469364277793692e-05,0.00010490341809810655,-0.43102928608288543,0.6664470762960804,wrong,False,False,False,False
composite_index,ALLERG_RHINITIS,rs115881343,19,44899959,4.665127753889757e-05,8.359576573766727e-05,-0.28014024837964546,0.7793699066796459,wrong,False,False,False,False
composite_index,ALLERG_RHINITIS,rs112019714,19,44901600,4.681666008782011e-05,8.833705511255351e-05,-0.30959125505244806,0.7568718072438545,wrong,False,False,False,False
composite_index,ALLERG_RHINITIS,rs1081105,19,44909698,4.8834369703999436e-05,0.00014513350321144558,-0.6106716423804363,0.5414169830959072,wrong,False,False,False,False
composite_index,ALLERG_RHINITIS,rs150966173,19,44917947,4.737726473040666e-05,3.1181908411539816e-05,0.1568612693880428,0.875354184466193,correct,False,False,False,False
composite_index,ALLERG_RHINITIS,rs4239225,17,39970859,5.079804741482538e-06,0.0006675946722703529,-2.8645911644974045,0.004175479454794586,wrong,True,False,False,False
composite_index,ALLERG_RHINITIS,rs2095044,9,6192796,0.0014636718780797998,0.0015768038047878508,-0.17774215233728688,0.8589254795177423,wrong,False,False,False,False
composite_index,ALLERG_RHINITIS,rs56177354,16,85899046,1.4149904799225568e-05,0.0003225390781000519,-1.7150685945412643,0.0863326514313324,wrong,False,False,False,False
composite_index,ALLERG_RHINITIS,rs1401884,16,85979945,1.2318971451966958e-05,0.00012518480145954744,-0.9331582864986968,0.3507382484981013,wrong,False,False,False,False
composite_index,ALLERG_RHINITIS,rs76428106,13,28029870,1.5717101054875123e-05,0.00019892906330940257,-1.1843609915933881,0.23627019475105648,wrong,False,False,False,False
composite_index,ALLERG_RHINITIS,rs391855,16,85895015,1.7598279316151334e-05,0.00025337715734248984,-1.4193734647072942,0.1557901643346341,wrong,False,False,False,False
composite_index,ALLERG_RHINITIS,rs139795227,1,92376810,1.924232240219275e-05,0.001636202493843288,-4.61744126449752,3.885005916326312e-06,wrong,True,False,False,False
composite_index,ALLERG_RHINITIS,rs141094656,1,92287779,1.865010101667251e-05,0.0016038429482903265,-4.571006366675098,4.853875332320605e-06,wrong,True,False,False,False
composite_index,ALLERG_RHINITIS,rs1002607,9,111096653,1.2219210694809523e-05,9.575819665033213e-05,-0.7639170149048597,0.444916697114079,wrong,False,False,False,False
composite_index,ALLERG_RHINITIS,rs1610009,9,111237120,1.264459045575553e-05,2.0083046343756507e-05,-0.11234108566481422,0.9105529663207154,wrong,False,False,False,False
composite_index,ALLERG_RHINITIS,rs6740847,2,181443625,2.0307985098120556e-05,2.1692836084277683e-05,-0.01833981509132478,0.9853677649510766,wrong,False,False,False,False
composite_index,ALLERG_RHINITIS,rs150649461,1,92460097,1.9397093056225222e-05,0.0016527609499041218,-4.641747825389932,3.454743356232317e-06,wrong,True,False,False,False
composite_index,ALLERG_RHINITIS,rs4857909,3,128581625,0.001485061037048754,0.00017510705645287227,3.0401991037136433,0.0023642179784170896,correct,True,False,False,False
composite_index,ALLERG_RHINITIS,rs17575497,1,91850339,1.2739078016385894e-05,0.001555455893997817,-4.60485857828422,4.127462541837842e-06,wrong,True,False,False,False
composite_index,ALLERG_RHINITIS,rs9807989,2,102354740,0.00127536975409395,0.0009152941721533889,0.659264899546774,0.5097256780086137,correct,False,False,False,False
composite_index,ALLERG_RHINITIS,rs13277237,8,129592317,9.466852501832858e-06,9.393466210139516e-06,0.0014456953421912277,0.9988465024086494,correct,False,False,False,False
composite_index,ALLERG_RHINITIS,rs34856868,1,92088726,9.136373210870764e-06,0.0011596007674406707,-3.906545846587833,9.362488592151536e-05,wrong,True,False,False,False
composite_index,ALLERG_RHINITIS,rs876036,7,50268114,9.093157515544074e-06,7.169397415100905e-05,-0.6618860792245398,0.5080442339674324,wrong,False,False,False,False
composite_index,ALLERG_RHINITIS,rs3093068,1,159711574,3.389224139895039e-05,4.232527210958166e-06,0.45828959552001214,0.6467443981183515,correct,False,False,False,False
composite_index,ALLERG_RHINITIS,rs2524079,6,31274397,3.875795085969741e-06,0.0008477312825414123,-3.2940270409037655,0.0009876299680466373,wrong,True,True,False,False
composite_index,ALLERG_RHINITIS,rs11065394,12,121009119,3.165195260186713e-05,0.00100659802767247,-3.185207241116205,0.0014465037903021365,wrong,True,False,False,False
composite_index,ALLERG_RHINITIS,rs2706345,5,132568236,0.0009278870051887501,0.0002887658138677964,1.62574312745029,0.10400431138951965,correct,False,False,True,False
composite_index,ALLERG_RHINITIS,rs8025803,15,79967931,8.158021730755574e-06,8.411230463606863e-05,-0.7689805251502665,0.4419048717889935,wrong,False,False,False,False
composite_index,ALLERG_RHINITIS,rs145096717,13,28187455,9.447861106385103e-06,0.00021430365082868389,-1.3602941322086795,0.17373686449543524,wrong,False,False,False,False
composite_index,ALLERG_RHINITIS,rs2228467,3,42864624,7.808797197554954e-06,6.965349950591255e-05,-0.6742365922135447,0.5001609090877785,wrong,False,False,False,False
composite_index,ALLERG_RHINITIS,rs118170342,19,44898611,3.040638265871185e-05,8.976013576773148e-05,-0.47762617031573135,0.632916300806823,wrong,False,False,False,False
composite_index,ALLERG_RHINITIS,rs9271620,6,32624000,3.469507417017568e-06,0.0011875244699941952,-3.969095286486511,7.214602978071007e-05,wrong,True,True,False,False
composite_index,ALLERG_RHINITIS,rs1260326,2,27508073,2.8926196701868593e-05,0.000525672780260022,-2.138594750470077,0.032468503029335447,wrong,True,False,False,False
composite_index,ALLERG_RHINITIS,rs11466597,1,91719794,7.664220841713856e-06,0.0012772695268290011,-4.197931239773859,2.693643858372819e-05,wrong,True,False,False,False
composite_index,ALLERG_RHINITIS,rs114403972,1,65458349,2.887826902728646e-05,7.116045283647686e-05,-0.37036615973067216,0.7111096845006192,wrong,False,False,False,False
composite_index,ALLERG_RHINITIS,rs116359246,1,92570434,7.131060438250603e-06,5.051405649930761e-07,0.23627325432675866,0.8132206394158201,correct,False,False,False,False
composite_index,ALLERG_RHINITIS,rs60049679,19,44926451,3.0879983724831154e-05,8.57575111697002e-06,0.3198917579469437,0.7490503860589321,correct,False,False,False,False
composite_index,ALLERG_RHINITIS,rs114425738,1,91706116,7.054091645423797e-06,0.0012810320920048292,-4.213311327453582,2.5165381014351628e-05,wrong,True,False,False,False
composite_index,ALLERG_RHINITIS,rs117310449,19,44890259,2.7254441100016393e-05,1.0231295128218993e-05,0.2463555059402793,0.8054070460543362,correct,False,False,False,False
composite_index,ALLERG_RHINITIS,rs3131643,6,31475005,3.1352489861396064e-06,0.0006681406228063429,-2.9673701074405603,0.003003591637595847,wrong,True,True,False,False
composite_index,ALLERG_RHINITIS,rs4851005,2,102395092,0.0007868481826771394,0.00067613474948501,0.24790481606001716,0.8042080535277076,correct,False,False,False,False
composite_index,ALLERG_RHINITIS,rs34097845,17,58281068,7.1365019917205865e-06,0.0004389948747657299,-2.2280159089947102,0.025879454137480842,wrong,True,False,False,False
composite_index,ALLERG_RHINITIS,rs4632248,19,53821741,6.467226261637734e-06,4.929480666033735e-05,-0.5434588204968284,0.5868139362654757,wrong,False,False,False,False
composite_index,ALLERG_RHINITIS,rs369756,9,6146441,0.00074074202592,0.0015582040260615517,-1.4966323727405233,0.13448894184044333,wrong,False,False,False,False
composite_index,ALLERG_RHINITIS,rs1800973,12,69350234,6.333956539030451e-06,0.00011469696288547315,-0.9868787037552046,0.32370210549850176,wrong,False,False,False,False
composite_index,ALLERG_RHINITIS,rs12515180,5,132449992,0.00068447201592,0.00022833754296706267,1.3345506421977953,0.18202346158856575,correct,False,False,True,False
composite_index,ALLERG_RHINITIS,rs113071828,4,38664197,0.0006739995551327999,7.948601935237377e-05,2.0514689842535767,0.0402212970748441,correct,True,False,False,False
composite_index,ALLERG_RHINITIS,rs7251806,19,16388758,0.0001337655460822139,2.2838008377860436e-06,1.2196514044878068,0.22259705078586822,correct,False,False,False,False
composite_index,ALLERG_RHINITIS,rs17196752,20,50270731,5.562551301670978e-06,0.0003264917516522427,-1.9010877312746435,0.057290522315392146,wrong,False,False,False,False
composite_index,ALLERG_RHINITIS,rs17344939,3,128566651,0.0006330211126272,2.0844325729081656e-05,2.4811752215628906,0.013094998380199618,correct,True,False,False,False
composite_index,ALLERG_RHINITIS,rs2242886,21,35015509,0.0006081206798216881,0.00020355018709035993,1.2605293469377177,0.20747846807380388,correct,False,False,False,False
composite_index,ALLERG_RHINITIS,rs149007767,7,50330658,5.644743095293547e-06,4.755416610281317e-06,0.023579890074006824,0.9811877130877605,correct,False,False,False,False
composite_index,ALLERG_RHINITIS,rs16939945,16,85911643,5.202036055347085e-06,3.6099816403297153e-05,-0.45118074553962245,0.6518592857123793,wrong,False,False,False,False
composite_index,ALLERG_RHINITIS,rs10849448,12,6384185,5.3440637434596455e-06,1.3174695195016423e-05,-0.1589660508745417,0.8736956211421361,wrong,False,False,False,False
composite_index,ALLERG_RHINITIS,rs80181987,2,181453735,5.138717615184326e-06,8.716804728869068e-05,-0.853437140394624,0.3934169326016812,wrong,False,False,False,False
composite_index,ALLERG_RHINITIS,rs12619285,2,212959321,0.00058478273098875,0.00011779202221401685,1.6094783302592393,0.10751178960685787,correct,False,False,False,False
composite_index,ALLERG_RHINITIS,rs27438,5,132077562,0.0005455011250357681,0.000651140427620637,-0.26228671856962127,0.7931004007446728,wrong,False,False,True,False
composite_index,ALLERG_RHINITIS,rs410867,19,16316300,0.0005439632708148479,0.00031308745310588726,0.6804937647749703,0.496191868549127,correct,False,False,False,False
composite_index,ALLERG_RHINITIS,rs56330463,5,148820448,0.0005508885541647394,1.290686139218468e-05,2.3963370060499942,0.016559856805745492,correct,True,False,False,False
composite_index,ALLERG_RHINITIS,rs7115703,11,306920,4.455172421747361e-06,6.045684195933243e-05,-0.6867247759114087,0.4922561810157232,wrong,False,False,False,False
composite_index,ALLERG_RHINITIS,rs76345714,17,58659171,4.282197325046158e-06,1.3296101487620948e-09,0.24850912529174093,0.8037405105278032,correct,False,False,False,False
composite_index,ALLERG_RHINITIS,rs76367978,3,128631925,0.0004978334515323193,1.5321371843456804e-05,2.1861730424729267,0.02880294771849369,correct,True,False,False,False
composite_index,ALLERG_RHINITIS,rs144937240,13,28123754,4.992883930126735e-06,0.0002901914883447697,-1.7337659622701596,0.08295961731482508,wrong,False,False,False,False
composite_index,ALLERG_RHINITIS,rs11864884,16,85867433,4.256135838053311e-06,0.00027327537060075,-1.7476289801542904,0.08052829378804245,wrong,False,False,False,False
composite_index,ALLERG_RHINITIS,rs2239630,14,23120140,4.1491029137644494e-06,8.894696832702572e-06,-0.1147083837514857,0.9086762685242782,wrong,False,False,False,False
composite_index,ALLERG_RHINITIS,rs7846314,8,60738272,9.80222268008735e-05,4.9894913553066766e-05,0.34451452683160577,0.7304593731114335,correct,False,False,False,False
composite_index,ALLERG_RHINITIS,rs113542380,2,43237679,8.018009276348847e-05,0.000155744326083382,-0.42875375711933733,0.6681024348729631,wrong,False,False,False,False
composite_index,ALLERG_RHINITIS,rs56388170,7,28684757,7.682631614292377e-05,0.00016034020145177475,-0.47165897208620555,0.6371702263834758,wrong,False,False,False,False
composite_index,ALLERG_RHINITIS,rs73516986,19,16630441,6.965624477100518e-05,4.141942304313855e-07,0.9341018133864019,0.3502513766369124,correct,False,False,False,False
composite_index,ALLERG_RHINITIS,rs2158799,7,28237488,6.816016139011835e-05,0.0004596427407492428,-1.595150308384865,0.1106786277439181,wrong,False,False,False,False
composite_index,ALLERG_RHINITIS,rs16850073,4,73838282,6.628677808005555e-05,7.513652903167938e-05,-0.06381440952885432,0.9491180045006974,wrong,False,False,False,False
composite_index,ALLERG_RHINITIS,rs445,7,92779056,6.0701873393866846e-05,1.4591248634242931e-05,0.47594421395082004,0.6341141218577929,correct,False,False,False,False
composite_index,ALLERG_RHINITIS,rs3806792,4,74099557,6.287755206141853e-05,5.47043378635185e-06,0.6772067719850761,0.49827477169203405,correct,False,False,False,False
composite_index,ALLERG_RHINITIS,rs3917932,1,36478315,5.5259200514210935e-05,3.995210869922232e-07,0.8246066647524868,0.4095949363669814,correct,False,False,False,False
composite_index,ALLERG_RHINITIS,rs117520868,19,16469833,5.132899328375631e-05,7.941027284013243e-05,-0.2101843090395648,0.8335238256084418,wrong,False,False,False,False
composite_index,ALLERG_RHINITIS,rs117866384,19,16472131,5.115762441896552e-05,8.597266636884501e-05,-0.2550709112016323,0.7986683307144079,wrong,False,False,False,False
composite_index,ALLERG_RHINITIS,rs147775088,19,16466392,5.1117729162216716e-05,8.061267773629624e-05,-0.22003247430010311,0.8258458635648683,wrong,False,False,False,False
composite_index,ALLERG_RHINITIS,rs118051449,19,16478996,5.0780300815920755e-05,9.629373652347255e-05,-0.3233370847261764,0.7464399715041512,wrong,False,False,False,False
composite_index,ALLERG_RHINITIS,rs186029736,6,31404923,5.5879374507161344e-05,0.0012817929231489918,-3.3824466105123263,0.0007184324114839383,wrong,True,True,False,False
composite_index,ALLERG_RHINITIS,rs6796,7,6462736,5.3175290794016056e-05,0.00041985152907202756,-1.5944701275659088,0.1108307763225604,wrong,False,False,False,False
Frailty,L12_ATOPIC,rs9275160,6,32684843,0.0006546264752567999,3.166645853840921e-05,3.0907590415643873,0.0019964557544382322,correct,True,True,False,True
Frailty,L12_ATOPIC,rs9273344,6,32655681,0.0008471563900799998,0.00020346654102321255,2.2986832046482726,0.021522934929765303,correct,True,True,False,True
Frailty,L12_ATOPIC,rs77062257,6,32652987,0.0006690166912511998,6.941278048903184e-05,2.7158805195776536,0.006609976795873743,correct,True,True,False,True
Frailty,L12_ATOPIC,rs28746860,6,32667256,0.0005909158613357999,3.606008577688746e-05,2.8366491407425887,0.004558968050454379,correct,True,True,False,True
Frailty,L12_ATOPIC,rs1281935,6,32616043,0.0005385584383487999,0.00040758282753804414,0.47028999590378096,0.6381478439249357,correct,False,True,False,True
Frailty,L12_ATOPIC,rs6910879,6,32592962,0.0004795527628800001,2.8843144215094763e-05,2.573503846345523,0.010067452785219826,correct,True,True,False,True
Frailty,L12_ATOPIC,rs1281934,6,32616605,0.0003995611519999998,0.000439388519893546,-0.15125137044598183,0.8797774286177859,wrong,False,True,False,True
Frailty,L12_ATOPIC,rs9268362,6,32365564,0.00034373248683179994,0.00024211707500443327,0.46327277139656786,0.6431688603239087,correct,False,True,False,True
Frailty,L12_ATOPIC,rs28746878,6,32669738,0.0003599528802552,0.0007992814281640379,-1.4202833950855644,0.1555251933345321,wrong,False,True,False,True
Frailty,L12_ATOPIC,rs34422230,6,32809218,0.0002946885101567999,7.289028628017152e-08,2.616292469759388,0.008889038173782633,correct,True,True,False,True
Frailty,L12_ATOPIC,rs2523668,6,31470319,0.00029184560761519996,0.0003536676088463124,-0.26901863866109155,0.7879153396436049,wrong,False,True,False,True
Frailty,L12_ATOPIC,rs35520662,6,32780252,0.0002839383801101999,1.8168908211994186e-05,1.9503358043981305,0.05113610781669983,correct,False,True,False,True
Frailty,L12_ATOPIC,rs34043227,6,32780813,0.0002839383801102,1.5301524150321814e-05,2.0048807231299137,0.0449757999931435,correct,True,True,False,True
Frailty,L12_ATOPIC,rs34153000,6,32779239,0.0002839383801102,1.8168908211994186e-05,1.950335804398131,0.0511361078166998,correct,False,True,False,True
Frailty,L12_ATOPIC,rs34408145,6,32787400,0.00028280149084079987,1.8168908211994186e-05,1.9451030047111988,0.051762582348546,correct,False,True,False,True
Frailty,L12_ATOPIC,rs17213756,6,32820219,0.00027983501568000003,3.1302652702404163e-06,2.31797942851206,0.020450439097584976,correct,True,True,False,True
Frailty,L12_ATOPIC,rs41316548,6,32829390,0.00028010220564479997,3.841236089306335e-06,2.2882573162077864,0.022122540639466472,correct,True,True,False,True
Frailty,L12_ATOPIC,rs35921062,6,32806639,0.00027827673996719997,2.0953602829493927e-06,2.3609314380798647,0.018229100458529247,correct,True,True,False,True
Frailty,L12_ATOPIC,rs35486885,6,32795729,0.00027715125379979986,1.9463635630213962e-06,2.3636729064636803,0.018094780692951475,correct,True,True,False,True
Frailty,L12_ATOPIC,rs34710970,6,32800338,0.00027715125379979986,2.0950483521047745e-06,2.355713880794776,0.0184871510242549,correct,True,True,False,True
Frailty,L12_ATOPIC,rs41258084,6,32813180,0.0002764533547008,2.8613416015798322e-06,2.3139439211639945,0.020670798459798346,correct,True,True,False,True
Frailty,L12_ATOPIC,rs41316241,6,32815018,0.0002764533547008,2.869175133076007e-06,2.3136471212405194,0.020687086678375956,correct,True,True,False,True
Frailty,L12_ATOPIC,rs41317090,6,32834577,0.0002731408355000001,7.213439556953001e-06,2.1397194564963917,0.032377445704658496,correct,True,True,False,True
Frailty,L12_ATOPIC,rs2857702,6,31609506,0.0002734913721848,1.7080647053312842e-05,1.9239026970403328,0.05436678112230541,correct,False,True,False,True
Frailty,L12_ATOPIC,rs2228396,6,32830032,0.00025174418734079997,3.507626927472961e-06,2.164766756987011,0.030405551808983355,correct,True,True,False,True
Frailty,L12_ATOPIC,rs8192574,6,32201368,0.0002463022333152,0.00018494258115971451,0.32440427619088086,0.7456319827233019,correct,False,True,False,True
Frailty,L12_ATOPIC,rs41268932,6,32186934,0.00024584563303820005,0.0001840763324085841,0.32694161527999,0.7437120447058152,correct,False,True,False,True
Frailty,L12_ATOPIC,rs2022059,6,32188712,0.0002444178555,0.0002070563652521818,0.19278258728789374,0.8471292410097871,correct,False,True,False,True
Frailty,L12_ATOPIC,rs9268835,6,32460338,0.00023710552632000002,1.9384160178964367e-05,1.705234232319458,0.08815074793483395,correct,False,True,False,True
Frailty,L12_ATOPIC,rs137893789,6,32087709,0.00023601935953919997,0.00019484802587662014,0.21704416211763536,0.8281739287624934,correct,False,True,False,True
Frailty,L12_ATOPIC,rs2844456,6,31896897,0.00023322421142720016,5.187801476113772e-05,1.2487495134174778,0.21175670487606735,correct,False,True,False,True
Frailty,L12_ATOPIC,rs2856437,6,32189587,0.0002320384983822,0.00019107323121216613,0.2184334326224248,0.8270914189218812,correct,False,True,False,True
Frailty,L12_ATOPIC,rs34562262,6,32053184,0.00022492022799020002,0.0001937502255038547,0.16660580444956397,0.8676802262478975,correct,False,True,False,True
Frailty,L12_ATOPIC,rs644045,6,31916180,0.0002214071304192,0.0008002176424472648,-2.085244114916032,0.037047147360310784,wrong,True,True,False,True
Frailty,L12_ATOPIC,rs35029304,6,32941756,0.00022662158310380015,3.1424087342768315e-05,1.4612116017597148,0.14395738011582004,correct,False,True,False,True
Frailty,L12_ATOPIC,rs82334,4,3223644,0.00021559183443180003,0.00014470387866206863,0.4102641816081675,0.6816121641030051,correct,False,False,False,False
Frailty,L12_ATOPIC,rs41268928,6,32179380,0.00021272174407680004,0.00020440095897733218,0.044693751973194445,0.9643514139265438,correct,False,True,False,True
Frailty,L12_ATOPIC,rs805284,6,31714252,0.00020823197050880003,4.119135500202101e-05,1.2426092966928117,0.21401184241210014,correct,False,True,False,True
Frailty,L12_ATOPIC,rs41268924,6,32167360,0.00020656499834880002,0.00017366464071201794,0.1846865601861554,0.8534748882507521,correct,False,True,False,True
Frailty,L12_ATOPIC,rs10947233,6,32156647,0.00020487298007999997,0.00018855736248069322,0.09020285711995475,0.9281260139316873,correct,False,True,False,True
Frailty,L12_ATOPIC,rs3101944,6,32943350,0.0002033559043038,2.7861210696463795e-05,1.3973000665950135,0.16232335582493418,correct,False,True,False,True
Frailty,L12_ATOPIC,rs2396766,7,114678016,0.00020139393487500002,2.8652074659206515e-06,1.9392929411715654,0.05246567793325511,correct,False,False,False,False
Frailty,L12_ATOPIC,rs12739243,1,210128698,0.0002013847764192,1.086846891978144e-06,2.036871473426791,0.0416629234873955,correct,True,False,False,False
Frailty,L12_ATOPIC,rs583514,3,173396377,0.0001979074152158,0.00011536989439519555,0.5163955078697665,0.6055782025828074,correct,False,False,False,False
Frailty,L12_ATOPIC,rs204887,6,32061449,0.00019066298723119995,4.142331175224645e-07,2.043312397437596,0.04102152312693756,correct,True,True,False,True
Frailty,L12_ATOPIC,rs34451818,6,31616064,0.00018801771088320003,4.4309508722975074e-05,1.0932738151210777,0.2742735960682684,correct,False,True,False,True
Frailty,L12_ATOPIC,rs35502919,6,31636578,0.00018617441112000002,4.393432800261111e-05,1.0877297804991246,0.2767144167090453,correct,False,True,False,True
Frailty,L12_ATOPIC,rs73728611,6,32621586,0.00020121724465920008,0.00041223982094838453,-0.9651934796249495,0.3344479122208489,wrong,False,True,False,True
Frailty,L12_ATOPIC,rs8089807,18,41742675,0.00018670208363519996,2.625917761623805e-05,1.3228441764698398,0.18588720276463055,correct,False,False,False,False
Frailty,L12_ATOPIC,rs4146140,10,60125604,0.00018493529638320002,5.593817854327016e-06,1.7391824563668328,0.08200267433194088,correct,False,False,False,False
Frailty,L12_ATOPIC,rs1800454,6,32832635,0.00017480921588480003,0.0002287781566239878,-0.2960264999825053,0.7672098438257899,wrong,False,True,False,True
Frailty,L12_ATOPIC,rs2071207,3,50122411,0.00017450650008,1.9154960692972773e-07,1.9806013700150547,0.04763599518777559,correct,True,False,False,False
Frailty,L12_ATOPIC,rs4952693,2,43924669,0.00017611573503680002,2.3071604883749405e-05,1.309807146568778,0.19026108489839377,correct,False,False,False,False
Frailty,L12_ATOPIC,rs3129871,6,32438565,0.0001730235236408,0.0008582886577249129,-2.5127626878239115,0.011978988538864817,wrong,True,True,False,True
Frailty,L12_ATOPIC,rs3959554,15,41151726,0.00017376602615819999,0.0006188814761313588,-1.814865540360611,0.06954457532939962,wrong,False,False,False,False
Frailty,L12_ATOPIC,rs10891490,11,113014805,0.00017080182392,4.394166740742088e-05,0.9920541587980516,0.32117110676561533,correct,False,False,False,True
Frailty,L12_ATOPIC,rs2854051,6,32216273,0.0001714694908512,0.0002646743018276855,-0.49843657163537647,0.6181763652295975,wrong,False,True,False,True
Frailty,L12_ATOPIC,rs2854050,6,32217828,0.00017052083712,0.00026366920985008437,-0.49939139388775616,0.6175036808544276,wrong,False,True,False,True
Frailty,L12_ATOPIC,rs1363103,5,104582136,0.00017189847199999998,1.909376522762089e-05,1.354346084781437,0.1756259898617054,correct,False,False,False,False
Frailty,L12_ATOPIC,rs28407322,6,32635578,0.0001706708881632,0.0007620666748764402,-2.2447039292192237,0.02478714564179325,wrong,True,True,False,True
Frailty,L12_ATOPIC,rs2849017,6,32206271,0.00016979605200779992,0.00026446783534433234,-0.5076571273431133,0.6116938198242527,wrong,False,True,False,True
Frailty,L12_ATOPIC,rs2555457,6,32206023,0.00016790944384620005,0.0002642850797451076,-0.518195831768259,0.6043216426994076,wrong,False,True,False,True
Frailty,L12_ATOPIC,rs2854047,6,32211655,0.0001674050501088,0.0002654061613664347,-0.5265610383954694,0.5984984542917178,wrong,False,True,False,True
Frailty,L12_ATOPIC,rs17612102,15,51971897,0.0001687569740318,4.4839592019120964e-05,0.9766336096873717,0.32875057373146743,correct,False,False,False,False
Frailty,L12_ATOPIC,rs8192575,6,32198607,0.0001671875964799999,0.00025222565253367165,-0.4632885194525553,0.6431575737812888,wrong,False,True,False,True
Frailty,L12_ATOPIC,rs146003472,6,32422974,0.00020791974612779986,0.00029831126448810925,-0.44838081944412544,0.6538783820082059,wrong,False,True,False,True
Frailty,L12_ATOPIC,rs2071285,6,32212654,0.00016697009215679991,0.0002618418482015228,-0.5120127004843374,0.608642120931332,wrong,False,True,False,True
Frailty,L12_ATOPIC,rs1008210,4,3036385,0.00016726441315499996,7.766144251506398e-05,0.6376266949998073,0.5237167141229688,correct,False,False,False,False
Frailty,L12_ATOPIC,rs2555469,6,32211717,0.00016509929356079995,0.00026525694597620395,-0.5398805364124003,0.5892794214796859,wrong,False,True,False,True
Frailty,L12_ATOPIC,rs56299474,8,22135291,0.0001664219403182,0.0005613913952035809,-1.657323067093213,0.09745417610780344,wrong,False,False,False,False
Frailty,L12_ATOPIC,rs9469227,6,32720103,0.00021108238303680003,0.0003773605845074008,-0.7597265020381097,0.4474180838525841,wrong,False,True,False,True
GrimAge,L12_ATOPIC,rs9386796,6,109297501,0.0195337171751598,1.2860304167829304e-05,16.782453746183606,3.279986130951265e-63,correct,True,False,False,False
GrimAge,L12_ATOPIC,rs887466,6,31175734,0.01754196745952,0.00035984191186462023,13.812180646314342,2.152166310438624e-43,correct,True,True,False,False
GrimAge,L12_ATOPIC,rs4065321,17,39987295,0.0144367247448398,1.959257761419805e-05,14.240570661738998,5.130636903836263e-46,correct,True,False,False,False
GrimAge,L12_ATOPIC,rs17094148,10,99520522,0.013431427128,0.0003917087135506354,11.772045134890353,5.438973795567845e-32,correct,True,False,False,False
GrimAge,L12_ATOPIC,rs3134745,6,31274985,0.014418132767999999,0.0003474033862652553,12.299062058416355,9.163197251458165e-35,correct,True,True,False,False
Hannum,L12_ATOPIC,rs10786282,10,96363051,0.043360593408,2.3775683310445924e-06,25.515920854542127,1.3125026249475644e-143,correct,True,False,False,False
Hannum,L12_ATOPIC,rs941997,10,96287079,0.041491664091622214,8.149225227002541e-05,23.470104067094752,8.241339280279446e-122,correct,True,False,False,False
Hannum,L12_ATOPIC,rs1005277,10,37929331,0.03782064674646719,9.126092661963017e-08,23.365756015664417,9.531793994957105e-121,correct,True,False,False,False
Hannum,L12_ATOPIC,rs117932856,10,37875836,0.04766429491199999,3.7435825577299917e-08,25.849046778638005,2.493887781993741e-147,correct,True,False,False,False
Hannum,L12_ATOPIC,rs144646268,10,96302996,0.03326513597299499,5.499125410513725e-06,21.663176030886696,4.566408245648594e-104,correct,True,False,False,False
Hannum,L12_ATOPIC,rs77125544,10,96301326,0.03321391969578381,6.626043032515837e-06,21.62205426103789,1.1140661384469414e-103,correct,True,False,False,False
Hannum,L12_ATOPIC,rs80065902,10,96299652,0.03296273590883521,6.63083261323193e-06,21.53699590005356,7.010860332620742e-103,correct,True,False,False,False
Hannum,L12_ATOPIC,rs17386635,10,96304051,0.033402435617932796,6.4076471158255736e-06,21.61297823415732,1.3561309241554193e-103,correct,True,False,False,False
Hannum,L12_ATOPIC,rs117699776,10,96288508,0.03221135579463677,6.688560251050361e-06,21.222926356232783,5.865726589595023e-100,correct,True,False,False,False
Hannum,L12_ATOPIC,rs117219667,10,96288202,0.0321491216649848,5.6981148644243045e-06,21.222723851991194,5.89104600650653e-100,correct,True,False,False,False
Hannum,L12_ATOPIC,rs143370018,10,96290260,0.0319834581896952,5.338367338934953e-06,21.176051527151667,1.5879836815172491e-99,correct,True,False,False,False
Hannum,L12_ATOPIC,rs117774156,10,96291808,0.03188265981981119,5.552823440049171e-06,21.138664269239495,3.5086802840165383e-99,correct,True,False,False,False
Hannum,L12_ATOPIC,rs76715209,10,96291651,0.0319083744782208,5.552015680060934e-06,21.14750912303669,2.9090192199071123e-99,correct,True,False,False,False
Hannum,L12_ATOPIC,rs117148433,10,96258109,0.031185231700079984,1.92571204091303e-06,21.00861068280897,5.4712162498547884e-98,correct,True,False,False,False
Hannum,L12_ATOPIC,rs80106405,10,96269434,0.03107807879550003,5.21985710079025e-07,21.105097370276265,7.140752575607314e-99,correct,True,False,False,False
Hannum,L12_ATOPIC,rs4142016,10,96266318,0.031091927827327205,1.3855919302400282e-06,20.997896621575265,6.855415432543561e-98,correct,True,False,False,False
Hannum,L12_ATOPIC,rs79663593,10,96265101,0.030922162819891207,1.4175969639837236e-06,20.937566137378678,2.4358884786690126e-97,correct,True,False,False,False
Hannum,L12_ATOPIC,rs2505248,10,38170169,0.030321465048000002,8.645028839228057e-08,20.794275683290458,4.876607505485756e-96,correct,True,False,False,False
Hannum,L12_ATOPIC,rs117480177,10,96255961,0.029997536754479994,4.14413616948955e-06,20.51357966304363,1.6285621012517294e-93,correct,True,False,False,False
Hannum,L12_ATOPIC,rs55668627,10,96255397,0.029569740151164772,2.7184807809639274e-06,20.408314331924746,1.4106649143055942e-92,correct,True,False,False,False
Hannum,L12_ATOPIC,rs117315625,10,96253690,0.029569740151164804,3.5384594010465564e-06,20.3675885646959,3.2425633440101146e-92,correct,True,False,False,False
Hannum,L12_ATOPIC,rs149538538,10,96251179,0.029066037717555202,2.412207223523835e-06,20.22960836834044,5.372796996063192e-91,correct,True,False,False,False
Hannum,L12_ATOPIC,rs117567726,10,96247491,0.02944793389207997,8.57809843768783e-06,20.19786865793334,1.0221460157672312e-90,correct,True,False,False,False
Hannum,L12_ATOPIC,rs111716638,10,96250177,0.02884791691430223,7.347907842253948e-06,20.012055894999413,4.3244063671467175e-89,correct,True,False,False,False
Hannum,L12_ATOPIC,rs55769428,10,96246079,0.028958774061679973,9.454019559652263e-06,20.00157377982323,5.336179533478045e-89,correct,True,False,False,False
Hannum,L12_ATOPIC,rs111925661,10,96245257,0.028703455404991206,3.2476384121315493e-06,20.058862248044207,1.6890452433720344e-89,correct,True,False,False,False
Hannum,L12_ATOPIC,rs141225626,10,96350318,0.028578320803355,3.4259207195288158e-06,19.884149772344223,5.582040586075855e-88,correct,True,False,False,False
Hannum,L12_ATOPIC,rs185532555,10,37723361,0.0402812043994302,1.4820955668387705e-06,22.607637503927204,3.6453505888274654e-113,correct,True,False,False,False
Hannum,L12_ATOPIC,rs150082435,10,38260511,0.039457733151628795,7.255633239238659e-06,22.094845910660798,3.542768162039393e-108,correct,True,False,False,False
Hannum,L12_ATOPIC,rs148942702,10,38005002,0.038304117079603205,6.471011114103703e-08,22.24332055060993,1.309016921097562e-109,correct,True,False,False,False
Hannum,L12_ATOPIC,rs112231354,10,37957966,0.03345085591879678,2.6811249713322894e-06,21.560983570305257,4.1763678658959795e-103,correct,True,False,False,False
Hannum,L12_ATOPIC,rs73318809,10,96246624,0.026839944873763184,7.464861882707011e-06,19.267572996357774,1.0054170032606159e-82,correct,True,False,False,False
Hannum,L12_ATOPIC,rs144205159,10,37976541,0.0351384677898552,2.4932404601414858e-06,21.387962990229216,1.7294787840954903e-101,correct,True,False,False,False
Hannum,L12_ATOPIC,rs12417758,11,66308889,0.0217170490187742,8.499833691190431e-05,16.549424992268317,1.6163907473647342e-61,correct,True,False,False,False
Hannum,L12_ATOPIC,rs75666621,10,37420549,0.023025638655640807,5.73299485791146e-09,18.058796539030812,6.727328504269016e-73,correct,True,False,False,False
Hannum,L12_ATOPIC,rs11188741,10,96389100,0.0179078839452942,5.02985489407377e-05,15.396720032548192,1.7218433326923216e-53,correct,True,False,False,False
Hannum,L12_ATOPIC,rs117267867,10,42444187,0.027352793482879202,2.0365334651057818e-06,18.14284160376031,1.462691672170747e-73,correct,True,False,False,False
Hannum,L12_ATOPIC,rs1598856,4,102524958,0.017082644149900798,0.0004872428953524493,13.3482060145388,1.2133591245728823e-40,correct,True,False,False,False
Hannum,L12_ATOPIC,rs75368049,10,96385808,0.017839322552095197,3.203710936505393e-07,15.885449240453504,7.992330047117464e-57,correct,True,False,False,False
Hannum,L12_ATOPIC,rs3093956,6,31459190,0.017836275348364794,4.935215641489537e-07,15.685113414106175,1.9122128229363975e-55,correct,True,True,False,False
Hannum,L12_ATOPIC,rs11597902,10,42533243,0.025831531800000005,1.3158911173456956e-07,17.667573794046856,7.453426849130252e-70,correct,True,False,False,False
Hannum,L12_ATOPIC,rs75001365,10,42493843,0.02298125004600778,3.6644006095674824e-05,16.782414530684928,3.2821531195963253e-63,correct,True,False,False,False
Hannum,L12_ATOPIC,rs11597305,10,42532391,0.022611791220391822,3.628351038889612e-05,16.762349243425863,4.6008003508446543e-63,correct,True,False,False,False
Hannum,L12_ATOPIC,rs116255654,10,96402910,0.016303788982908803,6.343834839231085e-08,15.221899749378524,2.5307409435282964e-52,correct,True,False,False,False
Hannum,L12_ATOPIC,rs10882762,10,96247971,0.0162824436978462,6.165521464902398e-05,14.264097932783278,3.6629776160959776e-46,correct,True,False,False,False
Hannum,L12_ATOPIC,rs10827833,10,37843228,0.0179382688540128,2.5786544059066725e-07,15.633352195179386,4.314930196258202e-55,correct,True,False,False,False
Hannum,L12_ATOPIC,rs117756827,10,38140862,0.0295828020536832,7.4556968956548275e-06,17.927733998864053,7.164052139685336e-72,correct,True,False,False,False
Hannum,L12_ATOPIC,rs4383328,2,16511856,0.014536551868723203,7.329409142421477e-07,14.559746960940272,5.064491591861255e-48,correct,True,False,False,False
Hannum,L12_ATOPIC,rs111731678,7,130733917,0.0160515337753848,3.6554822311684345e-05,14.223617602403591,6.538364412204211e-46,correct,True,False,False,False
Hannum,L12_ATOPIC,rs4838595,10,48467204,0.0141858438159872,4.405837067198055e-06,14.272120848836822,3.264960371067804e-46,correct,True,False,False,False
Hannum,L12_ATOPIC,rs118042830,10,37397427,0.017409384139499995,4.0855374077272396e-06,15.258551319528452,1.4441909662150762e-52,correct,True,False,False,False
Hannum,L12_ATOPIC,rs41291608,10,96160522,0.02335075815072001,4.450537464416453e-07,17.56705622049308,4.404417479765521e-69,correct,True,False,False,False
Hannum,L12_ATOPIC,rs34970912,16,73034264,0.0184580323918848,4.887036090195779e-05,15.025700924816372,4.983143279104962e-51,correct,True,False,False,False
Hannum,L12_ATOPIC,rs1383732,4,103032232,0.013794607628887796,1.3252297227638128e-05,13.604972810115411,3.741075257954431e-42,correct,True,False,False,False
Hannum,L12_ATOPIC,rs3909552,7,130728484,0.013014036142380003,7.043533856368752e-06,13.647629325446097,2.0855340069205324e-42,correct,True,False,False,False
Hannum,L12_ATOPIC,rs117065021,10,36960213,0.018117263671874998,1.2413502166134845e-05,15.293273271953662,8.477969378884229e-53,correct,True,False,False,False
IEAA,L12_ATOPIC,rs10949481,6,18120798,0.11800358297542085,7.920115819864974e-06,42.97253667074629,0.0,correct,True,False,False,False
IEAA,L12_ATOPIC,rs10949480,6,18120793,0.1162970497480248,3.85042298307744e-06,42.76574698604498,0.0,correct,True,False,False,False
IEAA,L12_ATOPIC,rs1142345,6,18130687,0.11638309379859506,4.500528961894948e-06,42.744656835885685,0.0,correct,True,False,False,False
IEAA,L12_ATOPIC,rs76244256,6,18140332,0.11691979169792001,3.3825652970670094e-06,41.88852217174724,0.0,correct,True,False,False,False
IEAA,L12_ATOPIC,rs77339739,6,18135289,0.11593322169276087,5.083503362022281e-06,41.65369939374962,0.0,correct,True,False,False,False
IEAA,L12_ATOPIC,rs78846846,6,18132264,0.11588634408818882,3.9673508897068926e-06,41.673535422185914,0.0,correct,True,False,False,False
IEAA,L12_ATOPIC,rs77134359,6,18135110,0.115740686043875,3.967306080407826e-06,41.64489520989561,0.0,correct,True,False,False,False
IEAA,L12_ATOPIC,rs73724422,6,18123999,0.11563428244987498,3.923572478200852e-06,41.61929918418465,0.0,correct,True,False,False,False
IEAA,L12_ATOPIC,rs78631584,6,18127970,0.11543192819035021,3.954604140617231e-06,41.583434389675624,0.0,correct,True,False,False,False
IEAA,L12_ATOPIC,rs12111366,6,18122711,0.11499834691846081,3.895916485686724e-06,41.49499359589501,0.0,correct,True,False,False,False
IEAA,L12_ATOPIC,rs75379431,6,18128250,0.115089876178875,3.9556592196646e-06,41.51610529770505,0.0,correct,True,False,False,False
IEAA,L12_ATOPIC,rs4348322,6,18125372,0.11548417073549995,3.937361807386797e-06,41.5914511807125,0.0,correct,True,False,False,False
IEAA,L12_ATOPIC,rs76574179,6,18152309,0.1182371501250552,4.154623448089149e-06,42.11904378408902,0.0,correct,True,False,False,False
IEAA,L12_ATOPIC,rs115306927,6,18126707,0.11498308901118003,3.9504746635591085e-06,41.49455913742402,0.0,correct,True,False,False,False
IEAA,L12_ATOPIC,rs79050301,6,18151959,0.11726690377414312,4.1564542531867165e-06,41.93004103385523,0.0,correct,True,False,False,False
IEAA,L12_ATOPIC,rs77095250,6,18157635,0.11743803496541994,6.2959848829989444e-06,41.99190508678776,0.0,correct,True,False,False,False
IEAA,L12_ATOPIC,rs3931660,6,18148874,0.11764188928327685,6.076061458528352e-06,41.92990339266823,0.0,correct,True,False,False,False
IEAA,L12_ATOPIC,rs17839845,6,18147727,0.11681885863800003,8.339206705183107e-06,41.71211409607015,0.0,correct,True,False,False,False
IEAA,L12_ATOPIC,rs75221067,6,18148434,0.11705020437707521,4.144856975798634e-06,41.88855302818383,0.0,correct,True,False,False,False
IEAA,L12_ATOPIC,rs7760301,6,18144674,0.11641710779999999,4.118515986446898e-06,41.767330300089625,0.0,correct,True,False,False,False
IEAA,L12_ATOPIC,rs11967496,6,18145519,0.11643599287800009,4.124218872345401e-06,41.77079813451227,0.0,correct,True,False,False,False
IEAA,L12_ATOPIC,rs76969503,6,18143281,0.11629734652728003,8.300671561389748e-06,41.61219235823952,0.0,correct,True,False,False,False
IEAA,L12_ATOPIC,rs11969221,6,18145660,0.11661212037021121,8.316191976699635e-06,41.67361780120334,0.0,correct,True,False,False,False
IEAA,L12_ATOPIC,rs55835807,6,18124731,0.11391089820768001,3.93086584070016e-06,41.27969074136431,0.0,correct,True,False,False,False
IEAA,L12_ATOPIC,rs11966998,6,18145502,0.11598115173765113,8.316471804149283e-06,41.5499856993886,0.0,correct,True,False,False,False
IEAA,L12_ATOPIC,rs77011815,6,18116195,0.1131992417719982,3.862133299568145e-06,41.138963003576904,0.0,correct,True,False,False,False
IEAA,L12_ATOPIC,rs79867975,6,18119925,0.11277211549767019,3.864729955114533e-06,41.055697151791726,0.0,correct,True,False,False,False
IEAA,L12_ATOPIC,rs75289348,6,18120253,0.1127934526369248,3.865991686888083e-06,41.05998986245508,0.0,correct,True,False,False,False
IEAA,L12_ATOPIC,rs73726541,6,18119782,0.11279345263692482,3.864726490717985e-06,41.05986267699834,0.0,correct,True,False,False,False
IEAA,L12_ATOPIC,rs77353348,6,18120169,0.11287882137758723,3.865150661851059e-06,41.0769091624875,0.0,correct,True,False,False,False
IEAA,L12_ATOPIC,rs58413089,6,18119457,0.1127934526369248,3.863825237667741e-06,41.059790642276376,0.0,correct,True,False,False,False
IEAA,L12_ATOPIC,rs55738521,6,18120323,0.1127294472742542,3.865400686891684e-06,41.04734641540189,0.0,correct,True,False,False,False
IEAA,L12_ATOPIC,rs77032929,6,18152062,0.11649178871531829,8.361939260794765e-06,41.646775983685494,0.0,correct,True,False,False,False
IEAA,L12_ATOPIC,rs59662522,6,18119227,0.11298557771661424,3.863274865540423e-06,41.09787861366881,0.0,correct,True,False,False,False
IEAA,L12_ATOPIC,rs114994345,6,18142057,0.11514083800657919,4.192031978251678e-06,41.513834380444905,0.0,correct,True,False,False,False
IEAA,L12_ATOPIC,rs7775626,6,18144290,0.11559442432323117,8.300283382009566e-06,41.47455488718887,0.0,correct,True,False,False,False
IEAA,L12_ATOPIC,rs145835309,6,18151340,0.11568593252639814,8.357283367798108e-06,41.488458633965834,0.0,correct,True,False,False,False
IEAA,L12_ATOPIC,rs143093668,6,18114015,0.1126228120370912,3.850690467166884e-06,41.02689572453878,0.0,correct,True,False,False,False
IEAA,L12_ATOPIC,rs114615109,6,18117589,0.11247360747636782,3.7624616754532477e-06,41.000253606684936,0.0,correct,True,False,False,False
IEAA,L12_ATOPIC,rs74370978,6,18114456,0.11243099576715503,4.09318322507344e-06,40.97735988722976,0.0,correct,True,False,False,False
IEAA,L12_ATOPIC,rs59065902,6,18119279,0.11185652788244484,3.862361749316403e-06,40.87376166317393,0.0,correct,True,False,False,False
IEAA,L12_ATOPIC,rs79409033,6,18116247,0.1123089178188672,3.862133299568145e-06,40.96423502978752,0.0,correct,True,False,False,False
IEAA,L12_ATOPIC,rs79664320,6,18116254,0.11201934923927999,3.862133299568145e-06,40.90632105101251,0.0,correct,True,False,False,False
IEAA,L12_ATOPIC,rs150772783,6,18117724,0.1120119825797088,3.862145782320658e-06,40.90482310070669,0.0,correct,True,False,False,False
IEAA,L12_ATOPIC,rs73726535,6,18118161,0.11205455245393921,3.861633900839135e-06,40.91330183883753,0.0,correct,True,False,False,False
IEAA,L12_ATOPIC,rs73726539,6,18118533,0.11215421644780081,3.861567548316088e-06,40.93311340371453,0.0,correct,True,False,False,False
IEAA,L12_ATOPIC,rs73726538,6,18118494,0.11215421644780085,3.861567548316088e-06,40.933113403714536,0.0,correct,True,False,False,False
IEAA,L12_ATOPIC,rs73726537,6,18118481,0.1119981042819072,3.861567548316088e-06,40.90208107336544,0.0,correct,True,False,False,False
IEAA,L12_ATOPIC,rs73726540,6,18118667,0.1120119825797088,3.7618920607281205e-06,40.90855743807359,0.0,correct,True,False,False,False
IEAA,L12_ATOPIC,rs146929633,6,18114211,0.11204785368983185,3.85030239076493e-06,40.91271327620553,0.0,correct,True,False,False,False
IEAA,L12_ATOPIC,rs73726536,6,18118309,0.11205455245393921,3.861567548316088e-06,40.91330383403273,0.0,correct,True,False,False,False
IEAA,L12_ATOPIC,rs11964408,6,18145676,0.11530383069916618,8.312793477278522e-06,41.268132671749655,0.0,correct,True,False,False,False
IEAA,L12_ATOPIC,rs76835453,6,18157394,0.1142655073393631,6.261132892265239e-06,41.36972121026309,0.0,correct,True,False,False,False
IEAA,L12_ATOPIC,rs10949482,6,18121083,0.11143194474726079,3.7986191614278002e-06,40.63814137340703,0.0,correct,True,False,False,False
IEAA,L12_ATOPIC,rs79325856,6,18161001,0.11270067255659508,6.309141769685607e-06,41.05451775418109,0.0,correct,True,False,False,False
IEAA,L12_ATOPIC,rs140495843,6,18108300,0.10698468755742001,3.174975627184385e-06,40.08486657561096,0.0,correct,True,False,False,False
IEAA,L12_ATOPIC,rs7773076,6,18106901,0.10656752434678318,3.250498047870099e-06,39.997540482757735,0.0,correct,True,False,False,False
IEAA,L12_ATOPIC,rs80152842,6,18109267,0.10627803978167998,3.2673069181714987e-06,39.93779336458211,0.0,correct,True,False,False,False
IEAA,L12_ATOPIC,rs55749163,6,18104414,0.10619539540762878,3.0695435713195976e-06,39.92407888325246,0.0,correct,True,False,False,False
IEAA,L12_ATOPIC,rs73726531,6,18102797,0.10594630985591998,3.0001357180828877e-06,39.87198309503784,0.0,correct,True,False,False,False
IEAA,L12_ATOPIC,rs112098771,6,18141408,0.10577550812209914,4.640957927472202e-07,39.927422295896505,0.0,correct,True,False,False,False
IEAA,L12_ATOPIC,rs75390997,6,18159474,0.10012327877088008,1.4134852710700426e-06,38.481245327658556,0.0,correct,True,False,False,False
IEAA,L12_ATOPIC,rs1800460,6,18138997,0.09434149627822082,3.4635240677440037e-07,37.28207102627408,3.2041159333236026e-304,correct,True,False,False,False
IEAA,L12_ATOPIC,rs79015802,6,18102888,0.08774462230073281,1.2098529927219708e-07,35.88574583130762,5.0973089730679e-282,correct,True,False,False,False
IEAA,L12_ATOPIC,rs78674316,6,18103177,0.086998631209875,1.259187929101149e-07,35.72291986197042,1.7425913252965385e-279,correct,True,False,False,False
IEAA,L12_ATOPIC,rs10949483,6,18122275,0.06515061851647999,3.7447463730458854e-05,30.966890542289228,1.5052583671916893e-210,correct,True,False,False,False
IEAA,L12_ATOPIC,rs115931931,6,18122295,0.06407351309502,3.487439045445018e-06,31.228082869967547,4.430436345537869e-214,correct,True,False,False,False
IEAA,L12_ATOPIC,rs2842938,6,18141099,0.0642122735548128,2.6408426266984054e-06,30.704868113861618,4.900713736449343e-207,correct,True,False,False,False
IEAA,L12_ATOPIC,rs145179222,6,18109030,0.06930070473387501,4.527805072584257e-06,30.027569548354943,4.28606306703568e-198,correct,True,False,False,False
IEAA,L12_ATOPIC,rs12201199,6,18139571,0.0707963451583968,1.1124313529477983e-06,33.09867234534241,3.105490113738981e-240,correct,True,False,False,False
IEAA,L12_ATOPIC,rs3917672,1,169623743,0.0343466949678048,5.578087536619619e-05,21.822238152436533,1.4270164560231401e-105,correct,True,False,False,False
IEAA,L12_ATOPIC,rs114836987,6,18007976,0.04021295757038,8.543453138188795e-07,23.533676564525035,1.844842141247396e-122,correct,True,False,False,False
IEAA,L12_ATOPIC,rs57941717,21,37001879,0.0319471950184448,7.899368732322662e-06,21.188067950627154,1.2304349136637784e-99,correct,True,False,False,False
IEAA,L12_ATOPIC,rs10447389,6,25642349,0.030024052646115195,1.75583424910139e-05,20.808815928787496,3.6012982586588154e-96,correct,True,True,False,False
IEAA,L12_ATOPIC,rs148222927,6,18267505,0.04686810998687999,3.686522379281665e-06,24.147432833473047,7.945006847140309e-129,correct,True,False,False,False
IEAA,L12_ATOPIC,rs116642342,6,18424648,0.041138326007999965,2.5609375002127217e-06,23.53928258242119,1.6164145503450376e-122,correct,True,False,False,False
IEAA,L12_ATOPIC,rs6414374,3,150283437,0.028116413487500005,2.233213048239094e-06,20.3840907340486,2.3147752119321693e-92,correct,True,False,False,False
IEAA,L12_ATOPIC,rs55801031,6,18166029,0.029323056871019996,5.751720070071527e-06,20.245211991802236,3.9149571796280303e-91,correct,True,False,False,False
IEAA,L12_ATOPIC,rs4240228,2,16507491,0.0263377779130368,5.232889106644966e-07,20.136768054313194,3.5154046770344455e-90,correct,True,False,False,False
IEAA,L12_ATOPIC,rs10732882,11,57344219,0.027895796151795,0.00024244188508704302,18.12433009756951,2.0482239678869103e-73,correct,True,False,False,False
IEAA,L12_ATOPIC,rs7550821,1,207856602,0.024015024699183804,8.066384424122757e-05,18.21539089986677,3.896249170335599e-74,correct,True,False,False,False
IEAA,L12_ATOPIC,rs7627756,3,160499695,0.023017636812620004,1.108193654719699e-05,18.57386171091682,5.2302450629810696e-77,correct,True,False,False,False
IEAA,L12_ATOPIC,rs1511762,18,44539359,0.023846200254051198,2.375196951751922e-05,18.053745180824418,7.371821819200753e-73,correct,True,False,False,False
IEAA,L12_ATOPIC,rs879646,11,57356722,0.0225020935773152,0.0003731910067542257,16.02406369987177,8.678827348268068e-58,correct,True,False,False,False
IEAA,L12_ATOPIC,rs61888887,11,57331577,0.023170239050488796,1.7473345395385675e-07,18.311314817255592,6.722672968841781e-75,correct,True,False,False,False
IEAA,L12_ATOPIC,rs2736099,5,1287225,0.0247385476050912,7.368861800473161e-05,18.022182490874236,1.3049250876720639e-72,correct,True,False,False,False
IEAA,L12_ATOPIC,rs12043492,1,38991334,0.022875141290227198,7.509902857074307e-05,17.42422464544825,5.40359345861232e-68,correct,True,False,False,False
IEAA,L12_ATOPIC,rs859562,1,207878474,0.0228636151898112,5.727164187229778e-05,17.455095052535157,3.148531377441106e-68,correct,True,False,False,False
IEAA,L12_ATOPIC,rs75243280,22,17120576,0.023913728353983203,8.355078693298816e-05,17.416296594812582,6.206673287276921e-68,correct,True,False,False,False
IEAA,L12_ATOPIC,rs9477648,6,18171066,0.0218994284777472,1.8694328278154643e-06,17.591155771063505,2.8794441383551067e-69,correct,True,False,False,False
IEAA,L12_ATOPIC,rs2492286,3,128617455,0.0203155712952192,5.226183499508757e-05,16.513456252532006,2.9357734779025417e-61,correct,True,False,False,False
IEAA,L12_ATOPIC,rs6577536,1,8850051,0.019346026766284802,0.00021005883754080337,15.273708198839536,1.144740407375002e-52,correct,True,False,False,False
IEAA,L12_ATOPIC,rs7705526,5,1285859,0.0232456776056832,2.0155735252681404e-06,17.840910829024214,3.401066492833773e-71,correct,True,False,False,False
IEAA,L12_ATOPIC,rs79111787,3,47674055,0.05134054322584321,1.179138854319189e-08,24.195142792177155,2.5026880887557994e-129,correct,True,False,False,False
IEAA,L12_ATOPIC,rs115787626,3,47680022,0.04677908042808,2.0060719229040435e-09,23.52274473518172,2.3870613766573907e-122,correct,True,False,False,False
IEAA,L12_ATOPIC,rs145663802,3,47656167,0.04925779954872,1.272031215806083e-08,23.920163789059284,1.8895724609864298e-126,correct,True,False,False,False
IEAA,L12_ATOPIC,rs115280199,3,47826745,0.0475233026379662,3.292192383750898e-06,23.992227117843203,3.352058911878805e-127,correct,True,False,False,False
IEAA,L12_ATOPIC,rs9396833,6,18101089,0.029286951288000004,2.1227443067198438e-05,19.13980826759738,1.1770239444119654e-81,correct,True,False,False,False
IEAA,L12_ATOPIC,rs12903325,15,50061080,0.017934485702860794,3.068787925209963e-05,15.693586312865056,1.6732889224952054e-55,correct,True,False,False,False
IEAA,L12_ATOPIC,rs1726672,1,236356202,0.017563007414515202,0.00019352288469817272,14.425608280609882,3.571075774571427e-47,correct,True,False,False,False
IEAA,L12_ATOPIC,rs184852236,3,47926427,0.04526359757419499,3.3918979239314744e-06,22.755352366229513,1.2701769455114837e-114,correct,True,False,False,False
IEAA,L12_ATOPIC,rs144317085,4,104884951,0.01967548803563517,2.1207957153988886e-07,17.081208610071563,2.0483169426051477e-65,correct,True,False,False,False
IEAA,L12_ATOPIC,rs114933663,3,46716370,0.0371708142,6.918035774723506e-05,21.130575844646923,4.164377376191721e-99,correct,True,False,False,False
IEAA,L12_ATOPIC,rs10735418,12,106949598,0.017843366445411197,4.056773452968438e-05,15.229450024196403,2.254802511391786e-52,correct,True,False,False,False
IEAA,L12_ATOPIC,rs6797352,3,160609780,0.017019291013875,1.595095802336342e-05,15.46118779112575,6.341824228859777e-54,correct,True,False,False,False
IEAA,L12_ATOPIC,rs668408,11,57249260,0.017821969371619204,1.047012954807508e-05,15.536762912369971,1.9561791369300771e-54,correct,True,False,False,False
IEAA,L12_ATOPIC,rs115360749,3,46671630,0.034753741649134196,6.997486823019506e-05,19.860371950457047,8.96442560490807e-88,correct,True,False,False,False
IEAA,L12_ATOPIC,rs954794,18,44501960,0.0171018085755,1.0754856878485002e-06,15.900431544595435,6.292975994690188e-57,correct,True,False,False,False
IEAA,L12_ATOPIC,rs75485436,3,47893519,0.037822768259278196,3.2644607082220277e-06,21.366202492789267,2.7566317810728618e-101,correct,True,False,False,False
IEAA,L12_ATOPIC,rs145943094,3,47840452,0.03731278214515499,3.8193265242143934e-06,21.19847137715343,9.864884612782245e-100,correct,True,False,False,False
IEAA,L12_ATOPIC,rs78595810,3,46868322,0.0361589571224288,5.407696259998075e-05,20.636112392822096,1.3011686908081873e-94,correct,True,False,False,False
IEAA,L12_ATOPIC,rs6914699,6,29966245,0.01764289321758,3.428750602364399e-05,14.920607177326504,2.420606741150203e-50,correct,True,True,False,False
IEAA,L12_ATOPIC,rs1488106,3,169141218,0.0155975807773422,2.0265228811975365e-05,14.948661083230329,1.589121645169313e-50,correct,True,False,False,False
IEAA,L12_ATOPIC,rs999918,1,39006382,0.01596758419872,0.0003473586845943163,13.137857322022636,1.9980462177925937e-39,correct,True,False,False,False
IEAA,L12_ATOPIC,rs146179438,3,48187876,0.03956142335928,1.5054525639376188e-05,21.9640903457419,6.351621493910743e-107,correct,True,False,False,False
IEAA,L12_ATOPIC,rs12666349,7,31688566,0.02055621339233281,8.745873536465772e-05,15.943780079434148,3.1472613399492674e-57,correct,True,False,False,False
IEAA,L12_ATOPIC,rs61010929,3,128568836,0.016067763730636803,7.947937300758137e-05,14.668177167556928,1.0307710108655426e-48,correct,True,False,False,False
IEAA,L12_ATOPIC,rs2275558,1,164559883,0.01878515707992,1.176938460871456e-05,15.547790986356645,1.6468888687275792e-54,correct,True,False,False,False
IEAA,L12_ATOPIC,rs115744844,3,48595323,0.03284698670179019,3.4149308513534985e-05,19.67275716209606,3.6915162834395574e-86,correct,True,False,False,False
IEAA,L12_ATOPIC,rs116597408,4,104801703,0.0177793739127168,6.875711275044379e-07,15.723969778260178,1.0362259164943677e-55,correct,True,False,False,False
IEAA,L12_ATOPIC,rs114418931,3,47735214,0.041546975744742226,1.05293138247126e-09,21.325875870117457,6.531941479740825e-101,correct,True,False,False,False
IEAA,L12_ATOPIC,rs62329718,4,104836902,0.017127666112696803,3.583818802373403e-08,15.5764676890501,1.052101514616614e-54,correct,True,False,False,False
IEAA,L12_ATOPIC,rs7281251,21,36978082,0.014818365459955199,6.262609134035622e-07,14.810906594603118,1.2454905299083534e-49,correct,True,False,False,False
IEAA,L12_ATOPIC,rs34003787,16,73037482,0.016527619701535202,2.549971735794715e-05,14.645480982833735,1.4397875825126618e-48,correct,True,False,False,False
IEAA,L12_ATOPIC,rs74780677,3,48564341,0.03164149919185918,5.145792388241103e-05,19.000204776883507,1.6988039598030676e-80,correct,True,False,False,False
IEAA,L12_ATOPIC,rs74735576,3,48316110,0.0347622087409152,1.3075220369830962e-05,20.548890837746935,7.874177430628082e-94,correct,True,False,False,False
IEAA,L12_ATOPIC,rs1548483,4,104828738,0.015764713813679998,9.430611643624772e-08,15.226674126730575,2.3525848949154443e-52,correct,True,False,False,False
IEAA,L12_ATOPIC,rs2860228,3,128490824,0.013647268387500001,6.176134338468431e-06,14.117546869054262,2.961211720183664e-45,correct,True,False,False,False
IEAA,L12_ATOPIC,rs72839144,6,18011221,0.0187281876581198,1.563571101627464e-05,15.66431546466561,2.652703466278581e-55,correct,True,False,False,False
IEAA,L12_ATOPIC,rs6806687,3,128672946,0.013636804175279998,0.0006057876249150405,11.400823413512288,4.141829870988345e-30,correct,True,False,False,False
IEAA,L12_ATOPIC,rs141735437,6,17636296,0.030033827297779196,9.869665218879076e-07,17.931486865791907,6.69646845688921e-72,correct,True,False,False,False
IEAA,L12_ATOPIC,rs149636734,3,48291966,0.0332720214943032,1.0496120004778473e-05,20.264320598093484,2.6560104561405865e-91,correct,True,False,False,False
IEAA,L12_ATOPIC,rs76061303,3,48571608,0.032602286308395,3.899944080120121e-05,19.137978387796732,1.219091783130325e-81,correct,True,False,False,False
PhenoAge,L12_ATOPIC,rs1142345,6,18130687,0.07001086497677998,4.500528961894948e-06,32.53917270248666,2.97928463309809e-232,correct,True,False,False,False
PhenoAge,L12_ATOPIC,rs10949481,6,18120798,0.06592970882231997,7.920115819864974e-06,31.429839596850798,7.916884618095608e-217,correct,True,False,False,False
PhenoAge,L12_ATOPIC,rs78846846,6,18132264,0.06736614170668621,3.9673508897068926e-06,31.161324789438236,3.562801610608913e-213,correct,True,False,False,False
PhenoAge,L12_ATOPIC,rs10949480,6,18120793,0.0642306022739192,3.85042298307744e-06,31.12510938992859,1.1018456544193865e-212,correct,True,False,False,False
PhenoAge,L12_ATOPIC,rs78631584,6,18127970,0.06704934078617278,3.954604140617231e-06,31.083392738089103,4.0385684444895093e-212,correct,True,False,False,False
PhenoAge,L12_ATOPIC,rs115306927,6,18126707,0.06706599590398377,3.9504746635591085e-06,31.087083961461033,3.6003433817458253e-212,correct,True,False,False,False
PhenoAge,L12_ATOPIC,rs75379431,6,18128250,0.06701603675549997,3.9556592196646e-06,31.07521322895219,5.20888783817243e-212,correct,True,False,False,False
PhenoAge,L12_ATOPIC,rs76244256,6,18140332,0.067167307000755,3.3825652970670094e-06,31.126592466562666,1.0520883243474056e-212,correct,True,False,False,False
PhenoAge,L12_ATOPIC,rs77339739,6,18135289,0.06666903493015498,5.083503362022281e-06,30.961187901427113,1.7962930755606322e-210,correct,True,False,False,False
PhenoAge,L12_ATOPIC,rs77134359,6,18135110,0.066619309752,3.967306080407826e-06,30.978528932506105,1.0492935105702457e-210,correct,True,False,False,False
PhenoAge,L12_ATOPIC,rs73724422,6,18123999,0.06674655262391994,3.923572478200852e-06,31.00656904743707,4.396306183829107e-211,correct,True,False,False,False
PhenoAge,L12_ATOPIC,rs4348322,6,18125372,0.06694644236267515,3.937361807386797e-06,31.05665790041637,9.275727703998201e-212,correct,True,False,False,False
PhenoAge,L12_ATOPIC,rs55835807,6,18124731,0.06656557443563516,3.93086584070016e-06,30.962103334089036,1.7460434315348103e-210,correct,True,False,False,False
PhenoAge,L12_ATOPIC,rs12111366,6,18122711,0.066331075558995,3.895916485686724e-06,30.905396734297685,1.0108023019908294e-209,correct,True,False,False,False
PhenoAge,L12_ATOPIC,rs11966998,6,18145502,0.06725460492166081,8.316471804149283e-06,31.001242561253477,5.186598075373382e-211,correct,True,False,False,False
PhenoAge,L12_ATOPIC,rs76969503,6,18143281,0.0668893133654072,8.300671561389748e-06,30.912218331100572,8.184661085272597e-210,correct,True,False,False,False
PhenoAge,L12_ATOPIC,rs17839845,6,18147727,0.0669230404861952,8.339206705183107e-06,30.918654119425252,6.706578155972908e-210,correct,True,False,False,False
PhenoAge,L12_ATOPIC,rs143093668,6,18114015,0.06467174638848001,3.850690467166884e-06,30.496833361737114,2.870395683792219e-204,correct,True,False,False,False
PhenoAge,L12_ATOPIC,rs7775626,6,18144290,0.06672708977254323,8.300283382009566e-06,30.8726863758424,2.77928236040157e-209,correct,True,False,False,False
PhenoAge,L12_ATOPIC,rs77011815,6,18116195,0.064407409472,3.862133299568145e-06,30.42938920671743,2.2448367747911855e-203,correct,True,False,False,False
PhenoAge,L12_ATOPIC,rs74370978,6,18114456,0.06430842268928001,4.09318322507344e-06,30.396104075390546,6.184320711283582e-203,correct,True,False,False,False
PhenoAge,L12_ATOPIC,rs114994345,6,18142057,0.06602875709633278,4.192031978251678e-06,30.82195534528407,1.331312344982174e-208,correct,True,False,False,False
PhenoAge,L12_ATOPIC,rs114615109,6,18117589,0.06417655872768001,3.7624616754532477e-06,30.37650465115823,1.122580179355897e-202,correct,True,False,False,False
PhenoAge,L12_ATOPIC,rs150772783,6,18117724,0.06400411776124083,3.862145782320658e-06,30.329961938808445,4.617630211415623e-202,correct,True,False,False,False
PhenoAge,L12_ATOPIC,rs73726535,6,18118161,0.0639547286940078,3.861633900839135e-06,30.317650737211334,6.710069028205533e-202,correct,True,False,False,False
PhenoAge,L12_ATOPIC,rs146929633,6,18114211,0.06401941287318716,3.85030239076493e-06,30.334433013296888,4.0314133958693318e-202,correct,True,False,False,False
PhenoAge,L12_ATOPIC,rs11967496,6,18145519,0.06599640553917115,4.124218872345401e-06,30.81642796394013,1.578845019298879e-208,correct,True,False,False,False
PhenoAge,L12_ATOPIC,rs73726536,6,18118309,0.06383105971200007,3.861567548316088e-06,30.28676921164493,1.7122692329535156e-201,correct,True,False,False,False
PhenoAge,L12_ATOPIC,rs79664320,6,18116254,0.0638715336242958,3.862133299568145e-06,30.296886863769277,1.2598643637728378e-201,correct,True,False,False,False
PhenoAge,L12_ATOPIC,rs11969221,6,18145660,0.066095672478,8.316191976699635e-06,30.717294280436093,3.3446300272744135e-207,correct,True,False,False,False
PhenoAge,L12_ATOPIC,rs73726537,6,18118481,0.0637730424537102,3.861567548316088e-06,30.27227181566775,2.6571961110195416e-201,correct,True,False,False,False
PhenoAge,L12_ATOPIC,rs79409033,6,18116247,0.06371485433118719,3.862133299568145e-06,30.258006389188633,4.09385436925177e-201,correct,True,False,False,False
PhenoAge,L12_ATOPIC,rs73726539,6,18118533,0.0636090593833422,3.861567548316088e-06,30.231264767367897,9.199597897495441e-201,correct,True,False,False,False
PhenoAge,L12_ATOPIC,rs73726538,6,18118494,0.06360905938334215,3.861567548316088e-06,30.231264767367882,9.199597897499629e-201,correct,True,False,False,False
PhenoAge,L12_ATOPIC,rs73726540,6,18118667,0.06364237395352319,3.7618920607281205e-06,30.243133882759633,6.422961401503617e-201,correct,True,False,False,False
PhenoAge,L12_ATOPIC,rs76574179,6,18152309,0.06616865409101999,4.154623448089149e-06,30.855829019884244,4.678734023717206e-209,correct,True,False,False,False
PhenoAge,L12_ATOPIC,rs59662522,6,18119227,0.06348649321728005,3.863274865540423e-06,30.200406900957674,2.339623296974125e-200,correct,True,False,False,False
PhenoAge,L12_ATOPIC,rs11964408,6,18145676,0.0661897151198712,8.312793477278522e-06,30.62994803874332,4.888268247300283e-206,correct,True,False,False,False
PhenoAge,L12_ATOPIC,rs73726541,6,18119782,0.06320824143872004,3.864726490717985e-06,30.130703423257646,1.9200564534533358e-199,correct,True,False,False,False
PhenoAge,L12_ATOPIC,rs58413089,6,18119457,0.06320824143872,3.863825237667741e-06,30.130657771269842,1.9227022640345547e-199,correct,True,False,False,False
PhenoAge,L12_ATOPIC,rs75289348,6,18120253,0.06319189271808001,3.865991686888083e-06,30.126684623551633,2.1674879508094455e-199,correct,True,False,False,False
PhenoAge,L12_ATOPIC,rs77353348,6,18120169,0.0631020534105312,3.865150661851059e-06,30.104136136562914,4.2775178660087725e-199,correct,True,False,False,False
PhenoAge,L12_ATOPIC,rs77095250,6,18157635,0.06543967506012721,6.2959848829989444e-06,30.682122006441006,9.857946669550954e-207,correct,True,False,False,False
PhenoAge,L12_ATOPIC,rs7760301,6,18144674,0.06538483417088001,4.118515986446898e-06,30.665729918171042,1.630743059302579e-206,correct,True,False,False,False
PhenoAge,L12_ATOPIC,rs55738521,6,18120323,0.06302852181248,3.865400686891684e-06,30.08571039650736,7.452168367928973e-199,correct,True,False,False,False
PhenoAge,L12_ATOPIC,rs145835309,6,18151340,0.065448296869875,8.357283367798108e-06,30.554872312183264,4.871730806837818e-205,correct,True,False,False,False
PhenoAge,L12_ATOPIC,rs79867975,6,18119925,0.06285745623743821,3.864729955114533e-06,30.04263643619098,2.7246297493494446e-198,correct,True,False,False,False
PhenoAge,L12_ATOPIC,rs59065902,6,18119279,0.06259707611602375,3.862361749316403e-06,29.977055238271046,1.9542560632405967e-197,correct,True,False,False,False
PhenoAge,L12_ATOPIC,rs3931660,6,18148874,0.06556788000000005,6.076061458528352e-06,30.640815963216117,3.5027244590528136e-206,correct,True,False,False,False
PhenoAge,L12_ATOPIC,rs77032929,6,18152062,0.06553457990912005,8.361939260794765e-06,30.576392412593187,2.521795720899754e-205,correct,True,False,False,False
PhenoAge,L12_ATOPIC,rs79325856,6,18161001,0.06506399556338217,6.309141769685607e-06,30.586655125614083,1.8418803177905716e-205,correct,True,False,False,False
PhenoAge,L12_ATOPIC,rs7773076,6,18106901,0.06201319674595499,3.250498047870099e-06,29.973437047693597,2.1783902413002136e-197,correct,True,False,False,False
PhenoAge,L12_ATOPIC,rs79050301,6,18151959,0.06443428574761917,4.1564542531867165e-06,30.427023070357414,2.4126064836779933e-203,correct,True,False,False,False
PhenoAge,L12_ATOPIC,rs55749163,6,18104414,0.06150317126912001,3.0695435713195976e-06,29.846883772863407,9.635474546987133e-196,correct,True,False,False,False
PhenoAge,L12_ATOPIC,rs75221067,6,18148434,0.0643786463814158,4.144856975798634e-06,30.413910817804997,3.5967067828309596e-203,correct,True,False,False,False
PhenoAge,L12_ATOPIC,rs140495843,6,18108300,0.06118103919872001,3.174975627184385e-06,29.76393850433596,1.1448525621276728e-194,correct,True,False,False,False
PhenoAge,L12_ATOPIC,rs73726531,6,18102797,0.061030091007100745,3.0001357180828877e-06,29.72568989987232,3.576041621935633e-194,correct,True,False,False,False
PhenoAge,L12_ATOPIC,rs80152842,6,18109267,0.06107451524504883,3.2673069181714987e-06,29.73343969520513,2.839415906085869e-194,correct,True,False,False,False
PhenoAge,L12_ATOPIC,rs10949482,6,18121083,0.0618746688,3.7986191614278002e-06,29.685293807699434,1.1888827637401144e-193,correct,True,False,False,False
PhenoAge,L12_ATOPIC,rs112098771,6,18141408,0.06182622695239685,4.640957927472202e-07,30.027533800860695,4.290671335670657e-198,correct,True,False,False,False
PhenoAge,L12_ATOPIC,rs76835453,6,18157394,0.06219846345582,6.261132892265239e-06,29.872310745249653,4.505787792675246e-196,correct,True,False,False,False
PhenoAge,L12_ATOPIC,rs4294009,6,18105845,0.05359889969759819,4.132261893165012e-05,27.964194788176812,4.4306660227927454e-172,correct,True,False,False,False
PhenoAge,L12_ATOPIC,rs7228835,18,44389106,0.05656729041969919,9.943156104484448e-05,27.569535546913134,2.581192005440376e-167,correct,True,False,False,False
PhenoAge,L12_ATOPIC,rs75390997,6,18159474,0.05836131421596787,1.4134852710700426e-06,28.909199210760402,9.148714840319946e-184,correct,True,False,False,False
PhenoAge,L12_ATOPIC,rs1800460,6,18138997,0.05610387001477681,3.4635240677440037e-07,28.344926436402265,9.666380192874791e-177,correct,True,False,False,False
PhenoAge,L12_ATOPIC,rs79015802,6,18102888,0.052022104700743796,1.2098529927219708e-07,27.27412604598135,8.601269469691356e-164,correct,True,False,False,False
PhenoAge,L12_ATOPIC,rs78674316,6,18103177,0.0512861338784798,1.259187929101149e-07,27.072940874377856,2.0512520246960196e-161,correct,True,False,False,False
PhenoAge,L12_ATOPIC,rs678553,1,236362147,0.04566912026712,0.0001823444893752521,24.558419378798256,3.51605225161228e-133,correct,True,False,False,False
PhenoAge,L12_ATOPIC,rs3829957,17,3475582,0.045659243000716804,7.253201279124721e-06,26.02974077102998,2.2818235705049443e-149,correct,True,False,False,False
PhenoAge,L12_ATOPIC,rs752223,1,59967404,0.0471418690051808,1.1542147738851588e-05,26.12034691778736,2.1415633503668516e-150,correct,True,False,False,False
PhenoAge,L12_ATOPIC,rs115931931,6,18122295,0.03623881093908478,3.487439045445018e-06,23.20079488118975,4.4698613233838793e-119,correct,True,False,False,False
PhenoAge,L12_ATOPIC,rs12201199,6,18139571,0.04594440370188482,1.1124313529477983e-06,26.406574391686345,1.1515401782524747e-153,correct,True,False,False,False
PhenoAge,L12_ATOPIC,rs1990053,7,44886297,0.03231864412444619,7.460183676165017e-08,22.194324439864175,3.8966165290057887e-109,correct,True,False,False,False
PhenoAge,L12_ATOPIC,rs55801031,6,18166029,0.03289704476672,5.751720070071527e-06,21.4873792517287,2.0432354538334453e-102,correct,True,False,False,False
PhenoAge,L12_ATOPIC,rs11190127,10,99512225,0.0290325402776448,0.00022708838915021795,18.70260624439465,4.71431733924864e-78,correct,True,False,False,False
PhenoAge,L12_ATOPIC,rs61835534,1,236358278,0.027755892762847203,8.260230807435809e-05,19.212576207780955,2.9048678882113874e-82,correct,True,False,False,False
PhenoAge,L12_ATOPIC,rs145179222,6,18109030,0.034513932152,4.527805072584257e-06,20.86360349429532,1.1469562996268858e-96,correct,True,False,False,False
PhenoAge,L12_ATOPIC,rs2842938,6,18141099,0.028157445518194997,2.6408426266984054e-06,20.012937071984446,4.2486297081981556e-89,correct,True,False,False,False
PhenoAge,L12_ATOPIC,rs34109510,17,3482882,0.027449539185868798,7.05383838229092e-05,18.90091903427308,1.1208310273862468e-79,correct,True,False,False,False
PhenoAge,L12_ATOPIC,rs6531114,2,16436513,0.025068169183320794,2.0391779009528064e-06,19.53983720764434,5.034252133773382e-85,correct,True,False,False,False
PhenoAge,L12_ATOPIC,rs4724320,7,44775735,0.026277651442954998,1.582036761601981e-05,19.027129391462548,1.0167186721733213e-80,correct,True,False,False,False
PhenoAge,L12_ATOPIC,rs10853522,18,44660633,0.0244807088734208,0.00020873239439147612,17.467101936681438,2.551291063004405e-68,correct,True,False,False,False
PhenoAge,L12_ATOPIC,rs11253338,10,713619,0.024322475182080004,2.342009314768317e-05,18.06867688347186,5.6246487519089716e-73,correct,True,False,False,False
PhenoAge,L12_ATOPIC,rs2265092,10,734353,0.025040301321420006,1.2455099484156361e-05,18.531584474055702,1.1485457995348743e-76,correct,True,False,False,False
PhenoAge,L12_ATOPIC,rs116853700,17,57388934,0.024772148584874996,6.927854722410319e-06,18.447442624067953,5.4671805694117785e-76,correct,True,False,False,False
PhenoAge,L12_ATOPIC,rs73028070,11,122811127,0.027144129666232805,3.8292735831117194e-05,18.925014437672615,7.097005535678845e-80,correct,True,False,False,False
PhenoAge,L12_ATOPIC,rs117945191,17,57387585,0.024519713037119997,6.195780256359001e-06,18.36931156492325,2.31327343692361e-75,correct,True,False,False,False
PhenoAge,L12_ATOPIC,rs1849209,18,44581678,0.021799024240319997,1.0431309734347768e-05,17.41780352963447,6.0453702503765976e-68,correct,True,False,False,False
PhenoAge,L12_ATOPIC,rs62114564,2,16524812,0.021794588146726197,1.0441556174362513e-06,17.88505417733512,1.542032312451275e-71,correct,True,False,False,False
composite_index,L12_ATOPIC,rs3828037,1,65588114,4.741777280783899e-05,1.9937000332614648e-06,0.9123581849215775,0.3615801940552108,correct,False,False,False,False
composite_index,L12_ATOPIC,rs6698842,1,65699049,8.047779430031786e-05,1.3310493015999981e-05,0.8864875800772918,0.3753548438966269,correct,False,False,False,False
composite_index,L12_ATOPIC,rs4845620,1,154434180,4.126317133193039e-05,0.0011099933091535676,-4.499550405579486,6.809733199367372e-06,wrong,True,False,False,False
composite_index,L12_ATOPIC,rs1811472,1,159672559,7.15362265328129e-05,3.3783494841490935e-07,1.3135220718620357,0.18900708845425884,correct,False,False,False,False
composite_index,L12_ATOPIC,rs10437340,1,159741019,6.64141524354978e-05,4.720169921947795e-05,0.21276218950712378,0.831512456874744,correct,False,False,False,False
composite_index,L12_ATOPIC,rs2701185,12,120915171,4.421245923190221e-05,0.00023516001299269464,-1.4442885569135204,0.14865782328341534,wrong,False,False,False,False
composite_index,L12_ATOPIC,rs147636938,19,44883377,4.335128776605092e-05,6.933254664004925e-05,-0.28823117268652515,0.7731697884662891,wrong,False,False,False,False
composite_index,L12_ATOPIC,rs12972156,19,44884202,8.256170820507988e-05,0.0004631735318823778,-2.053009865780935,0.04007162068114219,wrong,True,False,False,False
composite_index,L12_ATOPIC,rs77301115,19,44893716,4.39242277112222e-05,5.695256244671981e-05,-0.1522227067117439,0.8790112852920413,wrong,False,False,False,False
composite_index,L12_ATOPIC,rs112849259,19,44894050,4.4050105030644765e-05,5.698822171747571e-05,-0.15104909580836295,0.8799369873075372,wrong,False,False,False,False
composite_index,L12_ATOPIC,rs116881820,19,44894695,4.404456297794569e-05,5.6576179623649764e-05,-0.1466119046435655,0.8834383566825523,wrong,False,False,False,False
composite_index,L12_ATOPIC,rs79398853,19,44895528,4.441244298774214e-05,5.6646553262968235e-05,-0.14286139297510111,0.8863996496917317,wrong,False,False,False,False
composite_index,L12_ATOPIC,rs75687619,19,44896087,4.442339810690116e-05,5.649640113971047e-05,-0.1411025614757361,0.8877889201342702,wrong,False,False,False,False
composite_index,L12_ATOPIC,rs76366838,19,44896639,4.4285991678852785e-05,5.813149863921302e-05,-0.1606997054268118,0.8723299214541725,wrong,False,False,False,False
composite_index,L12_ATOPIC,rs114536010,19,44897468,4.469364277793692e-05,5.529426477040521e-05,-0.1244195493091926,0.9009830955028939,wrong,False,False,False,False
composite_index,L12_ATOPIC,rs115881343,19,44899959,4.665127753889757e-05,6.937932723083103e-05,-0.24848187477821415,0.803761592241315,wrong,False,False,False,False
composite_index,L12_ATOPIC,rs112019714,19,44901600,4.681666008782011e-05,6.691991193493042e-05,-0.22169118661105608,0.8245542914768408,wrong,False,False,False,False
composite_index,L12_ATOPIC,rs1081105,19,44909698,4.8834369703999436e-05,3.9521453198539463e-05,0.11611544019624903,0.9075610520809173,correct,False,False,False,False
composite_index,L12_ATOPIC,rs150966173,19,44917947,4.737726473040666e-05,1.6610848709028605e-05,0.4656890677640337,0.6414380786597762,correct,False,False,False,False
composite_index,L12_ATOPIC,rs4239225,17,39970859,5.079804741482538e-06,7.477583949744734e-06,-0.08005610223635888,0.9361926359769661,wrong,False,False,False,False
composite_index,L12_ATOPIC,rs2095044,9,6192796,0.0014636718780797998,1.2287625252349718e-05,5.746530578739537,9.109316347398601e-09,correct,True,False,False,False
composite_index,L12_ATOPIC,rs56177354,16,85899046,1.4149904799225568e-05,2.458032913754197e-05,-0.1984705544612583,0.8426769206272162,wrong,False,False,False,False
composite_index,L12_ATOPIC,rs1401884,16,85979945,1.2318971451966958e-05,0.00014646706885499853,-1.4320859312641385,0.15211923026017118,wrong,False,False,False,False
composite_index,L12_ATOPIC,rs76428106,13,28029870,1.5717101054875123e-05,0.0001959146328249903,-1.6029333237514738,0.10894937555453624,wrong,False,False,False,False
composite_index,L12_ATOPIC,rs391855,16,85895015,1.7598279316151334e-05,0.00017011279391140294,-1.470121037075009,0.1415289756874159,wrong,False,False,False,False
composite_index,L12_ATOPIC,rs139795227,1,92376810,1.924232240219275e-05,0.00041196182058683033,-2.7252822397136427,0.006424654092646601,wrong,True,False,False,False
composite_index,L12_ATOPIC,rs141094656,1,92287779,1.865010101667251e-05,0.000407411816741706,-2.716272936425883,0.0066021465261631215,wrong,True,False,False,False
composite_index,L12_ATOPIC,rs1002607,9,111096653,1.2219210694809523e-05,1.463711500596304e-05,-0.055014649139837696,0.9561267931417745,wrong,False,False,False,False
composite_index,L12_ATOPIC,rs1610009,9,111237120,1.264459045575553e-05,5.945125524938459e-06,0.18623024097945304,0.8522642098885371,correct,False,False,False,False
composite_index,L12_ATOPIC,rs6740847,2,181443625,2.0307985098120556e-05,0.00023833035585136268,-1.825224863066903,0.0679671033090531,wrong,False,False,False,False
composite_index,L12_ATOPIC,rs150649461,1,92460097,1.9397093056225222e-05,0.000398183705694482,-2.6622758278672016,0.0077614248687555756,wrong,True,False,False,False
composite_index,L12_ATOPIC,rs4857909,3,128581625,0.001485061037048754,0.00034666262019012774,3.249451836274523,0.0011562765684417873,correct,True,False,False,False
composite_index,L12_ATOPIC,rs17575497,1,91850339,1.2739078016385894e-05,0.00021880055089874235,-1.8848128811117544,0.05945510525856036,wrong,False,False,False,False
composite_index,L12_ATOPIC,rs9807989,2,102354740,0.00127536975409395,0.0020882276742227226,-1.6472420952486009,0.09950829456256777,wrong,False,False,False,False
composite_index,L12_ATOPIC,rs13277237,8,129592317,9.466852501832858e-06,4.5094879494555995e-06,0.15850571519036805,0.8740583175237604,correct,False,False,False,False
composite_index,L12_ATOPIC,rs34856868,1,92088726,9.136373210870764e-06,0.00039492852070257666,-2.8625701435496524,0.004202202354750736,wrong,True,False,False,False
composite_index,L12_ATOPIC,rs876036,7,50268114,9.093157515544074e-06,0.00013144838945131947,-1.4085667208896104,0.15896332505935062,wrong,False,False,False,False
composite_index,L12_ATOPIC,rs3093068,1,159711574,3.389224139895039e-05,0.00013813829933329984,-0.99192202105554,0.3212355660222713,wrong,False,False,False,False
composite_index,L12_ATOPIC,rs2524079,6,31274397,3.875795085969741e-06,0.0002876846751887392,-2.502372947110535,0.01233638953134832,wrong,True,True,False,False
composite_index,L12_ATOPIC,rs11065394,12,121009119,3.165195260186713e-05,4.671276546106303e-07,0.8198364371205489,0.4123093561595059,correct,False,False,False,False
composite_index,L12_ATOPIC,rs2706345,5,132568236,0.0009278870051887501,0.002825503843207553,-3.7977664903483004,0.00014600576930857753,wrong,True,False,True,False
composite_index,L12_ATOPIC,rs8025803,15,79967931,8.158021730755574e-06,6.607987741734894e-05,-0.8819535717918294,0.3778019149636085,wrong,False,False,False,False
composite_index,L12_ATOPIC,rs145096717,13,28187455,9.447861106385103e-06,0.00016079247507157327,-1.5486533537317924,0.12146507281512614,wrong,False,False,False,False
composite_index,L12_ATOPIC,rs2228467,3,42864624,7.808797197554954e-06,1.4186694620330698e-08,0.44693508882911553,0.6549219280462921,correct,False,False,False,False
composite_index,L12_ATOPIC,rs118170342,19,44898611,3.040638265871185e-05,0.0002220281885862013,-1.5525244823360769,0.12053677936521638,wrong,False,False,False,False
composite_index,L12_ATOPIC,rs9271620,6,32624000,3.469507417017568e-06,0.0020899535396284243,-7.329599199272813,2.308420572547351e-13,wrong,True,True,False,False
composite_index,L12_ATOPIC,rs1260326,2,27508073,2.8926196701868593e-05,0.0005811433894274717,-3.133200176115194,0.0017291147359025948,wrong,True,False,False,False
composite_index,L12_ATOPIC,rs11466597,1,91719794,7.664220841713856e-06,0.00014739924211179984,-1.5712753375273363,0.11611870722826707,wrong,False,False,False,False
composite_index,L12_ATOPIC,rs114403972,1,65458349,2.887826902728646e-05,5.092046079056088e-05,-0.2926760958420951,0.7697697429532018,wrong,False,False,False,False
composite_index,L12_ATOPIC,rs116359246,1,92570434,7.131060438250603e-06,1.1013727437941954e-05,-0.10735911083232696,0.9145040917959268,wrong,False,False,False,False
composite_index,L12_ATOPIC,rs60049679,19,44926451,3.0879983724831154e-05,0.00010647337125262919,-0.7963840294002636,0.4258088580210171,wrong,False,False,False,False
composite_index,L12_ATOPIC,rs114425738,1,91706116,7.054091645423797e-06,0.0001699289523246806,-1.737928217050996,0.0822234630010153,wrong,False,False,False,False
composite_index,L12_ATOPIC,rs117310449,19,44890259,2.7254441100016393e-05,0.00013799138845514927,-1.0848642977898502,0.2779817626471026,wrong,False,False,False,False
composite_index,L12_ATOPIC,rs3131643,6,31475005,3.1352489861396064e-06,7.254408093520078e-05,-1.1271615140690943,0.25967419903965105,wrong,False,True,False,False
composite_index,L12_ATOPIC,rs4851005,2,102395092,0.0007868481826771394,6.412678067360454e-05,3.3044850474554237,0.0009515105140333181,correct,True,False,False,False
composite_index,L12_ATOPIC,rs34097845,17,58281068,7.1365019917205865e-06,9.282430021016212e-06,-0.06270281297366156,0.9500031573746571,wrong,False,False,False,False
composite_index,L12_ATOPIC,rs4632248,19,53821741,6.467226261637734e-06,5.133420189941869e-06,0.04616826122847526,0.9631761393588646,correct,False,False,False,False
composite_index,L12_ATOPIC,rs369756,9,6146441,0.00074074202592,7.852281896448598e-05,3.029615242965114,0.002448654644791162,correct,True,False,False,False
composite_index,L12_ATOPIC,rs1800973,12,69350234,6.333956539030451e-06,0.0001560487001181891,-1.650414639547513,0.09885815890930631,wrong,False,False,False,False
composite_index,L12_ATOPIC,rs12515180,5,132449992,0.00068447201592,0.0022750121221769897,-3.5304568243816505,0.00041484271650702814,wrong,True,False,True,False
composite_index,L12_ATOPIC,rs113071828,4,38664197,0.0006739995551327999,0.0004609885980699024,0.7434033917801803,0.45723749143190107,correct,False,False,False,False
composite_index,L12_ATOPIC,rs7251806,19,16388758,0.0001337655460822139,0.00027045028728202254,-0.8090300478102899,0.41849786288547075,wrong,False,False,False,False
composite_index,L12_ATOPIC,rs17196752,20,50270731,5.562551301670978e-06,1.1491408640619344e-05,-0.17137619979997987,0.8639279677267606,wrong,False,False,False,False
composite_index,L12_ATOPIC,rs17344939,3,128566651,0.0006330211126272,3.305197833498962e-05,3.1994100360317814,0.0013770915849710835,correct,True,False,False,False
composite_index,L12_ATOPIC,rs2242886,21,35015509,0.0006081206798216881,0.0002145858213089071,1.6601546296413758,0.0968833492574612,correct,False,False,False,False
composite_index,L12_ATOPIC,rs149007767,7,50330658,5.644743095293547e-06,1.191823189758256e-06,0.21299675572066715,0.8313294931845723,correct,False,False,False,False
composite_index,L12_ATOPIC,rs16939945,16,85911643,5.202036055347085e-06,0.00039076159973859244,-2.9701513228105667,0.00297653088678766,wrong,True,False,False,False
composite_index,L12_ATOPIC,rs10849448,12,6384185,5.3440637434596455e-06,4.7174392776733065e-06,0.023135783612787657,0.98154196212332,correct,False,False,False,False
composite_index,L12_ATOPIC,rs80181987,2,181453735,5.138717615184326e-06,8.810652775890072e-05,-1.1789317900801706,0.23842533781802477,wrong,False,False,False,False
composite_index,L12_ATOPIC,rs12619285,2,212959321,0.00058478273098875,3.0246780537778345e-06,3.701827208567019,0.0002140523790874659,correct,True,False,False,False
composite_index,L12_ATOPIC,rs27438,5,132077562,0.0005455011250357681,0.00250051694500577,-4.436578250089186,9.140011949861633e-06,wrong,True,False,True,False
composite_index,L12_ATOPIC,rs410867,19,16316300,0.0005439632708148479,6.8286426360210126e-06,3.4229265570892653,0.0006195081309073447,correct,True,False,False,False
composite_index,L12_ATOPIC,rs56330463,5,148820448,0.0005508885541647394,4.908308882765946e-05,2.7105285668783474,0.006717606164888947,correct,True,False,False,False
composite_index,L12_ATOPIC,rs7115703,11,306920,4.455172421747361e-06,4.952312968165045e-05,-0.8204324074470423,0.41196964718787676,wrong,False,False,False,False
composite_index,L12_ATOPIC,rs76345714,17,58659171,4.282197325046158e-06,2.1230530600668902e-06,0.10158021244637117,0.9190898863723718,correct,False,False,False,False
composite_index,L12_ATOPIC,rs76367978,3,128631925,0.0004978334515323193,2.4467676130259658e-05,2.8226225610552977,0.004763261189695067,correct,True,False,False,False
composite_index,L12_ATOPIC,rs144937240,13,28123754,4.992883930126735e-06,8.343210390489127e-05,-1.107620022465878,0.2680259525423625,wrong,False,False,False,False
composite_index,L12_ATOPIC,rs11864884,16,85867433,4.256135838053311e-06,9.392577249819114e-05,-1.2662443539224828,0.20542561244982915,wrong,False,False,False,False
composite_index,L12_ATOPIC,rs2239630,14,23120140,4.1491029137644494e-06,1.5186518992063133e-05,-0.3101942969514964,0.7564132071633409,wrong,False,False,False,False
composite_index,L12_ATOPIC,rs7846314,8,60738272,9.80222268008735e-05,4.267660636169595e-05,0.5613249771298627,0.5745760174266794,correct,False,False,False,False
composite_index,L12_ATOPIC,rs113542380,2,43237679,8.018009276348847e-05,2.648207511413827e-05,0.6358008203951212,0.5249062526836883,correct,False,False,False,False
composite_index,L12_ATOPIC,rs56388170,7,28684757,7.682631614292377e-05,5.898204061165901e-06,1.053074464064626,0.2923068653266404,correct,False,False,False,False
composite_index,L12_ATOPIC,rs73516986,19,16630441,6.965624477100518e-05,0.0001227654847685549,-0.45535608751696965,0.6488530815504068,wrong,False,False,False,False
composite_index,L12_ATOPIC,rs2158799,7,28237488,6.816016139011835e-05,4.660794778880021e-05,0.2372368870554832,0.8124730212573533,correct,False,False,False,False
composite_index,L12_ATOPIC,rs16850073,4,73838282,6.628677808005555e-05,3.0187761553356087e-06,1.0652823223459995,0.28674818996528106,correct,False,False,False,False
composite_index,L12_ATOPIC,rs445,7,92779056,6.0701873393866846e-05,4.805186199973878e-08,1.243679676283178,0.21361747886661486,correct,False,False,False,False
composite_index,L12_ATOPIC,rs3806792,4,74099557,6.287755206141853e-05,4.717075722669887e-07,1.203675750031231,0.22871492863767862,correct,False,False,False,False
composite_index,L12_ATOPIC,rs3917932,1,36478315,5.5259200514210935e-05,0.00021964494913794772,-1.2299420860139256,0.21871879272262273,wrong,False,False,False,False
composite_index,L12_ATOPIC,rs117520868,19,16469833,5.132899328375631e-05,6.884813021587851e-05,-0.18689445747819317,0.8517433849247993,wrong,False,False,False,False
composite_index,L12_ATOPIC,rs117866384,19,16472131,5.115762441896552e-05,7.080826680268119e-05,-0.20823264964291122,0.8350473165673847,wrong,False,False,False,False
composite_index,L12_ATOPIC,rs147775088,19,16466392,5.1117729162216716e-05,6.918500581318874e-05,-0.19265835264074208,0.847226542095753,wrong,False,False,False,False
composite_index,L12_ATOPIC,rs118051449,19,16478996,5.0780300815920755e-05,6.788415162618627e-05,-0.18362683866748725,0.8543062069144722,wrong,False,False,False,False
composite_index,L12_ATOPIC,rs186029736,6,31404923,5.5879374507161344e-05,0.0013447382947554705,-4.798800167820045,1.5961895153740345e-06,wrong,True,True,False,False
composite_index,L12_ATOPIC,rs6796,7,6462736,5.3175290794016056e-05,0.0012721877720386788,-4.685151428865434,2.7975302277854756e-06,wrong,True,False,False,False
