cpg,gene,in_type2_panel,type2_match
cg00010445,RFX1,False,
cg00014561,NUP93,False,
cg00019841,MAPK4,False,
cg00021513,-,False,
cg00028211,-,False,
cg00040588,MXRA8,False,
cg00052385,ST3GAL1,False,
cg00055764,RIMBP2,False,
cg00057667,-,False,
cg00058708,UBXN2A,False,
cg00068153,CACNA1S,False,
cg00068428,-,False,
cg00073543,-,False,
cg00085732,SLC13A2,False,
cg00095018,MAPK13,False,
cg00095523,-,False,
cg00095688,PRKCZ,False,
cg00109344,RGS3,False,
cg00110695,FBXL4,False,
cg00113315,SLC2A5,False,
cg00114012,SLC2A8,False,
cg00115178,CAMK1D,False,
cg00115288,EPS8L2,False,
cg00127505,-,False,
cg00138126,PMEPA1,False,
cg00144186,FJX1,False,
cg00145969,FAM5C,False,
cg00152644,SPRR2E,False,
cg00153082,-,False,
cg00154119,-,False,
cg00170714,MLX;PSMC3IP,False,
cg00178661,IGSF3,False,
cg00186499,RBM38,False,
cg00192031,-,False,
cg00193959,DOCK1,False,
cg00199059,TP53RK,False,
cg00204465,MYO15B,False,
cg00207280,TRIB1,False,
cg00217953,SEMA4C,False,
cg00220721,PRR5L,False,
cg00234261,WDR86,False,
cg00240195,NR4A2,False,
cg00248521,CASKIN1,False,
cg00249503,DNAH17,False,
cg00250430,DMRT2,False,
cg00253564,PLEKHG5,False,
cg00255699,TRIT1,False,
cg00261325,AACSL,False,
cg00263619,CCDC41,False,
cg00269606,CRH,False,
cg00288376,-,False,
cg00289503,COL9A3,False,
cg00290086,DMRT2,False,
cg00291837,-,False,
cg00295182,PANK4,False,
cg00295259,GLI2,False,
cg00299972,TLX1,False,
cg00308159,MN1,False,
cg00308936,DDAH1,False,
cg00313722,C19orf6,False,
cg00316485,ZNF423,False,
cg00318573,CHRNA4,False,
cg00327072,NEURL1B,False,
cg00327332,CSTT,False,
cg00328058,PLEKHN1;KLHL17,False,
cg00329656,-,False,
cg00330825,RPLP2;SNORA52,False,
cg00333678,-,False,
cg00344900,-,False,
cg00345314,SGK3,False,
cg00347620,TBX3,False,
cg00348891,-,False,
cg00349061,SLC30A2,False,
cg00349895,TRIM2,False,
cg00352005,KDM3A,False,
cg00353923,LRRC4;SND1,False,
cg00362818,CLN5,False,
cg00363312,HIPK2,False,
cg00367135,BEST1,False,
cg00367962,-,False,
cg00375250,OLFML2A,False,
cg00390694,TCEA2,False,
cg00391067,LOC100271715,False,
cg00394823,ACSM3,False,
cg00397179,-,False,
cg00397422,SLFN14,False,
cg00400096,-,False,
cg00401091,NFATC2,False,
cg00409201,ZSCAN1,False,
cg00409356,IRX4,False,
cg00414077,C20orf118,False,
cg00425678,-,False,
cg00427635,TBC1D21,False,
cg00428193,PEG3;ZIM2,False,
cg00432659,-,False,
cg00438309,-,False,
cg00451397,GTF2A1L;STON1-GTF2A1L,False,
cg00456557,C6orf147,False,
cg00456651,SDC3,False,
cg00458016,PRR12,False,
cg00459232,CD9,False,
cg00460916,ITGAE,False,
cg00461060,GALNT9,False,
cg00463746,ROR1,False,
cg00465927,PAQR7,False,
cg00471190,IL32,False,
cg00476243,-,False,
cg00476771,-,False,
cg00486998,MECOM,False,
cg00489394,HRASLS5,False,
cg00492574,KLF4,False,
cg00495311,LRRC58,False,
cg00498401,EVPL,False,
cg00500936,CAMKK2,False,
cg00507008,-,False,
cg00510552,NMRAL1,False,
cg00514723,CHD6,False,
cg00516481,PDE9A,False,
cg00525496,NEDD9,False,
cg00528616,ZNRF1,False,
cg00530720,DGKZ,False,
cg00545796,IFT140,False,
cg00549219,-,False,
cg00554993,CEBPE,False,
cg00559992,PIK3R1,False,
cg00567703,HOXC4;HOXC5;HOXC6,False,
cg00567854,BTG2,False,
cg00573504,-,False,
cg00578220,KHDRBS2,False,
cg00581422,-,False,
cg00582663,CHD3,False,
cg00583733,ALDOA,False,
cg00585790,LIMS1,False,
cg00587115,-,False,
cg00587472,-,False,
cg00594191,-,False,
cg00609333,MGST1,False,
cg00615941,-,False,
cg00625783,-,False,
cg00631287,-,False,
cg00632466,-,False,
cg00634542,SLC11A1,False,
cg00637085,-,False,
cg00639200,-,False,
cg00653700,-,False,
cg00659931,PCSK6,False,
cg00660608,-,False,
cg00666105,SOX2OT;SOX2,False,
cg00676801,STAT1,False,
cg00689772,-,False,
cg00690609,-,False,
cg00699617,MAPT,False,
cg00707777,TKT,False,
cg00711896,ZNF48,False,
cg00714309,RAB3B,False,
cg00716040,RCAN3,False,
cg00716470,-,False,
cg00723994,-,False,
cg00725472,TNS3,False,
cg00727912,SLC17A9,False,
cg00739353,-,False,
cg00741609,TLX1,False,
cg00741954,GMDS,False,
cg00746386,-,False,
cg00751072,SSBP4,False,
cg00753399,MOBKL1B,False,
cg00754604,RBMS1,False,
cg00760950,-,False,
cg00765922,BCAN,False,
cg00771722,IL3,False,
cg00778807,-,False,
cg00790307,SMCR5;RAI1,False,
cg00793186,NRG2,False,
cg00803453,SPEG,False,
cg00804043,PIK3R6,False,
cg00805874,ZBTB12,False,
cg00807464,CUX2,False,
cg00809021,-,False,
cg00809164,MT1L,False,
cg00816039,TNFSF13;TNFSF12-TNFSF13,False,
cg00819338,-,False,
cg00820919,PLEKHH2,False,
cg00821731,WNT10A,False,
cg00832457,BICD1,False,
cg00832924,CTTNBP2,False,
cg00841408,CAMK1,False,
cg00841968,ACTN1,False,
cg00843623,ZNF433,False,
cg00847453,DDO,False,
cg00848007,IFNG,False,
cg00849642,CORO1C,False,
cg00850073,-,False,
cg00850083,C21orf88,False,
cg00858400,SLC7A5,False,
cg00859314,-,False,
cg00864768,MBOAT7,False,
cg00872232,-,False,
cg00879541,C14orf166,False,
cg00882883,-,False,
cg00883689,SPTBN1,False,
cg00888479,SLC24A3,False,
cg00892324,LFNG,False,
cg00897276,SRGAP3,False,
cg00898683,DNMT3A,False,
cg00907288,SRGAP3,False,
cg00909275,ATXN2,False,
cg00910972,MAPK15,False,
cg00922310,DCHS1,False,
cg00923890,-,False,
cg00926318,ENTPD6,False,
cg00931957,-,False,
cg00940546,ZNF704,False,
cg00944309,-,False,
cg00956964,SLMO1,False,
cg00965133,BLCAP,False,
cg00971695,-,False,
cg00986133,KCNMA1,False,
cg01000631,-,False,
cg01013023,GLI3,False,
cg01013155,-,False,
cg01015899,PXN,False,
cg01022117,PKP1,False,
cg01026233,-,False,
cg01026730,ARSB,False,
cg01028389,-,False,
cg01030534,FAM115A,False,
cg01034411,-,False,
cg01040749,INPP5A,False,
cg01040850,MR1,False,
cg01048107,MSC,False,
cg01049530,BMP3,False,
cg01064902,SIRT5,False,
cg01067137,ZNF646,False,
cg01074622,-,False,
cg01080998,LOC645323,False,
cg01081303,HAUS3,False,
cg01092213,UPP1,False,
cg01105256,SUOX,False,
cg01107142,GDNF,False,
cg01116831,-,False,
cg01119452,ELMO1,False,
cg01142328,EVPLL,False,
cg01161042,ZFYVE28,False,
cg01166488,LOC153328,False,
cg01171355,SLC12A7,False,
cg01172150,-,False,
cg01175020,TLX1,False,
cg01177100,SRGAP3,False,
cg01183122,KCNE1,False,
cg01208318,-,False,
cg01223986,SNX29,False,
cg01231183,-,False,
cg01232717,TCEB1,False,
cg01233934,PRDM13,False,
cg01238343,NGDN,False,
cg01242348,CEBPE,False,
cg01243586,SAA2,False,
cg01248445,PPP1R3D,False,
cg01256260,-,False,
cg01273330,-,False,
cg01273672,PARD3B,False,
cg01280180,TXNDC6,False,
cg01289206,HCCA2,False,
cg01289421,B3GNT3,False,
cg01298987,HIRIP3,False,
cg01301339,-,False,
cg01303372,BAG3,False,
cg01311045,CATSPER1,False,
cg01311995,-,False,
cg01323964,SNORA22;CCT6P1,False,
cg01327169,-,False,
cg01330312,NCOA4,False,
cg01330991,DNAH2,False,
cg01332882,ZNFX1,False,
cg01339704,SMTNL2,False,
cg01349903,WBSCR17,False,
cg01359822,ETS2,False,
cg01360586,KCNJ6,False,
cg01364755,ADARB2,False,
cg01376665,PHGR1,False,
cg01377358,ASXL1,False,
cg01383881,-,False,
cg01383911,TRIM39,False,
cg01385679,ELMO2,False,
cg01404163,TOX3,False,
cg01415562,-,False,
cg01417394,INPP4B,False,
cg01418351,MAEA,False,
cg01425731,ARL11,False,
cg01435678,IL6R,False,
cg01445399,LOC339524,False,
cg01450600,FAM160B1,False,
cg01457778,-,False,
cg01465769,PRKCD,False,
cg01471293,RGL2,False,
cg01471572,-,False,
cg01472101,CLEC10A,False,
cg01498437,-,False,
cg01499988,MSMP,False,
cg01515543,LOC100129066,False,
cg01518279,-,False,
cg01519765,ETV5,False,
cg01520924,HSPA2,False,
cg01521397,TAF4,False,
cg01526089,P2RX1,False,
cg01544270,EXD3,False,
cg01545587,TMEM121,False,
cg01550148,H2AFY,False,
cg01557792,KIAA0247,False,
cg01559259,CHST1,False,
cg01559912,PCSK4,False,
cg01561108,-,False,
cg01567656,MYO7A,False,
cg01578324,CLIC1,False,
cg01580044,PHTF1,False,
cg01586506,SOX10,False,
cg01588748,SYT1,False,
cg01590076,-,False,
cg01591037,PDE6H,False,
cg01595951,-,False,
cg01601476,EPB41L4B,False,
cg01606027,LIMK2,False,
cg01612824,-,False,
cg01618851,CD209,False,
cg01631162,RNF39,False,
cg01641136,CISH,False,
cg01642901,SH3RF1,False,
cg01646665,TMEM79;SMG5,False,
cg01647561,-,False,
cg01650864,-,False,
cg01665970,C6orf10,False,
cg01673865,SPTB,False,
cg01681881,MIR130A,False,
cg01682208,-,False,
cg01682504,-,False,
cg01684586,IGFBP7,False,
cg01686177,-,False,
cg01692482,ZNF217,False,
cg01692842,ACAD8,False,
cg01704609,TNFRSF19,False,
cg01709846,TEKT5,False,
cg01710852,SMAD3,False,
cg01711344,UNC93B1,False,
cg01753359,ZNF572,False,
cg01761256,-,False,
cg01764046,HCRTR1,False,
cg01770400,SERPINC1,False,
cg01777397,CLIP4,False,
cg01798341,TBCD,False,
cg01798813,-,False,
cg01800926,CLSTN1,False,
cg01802640,-,False,
cg01813965,CCDC135,False,
cg01814098,ALDH7A1,False,
cg01816726,ST8SIA6,False,
cg01819568,KIT,False,
cg01821751,-,False,
cg01822050,-,False,
cg01829672,CLINT1,False,
cg01830023,-,False,
cg01831805,-,False,
cg01835368,C7orf36,False,
cg01835474,-,False,
cg01860459,MYLK,False,
cg01862363,NTN1,False,
cg01870976,PCSK6,False,
cg01877352,CD6,False,
cg01889899,PCSK6,False,
cg01890712,OR9Q1,False,
cg01891966,HOXA9,False,
cg01892689,PGCP,False,
cg01898867,-,False,
cg01899624,-,False,
cg01901579,DICER1,False,
cg01907098,PDXK,False,
cg01912455,SMARCB1,False,
cg01914153,-,False,
cg01916918,CLU,False,
cg01920536,-,False,
cg01930756,-,False,
cg01932823,GPR97,False,
cg01933248,-,False,
cg01936839,-,False,
cg01942646,NR0B2,False,
cg01943337,DPY19L1,False,
cg01949993,LAMC2,False,
cg01960096,ARHGEF11,False,
cg01973605,CASZ1,False,
cg01975706,JAM2,False,
cg01976784,-,False,
cg01977079,PLEKHA7,False,
cg01981354,RNF170,False,
cg01981433,TNFAIP3,False,
cg01987702,-,False,
cg01990910,SNX29,False,
cg01991967,IL1RN,False,
cg01997461,FARP1,False,
cg02005664,HEG1,False,
cg02008416,TMEM61,False,
cg02010342,-,False,
cg02021127,PIP5KL1,False,
cg02021157,KCNQ1,False,
cg02022181,C7orf50;MIR339,False,
cg02023469,TMEM132A,False,
cg02030275,-,False,
cg02030493,C1orf88,False,
cg02033124,-,False,
cg02033302,-,False,
cg02037307,PITX1,False,
cg02038273,BNIP3,False,
cg02043994,-,False,
cg02045894,STAU2,False,
cg02057561,PTK7,False,
cg02057598,SLC7A5,False,
cg02067022,KCNQ5,False,
cg02069619,LPIN1,False,
cg02074714,-,False,
cg02084046,CXXC5,False,
cg02086310,ACSS1,False,
cg02091526,-,False,
cg02101203,FRMD4A,False,
cg02107844,SLCO3A1,False,
cg02112893,RAB11FIP4,False,
cg02114084,JDP2,False,
cg02115781,METTL8,False,
cg02116856,ACSL3,False,
cg02124446,C16orf74,False,
cg02124524,KIAA0182,False,
cg02140384,-,False,
cg02147126,AZU1,False,
cg02148324,ABCF2,False,
cg02149537,-,False,
cg02162324,HSF4;FBXL8,False,
cg02170785,-,False,
cg02172819,KCNMA1,False,
cg02175033,KIAA0247,False,
cg02178846,-,False,
cg02186444,ARMC7,False,
cg02206323,MIR1180;B9D1,False,
cg02216481,ALOX15B,False,
cg02221295,-,False,
cg02224394,PCDH15,False,
cg02225847,FAM65A,False,
cg02226672,SMPD3,False,
cg02233614,PFKFB2,False,
cg02237172,ZMYND10,False,
cg02237208,-,False,
cg02238012,IRX4,False,
cg02240622,PLCB2,False,
cg02245534,METRNL,False,
cg02246002,-,False,
cg02246876,CEBPE,False,
cg02251014,-,False,
cg02253701,-,False,
cg02257708,ARPC1B,False,
cg02272993,-,False,
cg02273797,-,False,
cg02278087,DENND5B,False,
cg02281662,KIF26A,False,
cg02295389,ASXL2,False,
cg02299328,RAPGEFL1,False,
cg02300652,CACNB4,False,
cg02305289,-,False,
cg02313379,-,False,
cg02317251,WDR1,False,
cg02323356,SPEG,False,
cg02324006,HMHA1,False,
cg02324835,-,False,
cg02328660,ARHGEF16,False,
cg02331830,PLEC1,False,
cg02338345,PDLIM1,False,
cg02342791,-,False,
cg02345747,LAMP3,False,
cg02346442,-,False,
cg02350636,SLC12A7,False,
cg02352252,-,False,
cg02353814,-,False,
cg02360862,MIXL1,False,
cg02371631,CDK15,False,
cg02372786,SIX3,False,
cg02376664,ZDHHC7,False,
cg02380813,GNAQ,False,
cg02383835,TLE2,False,
cg02385739,-,False,
cg02407372,C6orf164,False,
cg02410887,LYN,False,
cg02419362,SPPL3,False,
cg02426611,JPH3,False,
cg02427831,SIGLEC8,False,
cg02441090,OXCT1,False,
cg02446869,-,False,
cg02449461,ARRB1,False,
cg02449762,-,False,
cg02455383,CRYBB1,False,
cg02459569,LASS2,False,
cg02468250,PAX6,False,
cg02469356,SMURF1,False,
cg02473123,CD7,False,
cg02473287,YWHAQ,False,
cg02475695,NHLRC4,False,
cg02479022,SLC39A14,False,
cg02480298,PRR5L,False,
cg02481000,PRKCZ,False,
cg02484562,TBC1D2B,False,
cg02487130,SPEG,False,
cg02490736,FOXF2,False,
cg02493939,LOC80054;CEBPA,False,
cg02499139,TNIK,False,
cg02505596,-,False,
cg02513808,-,False,
cg02534164,-,False,
cg02539671,TREM2,False,
cg02541582,UGP2,False,
cg02543850,HIPK3,False,
cg02560388,-,False,
cg02569698,TULP1,False,
cg02573176,SLC10A5,False,
cg02579477,RGS5,False,
cg02580923,-,False,
cg02586198,MAZ,False,
cg02591634,BTNL2,False,
cg02595809,FOXD3,False,
cg02603518,-,False,
cg02607802,LMO7,False,
cg02611848,C2orf65,False,
cg02613380,UBTD1,False,
cg02618071,-,False,
cg02619834,ADD3,False,
cg02627657,CENPV,False,
cg02630629,KCNAB2,False,
cg02631196,MEGF6,False,
cg02633398,CBFA2T3,False,
cg02635407,SH3TC1,False,
cg02635623,BCKDK,False,
cg02639080,TRIM27,False,
cg02642126,TRAPPC9,False,
cg02699336,ERC2,False,
cg02699671,NXN,False,
cg02703728,UPP1,False,
cg02707114,-,False,
cg02709167,-,False,
cg02713760,BNC1,False,
cg02717470,-,False,
cg02721947,-,False,
cg02724047,B3GNT9,False,
cg02733847,LY6G5C,False,
cg02736288,-,False,
cg02737379,POPDC2,False,
cg02739870,SLC12A7,False,
cg02740007,-,False,
cg02741521,CPNE9,False,
cg02745912,-,False,
cg02747298,-,False,
cg02753354,HMHA1,False,
cg02761866,ASB8,False,
cg02766770,YPEL5,False,
cg02769614,EGFL8,False,
cg02769705,TMEM183B;TMEM183A,False,
cg02769743,TMEM201,False,
cg02770313,-,False,
cg02774632,RSU1,False,
cg02774856,HOMER3,False,
cg02780269,SECTM1,False,
cg02786019,TRPV6,False,
cg02789915,GYG1,False,
cg02794184,-,False,
cg02803925,PCYT1A,False,
cg02806739,CD7,False,
cg02811473,PPP1R16B,False,
cg02814118,CMIP,False,
cg02821342,MKLN1;FLJ43663,False,
cg02824888,-,False,
cg02826233,CDK2,False,
cg02835462,MAST2,False,
cg02836325,PGS1,False,
cg02836864,-,False,
cg02848448,CTTN,False,
cg02859042,NCOR2,False,
cg02863947,NR1I2,False,
cg02869444,-,False,
cg02871707,LOC100133545,False,
cg02893260,MTUS2,False,
cg02899346,RTN2,False,
cg02902412,ATP9B,False,
cg02902975,LRRC36;KCTD19,False,
cg02905198,ATP5G2,False,
cg02909097,RAP1GAP2,False,
cg02913511,CNNM4,False,
cg02927682,SSBP3,False,
cg02930951,CEBPB,False,
cg02931656,-,False,
cg02933639,SH3TC1,False,
cg02935097,BRDT,False,
cg02945192,CNN2,False,
cg02946885,C14orf143,False,
cg02947253,ADORA3,False,
cg02953520,TPK1,False,
cg02959486,-,False,
cg02964182,-,False,
cg02966574,CORO2B,False,
cg02970679,EPX,False,
cg02971546,SH3TC1,False,
cg02974976,CD58,False,
cg02977388,RNLS,False,
cg02977682,DERA,False,
cg02978139,KCNIP4,False,
cg02987547,-,False,
cg03002352,RAD51AP2,False,
cg03004484,-,False,
cg03004985,ALS2CL,False,
cg03008584,SHPRH,False,
cg03014427,PRPF39,False,
cg03018256,TTYH2,False,
cg03021496,OGFRL1,False,
cg03026306,CABYR,False,
cg03027244,-,False,
cg03030984,-,False,
cg03036422,PVRL1,False,
cg03037761,FZD4,False,
cg03047059,HHAT,False,
cg03054277,OBSCN,False,
cg03059991,-,False,
cg03060158,IP6K2,False,
cg03062454,RNF160,False,
cg03077077,TMEM155;LOC100192379,False,
cg03079733,RIPK4,False,
cg03086235,SOX7,False,
cg03088990,PLTP,False,
cg03092551,VRK2,False,
cg03094134,TRIM39,False,
cg03096746,HLA-G,False,
cg03110996,-,False,
cg03116466,MAD1L1,False,
cg03121834,PILRA,False,
cg03131366,-,False,
cg03131767,ABCB9,False,
cg03134653,BAT2,False,
cg03140135,EMP1,False,
cg03145924,-,False,
cg03146949,ZNF542,False,
cg03148503,-,False,
cg03154580,RALB,False,
cg03156546,TNRC6A,False,
cg03157027,OSR2,False,
cg03167633,-,False,
cg03168922,FASTK;TMUB1,False,
cg03180980,CPEB1,False,
cg03183631,-,False,
cg03190219,-,False,
cg03192231,ARPP-21,False,
cg03193589,FGD5,False,
cg03199646,ATXN7L1,False,
cg03209642,FES,False,
cg03210340,FLJ10357,False,
cg03217115,-,False,
cg03217729,CLEC16A,False,
cg03220633,FAM172A;MIR2277,False,
cg03221914,HIST1H2AJ,False,
cg03222066,ABCG4,False,
cg03222929,-,False,
cg03222975,JAKMIP1,False,
cg03227037,-,False,
cg03237648,SFMBT2,False,
cg03238090,-,False,
cg03238119,FOXK2,False,
cg03240663,SIGLEC14,False,
cg03243551,DAXX,False,
cg03249131,-,False,
cg03260624,CDC7,False,
cg03270395,TRAF3IP2,False,
cg03274401,ZDHHC2,False,
cg03278564,-,False,
cg03278639,-,False,
cg03285093,-,False,
cg03294491,SMAD2,False,
cg03309760,MAGEF1,False,
cg03327649,NEXN,False,
cg03340036,PIGY,False,
cg03340649,ZNF660,False,
cg03347095,PTPRN2,False,
cg03348466,CRTC3,False,
cg03351003,BCAR1,False,
cg03354113,KCNMA1,False,
cg03359540,MYLK4,False,
cg03365190,WHSC2,False,
cg03368046,FAM186A,False,
cg03374173,-,False,
cg03379131,ADAM15,False,
cg03395558,SHANK2,False,
cg03403168,-,False,
cg03406535,RBP7,False,
cg03411376,TRPM5,False,
cg03417182,SORBS1,False,
cg03428503,-,False,
cg03431738,ERG,False,
cg03440757,MOSC2,False,
cg03453890,SLC39A4,False,
cg03456938,HSF4;FBXL8,False,
cg03463208,-,False,
cg03469578,-,False,
cg03502236,MUC2,False,
cg03502791,-,False,
cg03505448,LOC255025,False,
cg03517466,RGS16,False,
cg03519157,DGKZ,False,
cg03519180,PDZD8,False,
cg03525433,CD96,False,
cg03526652,EXOC6B,False,
cg03533058,-,False,
cg03536404,ITSN2,False,
cg03546806,RBM19,False,
cg03547581,NUCKS1,False,
cg03550384,NECAB1,False,
cg03553914,BRSK2,False,
cg03554962,-,False,
cg03560879,C9orf24,False,
cg03564727,KCNA7,False,
cg03566479,TP53I3,False,
cg03567151,TEX101,False,
cg03567896,GRPEL1,False,
cg03578548,LOC286238,False,
cg03587907,NACC2,False,
cg03593669,-,False,
cg03595855,-,False,
cg03596479,CTSC,False,
cg03605420,FAM169A,False,
cg03606098,NADK,False,
cg03606509,CCDC50,False,
cg03608974,ZAK,False,
cg03611618,TNXB,False,
cg03630088,CPXM2,False,
cg03636234,RNF19A,False,
cg03637007,-,False,
cg03639929,-,False,
cg03654391,UBAC2,False,
cg03654623,AKAP8,False,
cg03660603,VGLL3,False,
cg03667317,FOXH1,False,
cg03671075,-,False,
cg03676947,-,False,
cg03690812,SH2B3,False,
cg03694157,GTF2IRD1,False,
cg03694279,-,False,
cg03702990,-,False,
cg03712541,SLC16A11,False,
cg03718025,-,False,
cg03720745,-,False,
cg03727333,SGMS1,False,
cg03730027,FLT4,False,
cg03733760,FGF19,False,
cg03766174,CMIP,False,
cg03767333,-,False,
cg03781505,-,False,
cg03806501,-,False,
cg03810301,GABBR1,False,
cg03819011,CDH4,False,
cg03832522,-,False,
cg03848074,-,False,
cg03854765,SLC23A2,False,
cg03863721,-,False,
cg03864128,CHMP4B,False,
cg03864483,UBE2E1,False,
cg03872623,AHSG,False,
cg03875819,-,False,
cg03880355,FAM169A,False,
cg03883331,ZNF238,False,
cg03890167,-,False,
cg03891590,C10orf140,False,
cg03892356,HOXC4;HOXC5;HOXC6,False,
cg03892838,LRRFIP1,False,
cg03894119,LOC642006,False,
cg03902462,LONRF1,False,
cg03904291,ABCG4,False,
cg03914735,ACPL2,False,
cg03915738,-,False,
cg03916189,-,False,
cg03916364,-,False,
cg03918071,FAM19A3,False,
cg03919942,MYLK,False,
cg03931518,FRAS1,False,
cg03956243,ATP5G2,False,
cg03960313,TNFRSF19,False,
cg03963011,ETS1,False,
cg03970350,TCN2,False,
cg03973663,LYN,False,
cg03983220,-,False,
cg04010248,C2orf85,False,
cg04017518,-,False,
cg04021697,WDR8,False,
cg04031105,-,False,
cg04031361,EDARADD,False,
cg04037640,TNXB,False,
cg04060366,-,False,
cg04064644,-,False,
cg04068564,ZNF831,False,
cg04068914,MTHFSD;FLJ30679,False,
cg04077085,SLC2A9,False,
cg04087039,PTPRN2,False,
cg04097131,JARID2,False,
cg04099767,ATP11A,False,
cg04100395,CLEC10A,False,
cg04114544,-,False,
cg04125370,LARP1,False,
cg04128237,-,False,
cg04131799,-,False,
cg04132353,CAPN14,False,
cg04135540,-,False,
cg04141129,BICD1,False,
cg04144533,RASSF5,False,
cg04148355,ERICH1,False,
cg04152196,PDE7B,False,
cg04152610,BRD4,False,
cg04153838,-,False,
cg04155147,-,False,
cg04162032,LOC646627,False,
cg04170298,AGBL1,False,
cg04172640,-,False,
cg04173396,-,False,
cg04176246,MSI2,False,
cg04176488,MGC23284,False,
cg04180086,IRX4,False,
cg04180114,ZC3H3,False,
cg04193015,ACACA,False,
cg04206417,EMID1,False,
cg04211179,ZBTB17,False,
cg04212081,-,False,
cg04212285,PTPRN2,False,
cg04215287,WWTR1,False,
cg04217850,SLC25A26,False,
cg04231085,-,False,
cg04232128,TMEM173,False,
cg04233686,-,False,
cg04237997,ESAM,False,
cg04244494,CCDC77,False,
cg04245961,MARK3,False,
cg04248512,-,False,
cg04250181,SLCO1B3,False,
cg04250873,-,False,
cg04255937,SETD1B,False,
cg04258124,CCDC19,False,
cg04260065,-,False,
cg04260867,ZBTB8A,False,
cg04264002,TNFAIP2,False,
cg04270048,TP53INP2,False,
cg04276301,OTX1,False,
cg04290133,GUSB,False,
cg04297406,LDB2,False,
cg04301614,C4orf19,False,
cg04304121,FAM179A,False,
cg04315923,-,False,
cg04321303,-,False,
cg04329390,PRR18,False,
cg04329478,LOC400696,False,
cg04334773,SMARCA4,False,
cg04338119,BANP,False,
cg04346459,NFYA;LOC221442,False,
cg04360675,-,False,
cg04362887,-,False,
cg04370174,SH3TC1,False,
cg04375036,PPP1CC,False,
cg04385523,C3orf23,False,
cg04391111,TP73;WDR8,False,
cg04395788,EXT1,False,
cg04396791,SHANK2,False,
cg04401763,-,False,
cg04406620,CYB5B,False,
cg04409030,SOCS2,False,
cg04410355,ADCK4,False,
cg04411086,-,False,
cg04415610,MIR548F5;DCLK1,False,
cg04423187,BRD4,False,
cg04424597,-,False,
cg04428139,DCAF5,False,
cg04431002,USP10,False,
cg04434994,C6orf222,False,
cg04442631,APOL4,False,
cg04459091,GFPT2,False,
cg04459545,USHBP1,False,
cg04468092,LGI2,False,
cg04478931,ARHGAP24,False,
cg04484126,-,False,
cg04493432,SH3TC1,False,
cg04497992,NHLRC4,False,
cg04504066,PAX6,False,
cg04504205,ZMYND8;LOC100131496,False,
cg04510874,FES,False,
cg04526104,-,False,
cg04535966,LPP,False,
cg04545296,ZNF641,False,
cg04546573,GULP1,False,
cg04552206,TLX1,False,
cg04557294,KIAA0247,False,
cg04557883,C6orf145,False,
cg04569594,SNX4,False,
cg04576707,MOBKL1A,False,
cg04578935,KIAA1614,False,
cg04581214,C19orf23,False,
cg04586023,HDAC10,False,
cg04587617,-,False,
cg04591709,-,False,
cg04597449,GPR150,False,
cg04599041,EPB41L2,False,
cg04600466,-,False,
cg04605681,SH3TC1,False,
cg04607379,PEX14,False,
cg04609694,-,False,
cg04613313,-,False,
cg04642923,-,False,
cg04653522,RAB38,False,
cg04657183,-,False,
cg04662983,PPM1E,False,
cg04664179,PRX,False,
cg04664309,-,False,
cg04671541,TAGLN3,False,
cg04671932,MAGI2,False,
cg04673465,CDS1,False,
cg04677410,MAML2,False,
cg04678231,NR4A1,False,
cg04681525,-,False,
cg04692506,SPI1,False,
cg04701505,POU4F3,False,
cg04704634,IL3,False,
cg04707332,TBX15,False,
cg04709306,IQGAP2,False,
cg04709771,RAB40C,False,
cg04730794,DOCK2,False,
cg04738464,-,False,
cg04739460,ZNF415,False,
cg04742985,DDX39,False,
cg04743650,VCAM1,False,
cg04744624,LAMB1,False,
cg04755561,PKMYT1,False,
cg04764056,CLC,False,
cg04768602,OSR2,False,
cg04774043,SFXN2,False,
cg04789365,MAP3K6,False,
cg04793632,PRKRIP1,False,
cg04803944,-,False,
cg04809787,CHRNB1,False,
cg04811540,-,False,
cg04813880,TMEM159;DNAH3,False,
cg04836151,-,False,
cg04840702,-,False,
cg04850059,-,False,
cg04851702,CMIP,False,
cg04855494,SRGAP3,False,
cg04858164,TCF12,False,
cg04860238,-,False,
cg04870918,FAM129A,False,
cg04875789,PODXL,False,
cg04877737,-,False,
cg04884579,EPHA1,False,
cg04884612,HLA-L,False,
cg04885574,SLC22A11,False,
cg04886783,TMEM52,False,
cg04887278,PGM3;RWDD2A,False,
cg04889221,CCDC37,False,
cg04896949,RAB42,False,
cg04913250,PRKG1,False,
cg04919592,IQCE,False,
cg04921771,TRIT1,False,
cg04929355,IL18,False,
cg04932340,-,False,
cg04938107,ENPP7,False,
cg04948284,LTBP3,False,
cg04949225,-,False,
cg04961225,-,False,
cg04966972,KCNK15,False,
cg04979811,-,False,
cg04982834,EVI5,False,
cg04983687,ZFPM1,False,
cg04986616,C11orf95,False,
cg04988729,PHRF1,False,
cg04991639,-,False,
cg04998447,PLIN1,False,
cg05003322,COL16A1,False,
cg05004855,CAMK2A,False,
cg05005217,CDCA2,False,
cg05014103,SPERT,False,
cg05021896,TRIM9,False,
cg05037033,-,False,
cg05044994,LPP;FLJ42393,False,
cg05051799,-,False,
cg05057352,XYLT1,False,
cg05061107,SF1,False,
cg05072552,CFL1,False,
cg05076697,-,False,
cg05078091,APLP2,False,
cg05089897,DYRK1A,False,
cg05096777,SUFU,False,
cg05115375,FMN1,False,
cg05136531,THUMPD2,False,
cg05140806,SHH,False,
cg05141059,ACAP2,False,
cg05141234,RGL2,False,
cg05142520,WNT10B,False,
cg05143842,-,False,
cg05144635,SORCS2,False,
cg05144642,-,False,
cg05147578,PEX26,False,
cg05164540,-,False,
cg05164634,WNT10B,False,
cg05180856,FES,False,
cg05184016,ZNF862,False,
cg05209514,CPM,False,
cg05211267,-,False,
cg05215575,SEPT12;LOC440335,False,
cg05218678,-,False,
cg05233670,CORO1C,False,
cg05238530,POLR2E,False,
cg05240166,TMEM159;DNAH3,False,
cg05241461,ZNF492,False,
cg05248542,CCDC109B,False,
cg05262549,NMNAT2,False,
cg05265512,TGIF1,False,
cg05269258,-,False,
cg05281603,BTG4;C11orf88;MIR34C,False,
cg05287314,FAM110A,False,
cg05298510,USP10,False,
cg05300717,DKFZp761E198,False,
cg05303999,KCNB1,False,
cg05306109,ITPKB,False,
cg05310486,-,False,
cg05314024,LOC149134,False,
cg05316601,MMP26,False,
cg05322500,-,False,
cg05335975,JPH4,False,
cg05337019,SLC25A34,False,
cg05337636,RPTOR,False,
cg05341904,RIPK4,False,
cg05344747,CD59,False,
cg05357717,RTEL1,False,
cg05364307,-,False,
cg05368555,SUOX,False,
cg05369766,-,False,
cg05372753,-,False,
cg05373723,CLGN,False,
cg05389236,-,False,
cg05396425,C16orf5,False,
cg05398095,YOD1,False,
cg05398769,CASZ1,False,
cg05399785,WDR8,False,
cg05404792,MT1L,False,
cg05405094,-,False,
cg05419854,-,False,
cg05422796,ZFP161,False,
cg05422883,-,False,
cg05429117,-,False,
cg05434641,-,False,
cg05453411,-,False,
cg05454635,CYP11A1,False,
cg05461386,ZNF454,False,
cg05464506,-,False,
cg05465955,COASY,False,
cg05468064,-,False,
cg05471169,-,False,
cg05475440,NLK,False,
cg05477517,-,False,
cg05480350,MIR1205;PVT1,False,
cg05481452,BEST1,False,
cg05482306,LOC100286948;TIMD4,False,
cg05482942,-,False,
cg05485250,ADAMTS18,False,
cg05490924,LOC151534;LBX2,False,
cg05492442,MAPK4,False,
cg05494073,HSPA1L,False,
cg05499338,CMIP,False,
cg05501285,P4HA2,False,
cg05503887,EHF,False,
cg05524246,OLFML2B,False,
cg05525368,CDC20,False,
cg05527185,THBS4,False,
cg05527491,B3GNT9,False,
cg05552543,-,False,
cg05559643,TNIP3,False,
cg05560635,MSI2,False,
cg05585475,-,False,
cg05587627,DDX6,False,
cg05592035,CD300A,False,
cg05603258,ZNF532,False,
cg05607053,SOX6,False,
cg05608790,AUTS2,False,
cg05609091,UGT1A10;UGT1A6;UGT1A3;UGT1A8;UGT1A4;UGT1A9;UGT1A7;UGT1A5,False,
cg05612608,-,False,
cg05627557,-,False,
cg05627765,-,False,
cg05644480,APOC1,False,
cg05650674,CDH3,False,
cg05656180,KCNQ1DN,False,
cg05660681,ZNF611,False,
cg05668894,ZNF844,False,
cg05679403,RELL1,False,
cg05690260,SEL1L3,False,
cg05695762,-,False,
cg05702218,RABGAP1L,False,
cg05704183,-,False,
cg05706582,LFNG,False,
cg05711037,DGKD,False,
cg05712295,CTBP1,False,
cg05714496,INPP5A,False,
cg05715138,ALOX15,False,
cg05716350,-,False,
cg05718255,HMOX1,False,
cg05720226,ST7;ST7OT2,False,
cg05729490,-,False,
cg05736236,EPHA4,False,
cg05736642,HTT,False,
cg05744264,COX4NB,False,
cg05773628,NCKAP1,False,
cg05779272,B4GALT1,False,
cg05780883,-,False,
cg05784157,KLHL14,False,
cg05801246,CPXM2,False,
cg05803296,ATXN7L1,False,
cg05815419,PYROXD2,False,
cg05816398,-,False,
cg05821186,LOC100130872;LOC100130872-SPON2,False,
cg05828925,FLJ14107;BIN3,False,
cg05829145,NCRNA00051,False,
cg05832593,OTP,False,
cg05844895,CBFA2T3,False,
cg05850870,-,False,
cg05856677,-,False,
cg05864261,ABCG8;ABCG5,False,
cg05867750,-,False,
cg05878630,HDDC3;UNC45A,False,
cg05885668,-,False,
cg05890855,-,False,
cg05892024,PDGFA,False,
cg05892425,-,False,
cg05904218,SCAF1,False,
cg05907835,PYCARD,False,
cg05915981,AKAP7,False,
cg05916684,-,False,
cg05917419,ZNF608,False,
cg05923914,DKFZp779M0652,False,
cg05924583,TP73,False,
cg05929019,LAMC2,False,
cg05931265,UBASH3B,False,
cg05931439,MMP14,False,
cg05936004,ATP2C1,False,
cg05939041,ITPK1,False,
cg05950943,NTN3,False,
cg05951558,ECE2,False,
cg05958050,MT1G;MT1H,False,
cg05965490,RBPMS,False,
cg05966431,CAMTA1,False,
cg05970033,-,False,
cg05972889,-,False,
cg05973262,NOTCH4,False,
cg05983231,-,False,
cg05989054,GAMT,False,
cg05990312,-,False,
cg05997362,LYN,False,
cg06005891,FOXF2,False,
cg06009042,ANXA6,False,
cg06033659,COL9A3,False,
cg06039392,MTNR1A,False,
cg06040872,CCL18,False,
cg06041805,-,False,
cg06048750,KLF6,False,
cg06061966,DGKZ,False,
cg06062940,PNPLA5,False,
cg06065608,PACRG;PARK2,False,
cg06070625,MITF,False,
cg06080874,-,False,
cg06086731,-,False,
cg06087932,METTL7B,False,
cg06093525,-,False,
cg06095115,CLEC3A,False,
cg06100756,-,False,
cg06128123,FLJ22536,False,
cg06133110,SCRN1,False,
cg06147361,SOX5,False,
cg06148118,LMO2,False,
cg06151744,P2RX5,False,
cg06154159,-,False,
cg06154903,EHD1,False,
cg06160397,LFNG,False,
cg06177967,FAM46B,False,
cg06178179,CA7,False,
cg06181567,NOD2,False,
cg06188083,IFIT3,False,
cg06190082,-,False,
cg06221712,-,False,
cg06224893,DNMT3A,False,
cg06230847,TRIM39,False,
cg06240200,CCDC12,False,
cg06241901,TTBK1,False,
cg06252276,-,False,
cg06270401,DYRK4,False,
cg06280965,-,False,
cg06281680,-,False,
cg06297145,NFXL1,False,
cg06315149,PRKCZ,False,
cg06329392,-,False,
cg06330618,FES,False,
cg06337592,OR5H2,False,
cg06345856,LAMA4,False,
cg06362052,-,False,
cg06366107,ZBTB7B,False,
cg06373377,CDC20,False,
cg06373816,RIMBP2,False,
cg06380199,PRDM16,False,
cg06385583,-,False,
cg06389444,HRNBP3,False,
cg06391412,FOXP1,False,
cg06392753,IL1R1,False,
cg06394874,ZNF257,False,
cg06400319,SPRR2B,False,
cg06409176,SLC8A2,False,
cg06410591,TRIP10,False,
cg06411578,NFE2,False,
cg06413794,AACS,False,
cg06415153,PITPNM2,False,
cg06416221,ORAOV1,False,
cg06416733,-,False,
cg06421614,DLG4,False,
cg06430465,LMF1,False,
cg06432036,DLL1,False,
cg06433023,NR2E1,False,
cg06434428,HAPLN1,False,
cg06441106,TUFT1,False,
cg06453241,-,False,
cg06454226,NDC80;METTL4,False,
cg06471905,ADAM11,False,
cg06480353,-,False,
cg06483820,AKAP1,False,
cg06484274,XRN1,False,
cg06495615,ARID3A,False,
cg06503456,ABCC1,False,
cg06512350,MED12L,False,
cg06517181,KNDC1,False,
cg06518387,-,False,
cg06520307,KRBA1,False,
cg06520331,LOC100188947;HECTD2,False,
cg06521544,ARHGEF3,False,
cg06524531,-,False,
cg06526872,ARTN,False,
cg06527100,TBCK,False,
cg06528737,USP6NL,False,
cg06542681,VAC14,False,
cg06547175,-,False,
cg06556702,GEFT,False,
cg06558622,ZNF862,False,
cg06559756,PITPNC1,False,
cg06560887,LMO2,False,
cg06563229,VIPR2,False,
cg06566034,-,False,
cg06572160,KCNC3,False,
cg06575572,FAM118A,False,
cg06593447,-,False,
cg06597413,-,False,
cg06609866,-,False,
cg06617692,GNA14,False,
cg06620016,-,False,
cg06621126,HSF4,False,
cg06633463,-,False,
cg06633615,-,False,
cg06647693,ZFPM1,False,
cg06647928,-,False,
cg06648780,ALCAM,False,
cg06660522,-,False,
cg06669226,-,False,
cg06672250,EPB49,False,
cg06672737,CPLX1,False,
cg06673130,CPLX1,False,
cg06678678,-,False,
cg06678890,DOT1L,False,
cg06694734,-,False,
cg06698575,-,False,
cg06699461,EBF3,False,
cg06700146,BCL6B,False,
cg06703573,UBE2I,False,
cg06705237,FBP1,False,
cg06709297,C2orf48,False,
cg06710259,-,False,
cg06712053,MSLNL,False,
cg06721473,HYAL2,False,
cg06721601,CUX1,False,
cg06725287,FOXK2,False,
cg06735218,OR51E1,False,
cg06737981,BCR,False,
cg06741803,NSUN4,False,
cg06745030,B3GNT7,False,
cg06746096,-,False,
cg06753684,-,False,
cg06755448,ZNF276,False,
cg06756385,EVL,False,
cg06758644,VPS13D,False,
cg06759971,KIAA0513,False,
cg06768010,LOC151534;LBX2,False,
cg06769231,MIR2117,False,
cg06781209,FADS2,False,
cg06781608,PTPRN2,False,
cg06787912,C21orf82,False,
cg06789445,MITF,False,
cg06792126,-,False,
cg06793505,ACADS,False,
cg06795741,MIR645,False,
cg06797389,PATL2,False,
cg06800840,OASL,False,
cg06816239,SELL,False,
cg06835018,-,False,
cg06845438,ZNF662,False,
cg06846010,MT1L,False,
cg06849477,PRR5,False,
cg06850442,HOTAIR,False,
cg06850687,-,False,
cg06850996,RAPGEF3,False,
cg06854197,-,False,
cg06858186,-,False,
cg06861426,SQSTM1,False,
cg06871974,TNS3,False,
cg06872138,ETF1,False,
cg06879822,DEDD2,False,
cg06889756,PRKD2,False,
cg06891006,WDR1,False,
cg06892898,ELMO1,False,
cg06898463,PBLD,False,
cg06913337,ZFPM1,False,
cg06928993,BCAT2,False,
cg06930433,GLG1,False,
cg06934572,ASAP2,False,
cg06935356,XYLT1,False,
cg06937939,-,False,
cg06954761,ITPR3,False,
cg06968912,PTRF,False,
cg06972911,FAM59A,False,
cg06974175,ART5,False,
cg06974662,-,False,
cg06975018,ARG1,False,
cg06983322,RHBDL1,False,
cg06996273,TP73,False,
cg07006853,ZNF395,False,
cg07007118,CXCR7,False,
cg07007621,C16orf55;CHMP1A,False,
cg07011163,SLC16A11,False,
cg07013698,-,False,
cg07017869,-,False,
cg07025593,-,False,
cg07028869,DNAJC22,False,
cg07033722,PPT1,False,
cg07033876,-,False,
cg07037374,-,False,
cg07040604,-,False,
cg07044938,-,False,
cg07046030,-,False,
cg07052231,PEX5,False,
cg07058694,ATXN2,False,
cg07060074,SUOX,False,
cg07060204,MYT1L,False,
cg07064720,-,False,
cg07080231,-,False,
cg07081759,FAM53B,False,
cg07085167,FBXO34,False,
cg07096238,-,False,
cg07099827,SYNGR3,False,
cg07100508,SEMA6A,False,
cg07102397,FOXN3,False,
cg07104919,C11orf49,False,
cg07110010,HEATR2,False,
cg07136133,PRR5L,False,
cg07137606,PLD5,False,
cg07145284,CD248,False,
cg07145598,IQCH,False,
cg07148591,MIR548H4;GLCE,False,
cg07156824,RAB35,False,
cg07159230,CASZ1,False,
cg07167946,IRX4,False,
cg07177867,LYSMD2,False,
cg07181374,PLEKHG5,False,
cg07184013,MIR148A,False,
cg07185119,EHD3,False,
cg07192734,ACSF3,False,
cg07197230,CECR2,False,
cg07211476,-,False,
cg07216436,-,False,
cg07217954,C7orf50,False,
cg07236781,RUNX3,False,
cg07241925,MAEA,False,
cg07243930,TRPC2,False,
cg07249730,MSI2,False,
cg07258167,QDPR,False,
cg07258838,FAM26D;BET3L,False,
cg07267550,PRCD,False,
cg07269682,TSPAN4;POLR2L,False,
cg07274590,-,False,
cg07277633,ATP2C2,False,
cg07279321,PHACTR1,False,
cg07291836,TP53RK,False,
cg07298431,PRDM10,False,
cg07313835,POU2F1,False,
cg07316166,-,False,
cg07324381,GPSM1;LOC26102,False,
cg07336426,-,False,
cg07337602,ST6GAL1,False,
cg07344172,KIF21B,False,
cg07344315,RAP1B,False,
cg07350501,CSDAP1,False,
cg07352158,FSTL1,False,
cg07359306,ITIH1,False,
cg07368796,-,False,
cg07374808,BRUNOL4,False,
cg07380590,-,False,
cg07385573,USP36,False,
cg07387383,-,False,
cg07393674,-,False,
cg07403899,-,False,
cg07405370,DNAJC5,False,
cg07411238,B4GALNT1,False,
cg07414492,ADAM33,False,
cg07418175,D4S234E,False,
cg07422042,LOC150197,False,
cg07435331,-,False,
cg07439157,CYGB,False,
cg07443710,-,False,
cg07446767,-,False,
cg07449799,ZNF35,False,
cg07452706,NUDT14,False,
cg07457252,-,False,
cg07463445,-,False,
cg07471461,-,False,
cg07488576,SDPR,False,
cg07507518,FRMD6,False,
cg07517893,PPP1R13L,False,
cg07533630,IFI30,False,
cg07552087,MLST8,False,
cg07557690,TGFBR3,False,
cg07559178,-,False,
cg07564962,-,False,
cg07601967,PAK7,False,
cg07609780,-,False,
cg07613752,-,False,
cg07614623,-,False,
cg07617814,ZNF217,False,
cg07618453,KCNQ1,False,
cg07619672,DAPK2,False,
cg07621645,ARHGAP15,False,
cg07621749,LTK,False,
cg07624918,-,False,
cg07633835,FBXO18,False,
cg07639982,CAMK1D,False,
cg07646362,-,False,
cg07651832,-,False,
cg07654282,OR6B1,False,
cg07660671,SOX7,False,
cg07664999,RIMS2,False,
cg07671644,PRKD3,False,
cg07677850,ADORA2B,False,
cg07688779,MEIS2,False,
cg07690734,LRRC27,False,
cg07691152,-,False,
cg07692939,ELTD1,False,
cg07693617,PRKCZ,False,
cg07693974,ORAI3,False,
cg07700925,-,False,
cg07704981,NOS2,False,
cg07706053,PAX7,False,
cg07711387,-,False,
cg07717632,C9orf167,False,
cg07721569,TFAP2A,False,
cg07723158,KISS1R,False,
cg07727884,MFAP4,False,
cg07729082,ZC3H18,False,
cg07733260,SETMAR,False,
cg07747220,OXT,False,
cg07748741,UBTD1,False,
cg07750741,CYFIP2,False,
cg07760161,TP53;WRAP53,False,
cg07763376,COL23A1,False,
cg07771727,-,False,
cg07781995,-,False,
cg07793638,PHF13,False,
cg07795614,-,False,
cg07795928,ITPKB,False,
cg07798560,-,False,
cg07799572,NAIP,False,
cg07804289,SPRR2C,False,
cg07805604,CCDC106,False,
cg07808899,-,False,
cg07809176,REP15,False,
cg07813851,CAMTA1,False,
cg07816074,SH3TC1,False,
cg07819010,-,False,
cg07835443,C16orf55,False,
cg07841173,GATA2,False,
cg07846167,FBLIM1,False,
cg07861448,MSC,False,
cg07862461,SIRPA,False,
cg07862554,MME,False,
cg07869839,SIGLEC15,False,
cg07870528,-,False,
cg07875121,PFDN1,False,
cg07877229,EPHB6,False,
cg07891533,-,False,
cg07893474,C3orf43,False,
cg07908654,-,False,
cg07914457,NR0B2,False,
cg07914856,-,False,
cg07915730,TSPAN9,False,
cg07916022,GPR39;LYPD1,False,
cg07935340,NPPC,False,
cg07948968,SEPT12;LOC440335,False,
cg07954423,FAM102A,False,
cg07955126,LRPAP1,False,
cg07961479,VSIG8;C1orf204,False,
cg07967632,LRRK1,False,
cg07968770,TMEM159;DNAH3,False,
cg07970948,ZNF862,False,
cg07979747,DDR1,False,
cg07993350,FGFBP1,False,
cg07999415,NUMA1,False,
cg08000684,RGL3,False,
cg08003789,-,False,
cg08015382,-,False,
cg08017911,AGPAT9,False,
cg08018572,LMF1,False,
cg08030282,F11R,False,
cg08042322,NT5DC3,False,
cg08044454,ELMO1,False,
cg08047482,RAB3D,False,
cg08065733,INHBB,False,
cg08076018,ANGPTL2;RALGPS1,False,
cg08078751,-,False,
cg08082810,-,False,
cg08085199,CIRH1A,False,
cg08085357,SOX2OT,False,
cg08098868,ANKFN1,False,
cg08101174,-,False,
cg08106339,OR51A2,False,
cg08110693,PXT1,False,
cg08123528,RYBP,False,
cg08126542,-,False,
cg08126875,-,False,
cg08129761,C6orf126,False,
cg08134680,EPHA10,False,
cg08136042,FIGNL2,False,
cg08140055,KY,False,
cg08142918,FOXF1,False,
cg08145177,ABHD8,False,
cg08146323,ZNF835,False,
cg08148802,LSP1,False,
cg08151442,LRRFIP1,False,
cg08154963,RAD51L3,False,
cg08158662,-,False,
cg08158862,NR5A2,False,
cg08161491,SDHC,False,
cg08161802,SDC3,False,
cg08173709,FOXP1,False,
cg08178956,-,False,
cg08183407,-,False,
cg08184936,-,False,
cg08185345,EFNA3,False,
cg08193579,LRRC34,False,
cg08198176,ITGA9,False,
cg08202836,LRRC33,False,
cg08204162,PEBP4,False,
cg08206318,PITX1,False,
cg08207604,DEF6,False,
cg08239753,PPP1R3E,False,
cg08239906,RNF126,False,
cg08251815,C2orf89,False,
cg08253808,WDR20,False,
cg08256939,ADORA3,False,
cg08268892,ARID1B,False,
cg08273640,TBC1D14,False,
cg08273772,ATXN2,False,
cg08284993,ANKRD11,False,
cg08288016,FAT1,False,
cg08293531,LRRK1,False,
cg08310008,-,False,
cg08312765,-,False,
cg08313539,-,False,
cg08315145,INPPL1,False,
cg08317263,CCDC69,False,
cg08319974,-,False,
cg08349400,GCLC,False,
cg08355260,LOC151534;LBX2,False,
cg08357125,-,False,
cg08358683,NNT,False,
cg08370173,-,False,
cg08374746,AGAP1,False,
cg08375286,DAXX,False,
cg08382332,-,False,
cg08388111,DDIT4,False,
cg08392484,ELL2,False,
cg08393788,-,False,
cg08394896,FBXL18,False,
cg08396863,TUBA4B;TUBA4A,False,
cg08404225,IL5RA,True,IL5RA
cg08411833,-,False,
cg08412537,-,False,
cg08413427,DBF4B,False,
cg08420239,ZNF768,False,
cg08425187,-,False,
cg08426951,CCDC61;MIR769,False,
cg08427717,ICAM1,False,
cg08429256,SLC16A3,False,
cg08435683,SLC23A2,False,
cg08438071,PANK1,False,
cg08443717,-,False,
cg08447934,ACVRL1,False,
cg08448751,SEMA3G,False,
cg08454563,SLC35E4,False,
cg08458678,SHANK2,False,
cg08462941,PTPRS,False,
cg08463297,-,False,
cg08466792,-,False,
cg08472341,-,False,
cg08472633,GALNS,False,
cg08472795,HS6ST1,False,
cg08477158,BCAS3,False,
cg08480774,KIAA0182,False,
cg08499881,AANAT,False,
cg08504583,SLAIN1,False,
cg08529345,-,False,
cg08535978,MBNL1,False,
cg08541297,IGFBP3,False,
cg08541457,-,False,
cg08541642,SYN2,False,
cg08543327,SLC12A7,False,
cg08548089,-,False,
cg08562099,MSI2,False,
cg08563299,NWD1,False,
cg08568554,BIVM,False,
cg08569517,TMPRSS9,False,
cg08571304,DLG5,False,
cg08572336,SHANK1,False,
cg08573355,TAPBP;ZBTB22,False,
cg08574558,-,False,
cg08575894,-,False,
cg08577953,-,False,
cg08607612,-,False,
cg08614871,KLF6,False,
cg08615567,CPXM2,False,
cg08622757,MNX1,False,
cg08625239,SLFN5,False,
cg08639339,SLC45A3,False,
cg08640475,-,False,
cg08642068,SPAG4L,False,
cg08642285,CALML4,False,
cg08651538,C5orf13,False,
cg08652369,LRIG1,False,
cg08666707,-,False,
cg08671647,PCDH7,False,
cg08676249,AUTS2,False,
cg08691422,TP53;WRAP53,False,
cg08692006,TNFAIP8L1,False,
cg08693745,-,False,
cg08710629,SLC7A5,False,
cg08715226,TNFRSF6B,False,
cg08716396,SDHC;LOC642502,False,
cg08726338,PLEKHH2;LOC728819,False,
cg08730743,SKI,False,
cg08747889,PTK7,False,
cg08749351,TIMP2,False,
cg08764599,-,False,
cg08767938,-,False,
cg08772567,KCNMA1,False,
cg08773180,PRG2,False,
cg08776014,RIPK4,False,
cg08776109,HYAL2,False,
cg08782002,CCDC47,False,
cg08784934,DIP2C,False,
cg08787791,C13orf30,False,
cg08807995,SOLH,False,
cg08811314,CMIP,False,
cg08820104,-,False,
cg08826152,ADORA2B,False,
cg08827454,-,False,
cg08827674,LLGL2,False,
cg08833675,SOX7,False,
cg08843064,-,False,
cg08848753,SLC26A1,False,
cg08848903,TGFBR3,False,
cg08849628,-,False,
cg08853735,-,False,
cg08858998,-,False,
cg08862373,-,False,
cg08866794,C6orf132,False,
cg08886063,VPS53,False,
cg08905753,HLA-DOB,False,
cg08916374,POLR3GL;ANKRD34A,False,
cg08923349,RRAS2,False,
cg08940169,ZFPM1,False,
cg08942527,EFNA5,False,
cg08943494,PRR5L,False,
cg08946601,NR2E1,False,
cg08949974,RBM47,False,
cg08956463,TREML2,False,
cg08959182,-,False,
cg08959230,ZNF48,False,
cg08966306,-,False,
cg08969102,-,False,
cg08973717,DDAH2,False,
cg08978665,IL32,False,
cg08981041,-,False,
cg08986840,-,False,
cg09001591,FAM179A,False,
cg09004195,EPHA4,False,
cg09005159,CLIP2,False,
cg09011891,-,False,
cg09012001,IFFO2,False,
cg09018739,CPNE2,False,
cg09020649,FZD6,False,
cg09028855,EIF2S2,False,
cg09037813,LRRFIP1,False,
cg09048129,USP2,False,
cg09051119,MYH9,False,
cg09061454,ZNF668,False,
cg09072560,MARCKSL1,False,
cg09076337,TSHR,False,
cg09078527,-,False,
cg09080522,PARVG,False,
cg09089242,LMO2,False,
cg09092280,-,False,
cg09107710,TNXB,False,
cg09116618,-,False,
cg09117778,-,False,
cg09120171,NLK,False,
cg09128169,MFHAS1,False,
cg09132058,-,False,
cg09143964,FAM196B;DOCK2,False,
cg09147140,KBTBD11,False,
cg09148344,CAMTA1,False,
cg09168808,-,False,
cg09171638,B3GNTL1,False,
cg09175620,LDLRAD1,False,
cg09181559,OVOL1,False,
cg09182435,CAMTA1,False,
cg09212118,GUCA2A,False,
cg09219547,RPS6KA2,False,
cg09223851,SH2B2,False,
cg09225373,-,False,
cg09226596,-,False,
cg09234161,CCDC102A,False,
cg09248276,-,False,
cg09249101,-,False,
cg09249800,ACOT7,False,
cg09251328,OAZ3,False,
cg09251737,RPL23AP64;CCDC84,False,
cg09257526,IL6R,False,
cg09269945,BMP7,False,
cg09270346,-,False,
cg09289674,GLDN,False,
cg09290600,-,False,
cg09314196,ZNF492,False,
cg09314700,-,False,
cg09332506,COPA,False,
cg09333785,SH3TC1,False,
cg09335712,TEX2,False,
cg09336988,ARHGEF1,False,
cg09344028,-,False,
cg09355027,-,False,
cg09357438,SPINK2,False,
cg09360974,-,False,
cg09366342,PAX7,False,
cg09372546,MFSD3,False,
cg09377531,TRAPPC9,False,
cg09378756,PCK2,False,
cg09410271,CD86,False,
cg09417809,-,False,
cg09419444,WWP2,False,
cg09440603,NCRNA00111,False,
cg09446896,AAK1,False,
cg09449069,-,False,
cg09451092,CCDC19,False,
cg09462576,MRPL55,False,
cg09470010,GBF1,False,
cg09482611,CST6,False,
cg09486902,-,False,
cg09489306,-,False,
cg09491828,-,False,
cg09494609,TENC1,False,
cg09499482,FBXL22,False,
cg09507215,ATP11A,False,
cg09509183,IRF6,False,
cg09513259,GBGT1,False,
cg09513276,BMP7,False,
cg09534489,IFT140,False,
cg09537533,-,False,
cg09537620,PAX6,False,
cg09545579,BAHCC1,False,
cg09553380,ADAM23,False,
cg09557462,ADRA1A,False,
cg09557766,-,False,
cg09565310,MCC,False,
cg09565319,SMOC2,False,
cg09577575,-,False,
cg09579833,UBA7,False,
cg09584591,TGFBI,False,
cg09586183,TLX1;TLX1NB,False,
cg09596116,MIR148A,False,
cg09619786,RPP25,False,
cg09632271,STAP1,False,
cg09641578,BAHD1,False,
cg09646173,PDE6A,False,
cg09658645,ENPP7,False,
cg09662852,-,False,
cg09673208,ODZ4,False,
cg09676390,ADARB1;C21orf122,False,
cg09678212,CTNNB1,False,
cg09692822,INTS1,False,
cg09695261,TMEM105,False,
cg09696385,SND1,False,
cg09696535,BPIL2,False,
cg09700210,MYOCD,False,
cg09700701,GAL3ST3,False,
cg09701144,-,False,
cg09709472,SOX7,False,
cg09723161,LFNG,False,
cg09730500,GPR56,False,
cg09734761,-,False,
cg09747633,-,False,
cg09754110,CASZ1,False,
cg09754272,C1orf61,False,
cg09766547,NOD1,False,
cg09768821,UQCRHL,False,
cg09774932,WNT5B,False,
cg09780241,-,False,
cg09784168,DOCK4,False,
cg09791743,CNPY3,False,
cg09793776,PPP1CA,False,
cg09809672,EDARADD,False,
cg09813986,ZFR,False,
cg09816018,TRIM31,False,
cg09820180,-,False,
cg09824603,-,False,
cg09834049,CDH24,False,
cg09847368,GALNT2,False,
cg09859596,ALPL,False,
cg09863066,PVALB,False,
cg09868354,-,False,
cg09871265,-,False,
cg09882901,-,False,
cg09890077,NAALADL2,False,
cg09894383,HSD17B2,False,
cg09907758,C11orf95,False,
cg09911485,DEGS2,False,
cg09915500,ETS1,False,
cg09921555,TOMM34,False,
cg09933329,GCK,False,
cg09940188,SMYD4,False,
cg09941381,RTKN2,False,
cg09941406,-,False,
cg09959718,SLC3A1,False,
cg09965939,NIPAL2,False,
cg09976716,CAPZB,False,
cg09981533,BAT1,False,
cg09983546,-,False,
cg09985832,FAM150B,False,
cg10006419,SPEM1,False,
cg10022788,GNA15,False,
cg10024583,TBKBP1,False,
cg10042132,-,False,
cg10049789,SH3TC1,False,
cg10054641,TMEM71,False,
cg10055398,HLA-DPB2,False,
cg10055950,C1GALT1,False,
cg10056482,EEPD1,False,
cg10056728,PA2G4;ERBB3,False,
cg10057098,LOC728448;BMP8A,False,
cg10057879,RHBDL3,False,
cg10075287,ZNF385B,False,
cg10075360,DPYSL2,False,
cg10077746,DUSP6,False,
cg10091866,HMCN1,False,
cg10096040,-,False,
cg10099827,-,False,
cg10101773,JDP2,False,
cg10110884,AADAC,False,
cg10111816,CDR2,False,
cg10112017,-,False,
cg10127660,REEP4,False,
cg10127921,-,False,
cg10130088,-,False,
cg10132273,CHRNA2,False,
cg10133935,DAZAP1,False,
cg10138630,EVPL,False,
cg10142874,LPIN1,False,
cg10143426,TP73;WDR8,False,
cg10149582,CMTM5,False,
cg10156042,DEPDC5,False,
cg10159529,IL5RA,True,IL5RA
cg10163122,C6orf106,False,
cg10168330,PTK2B,False,
cg10168635,C2orf88,False,
cg10172253,TTLL7,False,
cg10186733,-,False,
cg10187792,RAB37,False,
cg10194536,NXN,False,
cg10205045,ANP32A,False,
cg10211873,KIAA0513,False,
cg10227919,RFX2,False,
cg10238080,-,False,
cg10240148,-,False,
cg10242372,-,False,
cg10244976,LMF1,False,
cg10246903,-,False,
cg10257332,DHX30,False,
cg10264529,PCK2,False,
cg10285618,MIR559;EPCAM,False,
cg10298741,ZFHX3,False,
cg10299610,-,False,
cg10301767,-,False,
cg10310595,HLA-DMB,False,
cg10328171,KIAA0513,False,
cg10338112,-,False,
cg10371414,-,False,
cg10378083,-,False,
cg10381071,TLE3,False,
cg10385208,CCDC49,False,
cg10387956,HEXA,False,
cg10398455,EXOC6B,False,
cg10408731,CCT6P1,False,
cg10409981,-,False,
cg10413136,SH3TC1,False,
cg10416963,PRDM5,False,
cg10434728,IQGAP1,False,
cg10437839,PPP2R5B,False,
cg10454864,-,False,
cg10459187,PAPD5,False,
cg10460168,SRP19,False,
cg10462803,-,False,
cg10464130,KALRN,False,
cg10493055,TSPAN5,False,
cg10495047,-,False,
cg10499493,RPL31;TBC1D8,False,
cg10499753,CPNE7,False,
cg10502324,-,False,
cg10511467,CMIP,False,
cg10512886,ZNF385A,False,
cg10515232,HDAC4,False,
cg10523140,TBC1D8,False,
cg10531637,C22orf41,False,
cg10540110,KDM5B,False,
cg10546817,-,False,
cg10549018,TLL2,False,
cg10549933,-,False,
cg10552106,IGSF10,False,
cg10555106,LOC388588,False,
cg10557552,WDR20,False,
cg10574566,-,False,
cg10582648,IFFO2,False,
cg10587854,-,False,
cg10589447,-,False,
cg10604851,-,False,
cg10606923,CYFIP2,False,
cg10609442,NCOR2,False,
cg10611016,C11orf42,False,
cg10611760,ACHE,False,
cg10618882,LRRC25,False,
cg10625096,-,False,
cg10634136,FZD7,False,
cg10636020,KCNH2,False,
cg10636896,-,False,
cg10648763,TGFBI,False,
cg10651168,ICAM1,False,
cg10658438,GP5,False,
cg10658573,-,False,
cg10660253,NANOG,False,
cg10668363,ZNF175,False,
cg10687936,ZNF148,False,
cg10690440,-,False,
cg10691109,PRKAR2B,False,
cg10700564,ASCL1,False,
cg10704177,INADL,False,
cg10710218,ACOT11,False,
cg10715460,KCNJ12,False,
cg10730148,-,False,
cg10730165,-,False,
cg10733317,FOXO1,False,
cg10738368,LBX2;LOC151534,False,
cg10741308,SORBS1,False,
cg10746447,MAML2,False,
cg10747185,TBL1XR1,False,
cg10759590,KHNYN;CBLN3,False,
cg10761804,KLF16,False,
cg10763374,COMMD3;BMI1,False,
cg10772185,-,False,
cg10786829,-,False,
cg10802680,DIABLO,False,
cg10809958,-,False,
cg10820936,MREG,False,
cg10827754,-,False,
cg10827767,DRG1,False,
cg10848564,-,False,
cg10851251,-,False,
cg10852698,-,False,
cg10859358,TTN,False,
cg10860819,LRRK2,False,
cg10867751,LDLRAP1,False,
cg10882379,CEP170L,False,
cg10894063,-,False,
cg10915716,STK32C,False,
cg10928257,MIR449C;CDC20B,False,
cg10929140,CDKN1C,False,
cg10940462,NRXN2,False,
cg10944802,-,False,
cg10959428,BCAS4,False,
cg10959672,KIAA0319L,False,
cg10967191,-,False,
cg10970143,CCDC19,False,
cg10976975,BMP10,False,
cg10980102,VWF,False,
cg10986043,TCAP,False,
cg10988075,-,False,
cg10991752,-,False,
cg10997248,FXYD2,False,
cg11006267,-,False,
cg11014468,DCP1A,False,
cg11014740,-,False,
cg11018018,-,False,
cg11024522,MUC2,False,
cg11026867,SCNN1A,False,
cg11027221,UNC93B1,False,
cg11045331,AGAP1,False,
cg11061343,C17orf106,False,
cg11065621,SLC10A5,False,
cg11072113,VWCE,False,
cg11086127,PTPRA,False,
cg11091012,NDRG1,False,
cg11093474,-,False,
cg11095027,TOLLIP,False,
cg11104828,-,False,
cg11106287,RGL2,False,
cg11108115,EGFL8,False,
cg11111460,MGC45800,False,
cg11118440,-,False,
cg11134777,INTS1,False,
cg11142013,MIPEP,False,
cg11157127,PHACTR2,False,
cg11176694,CXXC5,False,
cg11183227,MAN2A2,False,
cg11190434,NEURL1B,False,
cg11195298,RGMA,False,
cg11196237,TLX1;TLX1NB,False,
cg11203905,LMNA,False,
cg11209521,GNG12,False,
cg11210357,ZC3H3,False,
cg11222703,-,False,
cg11228052,ASCL1,False,
cg11229864,-,False,
cg11231701,CDK5RAP1,False,
cg11241498,-,False,
cg11245145,DAXX,False,
cg11245205,RASD1,False,
cg11249120,SAMD3,False,
cg11263296,CCDC64,False,
cg11266582,DAPK2,False,
cg11276172,ITPRIP,False,
cg11276388,HIVEP1,False,
cg11278727,-,False,
cg11283860,-,False,
cg11289878,-,False,
cg11290225,KIFC2,False,
cg11301657,EFCAB4B,False,
cg11307823,-,False,
cg11310939,MARCH3,False,
cg11314617,MSC,False,
cg11315153,KHDRBS2,False,
cg11320084,RNF2,False,
cg11320499,ABCC5,False,
cg11324504,SLC16A8,False,
cg11330740,NKX2-5,False,
cg11331678,PLTP,False,
cg11344626,PRDM2,False,
cg11344950,THEM5,False,
cg11348389,TACR1,False,
cg11349093,AP3D1,False,
cg11352083,LOC404266;HOXB6,False,
cg11354266,LOC285954,False,
cg11358405,-,False,
cg11358741,-,False,
cg11362074,-,False,
cg11372818,-,False,
cg11374227,-,False,
cg11379028,-,False,
cg11381282,GJB2,False,
cg11385906,INTS9,False,
cg11390151,-,False,
cg11390541,UBE2V1;TMEM189-UBE2V1,False,
cg11391428,MARCH4,False,
cg11395062,CDRT15,False,
cg11396585,TAPBP,False,
cg11398517,GTSF1L,False,
cg11399195,KIF1B,False,
cg11399254,TAL1,False,
cg11420782,APOL4,False,
cg11427534,-,False,
cg11429292,-,False,
cg11464806,-,False,
cg11504078,GREM2,False,
cg11511777,WNT6,False,
cg11516654,NAV2,False,
cg11526020,TBCD,False,
cg11532179,CSMD1,False,
cg11535564,-,False,
cg11539780,ZNF471,False,
cg11557492,SSC5D,False,
cg11557901,-,False,
cg11562596,BEST1,False,
cg11563127,C12orf76,False,
cg11566394,-,False,
cg11574975,ADORA3,False,
cg11576590,-,False,
cg11592640,CRABP1,False,
cg11599718,VPS37B,False,
cg11603759,PHOX2A,False,
cg11609940,ALOX15,False,
cg11613741,KIAA0408;C6orf174,False,
cg11617147,ATXN7L1,False,
cg11619782,EXD3,False,
cg11626007,WFDC5,False,
cg11626175,JARID2,False,
cg11633461,C10orf54;CDH23,False,
cg11639615,-,False,
cg11683482,DMAP1,False,
cg11696165,PXN,False,
cg11697111,GPER;C7orf50,False,
cg11699125,ACOT7,False,
cg11701367,-,False,
cg11714430,NAB1,False,
cg11714752,TMEM127,False,
cg11719362,-,False,
cg11721361,-,False,
cg11738530,LRRC4B,False,
cg11746996,-,False,
cg11752769,CR1L,False,
cg11757326,ENTHD1,False,
cg11758345,TMEM105,False,
cg11765205,ARL11,False,
cg11770323,NDFIP2,False,
cg11778362,ODZ3,False,
cg11790580,S100A7A,False,
cg11797573,PTPRN2,False,
cg11804725,-,False,
cg11812071,TNFAIP3,False,
cg11819637,THPO,False,
cg11832404,-,False,
cg11832408,FLI1,False,
cg11832534,WDR8,False,
cg11835355,APOL3,False,
cg11836372,FGFR2,False,
cg11837102,ST3GAL3,False,
cg11841239,C1orf105,False,
cg11843735,CDH3,False,
cg11846112,-,False,
cg11848483,ZC3H3,False,
cg11851804,-,False,
cg11852471,-,False,
cg11854227,ILDR1,False,
cg11862551,-,False,
cg11876048,MSI2,False,
cg11880646,-,False,
cg11884711,CANT1,False,
cg11890741,-,False,
cg11893552,-,False,
cg11894257,HDGFL1,False,
cg11899596,NFKBIL2,False,
cg11902543,-,False,
cg11902728,MAG,False,
cg11904435,-,False,
cg11905488,CLEC12A,False,
cg11914650,BRSK2,False,
cg11915444,-,False,
cg11927738,TPCN2,False,
cg11938455,DTNBP1,False,
cg11946666,PRDM16,False,
cg11958668,RNF103,False,
cg11963985,-,False,
cg11987455,ERMAP,False,
cg11991105,-,False,
cg12006794,GUCY1B3,False,
cg12014818,WNT10A,False,
cg12025137,-,False,
cg12029281,TEAD3,False,
cg12032027,ZNF217,False,
cg12039505,JARID2,False,
cg12041848,EYA2,False,
cg12043019,PIM3,False,
cg12054981,PLAT,False,
cg12056887,GUCY1B2,False,
cg12061069,RAP1GAP2,False,
cg12065138,AJAP1,False,
cg12065228,PQLC2,False,
cg12068124,C19orf26,False,
cg12074090,ANGPT2;MCPH1,False,
cg12077460,MFHAS1,False,
cg12077754,HK2,False,
cg12080909,GIT1,False,
cg12082025,ABCA7,False,
cg12095353,-,False,
cg12100302,CTTN,False,
cg12100791,PYCARD,False,
cg12104266,ZNF335,False,
cg12104982,SAFB2,False,
cg12118784,-,False,
cg12120947,NOTCH4,False,
cg12134570,LYL1,False,
cg12147622,-,False,
cg12151942,-,False,
cg12162377,B3GNT7,False,
cg12162450,-,False,
cg12170933,DICER1,False,
cg12172478,RFTN1,False,
cg12175905,PCSK6,False,
cg12180319,FBN1,False,
cg12183875,LRRC31,False,
cg12184293,LOC285740,False,
cg12184886,MYO15B,False,
cg12194055,ACTN1,False,
cg12218732,-,False,
cg12226735,DCBLD2,False,
cg12227647,-,False,
cg12227660,MIR202,False,
cg12231246,-,False,
cg12232463,LONRF2,False,
cg12238593,BTN3A3,False,
cg12239580,FAM198A,False,
cg12250049,BNC1,False,
cg12251459,LRRFIP1,False,
cg12257830,HSPG2,False,
cg12258454,-,False,
cg12267069,-,False,
cg12271419,RHOBTB2,False,
cg12273325,PIK3IP1,False,
cg12279125,-,False,
cg12285627,-,False,
cg12292492,FAM108C1,False,
cg12298872,C1orf69,False,
cg12301823,KIAA1522,False,
cg12306833,-,False,
cg12319534,-,False,
cg12322852,RASSF2,False,
cg12326923,-,False,
cg12338137,TNS1,False,
cg12345672,SND1,False,
cg12345778,WNT10B,False,
cg12356266,-,False,
cg12363671,UMODL1,False,
cg12392104,CCPG1;MIR628,False,
cg12393108,-,False,
cg12405742,THRB,False,
cg12406124,CCNL1,False,
cg12406703,DUSP5,False,
cg12407526,ELOVL7,False,
cg12410939,CAPN9,False,
cg12423623,-,False,
cg12423658,CARS2,False,
cg12425700,-,False,
cg12426344,SPINT1,False,
cg12431087,FOXP1,False,
cg12441066,MSI2,False,
cg12447928,-,False,
cg12465678,FGR,False,
cg12491805,APBA2,False,
cg12506005,LAYN,False,
cg12515366,-,False,
cg12517576,IMPDH1,False,
cg12522599,EEPD1,False,
cg12524179,CD276,False,
cg12529161,-,False,
cg12530994,AKR1C3,False,
cg12549180,-,False,
cg12549411,B3GALT5,False,
cg12555233,MAN2A2,False,
cg12559197,PDE8B,False,
cg12560421,-,False,
cg12570716,KLF6,False,
cg12597066,ZNF287,False,
cg12600197,NEIL1,False,
cg12603453,ZBTB2,False,
cg12604858,ZFAND3,False,
cg12613344,NR1H3,False,
cg12614529,MND1,False,
cg12615982,TERC,False,
cg12616174,MIR124-1;LOC157627,False,
cg12622597,-,False,
cg12627354,LRP4,False,
cg12627712,JAM3,False,
cg12648213,LRRK1,False,
cg12664119,TBX15,False,
cg12669355,CAPZA2,False,
cg12678073,KCNH2,False,
cg12681948,-,False,
cg12682382,UBE2W,False,
cg12683813,-,False,
cg12697833,OPCML,False,
cg12699599,PHGR1,False,
cg12702981,NR1I2,False,
cg12708802,TUSC4;CYB561D2,False,
cg12708994,DSE,False,
cg12716367,MTUS1,False,
cg12716639,USP2,False,
cg12734023,SERTAD2,False,
cg12735333,PIAS1,False,
cg12739584,-,False,
cg12751948,BNIP3,False,
cg12753631,-,False,
cg12753787,PRDM16,False,
cg12754982,IGF2R,False,
cg12761421,LGR6,False,
cg12762731,TMCC1,False,
cg12771852,-,False,
cg12787209,SPINT1,False,
cg12789279,-,False,
cg12791065,ALDH1A3,False,
cg12793711,ACTG1,False,
cg12804755,-,False,
cg12808661,PCBP4;ABHD14B,False,
cg12810701,GPR172B,False,
cg12819873,PRG2,False,
cg12825509,TRA2B,False,
cg12829141,PRRT4,False,
cg12831076,ST3GAL1,False,
cg12837306,-,False,
cg12841513,UBTD1,False,
cg12861503,NEK3,False,
cg12863443,C10orf28,False,
cg12875548,-,False,
cg12886731,HK1,False,
cg12902405,RER1,False,
cg12903224,FAR2,False,
cg12917079,PRKAR1B,False,
cg12918895,DOK7,False,
cg12926358,MGAT3,False,
cg12926693,-,False,
cg12927617,ORM1,False,
cg12940522,KCNQ2,False,
cg12949927,-,False,
cg12959079,-,False,
cg12962542,MECOM,False,
cg12973365,HLCS,False,
cg12976582,HYAL2,False,
cg12978308,NEIL1,False,
cg12984580,-,False,
cg12992443,DLGAP4,False,
cg13000260,TRIM71,False,
cg13001963,-,False,
cg13003011,SDC1,False,
cg13012653,CAST,False,
cg13019306,PRELID2,False,
cg13030582,MFAP4,False,
cg13031611,-,False,
cg13051977,C1orf228,False,
cg13052101,MTL5,False,
cg13054523,-,False,
cg13054975,ELK4,False,
cg13055709,-,False,
cg13058453,WDR63,False,
cg13058457,-,False,
cg13059373,DAXX,False,
cg13065577,-,False,
cg13071386,ITGA9,False,
cg13071869,BOC,False,
cg13074866,-,False,
cg13077562,PNOC,False,
cg13077745,GPR44,False,
cg13079571,TRIM39,False,
cg13081489,NID1,False,
cg13084669,PPAN-P2RY11;P2RY11,False,
cg13084677,LOC401127,False,
cg13090478,-,False,
cg13092575,-,False,
cg13096351,CTTN,False,
cg13107760,ZNF804A,False,
cg13135376,-,False,
cg13139542,-,False,
cg13139848,TANC2,False,
cg13159060,FOXH1,False,
cg13175830,FGFR2,False,
cg13181928,SLC16A11,False,
cg13208003,LHFP,False,
cg13209388,ACOT7,False,
cg13212803,WNT10B,False,
cg13214162,-,False,
cg13222091,SPEF1,False,
cg13226290,NSFL1C,False,
cg13230172,TMEM136,False,
cg13231954,-,False,
cg13234415,-,False,
cg13237945,C13orf30,False,
cg13247117,RIMS3,False,
cg13247398,DGKZ,False,
cg13252730,-,False,
cg13255542,THYN1,False,
cg13256546,APOBEC3G,False,
cg13265003,SLC37A1,False,
cg13265524,ALS2CR11,False,
cg13276305,-,False,
cg13279673,-,False,
cg13288195,FBXL22,False,
cg13292607,CTBP2,False,
cg13293488,-,False,
cg13298859,LFNG,False,
cg13311509,TLCD2,False,
cg13316148,STAT4,False,
cg13331550,SEMA6C,False,
cg13335567,NCOA2,False,
cg13351143,-,False,
cg13357602,KIAA1949,False,
cg13361023,ATP10A,False,
cg13371740,-,False,
cg13382288,SYT2,False,
cg13383058,CD248,False,
cg13390867,-,False,
cg13404688,-,False,
cg13409070,PTPRN2,False,
cg13409170,NR6A1,False,
cg13411813,-,False,
cg13424229,CPA3,False,
cg13429423,PARVG,False,
cg13431205,RB1,False,
cg13432524,-,False,
cg13436378,DYSF,False,
cg13444518,-,False,
cg13446689,DNM3,False,
cg13447684,MAD1L1,False,
cg13448978,FGR,False,
cg13451886,SLFN5,False,
cg13455623,DOK7,False,
cg13455634,-,False,
cg13458609,ENG,False,
cg13459606,GRB10,False,
cg13461482,TCIRG1,False,
cg13466180,CALR,False,
cg13472735,-,False,
cg13477111,-,False,
cg13487666,NEK6,False,
cg13492227,FGF11,False,
cg13494348,DLL1,False,
cg13496660,TMPRSS9,False,
cg13500720,AKAP12,False,
cg13500877,NR4A2,False,
cg13501279,CREG1,False,
cg13505393,LRRC32,False,
cg13505664,GALP,False,
cg13519184,-,False,
cg13519194,-,False,
cg13531735,-,False,
cg13533061,JMJD6,False,
cg13546321,CUX2,False,
cg13547132,-,False,
cg13558754,HSPB6;C19orf55,False,
cg13560452,OLIG3,False,
cg13562011,EXD3,False,
cg13562841,TMC6,False,
cg13563026,ATP10D,False,
cg13572309,LMO3,False,
cg13576552,-,False,
cg13577194,IPPK,False,
cg13577556,-,False,
cg13585029,NINJ1,False,
cg13587802,DIABLO,False,
cg13588086,GLDC,False,
cg13588355,-,False,
cg13591783,ANXA1,False,
cg13593287,SPTB,False,
cg13595556,-,False,
cg13601957,-,False,
cg13602461,-,False,
cg13603551,ABP1,False,
cg13603914,ANK1;MIR486,False,
cg13610769,ALS2CR11,False,
cg13612642,-,False,
cg13628444,MED27,False,
cg13629132,-,False,
cg13630878,MTMR15,False,
cg13633625,-,False,
cg13651224,CYTSB,False,
cg13672638,FSD1L,False,
cg13672800,C20orf141,False,
cg13676763,FAM125B,False,
cg13679772,FOXN3,False,
cg13681468,GPRIN3,False,
cg13694576,PAX6,False,
cg13694876,EPHB3,False,
cg13708016,-,False,
cg13718185,RHOBTB2,False,
cg13725599,OXT,False,
cg13726456,-,False,
cg13731609,SNX16,False,
cg13731776,PSMB7,False,
cg13732857,-,False,
cg13733615,-,False,
cg13761595,-,False,
cg13762691,CECR2,False,
cg13765206,EMILIN2,False,
cg13766864,KCNE3,False,
cg13768360,-,False,
cg13774539,LOC100189589,False,
cg13776285,NR2E1,False,
cg13776718,FAM69B,False,
cg13778274,PRRX2,False,
cg13786863,CPT1A,False,
cg13787135,RNASE1,False,
cg13790259,DEDD2,False,
cg13790603,THRB,False,
cg13791130,-,False,
cg13802760,-,False,
cg13823666,BAAT,False,
cg13835688,SLC25A25,False,
cg13843843,-,False,
cg13844341,MAD1L1,False,
cg13845133,PBX1,False,
cg13850063,-,False,
cg13850380,C1orf70,False,
cg13850762,TECTA,False,
cg13858106,OBSL1;INHA,False,
cg13863638,RREB1,False,
cg13867915,ARID1A,False,
cg13881964,FOXP4,False,
cg13883851,-,False,
cg13900719,-,False,
cg13905081,-,False,
cg13908359,-,False,
cg13914486,-,False,
cg13916742,SCGB1D1,False,
cg13917964,GARS,False,
cg13920460,TJP2,False,
cg13929658,-,False,
cg13942922,-,False,
cg13951007,LOC728989,False,
cg13951311,-,False,
cg13951862,NOTCH1,False,
cg13954292,ZFR,False,
cg13958625,-,False,
cg13973086,-,False,
cg13987674,GRHL3,False,
cg13998223,-,False,
cg13999585,-,False,
cg14009440,TMEM53,False,
cg14009473,JARID2,False,
cg14011077,-,False,
cg14011789,SEPT9,False,
cg14012610,SLC26A6,False,
cg14014964,-,False,
cg14018429,FAM125B,False,
cg14019951,-,False,
cg14023451,GPLD1,False,
cg14025883,C9orf46,False,
cg14030388,MIR208B;MYH7,False,
cg14040034,CACNA1B,False,
cg14054883,SYK,False,
cg14055887,SURF4,False,
cg14056738,-,False,
cg14062152,TMEM26,False,
cg14063182,-,False,
cg14066298,TRIM39,False,
cg14067101,DMRT3,False,
cg14071023,CLIC5,False,
cg14071925,LILRA1,False,
cg14073571,VIPR2,False,
cg14073922,MED12L,False,
cg14074117,C16orf73,False,
cg14074581,TMEM149,False,
cg14084609,EVL,False,
cg14085060,-,False,
cg14113203,FBP2,False,
cg14118946,-,False,
cg14127396,CCDC62,False,
cg14133643,SIGLEC7,False,
cg14135214,EPS8L2,False,
cg14137279,-,False,
cg14143441,-,False,
cg14156405,RGS7,False,
cg14157107,BNC2,False,
cg14174912,KLF6,False,
cg14177140,MOSC2,False,
cg14177914,C1orf61,False,
cg14182690,RUNX3,False,
cg14185541,-,False,
cg14187229,-,False,
cg14203218,-,False,
cg14210119,-,False,
cg14212850,HRNBP3,False,
cg14218747,-,False,
cg14219620,AKAP12,False,
cg14220170,TRANK1,False,
cg14221617,ALDH1B1,False,
cg14226212,MUSK,False,
cg14228484,CNNM4,False,
cg14234105,-,False,
cg14254720,LRRC8C,False,
cg14255700,IPPK,False,
cg14260695,-,False,
cg14263070,MEGF6,False,
cg14264079,C4orf10;NOP14,False,
cg14286594,NAA15,False,
cg14287235,ADCY4,False,
cg14294321,-,False,
cg14306451,BASP1;LOC285696,False,
cg14306650,RALGPS1,False,
cg14317884,EHD1,False,
cg14326805,TJP2,False,
cg14328115,KCNQ1,False,
cg14335349,PSMB7,False,
cg14339991,ATG7,False,
cg14340110,EIF3B,False,
cg14342707,-,False,
cg14350257,GPSM1,False,
cg14355482,NCAM2,False,
cg14359798,-,False,
cg14365300,FAM125B,False,
cg14370448,YPEL3;TBX6,False,
cg14370520,FAM188B,False,
cg14375890,-,False,
cg14377594,DMRT2,False,
cg14377681,ERBB2,False,
cg14381448,SLC4A1,False,
cg14382976,ASZ1,False,
cg14383658,-,False,
cg14384093,C9orf5,False,
cg14384748,GALNT9,False,
cg14386624,SPIN1,False,
cg14391345,FOXN3,False,
cg14395892,PRUNE2,False,
cg14397813,GNAQ,False,
cg14407437,FABP3,False,
cg14414406,TMOD1,False,
cg14424363,IKBKB,False,
cg14428310,RAB38,False,
cg14437996,SHC3,False,
cg14443182,DNAJB5,False,
cg14449910,SLC22A18AS;SLC22A18,False,
cg14451382,-,False,
cg14458002,RUNX2,False,
cg14460503,AGAP1,False,
cg14461181,-,False,
cg14461582,TLX1,False,
cg14462645,PAQR8,False,
cg14472888,-,False,
cg14476095,LOC285194,False,
cg14498423,CLSTN2,False,
cg14499385,SLC40A1,False,
cg14507088,PIP5KL1,False,
cg14512326,C9orf103,False,
cg14516183,SEC22A,False,
cg14531665,SPIN1,False,
cg14545418,TLE1,False,
cg14547240,C1QTNF7,False,
cg14564616,-,False,
cg14568552,-,False,
cg14570838,FLI1,False,
cg14571493,EGF,False,
cg14573478,-,False,
cg14610335,COL27A1,False,
cg14611258,C17orf39,False,
cg14613878,C20orf118,False,
cg14614643,-,False,
cg14619949,F2RL1,False,
cg14628803,-,False,
cg14630382,MC5R,False,
cg14632729,-,False,
cg14633063,-,False,
cg14640621,HMX2,False,
cg14642045,UNG,False,
cg14655837,-,False,
cg14656180,COL5A1,False,
cg14663914,AZU1,False,
cg14668981,TMEM108,False,
cg14673618,SIX3,False,
cg14681958,SCT,False,
cg14693090,ETV6,False,
cg14700707,NOTCH4,False,
cg14723032,PITPNM3,False,
cg14738670,FXYD1;FXYD7,False,
cg14738806,-,False,
cg14758105,OR1M1,False,
cg14768923,-,False,
cg14769021,XIRP1,False,
cg14769121,SMURF1,False,
cg14771451,MICAL3,False,
cg14781826,BPTF,False,
cg14796230,-,False,
cg14797467,-,False,
cg14799457,-,False,
cg14807793,-,False,
cg14822719,-,False,
cg14826909,ADARB2,False,
cg14836522,SDC3,False,
cg14836555,-,False,
cg14843888,CACNA1D,False,
cg14847236,FAM53A,False,
cg14848077,FLJ13197;KLF3,False,
cg14871333,ALDH3B1,False,
cg14873488,CTAGE5,False,
cg14874541,KALRN,False,
cg14880079,GP5,False,
cg14896003,RASSF7,False,
cg14898646,HEATR2,False,
cg14904363,CEACAM1,False,
cg14905600,PWWP2B,False,
cg14913644,RGL3,False,
cg14930335,AGAP1,False,
cg14943135,-,False,
cg14944923,-,False,
cg14950751,SLC16A11,False,
cg14960827,-,False,
cg14961031,SETMAR,False,
cg14963928,-,False,
cg14966362,-,False,
cg14968732,CPNE8,False,
cg14971286,PVRL1,False,
cg14973204,-,False,
cg14975122,HDAC1,False,
cg14978242,SERINC5,False,
cg14978994,-,False,
cg14987787,-,False,
cg14992656,-,False,
cg15001547,RLN3,False,
cg15002721,FGF23,False,
cg15006175,KIFC2,False,
cg15010903,TIMP2,False,
cg15013019,LYL1,False,
cg15017119,-,False,
cg15033068,MATK,False,
cg15034267,GTPBP1,False,
cg15046877,OPCML,False,
cg15049101,FGFR2,False,
cg15050390,DIXDC1,False,
cg15052890,MED11;CXCL16,False,
cg15068318,SERPINB6,False,
cg15079315,SLC23A2,False,
cg15090899,RPS6KA2,False,
cg15091407,-,False,
cg15107861,WFDC10A;WFDC9,False,
cg15107869,SSR3,False,
cg15111360,-,False,
cg15129506,-,False,
cg15129679,MCOLN3,False,
cg15134553,-,False,
cg15139008,SNORA10;RPS2,False,
cg15142192,EIF2C3,False,
cg15154002,ADRBK2,False,
cg15164573,LOC100128288,False,
cg15168958,FARP1,False,
cg15183258,MGA,False,
cg15184452,ADAMTS2,False,
cg15202006,CPA6,False,
cg15205204,PLEKHG5,False,
cg15207826,CLGN,False,
cg15211908,KCND3,False,
cg15212895,FAM19A5,False,
cg15213210,PAX7,False,
cg15221016,-,False,
cg15244101,-,False,
cg15244327,TNFRSF10D,False,
cg15247169,-,False,
cg15251256,-,False,
cg15261665,LTF,False,
cg15265222,-,False,
cg15267250,-,False,
cg15284433,MMP17,False,
cg15294361,NINJ2,False,
cg15299536,WDR46,False,
cg15304308,AMBRA1,False,
cg15306060,RPL3;RNU86,False,
cg15310873,C20orf85,False,
cg15316843,-,False,
cg15317267,H19;MIR675,False,
cg15329866,PLD1,False,
cg15335683,SPTBN2,False,
cg15344640,LMAN2,False,
cg15347627,C4orf10;NOP14,False,
cg15357945,PRG2,False,
cg15358372,HK1,False,
cg15361231,GLRX2,False,
cg15361251,WWC2,False,
cg15363887,YPEL4,False,
cg15371711,MYL9,False,
cg15376996,SBF1,False,
cg15377871,CEBPE,False,
cg15382568,-,False,
cg15384453,-,False,
cg15396734,FAM90A13;FAM90A14,False,
cg15397740,SLIT1,False,
cg15412918,-,False,
cg15420926,EFR3A,False,
cg15447231,-,False,
cg15454598,C10orf57,False,
cg15456821,BEST1,False,
cg15457718,-,False,
cg15481370,-,False,
cg15482717,FADD,False,
cg15485700,-,False,
cg15488794,BCL2L1,False,
cg15491701,EBF3,False,
cg15520845,NUCKS1,False,
cg15527515,SLC7A8,False,
cg15553397,ST6GALNAC3,False,
cg15570966,ZNF700,False,
cg15583517,TMOD2,False,
cg15611151,HOXC4;HOXC5;HOXC6,False,
cg15613420,H2AFY,False,
cg15618758,ARID1B,False,
cg15652381,-,False,
cg15655655,SRI,False,
cg15658306,TREML2,False,
cg15659052,ELMO1,False,
cg15671688,MIR206,False,
cg15674432,SLC26A8,False,
cg15687973,PDE9A,False,
cg15693483,C7orf50,False,
cg15696662,C1orf190;POMGNT1,False,
cg15698299,ALAS1,False,
cg15699623,POU2F2,False,
cg15700022,PP14571;GPC1,False,
cg15700636,PRG2,False,
cg15702185,MIRLET7A3;LOC400931,False,
cg15704219,C10orf18,False,
cg15704662,-,False,
cg15708153,ZNF542,False,
cg15712226,SNRPF,False,
cg15722293,-,False,
cg15723784,SMAD3,False,
cg15736165,BNC1,False,
cg15736743,KLHL29,False,
cg15742737,SERTAD2,False,
cg15749260,ALMS1P,False,
cg15779716,CDCP1,False,
cg15787636,TBCD,False,
cg15792487,CHRNB1,False,
cg15815948,FAT1,False,
cg15817163,SFRS8,False,
cg15817440,C14orf37,False,
cg15818008,C11orf34,False,
cg15823502,-,False,
cg15825970,IFI30,False,
cg15829728,-,False,
cg15837233,TBR1,False,
cg15838173,FUT11,False,
cg15840418,-,False,
cg15840891,-,False,
cg15843331,VWCE,False,
cg15853299,TBCD,False,
cg15868692,COL4A2,False,
cg15878616,SUMO1P1,False,
cg15883603,SORBS2,False,
cg15896182,-,False,
cg15902864,-,False,
cg15908708,CXCR1,False,
cg15916004,GAL3ST3,False,
cg15916554,-,False,
cg15921911,-,False,
cg15925090,-,False,
cg15925695,DIXDC1,False,
cg15933729,-,False,
cg15935770,KIAA0247,False,
cg15935965,-,False,
cg15944766,-,False,
cg15945129,C7orf58,False,
cg15958289,DCPS,False,
cg15964468,ZSCAN12,False,
cg15965190,-,False,
cg15969431,-,False,
cg15976636,PACRG;PARK2,False,
cg15976883,-,False,
cg15980797,OLIG3,False,
cg15989926,-,False,
cg15998761,MFSD6,False,
cg16001422,PLEC1,False,
cg16015423,SYDE1,False,
cg16017578,-,False,
cg16027132,-,False,
cg16039724,PLAC8,False,
cg16050349,PIK3CB,False,
cg16051154,-,False,
cg16052972,SYN2,False,
cg16058600,NR4A2,False,
cg16059943,PRKCZ,False,
cg16062253,NOTCH4,False,
cg16077493,-,False,
cg16086130,ALDH1A3,False,
cg16090599,-,False,
cg16107105,KCNH2,False,
cg16114434,NRP2,False,
cg16131053,-,False,
cg16170936,SLC48A1,False,
cg16173109,-,False,
cg16177693,NR0B2,False,
cg16178353,-,False,
cg16184737,TTYH3,False,
cg16190510,SLC2A13,False,
cg16199747,-,False,
cg16201146,-,False,
cg16204618,ZNF320,False,
cg16206090,C18orf45,False,
cg16210842,-,False,
cg16230755,ADD3,False,
cg16231241,-,False,
cg16232234,-,False,
cg16236960,MGAT5,False,
cg16240480,EDARADD,False,
cg16246489,H2AFY,False,
cg16248287,C10orf140,False,
cg16251902,-,False,
cg16258076,HMSD,False,
cg16263722,MECR,False,
cg16294363,KCNQ4,False,
cg16299440,AGAP7,False,
cg16300565,ZFR,False,
cg16306654,ACOT7,False,
cg16313393,KCNG1,False,
cg16315262,HLA-DQB2,False,
cg16323609,PRKAR2A,False,
cg16328079,MAGI1,False,
cg16329589,-,False,
cg16336989,RGS6,False,
cg16337087,-,False,
cg16338313,RGS6,False,
cg16342439,-,False,
cg16347811,CHN2,False,
cg16355945,-,False,
cg16370556,RNF39,False,
cg16381059,NXN,False,
cg16384136,GABRG3,False,
cg16384774,FOXN3,False,
cg16386158,IL1RL1,True,IL1RL1
cg16387834,-,False,
cg16391608,SEMA4A,False,
cg16393715,MAD1L1,False,
cg16395997,WDR8,False,
cg16396191,KIAA0564,False,
cg16396488,PLA2G1B,False,
cg16397028,ZFHX3,False,
cg16398581,FGGY,False,
cg16402715,SRBD1,False,
cg16404170,FAM53B,False,
cg16407017,ZFYVE1,False,
cg16409452,EVL,False,
cg16411668,-,False,
cg16412914,AXIN1,False,
cg16413715,UNC5A,False,
cg16421411,C2orf48,False,
cg16426715,GRK6,False,
cg16431436,VCAN,False,
cg16434190,EHD1,False,
cg16437184,-,False,
cg16440561,SPEG,False,
cg16443148,CCDC78;HAGHL,False,
cg16449489,CHST15,False,
cg16453794,-,False,
cg16463700,SULT1C4,False,
cg16463880,ZBTB12,False,
cg16467854,-,False,
cg16469740,HDAC9,False,
cg16470423,-,False,
cg16473141,REC8,False,
cg16473762,ZNF831,False,
cg16477426,CKAP4,False,
cg16493071,CACNA1H,False,
cg16509777,SIX3,False,
cg16521643,-,False,
cg16523185,PEX10,False,
cg16527108,JAKMIP1,False,
cg16527441,DKFZp761E198,False,
cg16532016,C10orf53,False,
cg16532282,-,False,
cg16545218,-,False,
cg16547579,SLC23A2,False,
cg16547859,GLYATL2,False,
cg16565528,-,False,
cg16570917,PTPRF,False,
cg16578883,PDE4D,False,
cg16587616,KHDRBS2,False,
cg16591159,TGFB1I1,False,
cg16592121,BNIP3,False,
cg16592897,CYMP,False,
cg16604391,-,False,
cg16608596,-,False,
cg16611234,-,False,
cg16616599,DERA,False,
cg16617723,AQP4;C18orf16,False,
cg16619978,FOXF2,False,
cg16621855,ADCYAP1R1,False,
cg16625218,RBPMS,False,
cg16631384,EIF4E1B,False,
cg16636756,ITPRIP,False,
cg16644803,-,False,
cg16646726,-,False,
cg16654458,-,False,
cg16656895,EMX2;EMX2OS,False,
cg16662041,-,False,
cg16668359,-,False,
cg16683008,-,False,
cg16684117,MIR143;LOC728264,False,
cg16685313,-,False,
cg16694785,PRDM16,False,
cg16696002,DNM3,False,
cg16706546,IGF2BP2,False,
cg16714154,-,False,
cg16721359,-,False,
cg16721582,LRRC6,False,
cg16725984,C16orf55,False,
cg16728539,CACNA1C,False,
cg16729899,EIF3B,False,
cg16742874,-,False,
cg16745604,CASP10,False,
cg16761581,ADCY4,False,
cg16772514,C1QL1,False,
cg16786178,-,False,
cg16800111,-,False,
cg16802439,GALNS,False,
cg16804882,PDE7B,False,
cg16805291,-,False,
cg16805360,TBX5,False,
cg16815625,TRAPPC9,False,
cg16824584,-,False,
cg16833797,TMTC1,False,
cg16836589,CCNE1,False,
cg16844053,CUL1,False,
cg16845623,C3orf57,False,
cg16847695,TMEM90B,False,
cg16857641,MICALL2,False,
cg16869108,VHL,False,
cg16874347,REEP1,False,
cg16887334,OXT,False,
cg16896031,PPP2R2A,False,
cg16899991,-,False,
cg16900746,-,False,
cg16905199,-,False,
cg16905822,LARP4B,False,
cg16911214,RAPGEF5,False,
cg16922167,FGR,False,
cg16927379,TRAPPC9,False,
cg16928046,TBX21,False,
cg16935075,TPH1,False,
cg16942595,UST,False,
cg16945186,-,False,
cg16945415,-,False,
cg16973098,-,False,
cg16976499,SENP6,False,
cg16978168,EZR,False,
cg16978571,KCNK4;C11orf20,False,
cg16989117,COL9A2,False,
cg16989476,FHOD3,False,
cg16997314,CCNY,False,
cg17017284,USP21,False,
cg17029019,HIC1,False,
cg17033166,-,False,
cg17041511,-,False,
cg17051207,-,False,
cg17057663,-,False,
cg17062279,ITGAE,False,
cg17070988,-,False,
cg17080697,TRIM39,False,
cg17092519,-,False,
cg17094985,-,False,
cg17095147,WDR1,False,
cg17100158,ZNF385B,False,
cg17112949,EGLN1,False,
cg17113008,-,False,
cg17113158,RBL1,False,
cg17118095,FAM171A1,False,
cg17128947,CPLX1,False,
cg17136011,TACC2,False,
cg17139392,-,False,
cg17140222,RAB3B,False,
cg17149655,RORA,False,
cg17150663,KCP,False,
cg17158584,CTBP1,False,
cg17160984,-,False,
cg17167425,SH3PXD2A,False,
cg17168157,RGS22,False,
cg17168235,-,False,
cg17179881,BIK,False,
cg17181805,RBPMS,False,
cg17187287,UGT8,False,
cg17194270,SYNGR1,False,
cg17200768,-,False,
cg17202724,SMARCD2,False,
cg17207337,-,False,
cg17224181,-,False,
cg17246404,MAGI1,False,
cg17247190,-,False,
cg17247873,-,False,
cg17261675,C21orf29;KRTAP12-1,False,
cg17284609,SOX6,False,
cg17298326,-,False,
cg17298543,GNAI1,False,
cg17301248,NAA25,False,
cg17302292,-,False,
cg17311469,B4GALNT1,False,
cg17313269,TRIM38,False,
cg17314228,-,False,
cg17316078,-,False,
cg17329648,SFXN5,False,
cg17339794,KDM4B,False,
cg17342216,-,False,
cg17343167,N4BP3,False,
cg17351439,GPC6,False,
cg17369032,NGFR,False,
cg17372941,-,False,
cg17374802,EPX,False,
cg17383272,MYH14,False,
cg17389988,C7orf10,False,
cg17394530,-,False,
cg17413460,HAL,False,
cg17419049,-,False,
cg17427305,-,False,
cg17431358,-,False,
cg17446739,AIFM2,False,
cg17455297,-,False,
cg17457391,-,False,
cg17465423,ZNF385A,False,
cg17476271,FLI1,False,
cg17484771,-,False,
cg17496659,TP73,False,
cg17507887,TFAP2B,False,
cg17511968,-,False,
cg17515545,HPSE,False,
cg17521120,SIGLEC8,False,
cg17526229,-,False,
cg17534540,-,False,
cg17536595,RSPH9,False,
cg17540545,FXYD1,False,
cg17540765,RECQL5;LOC643008,False,
cg17555806,-,False,
cg17558547,SAP30L,False,
cg17571207,SYN3;TIMP3,False,
cg17572056,OSTalpha,False,
cg17594334,PLEKHH1,False,
cg17599241,VCAN,False,
cg17613911,STK32A,False,
cg17627967,ZNF341,False,
cg17636752,RUNX2,False,
cg17637175,-,False,
cg17638468,CD200R1,False,
cg17641649,-,False,
cg17645677,PPARGC1B,False,
cg17649385,-,False,
cg17651317,LRP5,False,
cg17655609,PKNOX2,False,
cg17674726,ITM2C,False,
cg17675724,TNXB,False,
cg17681750,MACROD1,False,
cg17682828,FXYD1;FXYD7,False,
cg17709804,-,False,
cg17717282,C4orf22,False,
cg17718703,LRRC8D,False,
cg17722086,-,False,
cg17723653,SYNPO2L,False,
cg17729941,C1orf77;S100A13,False,
cg17737835,CACNA2D4,False,
cg17739428,-,False,
cg17774559,IRX4,False,
cg17781958,BAHCC1,False,
cg17795059,FAM118A,False,
cg17806401,LYN,False,
cg17806847,-,False,
cg17848003,LRRC47,False,
cg17851657,ZNF3,False,
cg17859772,PRPH2,False,
cg17861295,ZNF879,False,
cg17888090,PTGER3,False,
cg17889831,DSTYK,False,
cg17891928,ST6GALNAC3,False,
cg17894318,SOX2OT,False,
cg17903019,FBXL18,False,
cg17914838,-,False,
cg17918090,RCC2,False,
cg17927096,-,False,
cg17928819,C8orf71,False,
cg17932662,PTPN7,False,
cg17932911,ERLIN1,False,
cg17936236,CREG1,False,
cg17942851,C1orf113,False,
cg17959183,RAB10,False,
cg17961200,CEL,False,
cg17962047,-,False,
cg17962527,LOC116437,False,
cg17966227,-,False,
cg17966344,-,False,
cg17971251,SEC16B,False,
cg17971837,PVALB,False,
cg17982102,RAB31,False,
cg17983632,-,False,
cg17988187,LOC100189589,False,
cg18001180,KCNK17,False,
cg18015301,AMPH,False,
cg18017853,RAB27A,False,
cg18023724,NAF1,False,
cg18036734,B4GALT7,False,
cg18039042,TSPAN9,False,
cg18049474,RASA3,False,
cg18059464,GPR123,False,
cg18073423,-,False,
cg18086635,FAM59A,False,
cg18087306,LMNB2,False,
cg18092095,PTOV1,False,
cg18100045,-,False,
cg18105725,SLC22A1,False,
cg18109798,SLCO1C1,False,
cg18110553,SAMD4A,False,
cg18115244,-,False,
cg18115766,RPL15,False,
cg18116418,LCE3D,False,
cg18121981,-,False,
cg18124852,-,False,
cg18127395,DYNC1I1,False,
cg18149207,RORC,True,RORC
cg18151262,MIDN,False,
cg18154417,-,False,
cg18160614,-,False,
cg18166564,SNORD115-10;SNORD115-42,False,
cg18169971,H2AFY,False,
cg18172833,-,False,
cg18172877,IRX4,False,
cg18174402,CAD,False,
cg18177616,IRAK3,False,
cg18182566,MTA1,False,
cg18185596,-,False,
cg18200326,FHOD1;SLC9A5,False,
cg18201630,ATP2A3,False,
cg18245230,DNAJB6,False,
cg18246056,CLDN18,False,
cg18253113,SLC12A8,False,
cg18254848,CLC,False,
cg18255595,GJA3,False,
cg18272538,-,False,
cg18278943,-,False,
cg18279337,MYO5C,False,
cg18286501,TMEM26,False,
cg18287768,TNFAIP3,False,
cg18289141,-,False,
cg18297196,TREML2,False,
cg18300285,HSPA12A,False,
cg18302933,-,False,
cg18311400,HERC2,False,
cg18313899,SLC35F1,False,
cg18315834,MTHFD1,False,
cg18318142,-,False,
cg18319612,-,False,
cg18337287,ARID3A,False,
cg18338021,GZMM,False,
cg18341491,POSTN,False,
cg18345635,SLC16A3,False,
cg18347010,-,False,
cg18347442,-,False,
cg18348836,HOOK1,False,
cg18366455,SOX2OT,False,
cg18366919,EPHX3,False,
cg18372548,STIM2,False,
cg18372930,-,False,
cg18373580,-,False,
cg18393175,-,False,
cg18395636,RAB38,False,
cg18406492,STAR,False,
cg18423737,-,False,
cg18429196,EIF4H,False,
cg18446916,SYNPO,False,
cg18455523,-,False,
cg18456459,RAB31,False,
cg18459618,RNF135,False,
cg18460809,BAG2,False,
cg18462898,LOC729991-MEF2B;MEF2B,False,
cg18470593,CC2D2A,False,
cg18473033,NXPH3,False,
cg18473733,KLF2,False,
cg18492799,-,False,
cg18498263,TTC7B,False,
cg18500830,CAMK1D,False,
cg18502618,COL18A1,False,
cg18512948,REC8,False,
cg18517055,WDR45L,False,
cg18520238,PRR5L,False,
cg18520851,CDO1,False,
cg18542304,IGF1R,False,
cg18550847,EVL,False,
cg18556788,L3MBTL4,False,
cg18559348,MYBPC2,False,
cg18560936,-,False,
cg18562243,SOX2OT,False,
cg18571126,BAHD1,False,
cg18576835,-,False,
cg18580274,-,False,
cg18582010,ASAP1,False,
cg18597415,CLC,False,
cg18599790,ZNF492,False,
cg18603838,PRLR,False,
cg18625916,-,False,
cg18631301,FBXL7,False,
cg18631996,-,False,
cg18642234,GPX1,False,
cg18648031,-,False,
cg18650626,MAD1L1,False,
cg18651470,-,False,
cg18660345,MYL9,False,
cg18666454,KCNH2,False,
cg18672389,FAM101A,False,
cg18683047,DLK2,False,
cg18688704,PDGFC,False,
cg18696348,-,False,
cg18708252,CBX7,False,
cg18711683,SDK1,False,
cg18715793,PLIN4,False,
cg18739374,ARHGAP11B,False,
cg18740289,-,False,
cg18744792,CTBP2,False,
cg18748062,DAPK3,False,
cg18748064,ATP11A,False,
cg18767846,-,False,
cg18767920,INO80C,False,
cg18768157,FZD8,False,
cg18771937,MIR196A2,False,
cg18777299,STIM2,False,
cg18782604,SIM1,False,
cg18786171,ADK,False,
cg18787437,-,False,
cg18793215,CRABP2,False,
cg18795461,-,False,
cg18805457,TCERG1,False,
cg18805734,FAM60A,False,
cg18807466,AKAP5,False,
cg18827332,-,False,
cg18830993,PELI2,False,
cg18835596,MYB,False,
cg18855104,-,False,
cg18869840,TCF7L1,False,
cg18883951,SCNN1A,False,
cg18899117,PARD3B,False,
cg18899777,GRHL2,False,
cg18904552,TNKS2,False,
cg18906360,DHRS7,False,
cg18915009,SNORD115-48,False,
cg18916922,-,False,
cg18919106,EFR3A,False,
cg18919660,FLRT2,False,
cg18931760,EIF3M,False,
cg18933685,SDK1,False,
cg18936502,-,False,
cg18944099,C6orf47,False,
cg18972013,GAA,False,
cg18981338,DHRS4;C14orf167,False,
cg18995042,-,False,
cg18998911,TAGLN3,False,
cg19005210,TREML2,False,
cg19015086,SEC14L2,False,
cg19022446,-,False,
cg19024632,KCNS3,False,
cg19034028,CDH3,False,
cg19035788,-,False,
cg19037107,ACAD8,False,
cg19055323,KRTAP4-1,False,
cg19056772,FGF11,False,
cg19061112,NUAK1,False,
cg19071976,TNXB,False,
cg19074292,-,False,
cg19074393,EBF3,False,
cg19078576,BASP1;LOC285696,False,
cg19082560,-,False,
cg19083977,-,False,
cg19095568,DNAJC17;C15orf62,False,
cg19097880,-,False,
cg19102412,LOC84931,False,
cg19114543,CCDC12,False,
cg19115690,ECHS1,False,
cg19132069,ESAM,False,
cg19161424,FMN1,False,
cg19164987,HOXC4;HOXC5;HOXC6,False,
cg19165640,ECE1,False,
cg19168556,-,False,
cg19174165,USP28,False,
cg19176541,ENOX1,False,
cg19180698,-,False,
cg19180827,MSH2,False,
cg19190269,SNX22,False,
cg19192065,LOC100188947,False,
cg19193595,SMAD3,False,
cg19199204,HCG9,False,
cg19205064,ZBTB22,False,
cg19216994,RPLP2;SNORA52,False,
cg19227170,WFIKKN1,False,
cg19233663,-,False,
cg19235065,MUTYH,False,
cg19236794,FAM132A,False,
cg19243780,UBE2E2,False,
cg19245381,ADORA2B,False,
cg19252108,TEKT2;ADPRHL2,False,
cg19257356,-,False,
cg19267254,CASP9,False,
cg19269426,GGPS1,False,
cg19282952,-,False,
cg19284277,SLC16A3,False,
cg19291576,-,False,
cg19300923,PRDM2,False,
cg19303524,GRIP1,False,
cg19304407,RBBP8,False,
cg19305527,CUL3,False,
cg19328051,-,False,
cg19330334,IQGAP1,False,
cg19334657,-,False,
cg19340455,C7orf50;GPR146,False,
cg19349999,RNASEH2B,False,
cg19357305,CBFA2T2,False,
cg19366479,NR1H2,False,
cg19369262,SDK1,False,
cg19370084,-,False,
cg19375539,-,False,
cg19378216,C20orf114,False,
cg19378631,COMMD3,False,
cg19390658,GARS,False,
cg19391527,PNOC,False,
cg19399220,-,False,
cg19399653,CEACAM8,False,
cg19403029,SOX7,False,
cg19407385,-,False,
cg19411557,-,False,
cg19413350,-,False,
cg19414302,ACAP3,False,
cg19416326,RNF44,False,
cg19434937,LPCAT3,False,
cg19440734,CAMP,False,
cg19459207,EMB,False,
cg19468534,OIP5;NUSAP1,False,
cg19480750,-,False,
cg19483007,WWTR1,False,
cg19488206,STK25,False,
cg19505546,-,False,
cg19506849,TCF7L2,False,
cg19510942,-,False,
cg19521927,PLA2G5,False,
cg19528654,AIP,False,
cg19529732,DIABLO,False,
cg19544746,ACOX3,False,
cg19547293,WWTR1,False,
cg19550524,-,False,
cg19561972,-,False,
cg19574327,-,False,
cg19579160,ZAK,False,
cg19583076,CD79A,False,
cg19586027,ZFP36L1,False,
cg19589922,-,False,
cg19599386,SLC20A1,False,
cg19599611,AQR,False,
cg19607845,FBXO9,False,
cg19609644,-,False,
cg19613194,NBEA,False,
cg19618279,COASY,False,
cg19627006,CAPG,False,
cg19627034,-,False,
cg19627549,-,False,
cg19632635,-,False,
cg19640821,LRRC25,False,
cg19650253,PTGDR,False,
cg19656282,TLX2,False,
cg19669785,-,False,
cg19671331,-,False,
cg19676182,CCDC149,False,
cg19676553,BRF1,False,
cg19679544,GABRA5,False,
cg19690403,-,False,
cg19694798,LGALS7,False,
cg19697558,GRHL3,False,
cg19698993,ZNF238,False,
cg19699140,LECT1,False,
cg19704630,-,False,
cg19709355,RARA,False,
cg19710238,-,False,
cg19713460,SYNGR1,False,
cg19718359,-,False,
cg19719915,-,False,
cg19726712,LAPTM4B,False,
cg19735804,-,False,
cg19739126,-,False,
cg19739468,WHSC2,False,
cg19739596,MS4A3,False,
cg19742105,-,False,
cg19743522,DTX1,False,
cg19744936,EPHX3,False,
cg19758448,PGAP3,False,
cg19761594,NFE2,False,
cg19763682,-,False,
cg19764769,-,False,
cg19788317,-,False,
cg19788727,NTN1,False,
cg19792544,KIFC2;FOXH1,False,
cg19795292,IL1RL1,True,IL1RL1
cg19798224,C14orf68,False,
cg19810723,-,False,
cg19811761,ZNF471,False,
cg19815340,-,False,
cg19818308,-,False,
cg19818826,SATB1,False,
cg19829856,LOXHD1,False,
cg19830657,-,False,
cg19831935,MRC2,False,
cg19832898,HKDC1,False,
cg19835128,-,False,
cg19848940,-,False,
cg19849728,-,False,
cg19850024,-,False,
cg19851574,RPS6KA2,False,
cg19858017,CLSTN1,False,
cg19861623,TTC7B,False,
cg19867579,-,False,
cg19881928,SCN4A,False,
cg19903596,-,False,
cg19907380,-,False,
cg19915361,FUT8,False,
cg19917714,CNTN2,False,
cg19922825,-,False,
cg19925518,-,False,
cg19933664,CAST,False,
cg19936157,-,False,
cg19936614,FAT1,False,
cg19955284,SLC44A4,False,
cg19959677,-,False,
cg19962075,MAPK4,False,
cg19963120,UGGT2,False,
cg19969733,IL1RL1,True,IL1RL1
cg19979853,-,False,
cg19982230,RAB34,False,
cg19984146,CH25H,False,
cg19989043,CD2AP,False,
cg19995899,FN1,False,
cg19998289,RNF34,False,
cg20008101,LGALS3,False,
cg20014822,FGF19,False,
cg20016631,FAM114A1,False,
cg20034617,C9orf167,False,
cg20039814,TP53INP1,False,
cg20040364,-,False,
cg20047489,-,False,
cg20048434,AFAP1L2,False,
cg20052760,-,False,
cg20054309,-,False,
cg20054412,C7orf50,False,
cg20062681,-,False,
cg20063728,PDGFA,False,
cg20094506,GPC1,False,
cg20094830,PRAC;C17orf93,False,
cg20095398,-,False,
cg20120463,-,False,
cg20122849,KCNN1,False,
cg20126656,USP36,False,
cg20127859,C8orf73,False,
cg20131581,-,False,
cg20141108,-,False,
cg20143982,PEX5,False,
cg20148210,FGFR1,False,
cg20158248,ABCC1,False,
cg20164964,TSPAN9,False,
cg20168495,-,False,
cg20169506,ATF3,False,
cg20178757,-,False,
cg20193057,MTUS2,False,
cg20203400,TMEM182,False,
cg20204776,-,False,
cg20207470,-,False,
cg20207763,-,False,
cg20223206,ANKS1B,False,
cg20229939,-,False,
cg20251110,NCOR2,False,
cg20255176,FJX1,False,
cg20260841,-,False,
cg20263733,ATP2C1,False,
cg20263853,RERE,False,
cg20271057,PLCL2,False,
cg20282837,-,False,
cg20283771,CBFA2T3,False,
cg20288341,LY6G6E;LY6G6D,False,
cg20294789,TUFT1,False,
cg20300093,ADCY5,False,
cg20300175,-,False,
cg20301308,-,False,
cg20307292,VWA3B,False,
cg20317272,PHLPP1,False,
cg20317437,FUCA1,False,
cg20331595,NRSN2,False,
cg20339720,PRR5,False,
cg20347496,-,False,
cg20347893,TMEM132B,False,
cg20348858,EMX2;EMX2OS,False,
cg20363891,SNED1,False,
cg20382675,FOXP1;MIR1284,False,
cg20388729,IGF1R,False,
cg20405742,-,False,
cg20406979,-,False,
cg20410940,-,False,
cg20411384,CDK14,False,
cg20414015,MAML3,False,
cg20431848,-,False,
cg20432754,-,False,
cg20438286,GALNTL4,False,
cg20443635,TGIF2,False,
cg20449382,-,False,
cg20456258,DGKQ,False,
cg20469003,-,False,
cg20502694,DNAI2,False,
cg20509092,FAM169A,False,
cg20509513,TACC2,False,
cg20515423,-,False,
cg20528780,MECOM,False,
cg20529655,-,False,
cg20536794,-,False,
cg20540306,GALNT10,False,
cg20556639,RADIL,False,
cg20563666,PLEKHH2;LOC728819,False,
cg20576590,-,False,
cg20577630,CHRNB3,False,
cg20579012,CACNA1C,False,
cg20585358,ZAP70,False,
cg20597409,SLC25A21;LOC100129794,False,
cg20606255,KIAA1755,False,
cg20612299,ASAP1IT1;ASAP1,False,
cg20615117,SORL1,False,
cg20615879,TLX1NB;TLX1,False,
cg20615910,-,False,
cg20620326,-,False,
cg20648141,-,False,
cg20653075,MIR124-2,False,
cg20654462,-,False,
cg20654611,LGR4,False,
cg20654624,H3F3B,False,
cg20659941,NEDD4L,False,
cg20661080,-,False,
cg20669012,-,False,
cg20673721,KSR1,False,
cg20687242,CBX5,False,
cg20690420,NR2E1,False,
cg20692730,ATP2A3,False,
cg20703928,NCK2,False,
cg20704537,-,False,
cg20707066,PTPN5,False,
cg20709888,-,False,
cg20710777,TSLP,True,TSLP
cg20715953,-,False,
cg20720686,POR,False,
cg20720697,MYT1L,False,
cg20723425,DNAH17,False,
cg20738433,-,False,
cg20748065,POR,False,
cg20748073,TGFB1,False,
cg20750642,FARP1,False,
cg20755651,SMOC2,False,
cg20769856,-,False,
cg20796298,IGDCC4,False,
cg20802826,-,False,
cg20804581,-,False,
cg20814026,ANKRD53,False,
cg20830848,C7orf49,False,
cg20836212,VKORC1L1,False,
cg20849835,-,False,
cg20864568,MAP3K14,False,
cg20866075,-,False,
cg20866785,ARHGAP10,False,
cg20870362,CCIN,False,
cg20875807,HOMER2,False,
cg20883723,CHST11,False,
cg20884298,FAM194B,False,
cg20885063,ATPAF2,False,
cg20917241,COL4A1,False,
cg20930366,KCNN2,False,
cg20931973,C6orf186,False,
cg20934799,PRR5L,False,
cg20938454,-,False,
cg20959907,DOCK4,False,
cg20960392,AK3L1,False,
cg20987369,-,False,
cg20992330,-,False,
cg21004565,CRADD,False,
cg21004684,IGHMBP2,False,
cg21015805,-,False,
cg21016699,FNIP1,False,
cg21019522,SLC22A18;SLC22A18AS,False,
cg21023952,PDE4D;PART1,False,
cg21024495,-,False,
cg21029612,LOC254559,False,
cg21033855,TUBGCP4;ZSCAN29,False,
cg21034023,UGGT2,False,
cg21035511,HBS1L,False,
cg21038291,-,False,
cg21041888,FAT1,False,
cg21058822,MBOAT4,False,
cg21062059,MBOAT7;TMC4,False,
cg21067745,FLT3LG,False,
cg21067750,PHGR1,False,
cg21067963,CARS2,False,
cg21069500,CXXC5,False,
cg21072795,NCKAP1L,False,
cg21073748,-,False,
cg21077684,-,False,
cg21079113,SYPL2,False,
cg21083175,RCOR2,False,
cg21088514,KCNE1,False,
cg21104363,VKORC1L1,False,
cg21111500,SYDE2,False,
cg21126487,-,False,
cg21135616,HDAC4,False,
cg21137557,LVRN,False,
cg21139587,CSRP1,False,
cg21141030,PARP16,False,
cg21141827,ETF1,False,
cg21150901,MRM1,False,
cg21157707,ABCA2,False,
cg21159993,C5orf32,False,
cg21160099,PRDM13,False,
cg21167563,CD58,False,
cg21173317,SSU72,False,
cg21175585,SLC7A1,False,
cg21181192,LAMC3,False,
cg21187265,SEPN1,False,
cg21189224,LOC100129066,False,
cg21199165,-,False,
cg21202716,SHANK2,False,
cg21207028,NRSN2,False,
cg21210370,BAI1,False,
cg21211213,EBF1,False,
cg21217270,RUNX3,False,
cg21218053,-,False,
cg21220721,ACOT7,False,
cg21222426,-,False,
cg21223094,ETV6,False,
cg21229337,PI16,False,
cg21229570,-,False,
cg21235334,DNMT3B,False,
cg21237481,-,False,
cg21238818,GAL3ST3,False,
cg21247874,POLR1E,False,
cg21255356,-,False,
cg21275690,HCFC1R1;THOC6,False,
cg21284028,CDH26,False,
cg21293902,SNORD34;RPL13AP5;SNORD35A;RPL13A,False,
cg21296676,EYA4,False,
cg21304488,-,False,
cg21306949,-,False,
cg21308632,-,False,
cg21316772,B4GALT1,False,
cg21324010,-,False,
cg21324884,MIR548A2,False,
cg21331386,-,False,
cg21333217,PLXND1,False,
cg21333338,RAP1GAP2,False,
cg21335378,-,False,
cg21347347,-,False,
cg21351392,AGPAT4,False,
cg21361094,B4GALNT1,False,
cg21380560,-,False,
cg21387281,OGFR,False,
cg21387604,TGFB2,False,
cg21400896,ABI3,False,
cg21419585,FAM46C,False,
cg21422475,SLC4A8,False,
cg21425099,CNTN4,False,
cg21426559,CUX2,False,
cg21451906,APOA2,False,
cg21459713,ERICH1,False,
cg21475834,UGGT2,False,
cg21477717,SLC5A5,False,
cg21479762,-,False,
cg21480743,KILLIN,False,
cg21486470,-,False,
cg21487950,TSHR,False,
cg21490485,PACS2,False,
cg21498475,SLC24A6,False,
cg21504918,GPX3,False,
cg21507153,-,False,
cg21517683,SLC23A1,False,
cg21519872,TK1,False,
cg21520537,GHRLOS;C3orf42,False,
cg21531604,LFNG,False,
cg21532103,LRRFIP1,False,
cg21540406,-,False,
cg21542666,OR11L1,False,
cg21559154,-,False,
cg21575465,SLC25A31,False,
cg21580846,PLCXD3,False,
cg21592091,-,False,
cg21616935,CCDC11,False,
cg21625520,SUOX,False,
cg21627181,SLC17A4,False,
cg21631409,ALDH3B2,False,
cg21635917,CAST,False,
cg21640749,RAB37;CD300LF,False,
cg21655830,C21orf84,False,
cg21671476,MYL9,False,
cg21674153,B4GALT6,False,
cg21682902,HAL,False,
cg21690777,NOL9,False,
cg21706771,MYST3,False,
cg21709803,FADS2,False,
cg21723029,-,False,
cg21725624,KIF13A,False,
cg21726844,MLNR,False,
cg21727907,TUBA3C,False,
cg21741284,CDKN1C,False,
cg21747473,-,False,
cg21753973,CPLX2,False,
cg21757392,-,False,
cg21759048,TPO,False,
cg21775675,-,False,
cg21779301,SCRN1,False,
cg21781157,ZNFX1,False,
cg21786601,-,False,
cg21789008,-,False,
cg21798630,IL1RAP,False,
cg21813369,CSN1S2B,False,
cg21816330,RAB34,False,
cg21821231,MUC5B,False,
cg21836905,-,False,
cg21848524,-,False,
cg21851530,ZNF697,False,
cg21851534,ZZEF1,False,
cg21858961,MCM3,False,
cg21874213,NRG2,False,
cg21875980,EGLN1,False,
cg21876656,UBAC2,False,
cg21899461,STK39,False,
cg21919729,CTSB,False,
cg21920570,MACROD1,False,
cg21932452,NOS3,False,
cg21936280,-,False,
cg21946006,-,False,
cg21946374,SLC12A7,False,
cg21954542,EIF4A3,False,
cg21962316,TGM7,False,
cg21962450,AQP4;C18orf16,False,
cg21966075,-,False,
cg21981096,-,False,
cg22014398,MGAT4B,False,
cg22023169,-,False,
cg22032946,KSR1,False,
cg22036165,-,False,
cg22047552,FLJ25006;LOC645851,False,
cg22051345,ODZ3,False,
cg22060611,NRG2,False,
cg22066065,-,False,
cg22070462,FAM59B,False,
cg22070991,-,False,
cg22082438,-,False,
cg22103219,SH2B2,False,
cg22104578,RAPGEF4;LOC91149,False,
cg22111527,-,False,
cg22117805,PRR5L,False,
cg22131452,-,False,
cg22137471,-,False,
cg22147446,SLC23A2,False,
cg22160448,TLX3,False,
cg22160735,ATP6V0A1,False,
cg22163199,MRPL55,False,
cg22169680,-,False,
cg22189544,CLIP2,False,
cg22192454,KIAA1267,False,
cg22201588,CCDC151,False,
cg22210627,LXN;GFM1,False,
cg22214349,-,False,
cg22224462,CHD5,False,
cg22227621,ALG14,False,
cg22230604,-,False,
cg22263031,-,False,
cg22268231,SPIB,False,
cg22272840,SOX7,False,
cg22276571,DSTN,False,
cg22277154,-,False,
cg22277296,-,False,
cg22312249,TMEM104,False,
cg22314684,PLD1,False,
cg22321318,-,False,
cg22327175,SORL1,False,
cg22340747,-,False,
cg22357164,RNF213,False,
cg22358291,WDR1,False,
cg22372849,-,False,
cg22377998,ARVCF,False,
cg22381196,DHODH,False,
cg22385595,DLGAP2,False,
cg22399598,-,False,
cg22402803,-,False,
cg22410057,C15orf38,False,
cg22417032,PTPRN2,False,
cg22419414,COG3,False,
cg22453656,TMEM51;C1orf126,False,
cg22458832,-,False,
cg22475082,NLRP2,False,
cg22481695,-,False,
cg22485810,ADAP2,False,
cg22486928,SNRPF,False,
cg22488891,-,False,
cg22490780,MYO10,False,
cg22493212,-,False,
cg22499572,C6orf10,False,
cg22503106,METRNL,False,
cg22507023,CUEDC1,False,
cg22507639,ZNF296,False,
cg22515010,VPS53,False,
cg22522066,SPINT2,False,
cg22524061,OSR2,False,
cg22527898,LGI1,False,
cg22546775,HELB,False,
cg22548831,-,False,
cg22551145,-,False,
cg22566584,RPS6KA2,False,
cg22571654,MED12L,False,
cg22580629,SUOX,False,
cg22581364,-,False,
cg22584580,CLTB,False,
cg22584802,AHCYL2,False,
cg22619824,ST7;ST7OT2,False,
cg22620363,LOC283050,False,
cg22622057,-,False,
cg22637538,CHRNB1,False,
cg22638105,AGPAT6,False,
cg22642718,KCNJ12,False,
cg22646937,KCNMB1;KCNIP1,False,
cg22652378,RPTOR,False,
cg22666438,KISS1R,False,
cg22674082,TMEM131,False,
cg22677556,TNFRSF1B,False,
cg22680424,HCCA2;CTSD,False,
cg22684041,SCAMP4;ADAT3,False,
cg22689016,SLC9A3,False,
cg22698218,CNOT4,False,
cg22732253,OTX1,False,
cg22741264,-,False,
cg22745102,SPIB,False,
cg22747507,GLRA3,False,
cg22777062,HLCS,False,
cg22783327,FXYD1;FXYD7,False,
cg22786465,LY6G5C,False,
cg22789237,-,False,
cg22803510,FNBP1L,False,
cg22819024,-,False,
cg22822824,SLCO2A1,False,
cg22828110,F2RL2;IQGAP2,False,
cg22830273,LRP1B,False,
cg22833065,-,False,
cg22848646,-,False,
cg22851557,PRDM16,False,
cg22853588,MYL9,False,
cg22855988,HNRNPC,False,
cg22858308,HIVEP2,False,
cg22862094,EFNA5,False,
cg22877851,MTHFR,False,
cg22886575,HMX2,False,
cg22904296,CEBPE,False,
cg22905866,-,False,
cg22906224,-,False,
cg22911054,CPT1A,False,
cg22913903,DNAJC22,False,
cg22916586,DUSP16,False,
cg22918434,-,False,
cg22919538,-,False,
cg22923409,FRMD4A,False,
cg22933133,-,False,
cg22938901,JAZF1,False,
cg22939709,SMTN,False,
cg22952459,C10orf99,False,
cg22954171,HINFP,False,
cg22960347,-,False,
cg22961402,GIT1,False,
cg22961457,LIME1;SLC2A4RG,False,
cg22972402,-,False,
cg22975671,BCL6B,False,
cg22981555,-,False,
cg22987267,BNIP3L,False,
cg22989958,DOK1,False,
cg22999864,-,False,
cg23005227,CISH,False,
cg23008083,ITGB6,False,
cg23011788,FRMD4A,False,
cg23013309,-,False,
cg23023466,KCNK1,False,
cg23036213,CAP2,False,
cg23039471,AKAP5,False,
cg23039807,-,False,
cg23042148,DNMT3A,False,
cg23044178,MICAL2,False,
cg23049429,ATP11A,False,
cg23052055,TP73,False,
cg23059452,SLC28A3,False,
cg23067782,MFAP3L,False,
cg23068621,-,False,
cg23072008,RASGRP4,False,
cg23079063,-,False,
cg23086176,RUNX3,False,
cg23090159,VKORC1L1,False,
cg23090653,-,False,
cg23104436,-,False,
cg23106940,-,False,
cg23109891,SOX10,False,
cg23110005,PTHLH,False,
cg23113350,TGFBR3,False,
cg23116504,TTLL8,False,
cg23124641,-,False,
cg23127986,-,False,
cg23128949,NCOR2,False,
cg23144852,OPA1,False,
cg23147443,KCNH2,False,
cg23154495,-,False,
cg23161218,TNFSF13;TNFSF12-TNFSF13,False,
cg23163200,C21orf62,False,
cg23169883,ADAMTS14,False,
cg23173910,ACTG2,False,
cg23178546,PTPRN2,False,
cg23181899,LPP,False,
cg23184756,-,False,
cg23196129,-,False,
cg23198262,-,False,
cg23198334,ADK,False,
cg23198815,-,False,
cg23200342,ZNF540,False,
cg23202177,NHLH2,False,
cg23202926,RASGEF1A,False,
cg23205629,RNF122,False,
cg23206115,ZDHHC14,False,
cg23208176,-,False,
cg23213230,TRIM13;DLEU2,False,
cg23213327,RSAD2,False,
cg23217419,KIAA1614,False,
cg23217946,ZNF492,False,
cg23217983,SGIP1,False,
cg23218397,USH2A,False,
cg23228450,-,False,
cg23232188,EAF2,False,
cg23250085,-,False,
cg23251858,-,False,
cg23258615,ANXA11,False,
cg23261715,-,False,
cg23268102,-,False,
cg23274561,LMNA,False,
cg23283495,IRF6,False,
cg23295636,FLJ12825;LOC100240734,False,
cg23301462,CNGB3,False,
cg23309046,CDADC1,False,
cg23314594,-,False,
cg23335414,GSG1,False,
cg23338668,-,False,
cg23341085,-,False,
cg23365071,ZNF629,False,
cg23387056,SPON1,False,
cg23395449,-,False,
cg23398700,HOMER1,False,
cg23401251,IFT172,False,
cg23403750,CCDC112,False,
cg23408104,-,False,
cg23408558,-,False,
cg23414595,ZMAT5,False,
cg23415212,CACNB1,False,
cg23424357,FAM25A,False,
cg23427362,CACNA1C,False,
cg23429698,-,False,
cg23434428,PRKCQ,False,
cg23444251,FGFR2,False,
cg23461615,SLC26A5,False,
cg23464510,FOLR3,False,
cg23465295,-,False,
cg23466001,MRPL10;LRRC46,False,
cg23468699,MIR496;MIR377,False,
cg23473819,PALM,False,
cg23478124,PICALM,False,
cg23490396,LASS6,False,
cg23494863,STAR,False,
cg23532322,BAIAP2,False,
cg23544996,ATP11B,False,
cg23548438,C4orf22,False,
cg23549179,RPH3A,False,
cg23550704,-,False,
cg23574443,LOC100128288,False,
cg23575275,CDKN1A,False,
cg23576807,-,False,
cg23580000,ADCY7,False,
cg23598378,C6orf132,False,
cg23599820,KIAA0195,False,
cg23603027,-,False,
cg23610453,-,False,
cg23621817,CHRNA9,False,
cg23630380,SRCIN1,False,
cg23631229,-,False,
cg23631321,LRRK1,False,
cg23636099,MGC13005,False,
cg23640925,-,False,
cg23641237,-,False,
cg23646343,HIPK2,False,
cg23646614,PTPRJ,False,
cg23650249,EFNA2,False,
cg23657099,C7orf50,False,
cg23674202,FOXK2,False,
cg23693485,GFOD1,False,
cg23694492,TTYH3,False,
cg23695222,-,False,
cg23697796,LOC100188947,False,
cg23704936,-,False,
cg23706836,ANGPT2;MCPH1,False,
cg23716449,GFRA2,False,
cg23716690,KIF1B,False,
cg23717186,ITPKB,False,
cg23728471,SLC4A1,False,
cg23729107,FBXO39,False,
cg23730027,FLNB,False,
cg23735745,GALNT2,False,
cg23736055,C6orf145,False,
cg23738708,C1orf186,False,
cg23754390,CD151,False,
cg23755860,KIAA1217,False,
cg23756143,PC,False,
cg23756264,CPT1A,False,
cg23765633,-,False,
cg23791626,PITPNC1,False,
cg23806196,LOC284632,False,
cg23806894,-,False,
cg23819411,MCF2L2,False,
cg23824902,SLC25A33,False,
cg23834919,-,False,
cg23837109,PLAU;C10orf55,False,
cg23839687,POLG,False,
cg23840797,PLAGL1;HYMAI,False,
cg23845009,ABTB2,False,
cg23850637,-,False,
cg23851685,HTR3B,False,
cg23863619,PRPF40A,False,
cg23865597,DYM,False,
cg23891487,SOCS2,False,
cg23894439,-,False,
cg23895041,FER1L5,False,
cg23895729,KIAA1199,False,
cg23897302,AMN,False,
cg23909173,-,False,
cg23913421,-,False,
cg23914149,-,False,
cg23928468,SLC5A6,False,
cg23938483,C14orf43,False,
cg23940612,-,False,
cg23943829,IL4,True,IL4
cg23955979,-,False,
cg23981354,HECA,False,
cg23983671,SALL3,False,
cg23987336,-,False,
cg23991413,PDE4DIP,False,
cg23999318,HIPK2,False,
cg24002003,-,False,
cg24003508,KLF6,False,
cg24006715,-,False,
cg24021113,C6orf145,False,
cg24023258,LY6K,False,
cg24027965,LYPD6B,False,
cg24027996,-,False,
cg24039732,RGS12,False,
cg24049468,AK3L1,False,
cg24051943,ZBTB12,False,
cg24052964,ARHGAP26,False,
cg24056418,-,False,
cg24058386,C1orf61,False,
cg24058805,PDE4B,False,
cg24060908,CWH43,False,
cg24068468,NET1,False,
cg24082440,MRAP,False,
cg24085039,PWWP2B,False,
cg24087736,-,False,
cg24104567,WNK4,False,
cg24108508,FAM20B,False,
cg24110050,TCTEX1D1,False,
cg24111710,MLL3,False,
cg24120841,THRB,False,
cg24128590,C14orf43,False,
cg24134504,-,False,
cg24136700,RAI1,False,
cg24141663,ADORA1,False,
cg24147582,TYRO3,False,
cg24149295,RASL10B,False,
cg24152080,SCP2,False,
cg24158437,KLHL32,False,
cg24159697,DSTYK,False,
cg24166018,ADAM12,False,
cg24171689,RFTN1,False,
cg24175649,KALRN,False,
cg24178740,FEV,False,
cg24192663,HSPA6,False,
cg24201017,FAM149A,False,
cg24201173,-,False,
cg24211406,C13orf18,False,
cg24215978,LDB2,False,
cg24224501,LRRC17;FBXL13,False,
cg24235581,-,False,
cg24240870,GOSR1,False,
cg24258347,SPON1,False,
cg24258699,MSC,False,
cg24263283,MYO1E,False,
cg24274090,-,False,
cg24283019,-,False,
cg24298409,RASSF1;ZMYND10,False,
cg24312719,EVI5,False,
cg24315815,PLSCR4,False,
cg24321039,MYO5C,False,
cg24327132,PKM2,False,
cg24348573,IL15RA,False,
cg24368226,ADAMTS17,False,
cg24368491,PAR5;SNORD108,False,
cg24368962,SIK2,False,
cg24369185,-,False,
cg24373540,ASTN1,False,
cg24383467,USP47,False,
cg24383507,KCNIP2,False,
cg24437408,-,False,
cg24439448,-,False,
cg24447689,-,False,
cg24458315,CBX1,False,
cg24459209,PRG3,False,
cg24461304,-,False,
cg24479590,CHRNB1,False,
cg24491618,KCNH2,False,
cg24495681,COL14A1,False,
cg24496614,FTH1,False,
cg24504854,FAM20C,False,
cg24508974,-,False,
cg24509916,IGSF9B,False,
cg24513571,SCNN1A,False,
cg24522384,PDHA2,False,
cg24530246,-,False,
cg24536349,LY6K,False,
cg24551579,CLSTN1,False,
cg24570303,-,False,
cg24579422,-,False,
cg24581378,ZAP70,False,
cg24583615,UGGT2,False,
cg24585453,PGM1,False,
cg24613691,-,False,
cg24615157,YWHAG,False,
cg24621258,FBRSL1,False,
cg24628744,H2AFY,False,
cg24629571,NEU4,False,
cg24634060,ARHGEF3,False,
cg24637035,CCDC64,False,
cg24637261,SYNPO2L,False,
cg24639902,PEBP4,False,
cg24643922,-,False,
cg24655262,C17orf59,False,
cg24662698,PAX7,False,
cg24670442,GBP5,False,
cg24686236,TRIO,False,
cg24687055,-,False,
cg24688909,GRAMD4,False,
cg24694018,POLR3GL,False,
cg24699266,-,False,
cg24707200,NTRK1,False,
cg24720008,-,False,
cg24720849,SYT8,False,
cg24742520,UBR4,False,
cg24761567,-,False,
cg24768365,ADAMTS20,False,
cg24794531,TRPC1,False,
cg24805411,CCDC106,False,
cg24806195,-,False,
cg24830738,KCNN2,False,
cg24834394,-,False,
cg24836822,KCNH2,False,
cg24842753,-,False,
cg24852446,RAP1GAP,False,
cg24868292,DNASE2B,False,
cg24870340,-,False,
cg24870483,-,False,
cg24871798,-,False,
cg24899545,RREB1,False,
cg24911837,CCT6P1,False,
cg24914483,-,False,
cg24941195,C7orf65,False,
cg24945231,-,False,
cg24947777,FOXH1,False,
cg24961970,MYO1H,False,
cg24989577,BCAS3,False,
cg24990978,CHD7,False,
cg24999862,LRRK1,False,
cg25000600,DNAH2,False,
cg25002540,GAB1,False,
cg25007447,-,False,
cg25009141,RCC2,False,
cg25011577,MAD1L1,False,
cg25012257,GPC6,False,
cg25012961,ZNF608,False,
cg25017250,APOC4,False,
cg25022327,TP53AIP1,False,
cg25025545,CD83,False,
cg25027273,CHSY1,False,
cg25031824,P2RX1,False,
cg25055946,-,False,
cg25070373,-,False,
cg25074751,RAPGEF4;LOC91149,False,
cg25079568,TCF4,False,
cg25081552,-,False,
cg25087341,PHLDB2;PLCXD2,False,
cg25087851,GPR44,False,
cg25095171,ITPK1,False,
cg25099490,-,False,
cg25103161,MGAT4B,False,
cg25117315,-,False,
cg25121292,-,False,
cg25121513,-,False,
cg25122233,HOXC4;HOXC5;HOXC6,False,
cg25125060,NR2E1,False,
cg25135457,COASY,False,
cg25140190,C18orf1,False,
cg25142479,COL9A1,False,
cg25143771,AS3MT,False,
cg25149155,BCL2L2,False,
cg25163651,-,False,
cg25182523,FAM129A,False,
cg25196440,FHL3,False,
cg25199005,SMYD3,False,
cg25201998,KCNN3,False,
cg25203627,TSNAX-DISC1;DISC1,False,
cg25204233,-,False,
cg25208291,MECOM,False,
cg25211348,CHI3L2,False,
cg25213452,SRGAP2,False,
cg25224369,-,False,
cg25233672,NEURL1B,False,
cg25258843,SOX7,False,
cg25263454,KLK14,False,
cg25268863,EFEMP1,False,
cg25274598,-,False,
cg25301767,C1QL4,False,
cg25303150,PWWP2B,False,
cg25305879,-,False,
cg25313930,FAM124B,False,
cg25316193,-,False,
cg25316569,GRIK4,False,
cg25320749,GPX5,False,
cg25331880,C19orf2,False,
cg25332499,BATF2,False,
cg25340432,CSMD1,False,
cg25341560,SCN1B;HPN,False,
cg25345422,CHMP2A;UBE2M,False,
cg25349034,WWTR1,False,
cg25353142,KCNS1,False,
cg25353287,PKDCC,False,
cg25367758,HCN2,False,
cg25368049,-,False,
cg25368824,IL4,True,IL4
cg25373847,-,False,
cg25380151,ALDH8A1,False,
cg25416125,DGKA,False,
cg25416319,-,False,
cg25417335,-,False,
cg25422895,-,False,
cg25423002,-,False,
cg25424659,RAB3D,False,
cg25428494,HPSE,False,
cg25432300,-,False,
cg25433760,-,False,
cg25435465,MBD3,False,
cg25461290,-,False,
cg25461300,-,False,
cg25473438,TREML2,False,
cg25476713,FLJ10661,False,
cg25485913,-,False,
cg25494227,C12orf59,False,
cg25508319,KCNJ5,False,
cg25520249,CYP2S1,False,
cg25524473,DUSP5,False,
cg25529875,GFOD1,False,
cg25531857,C20orf199,False,
cg25545503,SLC22A2,False,
cg25552889,FAM131A,False,
cg25554935,PET117,False,
cg25562059,MEGF8,False,
cg25565850,OBSL1,False,
cg25567280,RNF13,False,
cg25570278,MMP14,False,
cg25577090,LRRC61,False,
cg25583264,-,False,
cg25587223,GUCY2D,False,
cg25589001,LCOR,False,
cg25594307,WNT10B,False,
cg25597843,-,False,
cg25605731,CALR,False,
cg25608555,SERGEF,False,
cg25611087,PLXNA1,False,
cg25612752,-,False,
cg25613227,ACCN1,False,
cg25614701,RARA,False,
cg25617285,RCOR3,False,
cg25622154,-,False,
cg25626999,NCLN,False,
cg25630514,GATA3,True,GATA3
cg25635352,B3GALNT1,False,
cg25635864,RIN1,False,
cg25641745,-,False,
cg25643253,VKORC1L1,False,
cg25675673,-,False,
cg25676890,-,False,
cg25687507,C12orf49,False,
cg25696972,-,False,
cg25698236,MTNR1A,False,
cg25708364,SLC5A10;FAM83G,False,
cg25709789,TAOK1,False,
cg25717351,NXN,False,
cg25718766,-,False,
cg25732252,ST6GALNAC4,False,
cg25733797,SERGEF,False,
cg25734842,-,False,
cg25735294,-,False,
cg25739938,CPSF3,False,
cg25744957,FLJ36777,False,
cg25749254,KLF6,False,
cg25757820,-,False,
cg25771013,MIR148A,False,
cg25771390,ZNF44,False,
cg25772221,-,False,
cg25786136,-,False,
cg25788793,SLC2A9,False,
cg25789405,-,False,
cg25790298,FNDC3B,False,
cg25795369,-,False,
cg25798605,TMEM91;B9D2,False,
cg25801636,-,False,
cg25813235,SYNGAP1,False,
cg25813345,ASCL3,False,
cg25814752,ITGA7,False,
cg25820960,-,False,
cg25821249,-,False,
cg25843927,AGPS,False,
cg25857307,STAT3,False,
cg25876656,C1orf133;SERTAD4,False,
cg25880810,FMNL2,False,
cg25883219,RIMBP2,False,
cg25892537,MAN2B2,False,
cg25892639,-,False,
cg25917747,-,False,
cg25934198,C9orf139;ABCA2,False,
cg25934495,TNFAIP3,False,
cg25939350,TERT,False,
cg25939647,GPR176,False,
cg25943876,-,False,
cg25958716,HIBCH,False,
cg25960834,C20orf96,False,
cg25964728,TMEM22,False,
cg25966817,ERCC8,False,
cg25968076,AMPD3,False,
cg25973282,-,False,
cg25980042,CELSR1,False,
cg25987102,APOA1,False,
cg25987871,TRAPPC9,False,
cg26001764,EXTL3,False,
cg26002632,DEGS2,False,
cg26011222,-,False,
cg26013992,-,False,
cg26021007,-,False,
cg26024851,IQGAP3,False,
cg26024880,IL28RA,False,
cg26034531,LPPR5,False,
cg26038318,SPAG4,False,
cg26040060,CYTH1,False,
cg26040075,C1orf159,False,
cg26055747,HEATR2,False,
cg26058778,-,False,
cg26070540,COX4I2,False,
cg26101277,CCL1,False,
cg26102082,NGFR,False,
cg26110064,-,False,
cg26115531,-,False,
cg26121810,-,False,
cg26126806,RAI1,False,
cg26127662,HOXA3,False,
cg26137103,-,False,
cg26153096,C1orf210,False,
cg26157803,MIR345;SLC25A29,False,
cg26166595,DKK3,False,
cg26185356,-,False,
cg26200141,SOCS6,False,
cg26203839,DENND3,False,
cg26204079,DGKD,False,
cg26206598,PREX1,False,
cg26212135,-,False,
cg26222247,ANPEP,False,
cg26231267,CAMK1D,False,
cg26235490,ABR,False,
cg26237595,OPCML,False,
cg26247646,KIF1B,False,
cg26248581,-,False,
cg26252077,NFIA,False,
cg26257082,-,False,
cg26263563,C6orf10,False,
cg26263675,RAB37,False,
cg26269677,CRHBP,False,
cg26275373,-,False,
cg26296781,-,False,
cg26300857,KCNAB2,False,
cg26318265,-,False,
cg26325723,ACSS1,False,
cg26328687,MAML2,False,
cg26331172,SEMA6C,False,
cg26332630,C14orf2,False,
cg26335299,C16orf86;C16orf48,False,
cg26335760,RAB6B,False,
cg26343001,-,False,
cg26348259,-,False,
cg26352718,-,False,
cg26357820,RXRB,False,
cg26360697,-,False,
cg26363759,SPSB1,False,
cg26364091,CHADL,False,
cg26371206,BFSP1,False,
cg26379258,TRAF3IP2,False,
cg26385286,GCNT2,False,
cg26385897,NKAIN3,False,
cg26388816,B4GALNT3,False,
cg26392924,SLC23A1,False,
cg26396815,BANK1,False,
cg26401541,-,False,
cg26406563,C1orf175,False,
cg26406924,PAPPA2,False,
cg26411222,-,False,
cg26413708,TRERF1,False,
cg26420795,-,False,
cg26427534,PPFIBP2,False,
cg26429266,MEGF10,False,
cg26429381,-,False,
cg26430059,FOXN3,False,
cg26445608,CPXM1,False,
cg26464796,DHX29,False,
cg26476939,TNXB,False,
cg26480889,-,False,
cg26482164,C20orf197,False,
cg26482939,GNA15,False,
cg26483229,-,False,
cg26487582,ZCCHC4,False,
cg26489413,AMPD3,False,
cg26503178,GEFT,False,
cg26504263,ANKRD6,False,
cg26511108,COMMD3;BMI1,False,
cg26513837,NAP1L4,False,
cg26522239,ANKRD29,False,
cg26530713,CRTC2,False,
cg26546155,RSPRY1,False,
cg26547058,-,False,
cg26549114,-,False,
cg26575389,FAM131B,False,
cg26578856,ZNF69,False,
cg26583560,-,False,
cg26585724,PLIN1,False,
cg26589669,GSTO2,False,
cg26595256,TRIO,False,
cg26595520,LRRC4;SND1,False,
cg26599989,TOLLIP,False,
cg26605046,-,False,
cg26611683,FOXO1,False,
cg26620530,-,False,
cg26624105,RAB11FIP4,False,
cg26628847,PIP,False,
cg26647135,PILRB,False,
cg26653824,-,False,
cg26664206,-,False,
cg26667236,-,False,
cg26667586,CCDC126,False,
cg26667946,SIAH3,False,
cg26675485,PSMB10,False,
cg26686732,FOXA2,False,
cg26690127,PRKD3,False,
cg26697320,-,False,
cg26704293,-,False,
cg26707013,-,False,
cg26717009,GJA3,False,
cg26718357,-,False,
cg26724841,RNF216,False,
cg26729913,AATK,False,
cg26735503,-,False,
cg26735886,TMEM92,False,
cg26737985,-,False,
cg26744079,C10orf41,False,
cg26753208,-,False,
cg26774971,TMEM181,False,
cg26783727,-,False,
cg26784929,-,False,
cg26789365,-,False,
cg26791242,LOC339524,False,
cg26796518,VWF,False,
cg26800893,ATPGD1,False,
cg26803289,NPL,False,
cg26811159,NOX4,False,
cg26815396,PACSIN1,False,
cg26821433,LRP2,False,
cg26827373,ZNF844,False,
cg26827394,UBE2I,False,
cg26839288,HNRNPA3P1,False,
cg26840970,ZNF19,False,
cg26843612,ATXN1,False,
cg26847100,SLC44A2,False,
cg26848248,SSR1,False,
cg26853787,-,False,
cg26858238,DAXX,False,
cg26864028,EPOR,False,
cg26864526,HRH1,False,
cg26865494,DOCK1,False,
cg26870771,HSF4;FBXL8,False,
cg26873132,DENND5A,False,
cg26878190,-,False,
cg26880661,KPNA5,False,
cg26898932,CCDC55,False,
cg26905261,ST18,False,
cg26908276,SSU72,False,
cg26912069,FBXL17,False,
cg26926138,-,False,
cg26934362,LPCAT1,False,
cg26951440,NKX2-3,False,
cg26953137,-,False,
cg26963146,EIF2C2,False,
cg26980692,SLC15A3,False,
cg26985289,CLSTN1,False,
cg26987613,VPS52,False,
cg26988253,LAT,False,
cg26989316,CPT1A,False,
cg27000120,GALNS,False,
cg27000590,PRAGMIN,False,
cg27010076,MCC,False,
cg27013526,-,False,
cg27022531,LRRC1,False,
cg27027763,-,False,
cg27028800,CDC42BPB,False,
cg27034466,-,False,
cg27040525,SIGLEC8,False,
cg27042278,GPR68,False,
cg27046604,SPINT1,False,
cg27051683,PDCD1,False,
cg27057329,-,False,
cg27061485,CBFA2T3,False,
cg27065729,-,False,
cg27067214,CAST,False,
cg27083689,RBP7,False,
cg27088038,SLC24A4,False,
cg27092594,-,False,
cg27097542,-,False,
cg27097762,-,False,
cg27105183,-,False,
cg27106290,CDH12,False,
cg27106643,NFATC1,False,
cg27107970,C17orf70,False,
cg27111890,UBASH3A,False,
cg27119412,VCL,False,
cg27123392,GABPB1,False,
cg27124462,TRIO,False,
cg27129363,NDUFA12,False,
cg27134944,COMMD6,False,
cg27139457,CAPG,False,
cg27156515,SBF2,False,
cg27170268,XRCC3,False,
cg27174108,C19orf33;YIF1B,False,
cg27176828,G0S2,False,
cg27177983,LGI2,False,
cg27183791,ANKRD11,False,
cg27203309,ALDH3A2,False,
cg27205159,-,False,
cg27209729,NRXN2,False,
cg27217555,C4orf10;NOP14,False,
cg27220660,MAZ,False,
cg27226927,DCXR,False,
cg27227317,-,False,
cg27231912,-,False,
cg27245817,AMBRA1,False,
cg27246129,DLL1,False,
cg27249419,ZNF397OS,False,
cg27262041,NAV2,False,
cg27270116,-,False,
cg27270968,-,False,
cg27280575,PLTP,False,
cg27281791,ZFPM2,False,
cg27285720,GBP4,False,
cg27286011,INF2,False,
cg27292079,CBFA2T3,False,
cg27292389,IL15RA,False,
cg27295342,-,False,
cg27305903,-,False,
cg27338089,MAZ,False,
cg27347104,VWF,False,
cg27362255,PGAM5,False,
cg27370104,TRERF1,False,
cg27383562,TFB1M;CLDN20,False,
cg27395066,ACBD4,False,
cg27399414,CLSTN1,False,
cg27404606,C20orf27,False,
cg27406919,-,False,
cg27433482,TRAF5,False,
cg27435138,KCNA7,False,
cg27442349,SIRT2;NFKBIB,False,
cg27447477,-,False,
cg27449824,-,False,
cg27461196,FXYD1,False,
cg27468224,-,False,
cg27469152,EPX,False,
cg27478863,-,False,
cg27485921,ATP6V1E2,False,
cg27496339,BLVRA,False,
cg27502580,MECOM,False,
cg27505036,CLCN7,False,
cg27513667,ANKRD11,False,
cg27521476,TLX1,False,
cg27528351,DDC,False,
cg27529037,PCIF1,False,
cg27530093,CCDC97,False,
cg27532187,RNF39,False,
cg27536559,-,False,
cg27537628,CCDC106,False,
cg27541048,GNB3,False,
cg27544046,VCAM1,False,
cg27550441,PARN,False,
cg27553947,CLSTN1,False,
cg27566842,ADARB2,False,
cg27573991,C1orf150,False,
cg27582527,-,False,
cg27585939,-,False,
cg27588384,LIMD1,False,
cg27590407,ZNF860;OSBPL10,False,
cg27601906,GEM,False,
cg27602386,-,False,
cg27606341,FYB,False,
cg27613172,HOXC8,False,
cg27616541,CNTNAP1,False,
cg27617775,-,False,
cg27629753,-,False,
cg27641961,ZNRF1,False,
cg27651039,-,False,
cg27657926,USP42,False,
ch.5.432310R,MYO10,False,
ch.6.107549394R,-,False,
