scope,cpg,gene,in_type2_panel,type2_match
all_tissues,cg00010445,RFX1,False,
all_tissues,cg00014561,NUP93,False,
all_tissues,cg00019841,MAPK4,False,
all_tissues,cg00021513,-,False,
all_tissues,cg00028211,-,False,
all_tissues,cg00040588,MXRA8,False,
all_tissues,cg00052385,ST3GAL1,False,
all_tissues,cg00055764,RIMBP2,False,
all_tissues,cg00057667,-,False,
all_tissues,cg00058708,UBXN2A,False,
all_tissues,cg00068153,CACNA1S,False,
all_tissues,cg00068428,-,False,
all_tissues,cg00073543,-,False,
all_tissues,cg00085732,SLC13A2,False,
all_tissues,cg00095018,MAPK13,False,
all_tissues,cg00095523,-,False,
all_tissues,cg00095688,PRKCZ,False,
all_tissues,cg00109344,RGS3,False,
all_tissues,cg00110695,FBXL4,False,
all_tissues,cg00113315,SLC2A5,False,
all_tissues,cg00114012,SLC2A8,False,
all_tissues,cg00115178,CAMK1D,False,
all_tissues,cg00115288,EPS8L2,False,
all_tissues,cg00127505,-,False,
all_tissues,cg00138126,PMEPA1,False,
all_tissues,cg00144186,FJX1,False,
all_tissues,cg00145969,FAM5C,False,
all_tissues,cg00152644,SPRR2E,False,
all_tissues,cg00153082,-,False,
all_tissues,cg00154119,-,False,
all_tissues,cg00170714,MLX;PSMC3IP,False,
all_tissues,cg00178661,IGSF3,False,
all_tissues,cg00186499,RBM38,False,
all_tissues,cg00192031,-,False,
all_tissues,cg00193959,DOCK1,False,
all_tissues,cg00199059,TP53RK,False,
all_tissues,cg00204465,MYO15B,False,
all_tissues,cg00207280,TRIB1,False,
all_tissues,cg00217953,SEMA4C,False,
all_tissues,cg00220721,PRR5L,False,
all_tissues,cg00234261,WDR86,False,
all_tissues,cg00240195,NR4A2,False,
all_tissues,cg00248521,CASKIN1,False,
all_tissues,cg00249503,DNAH17,False,
all_tissues,cg00250430,DMRT2,False,
all_tissues,cg00253564,PLEKHG5,False,
all_tissues,cg00255699,TRIT1,False,
all_tissues,cg00261325,AACSL,False,
all_tissues,cg00263619,CCDC41,False,
all_tissues,cg00269606,CRH,False,
all_tissues,cg00288376,-,False,
all_tissues,cg00289503,COL9A3,False,
all_tissues,cg00290086,DMRT2,False,
all_tissues,cg00291837,-,False,
all_tissues,cg00295182,PANK4,False,
all_tissues,cg00295259,GLI2,False,
all_tissues,cg00299972,TLX1,False,
all_tissues,cg00308159,MN1,False,
all_tissues,cg00308936,DDAH1,False,
all_tissues,cg00313722,C19orf6,False,
all_tissues,cg00316485,ZNF423,False,
all_tissues,cg00318573,CHRNA4,False,
all_tissues,cg00327072,NEURL1B,False,
all_tissues,cg00327332,CSTT,False,
all_tissues,cg00328058,PLEKHN1;KLHL17,False,
all_tissues,cg00329656,-,False,
all_tissues,cg00330825,RPLP2;SNORA52,False,
all_tissues,cg00333678,-,False,
all_tissues,cg00344900,-,False,
all_tissues,cg00345314,SGK3,False,
all_tissues,cg00347620,TBX3,False,
all_tissues,cg00348891,-,False,
all_tissues,cg00349061,SLC30A2,False,
all_tissues,cg00349895,TRIM2,False,
all_tissues,cg00352005,KDM3A,False,
all_tissues,cg00353923,LRRC4;SND1,False,
all_tissues,cg00362818,CLN5,False,
all_tissues,cg00363312,HIPK2,False,
all_tissues,cg00367135,BEST1,False,
all_tissues,cg00367962,-,False,
all_tissues,cg00375250,OLFML2A,False,
all_tissues,cg00390694,TCEA2,False,
all_tissues,cg00391067,LOC100271715,False,
all_tissues,cg00394823,ACSM3,False,
all_tissues,cg00397179,-,False,
all_tissues,cg00397422,SLFN14,False,
all_tissues,cg00400096,-,False,
all_tissues,cg00401091,NFATC2,False,
all_tissues,cg00409201,ZSCAN1,False,
all_tissues,cg00409356,IRX4,False,
all_tissues,cg00414077,C20orf118,False,
all_tissues,cg00425678,-,False,
all_tissues,cg00427635,TBC1D21,False,
all_tissues,cg00428193,PEG3;ZIM2,False,
all_tissues,cg00432659,-,False,
all_tissues,cg00438309,-,False,
all_tissues,cg00451397,GTF2A1L;STON1-GTF2A1L,False,
all_tissues,cg00456557,C6orf147,False,
all_tissues,cg00456651,SDC3,False,
all_tissues,cg00458016,PRR12,False,
all_tissues,cg00459232,CD9,False,
all_tissues,cg00460916,ITGAE,False,
all_tissues,cg00461060,GALNT9,False,
all_tissues,cg00463746,ROR1,False,
all_tissues,cg00465927,PAQR7,False,
all_tissues,cg00471190,IL32,False,
all_tissues,cg00476243,-,False,
all_tissues,cg00476771,-,False,
all_tissues,cg00486998,MECOM,False,
all_tissues,cg00489394,HRASLS5,False,
all_tissues,cg00492574,KLF4,False,
all_tissues,cg00495311,LRRC58,False,
all_tissues,cg00498401,EVPL,False,
all_tissues,cg00500936,CAMKK2,False,
all_tissues,cg00507008,-,False,
all_tissues,cg00510552,NMRAL1,False,
all_tissues,cg00514723,CHD6,False,
all_tissues,cg00516481,PDE9A,False,
all_tissues,cg00525496,NEDD9,False,
all_tissues,cg00528616,ZNRF1,False,
all_tissues,cg00530720,DGKZ,False,
all_tissues,cg00545796,IFT140,False,
all_tissues,cg00549219,-,False,
all_tissues,cg00554993,CEBPE,False,
all_tissues,cg00559992,PIK3R1,False,
all_tissues,cg00567703,HOXC4;HOXC5;HOXC6,False,
all_tissues,cg00567854,BTG2,False,
all_tissues,cg00573504,-,False,
all_tissues,cg00578220,KHDRBS2,False,
all_tissues,cg00581422,-,False,
all_tissues,cg00582663,CHD3,False,
all_tissues,cg00583733,ALDOA,False,
all_tissues,cg00585790,LIMS1,False,
all_tissues,cg00587115,-,False,
all_tissues,cg00587472,-,False,
all_tissues,cg00594191,-,False,
all_tissues,cg00609333,MGST1,False,
all_tissues,cg00615941,-,False,
all_tissues,cg00625783,-,False,
all_tissues,cg00631287,-,False,
all_tissues,cg00632466,-,False,
all_tissues,cg00634542,SLC11A1,False,
all_tissues,cg00637085,-,False,
all_tissues,cg00639200,-,False,
all_tissues,cg00653700,-,False,
all_tissues,cg00659931,PCSK6,False,
all_tissues,cg00660608,-,False,
all_tissues,cg00666105,SOX2OT;SOX2,False,
all_tissues,cg00676801,STAT1,False,
all_tissues,cg00689772,-,False,
all_tissues,cg00690609,-,False,
all_tissues,cg00699617,MAPT,False,
all_tissues,cg00707777,TKT,False,
all_tissues,cg00711896,ZNF48,False,
all_tissues,cg00714309,RAB3B,False,
all_tissues,cg00716040,RCAN3,False,
all_tissues,cg00716470,-,False,
all_tissues,cg00723994,-,False,
all_tissues,cg00725472,TNS3,False,
all_tissues,cg00727912,SLC17A9,False,
all_tissues,cg00739353,-,False,
all_tissues,cg00741609,TLX1,False,
all_tissues,cg00741954,GMDS,False,
all_tissues,cg00746386,-,False,
all_tissues,cg00751072,SSBP4,False,
all_tissues,cg00753399,MOBKL1B,False,
all_tissues,cg00754604,RBMS1,False,
all_tissues,cg00760950,-,False,
all_tissues,cg00765922,BCAN,False,
all_tissues,cg00771722,IL3,False,
all_tissues,cg00778807,-,False,
all_tissues,cg00790307,SMCR5;RAI1,False,
all_tissues,cg00793186,NRG2,False,
all_tissues,cg00803453,SPEG,False,
all_tissues,cg00804043,PIK3R6,False,
all_tissues,cg00805874,ZBTB12,False,
all_tissues,cg00807464,CUX2,False,
all_tissues,cg00809021,-,False,
all_tissues,cg00809164,MT1L,False,
all_tissues,cg00816039,TNFSF13;TNFSF12-TNFSF13,False,
all_tissues,cg00819338,-,False,
all_tissues,cg00820919,PLEKHH2,False,
all_tissues,cg00821731,WNT10A,False,
all_tissues,cg00832457,BICD1,False,
all_tissues,cg00832924,CTTNBP2,False,
all_tissues,cg00841408,CAMK1,False,
all_tissues,cg00841968,ACTN1,False,
all_tissues,cg00843623,ZNF433,False,
all_tissues,cg00847453,DDO,False,
all_tissues,cg00848007,IFNG,False,
all_tissues,cg00849642,CORO1C,False,
all_tissues,cg00850073,-,False,
all_tissues,cg00850083,C21orf88,False,
all_tissues,cg00858400,SLC7A5,False,
all_tissues,cg00859314,-,False,
all_tissues,cg00864768,MBOAT7,False,
all_tissues,cg00872232,-,False,
all_tissues,cg00879541,C14orf166,False,
all_tissues,cg00882883,-,False,
all_tissues,cg00883689,SPTBN1,False,
all_tissues,cg00888479,SLC24A3,False,
all_tissues,cg00892324,LFNG,False,
all_tissues,cg00897276,SRGAP3,False,
all_tissues,cg00898683,DNMT3A,False,
all_tissues,cg00907288,SRGAP3,False,
all_tissues,cg00909275,ATXN2,False,
all_tissues,cg00910972,MAPK15,False,
all_tissues,cg00922310,DCHS1,False,
all_tissues,cg00923890,-,False,
all_tissues,cg00926318,ENTPD6,False,
all_tissues,cg00931957,-,False,
all_tissues,cg00940546,ZNF704,False,
all_tissues,cg00944309,-,False,
all_tissues,cg00956964,SLMO1,False,
all_tissues,cg00965133,BLCAP,False,
all_tissues,cg00971695,-,False,
all_tissues,cg00986133,KCNMA1,False,
all_tissues,cg01000631,-,False,
all_tissues,cg01013023,GLI3,False,
all_tissues,cg01013155,-,False,
all_tissues,cg01015899,PXN,False,
all_tissues,cg01022117,PKP1,False,
all_tissues,cg01026233,-,False,
all_tissues,cg01026730,ARSB,False,
all_tissues,cg01028389,-,False,
all_tissues,cg01030534,FAM115A,False,
all_tissues,cg01034411,-,False,
all_tissues,cg01040749,INPP5A,False,
all_tissues,cg01040850,MR1,False,
all_tissues,cg01048107,MSC,False,
all_tissues,cg01049530,BMP3,False,
all_tissues,cg01064902,SIRT5,False,
all_tissues,cg01067137,ZNF646,False,
all_tissues,cg01074622,-,False,
all_tissues,cg01080998,LOC645323,False,
all_tissues,cg01081303,HAUS3,False,
all_tissues,cg01092213,UPP1,False,
all_tissues,cg01105256,SUOX,False,
all_tissues,cg01107142,GDNF,False,
all_tissues,cg01116831,-,False,
all_tissues,cg01119452,ELMO1,False,
all_tissues,cg01142328,EVPLL,False,
all_tissues,cg01161042,ZFYVE28,False,
all_tissues,cg01166488,LOC153328,False,
all_tissues,cg01171355,SLC12A7,False,
all_tissues,cg01172150,-,False,
all_tissues,cg01175020,TLX1,False,
all_tissues,cg01177100,SRGAP3,False,
all_tissues,cg01183122,KCNE1,False,
all_tissues,cg01208318,-,False,
all_tissues,cg01223986,SNX29,False,
all_tissues,cg01231183,-,False,
all_tissues,cg01232717,TCEB1,False,
all_tissues,cg01233934,PRDM13,False,
all_tissues,cg01238343,NGDN,False,
all_tissues,cg01242348,CEBPE,False,
all_tissues,cg01243586,SAA2,False,
all_tissues,cg01248445,PPP1R3D,False,
all_tissues,cg01256260,-,False,
all_tissues,cg01273330,-,False,
all_tissues,cg01273672,PARD3B,False,
all_tissues,cg01280180,TXNDC6,False,
all_tissues,cg01289206,HCCA2,False,
all_tissues,cg01289421,B3GNT3,False,
all_tissues,cg01298987,HIRIP3,False,
all_tissues,cg01301339,-,False,
all_tissues,cg01303372,BAG3,False,
all_tissues,cg01311045,CATSPER1,False,
all_tissues,cg01311995,-,False,
all_tissues,cg01323964,SNORA22;CCT6P1,False,
all_tissues,cg01327169,-,False,
all_tissues,cg01330312,NCOA4,False,
all_tissues,cg01330991,DNAH2,False,
all_tissues,cg01332882,ZNFX1,False,
all_tissues,cg01339704,SMTNL2,False,
all_tissues,cg01349903,WBSCR17,False,
all_tissues,cg01359822,ETS2,False,
all_tissues,cg01360586,KCNJ6,False,
all_tissues,cg01364755,ADARB2,False,
all_tissues,cg01376665,PHGR1,False,
all_tissues,cg01377358,ASXL1,False,
all_tissues,cg01383881,-,False,
all_tissues,cg01383911,TRIM39,False,
all_tissues,cg01385679,ELMO2,False,
all_tissues,cg01404163,TOX3,False,
all_tissues,cg01415562,-,False,
all_tissues,cg01417394,INPP4B,False,
all_tissues,cg01418351,MAEA,False,
all_tissues,cg01425731,ARL11,False,
all_tissues,cg01435678,IL6R,False,
all_tissues,cg01445399,LOC339524,False,
all_tissues,cg01450600,FAM160B1,False,
all_tissues,cg01457778,-,False,
all_tissues,cg01465769,PRKCD,False,
all_tissues,cg01471293,RGL2,False,
all_tissues,cg01471572,-,False,
all_tissues,cg01472101,CLEC10A,False,
all_tissues,cg01498437,-,False,
all_tissues,cg01499988,MSMP,False,
all_tissues,cg01515543,LOC100129066,False,
all_tissues,cg01518279,-,False,
all_tissues,cg01519765,ETV5,False,
all_tissues,cg01520924,HSPA2,False,
all_tissues,cg01521397,TAF4,False,
all_tissues,cg01526089,P2RX1,False,
all_tissues,cg01544270,EXD3,False,
all_tissues,cg01545587,TMEM121,False,
all_tissues,cg01550148,H2AFY,False,
all_tissues,cg01557792,KIAA0247,False,
all_tissues,cg01559259,CHST1,False,
all_tissues,cg01559912,PCSK4,False,
all_tissues,cg01561108,-,False,
all_tissues,cg01567656,MYO7A,False,
all_tissues,cg01578324,CLIC1,False,
all_tissues,cg01580044,PHTF1,False,
all_tissues,cg01586506,SOX10,False,
all_tissues,cg01588748,SYT1,False,
all_tissues,cg01590076,-,False,
all_tissues,cg01591037,PDE6H,False,
all_tissues,cg01595951,-,False,
all_tissues,cg01601476,EPB41L4B,False,
all_tissues,cg01606027,LIMK2,False,
all_tissues,cg01612824,-,False,
all_tissues,cg01618851,CD209,False,
all_tissues,cg01631162,RNF39,False,
all_tissues,cg01641136,CISH,False,
all_tissues,cg01642901,SH3RF1,False,
all_tissues,cg01646665,TMEM79;SMG5,False,
all_tissues,cg01647561,-,False,
all_tissues,cg01650864,-,False,
all_tissues,cg01665970,C6orf10,False,
all_tissues,cg01673865,SPTB,False,
all_tissues,cg01681881,MIR130A,False,
all_tissues,cg01682208,-,False,
all_tissues,cg01682504,-,False,
all_tissues,cg01684586,IGFBP7,False,
all_tissues,cg01686177,-,False,
all_tissues,cg01692482,ZNF217,False,
all_tissues,cg01692842,ACAD8,False,
all_tissues,cg01704609,TNFRSF19,False,
all_tissues,cg01709846,TEKT5,False,
all_tissues,cg01710852,SMAD3,False,
all_tissues,cg01711344,UNC93B1,False,
all_tissues,cg01753359,ZNF572,False,
all_tissues,cg01761256,-,False,
all_tissues,cg01764046,HCRTR1,False,
all_tissues,cg01770400,SERPINC1,False,
all_tissues,cg01777397,CLIP4,False,
all_tissues,cg01798341,TBCD,False,
all_tissues,cg01798813,-,False,
all_tissues,cg01800926,CLSTN1,False,
all_tissues,cg01802640,-,False,
all_tissues,cg01813965,CCDC135,False,
all_tissues,cg01814098,ALDH7A1,False,
all_tissues,cg01816726,ST8SIA6,False,
all_tissues,cg01819568,KIT,False,
all_tissues,cg01821751,-,False,
all_tissues,cg01822050,-,False,
all_tissues,cg01829672,CLINT1,False,
all_tissues,cg01830023,-,False,
all_tissues,cg01831805,-,False,
all_tissues,cg01835368,C7orf36,False,
all_tissues,cg01835474,-,False,
all_tissues,cg01860459,MYLK,False,
all_tissues,cg01862363,NTN1,False,
all_tissues,cg01870976,PCSK6,False,
all_tissues,cg01877352,CD6,False,
all_tissues,cg01889899,PCSK6,False,
all_tissues,cg01890712,OR9Q1,False,
all_tissues,cg01891966,HOXA9,False,
all_tissues,cg01892689,PGCP,False,
all_tissues,cg01898867,-,False,
all_tissues,cg01899624,-,False,
all_tissues,cg01901579,DICER1,False,
all_tissues,cg01907098,PDXK,False,
all_tissues,cg01912455,SMARCB1,False,
all_tissues,cg01914153,-,False,
all_tissues,cg01916918,CLU,False,
all_tissues,cg01920536,-,False,
all_tissues,cg01930756,-,False,
all_tissues,cg01932823,GPR97,False,
all_tissues,cg01933248,-,False,
all_tissues,cg01936839,-,False,
all_tissues,cg01942646,NR0B2,False,
all_tissues,cg01943337,DPY19L1,False,
all_tissues,cg01949993,LAMC2,False,
all_tissues,cg01960096,ARHGEF11,False,
all_tissues,cg01973605,CASZ1,False,
all_tissues,cg01975706,JAM2,False,
all_tissues,cg01976784,-,False,
all_tissues,cg01977079,PLEKHA7,False,
all_tissues,cg01981354,RNF170,False,
all_tissues,cg01981433,TNFAIP3,False,
all_tissues,cg01987702,-,False,
all_tissues,cg01990910,SNX29,False,
all_tissues,cg01991967,IL1RN,False,
all_tissues,cg01997461,FARP1,False,
all_tissues,cg02005664,HEG1,False,
all_tissues,cg02008416,TMEM61,False,
all_tissues,cg02010342,-,False,
all_tissues,cg02021127,PIP5KL1,False,
all_tissues,cg02021157,KCNQ1,False,
all_tissues,cg02022181,C7orf50;MIR339,False,
all_tissues,cg02023469,TMEM132A,False,
all_tissues,cg02030275,-,False,
all_tissues,cg02030493,C1orf88,False,
all_tissues,cg02033124,-,False,
all_tissues,cg02033302,-,False,
all_tissues,cg02037307,PITX1,False,
all_tissues,cg02038273,BNIP3,False,
all_tissues,cg02043994,-,False,
all_tissues,cg02045894,STAU2,False,
all_tissues,cg02057561,PTK7,False,
all_tissues,cg02057598,SLC7A5,False,
all_tissues,cg02067022,KCNQ5,False,
all_tissues,cg02069619,LPIN1,False,
all_tissues,cg02074714,-,False,
all_tissues,cg02084046,CXXC5,False,
all_tissues,cg02086310,ACSS1,False,
all_tissues,cg02091526,-,False,
all_tissues,cg02101203,FRMD4A,False,
all_tissues,cg02107844,SLCO3A1,False,
all_tissues,cg02112893,RAB11FIP4,False,
all_tissues,cg02114084,JDP2,False,
all_tissues,cg02115781,METTL8,False,
all_tissues,cg02116856,ACSL3,False,
all_tissues,cg02124446,C16orf74,False,
all_tissues,cg02124524,KIAA0182,False,
all_tissues,cg02140384,-,False,
all_tissues,cg02147126,AZU1,False,
all_tissues,cg02148324,ABCF2,False,
all_tissues,cg02149537,-,False,
all_tissues,cg02162324,HSF4;FBXL8,False,
all_tissues,cg02170785,-,False,
all_tissues,cg02172819,KCNMA1,False,
all_tissues,cg02175033,KIAA0247,False,
all_tissues,cg02178846,-,False,
all_tissues,cg02186444,ARMC7,False,
all_tissues,cg02206323,MIR1180;B9D1,False,
all_tissues,cg02216481,ALOX15B,False,
all_tissues,cg02221295,-,False,
all_tissues,cg02224394,PCDH15,False,
all_tissues,cg02225847,FAM65A,False,
all_tissues,cg02226672,SMPD3,False,
all_tissues,cg02233614,PFKFB2,False,
all_tissues,cg02237172,ZMYND10,False,
all_tissues,cg02237208,-,False,
all_tissues,cg02238012,IRX4,False,
all_tissues,cg02240622,PLCB2,False,
all_tissues,cg02245534,METRNL,False,
all_tissues,cg02246002,-,False,
all_tissues,cg02246876,CEBPE,False,
all_tissues,cg02251014,-,False,
all_tissues,cg02253701,-,False,
all_tissues,cg02257708,ARPC1B,False,
all_tissues,cg02272993,-,False,
all_tissues,cg02273797,-,False,
all_tissues,cg02278087,DENND5B,False,
all_tissues,cg02281662,KIF26A,False,
all_tissues,cg02295389,ASXL2,False,
all_tissues,cg02299328,RAPGEFL1,False,
all_tissues,cg02300652,CACNB4,False,
all_tissues,cg02305289,-,False,
all_tissues,cg02313379,-,False,
all_tissues,cg02317251,WDR1,False,
all_tissues,cg02323356,SPEG,False,
all_tissues,cg02324006,HMHA1,False,
all_tissues,cg02324835,-,False,
all_tissues,cg02328660,ARHGEF16,False,
all_tissues,cg02331830,PLEC1,False,
all_tissues,cg02338345,PDLIM1,False,
all_tissues,cg02342791,-,False,
all_tissues,cg02345747,LAMP3,False,
all_tissues,cg02346442,-,False,
all_tissues,cg02350636,SLC12A7,False,
all_tissues,cg02352252,-,False,
all_tissues,cg02353814,-,False,
all_tissues,cg02360862,MIXL1,False,
all_tissues,cg02371631,CDK15,False,
all_tissues,cg02372786,SIX3,False,
all_tissues,cg02376664,ZDHHC7,False,
all_tissues,cg02380813,GNAQ,False,
all_tissues,cg02383835,TLE2,False,
all_tissues,cg02385739,-,False,
all_tissues,cg02407372,C6orf164,False,
all_tissues,cg02410887,LYN,False,
all_tissues,cg02419362,SPPL3,False,
all_tissues,cg02426611,JPH3,False,
all_tissues,cg02427831,SIGLEC8,False,
all_tissues,cg02441090,OXCT1,False,
all_tissues,cg02446869,-,False,
all_tissues,cg02449461,ARRB1,False,
all_tissues,cg02449762,-,False,
all_tissues,cg02455383,CRYBB1,False,
all_tissues,cg02459569,LASS2,False,
all_tissues,cg02468250,PAX6,False,
all_tissues,cg02469356,SMURF1,False,
all_tissues,cg02473123,CD7,False,
all_tissues,cg02473287,YWHAQ,False,
all_tissues,cg02475695,NHLRC4,False,
all_tissues,cg02479022,SLC39A14,False,
all_tissues,cg02480298,PRR5L,False,
all_tissues,cg02481000,PRKCZ,False,
all_tissues,cg02484562,TBC1D2B,False,
all_tissues,cg02487130,SPEG,False,
all_tissues,cg02490736,FOXF2,False,
all_tissues,cg02493939,LOC80054;CEBPA,False,
all_tissues,cg02499139,TNIK,False,
all_tissues,cg02505596,-,False,
all_tissues,cg02513808,-,False,
all_tissues,cg02534164,-,False,
all_tissues,cg02539671,TREM2,False,
all_tissues,cg02541582,UGP2,False,
all_tissues,cg02543850,HIPK3,False,
all_tissues,cg02560388,-,False,
all_tissues,cg02569698,TULP1,False,
all_tissues,cg02573176,SLC10A5,False,
all_tissues,cg02579477,RGS5,False,
all_tissues,cg02580923,-,False,
all_tissues,cg02586198,MAZ,False,
all_tissues,cg02591634,BTNL2,False,
all_tissues,cg02595809,FOXD3,False,
all_tissues,cg02603518,-,False,
all_tissues,cg02607802,LMO7,False,
all_tissues,cg02611848,C2orf65,False,
all_tissues,cg02613380,UBTD1,False,
all_tissues,cg02618071,-,False,
all_tissues,cg02619834,ADD3,False,
all_tissues,cg02627657,CENPV,False,
all_tissues,cg02630629,KCNAB2,False,
all_tissues,cg02631196,MEGF6,False,
all_tissues,cg02633398,CBFA2T3,False,
all_tissues,cg02635407,SH3TC1,False,
all_tissues,cg02635623,BCKDK,False,
all_tissues,cg02639080,TRIM27,False,
all_tissues,cg02642126,TRAPPC9,False,
all_tissues,cg02699336,ERC2,False,
all_tissues,cg02699671,NXN,False,
all_tissues,cg02703728,UPP1,False,
all_tissues,cg02707114,-,False,
all_tissues,cg02709167,-,False,
all_tissues,cg02713760,BNC1,False,
all_tissues,cg02717470,-,False,
all_tissues,cg02721947,-,False,
all_tissues,cg02724047,B3GNT9,False,
all_tissues,cg02733847,LY6G5C,False,
all_tissues,cg02736288,-,False,
all_tissues,cg02737379,POPDC2,False,
all_tissues,cg02739870,SLC12A7,False,
all_tissues,cg02740007,-,False,
all_tissues,cg02741521,CPNE9,False,
all_tissues,cg02745912,-,False,
all_tissues,cg02747298,-,False,
all_tissues,cg02753354,HMHA1,False,
all_tissues,cg02761866,ASB8,False,
all_tissues,cg02766770,YPEL5,False,
all_tissues,cg02769614,EGFL8,False,
all_tissues,cg02769705,TMEM183B;TMEM183A,False,
all_tissues,cg02769743,TMEM201,False,
all_tissues,cg02770313,-,False,
all_tissues,cg02774632,RSU1,False,
all_tissues,cg02774856,HOMER3,False,
all_tissues,cg02780269,SECTM1,False,
all_tissues,cg02786019,TRPV6,False,
all_tissues,cg02789915,GYG1,False,
all_tissues,cg02794184,-,False,
all_tissues,cg02803925,PCYT1A,False,
all_tissues,cg02806739,CD7,False,
all_tissues,cg02811473,PPP1R16B,False,
all_tissues,cg02814118,CMIP,False,
all_tissues,cg02821342,MKLN1;FLJ43663,False,
all_tissues,cg02824888,-,False,
all_tissues,cg02826233,CDK2,False,
all_tissues,cg02835462,MAST2,False,
all_tissues,cg02836325,PGS1,False,
all_tissues,cg02836864,-,False,
all_tissues,cg02848448,CTTN,False,
all_tissues,cg02859042,NCOR2,False,
all_tissues,cg02863947,NR1I2,False,
all_tissues,cg02869444,-,False,
all_tissues,cg02871707,LOC100133545,False,
all_tissues,cg02893260,MTUS2,False,
all_tissues,cg02899346,RTN2,False,
all_tissues,cg02902412,ATP9B,False,
all_tissues,cg02902975,LRRC36;KCTD19,False,
all_tissues,cg02905198,ATP5G2,False,
all_tissues,cg02909097,RAP1GAP2,False,
all_tissues,cg02913511,CNNM4,False,
all_tissues,cg02927682,SSBP3,False,
all_tissues,cg02930951,CEBPB,False,
all_tissues,cg02931656,-,False,
all_tissues,cg02933639,SH3TC1,False,
all_tissues,cg02935097,BRDT,False,
all_tissues,cg02945192,CNN2,False,
all_tissues,cg02946885,C14orf143,False,
all_tissues,cg02947253,ADORA3,False,
all_tissues,cg02953520,TPK1,False,
all_tissues,cg02959486,-,False,
all_tissues,cg02964182,-,False,
all_tissues,cg02966574,CORO2B,False,
all_tissues,cg02970679,EPX,False,
all_tissues,cg02971546,SH3TC1,False,
all_tissues,cg02974976,CD58,False,
all_tissues,cg02977388,RNLS,False,
all_tissues,cg02977682,DERA,False,
all_tissues,cg02978139,KCNIP4,False,
all_tissues,cg02987547,-,False,
all_tissues,cg03002352,RAD51AP2,False,
all_tissues,cg03004484,-,False,
all_tissues,cg03004985,ALS2CL,False,
all_tissues,cg03008584,SHPRH,False,
all_tissues,cg03014427,PRPF39,False,
all_tissues,cg03018256,TTYH2,False,
all_tissues,cg03021496,OGFRL1,False,
all_tissues,cg03026306,CABYR,False,
all_tissues,cg03027244,-,False,
all_tissues,cg03030984,-,False,
all_tissues,cg03036422,PVRL1,False,
all_tissues,cg03037761,FZD4,False,
all_tissues,cg03047059,HHAT,False,
all_tissues,cg03054277,OBSCN,False,
all_tissues,cg03059991,-,False,
all_tissues,cg03060158,IP6K2,False,
all_tissues,cg03062454,RNF160,False,
all_tissues,cg03077077,TMEM155;LOC100192379,False,
all_tissues,cg03079733,RIPK4,False,
all_tissues,cg03086235,SOX7,False,
all_tissues,cg03088990,PLTP,False,
all_tissues,cg03092551,VRK2,False,
all_tissues,cg03094134,TRIM39,False,
all_tissues,cg03096746,HLA-G,False,
all_tissues,cg03110996,-,False,
all_tissues,cg03116466,MAD1L1,False,
all_tissues,cg03121834,PILRA,False,
all_tissues,cg03131366,-,False,
all_tissues,cg03131767,ABCB9,False,
all_tissues,cg03134653,BAT2,False,
all_tissues,cg03140135,EMP1,False,
all_tissues,cg03145924,-,False,
all_tissues,cg03146949,ZNF542,False,
all_tissues,cg03148503,-,False,
all_tissues,cg03154580,RALB,False,
all_tissues,cg03156546,TNRC6A,False,
all_tissues,cg03157027,OSR2,False,
all_tissues,cg03167633,-,False,
all_tissues,cg03168922,FASTK;TMUB1,False,
all_tissues,cg03180980,CPEB1,False,
all_tissues,cg03183631,-,False,
all_tissues,cg03190219,-,False,
all_tissues,cg03192231,ARPP-21,False,
all_tissues,cg03193589,FGD5,False,
all_tissues,cg03199646,ATXN7L1,False,
all_tissues,cg03209642,FES,False,
all_tissues,cg03210340,FLJ10357,False,
all_tissues,cg03217115,-,False,
all_tissues,cg03217729,CLEC16A,False,
all_tissues,cg03220633,FAM172A;MIR2277,False,
all_tissues,cg03221914,HIST1H2AJ,False,
all_tissues,cg03222066,ABCG4,False,
all_tissues,cg03222929,-,False,
all_tissues,cg03222975,JAKMIP1,False,
all_tissues,cg03227037,-,False,
all_tissues,cg03237648,SFMBT2,False,
all_tissues,cg03238090,-,False,
all_tissues,cg03238119,FOXK2,False,
all_tissues,cg03240663,SIGLEC14,False,
all_tissues,cg03243551,DAXX,False,
all_tissues,cg03249131,-,False,
all_tissues,cg03260624,CDC7,False,
all_tissues,cg03270395,TRAF3IP2,False,
all_tissues,cg03274401,ZDHHC2,False,
all_tissues,cg03278564,-,False,
all_tissues,cg03278639,-,False,
all_tissues,cg03285093,-,False,
all_tissues,cg03294491,SMAD2,False,
all_tissues,cg03309760,MAGEF1,False,
all_tissues,cg03327649,NEXN,False,
all_tissues,cg03340036,PIGY,False,
all_tissues,cg03340649,ZNF660,False,
all_tissues,cg03347095,PTPRN2,False,
all_tissues,cg03348466,CRTC3,False,
all_tissues,cg03351003,BCAR1,False,
all_tissues,cg03354113,KCNMA1,False,
all_tissues,cg03359540,MYLK4,False,
all_tissues,cg03365190,WHSC2,False,
all_tissues,cg03368046,FAM186A,False,
all_tissues,cg03374173,-,False,
all_tissues,cg03379131,ADAM15,False,
all_tissues,cg03395558,SHANK2,False,
all_tissues,cg03403168,-,False,
all_tissues,cg03406535,RBP7,False,
all_tissues,cg03411376,TRPM5,False,
all_tissues,cg03417182,SORBS1,False,
all_tissues,cg03428503,-,False,
all_tissues,cg03431738,ERG,False,
all_tissues,cg03440757,MOSC2,False,
all_tissues,cg03453890,SLC39A4,False,
all_tissues,cg03456938,HSF4;FBXL8,False,
all_tissues,cg03463208,-,False,
all_tissues,cg03469578,-,False,
all_tissues,cg03502236,MUC2,False,
all_tissues,cg03502791,-,False,
all_tissues,cg03505448,LOC255025,False,
all_tissues,cg03517466,RGS16,False,
all_tissues,cg03519157,DGKZ,False,
all_tissues,cg03519180,PDZD8,False,
all_tissues,cg03525433,CD96,False,
all_tissues,cg03526652,EXOC6B,False,
all_tissues,cg03533058,-,False,
all_tissues,cg03536404,ITSN2,False,
all_tissues,cg03546806,RBM19,False,
all_tissues,cg03547581,NUCKS1,False,
all_tissues,cg03550384,NECAB1,False,
all_tissues,cg03553914,BRSK2,False,
all_tissues,cg03554962,-,False,
all_tissues,cg03560879,C9orf24,False,
all_tissues,cg03564727,KCNA7,False,
all_tissues,cg03566479,TP53I3,False,
all_tissues,cg03567151,TEX101,False,
all_tissues,cg03567896,GRPEL1,False,
all_tissues,cg03578548,LOC286238,False,
all_tissues,cg03587907,NACC2,False,
all_tissues,cg03593669,-,False,
all_tissues,cg03595855,-,False,
all_tissues,cg03596479,CTSC,False,
all_tissues,cg03605420,FAM169A,False,
all_tissues,cg03606098,NADK,False,
all_tissues,cg03606509,CCDC50,False,
all_tissues,cg03608974,ZAK,False,
all_tissues,cg03611618,TNXB,False,
all_tissues,cg03630088,CPXM2,False,
all_tissues,cg03636234,RNF19A,False,
all_tissues,cg03637007,-,False,
all_tissues,cg03639929,-,False,
all_tissues,cg03654391,UBAC2,False,
all_tissues,cg03654623,AKAP8,False,
all_tissues,cg03660603,VGLL3,False,
all_tissues,cg03667317,FOXH1,False,
all_tissues,cg03671075,-,False,
all_tissues,cg03676947,-,False,
all_tissues,cg03690812,SH2B3,False,
all_tissues,cg03694157,GTF2IRD1,False,
all_tissues,cg03694279,-,False,
all_tissues,cg03702990,-,False,
all_tissues,cg03712541,SLC16A11,False,
all_tissues,cg03718025,-,False,
all_tissues,cg03720745,-,False,
all_tissues,cg03727333,SGMS1,False,
all_tissues,cg03730027,FLT4,False,
all_tissues,cg03733760,FGF19,False,
all_tissues,cg03766174,CMIP,False,
all_tissues,cg03767333,-,False,
all_tissues,cg03781505,-,False,
all_tissues,cg03806501,-,False,
all_tissues,cg03810301,GABBR1,False,
all_tissues,cg03819011,CDH4,False,
all_tissues,cg03832522,-,False,
all_tissues,cg03848074,-,False,
all_tissues,cg03854765,SLC23A2,False,
all_tissues,cg03863721,-,False,
all_tissues,cg03864128,CHMP4B,False,
all_tissues,cg03864483,UBE2E1,False,
all_tissues,cg03872623,AHSG,False,
all_tissues,cg03875819,-,False,
all_tissues,cg03880355,FAM169A,False,
all_tissues,cg03883331,ZNF238,False,
all_tissues,cg03890167,-,False,
all_tissues,cg03891590,C10orf140,False,
all_tissues,cg03892356,HOXC4;HOXC5;HOXC6,False,
all_tissues,cg03892838,LRRFIP1,False,
all_tissues,cg03894119,LOC642006,False,
all_tissues,cg03902462,LONRF1,False,
all_tissues,cg03904291,ABCG4,False,
all_tissues,cg03914735,ACPL2,False,
all_tissues,cg03915738,-,False,
all_tissues,cg03916189,-,False,
all_tissues,cg03916364,-,False,
all_tissues,cg03918071,FAM19A3,False,
all_tissues,cg03919942,MYLK,False,
all_tissues,cg03931518,FRAS1,False,
all_tissues,cg03956243,ATP5G2,False,
all_tissues,cg03960313,TNFRSF19,False,
all_tissues,cg03963011,ETS1,False,
all_tissues,cg03970350,TCN2,False,
all_tissues,cg03973663,LYN,False,
all_tissues,cg03983220,-,False,
all_tissues,cg04010248,C2orf85,False,
all_tissues,cg04017518,-,False,
all_tissues,cg04021697,WDR8,False,
all_tissues,cg04031105,-,False,
all_tissues,cg04031361,EDARADD,False,
all_tissues,cg04037640,TNXB,False,
all_tissues,cg04060366,-,False,
all_tissues,cg04064644,-,False,
all_tissues,cg04068564,ZNF831,False,
all_tissues,cg04068914,MTHFSD;FLJ30679,False,
all_tissues,cg04077085,SLC2A9,False,
all_tissues,cg04087039,PTPRN2,False,
all_tissues,cg04097131,JARID2,False,
all_tissues,cg04099767,ATP11A,False,
all_tissues,cg04100395,CLEC10A,False,
all_tissues,cg04114544,-,False,
all_tissues,cg04125370,LARP1,False,
all_tissues,cg04128237,-,False,
all_tissues,cg04131799,-,False,
all_tissues,cg04132353,CAPN14,False,
all_tissues,cg04135540,-,False,
all_tissues,cg04141129,BICD1,False,
all_tissues,cg04144533,RASSF5,False,
all_tissues,cg04148355,ERICH1,False,
all_tissues,cg04152196,PDE7B,False,
all_tissues,cg04152610,BRD4,False,
all_tissues,cg04153838,-,False,
all_tissues,cg04155147,-,False,
all_tissues,cg04162032,LOC646627,False,
all_tissues,cg04170298,AGBL1,False,
all_tissues,cg04172640,-,False,
all_tissues,cg04173396,-,False,
all_tissues,cg04176246,MSI2,False,
all_tissues,cg04176488,MGC23284,False,
all_tissues,cg04180086,IRX4,False,
all_tissues,cg04180114,ZC3H3,False,
all_tissues,cg04193015,ACACA,False,
all_tissues,cg04206417,EMID1,False,
all_tissues,cg04211179,ZBTB17,False,
all_tissues,cg04212081,-,False,
all_tissues,cg04212285,PTPRN2,False,
all_tissues,cg04215287,WWTR1,False,
all_tissues,cg04217850,SLC25A26,False,
all_tissues,cg04231085,-,False,
all_tissues,cg04232128,TMEM173,False,
all_tissues,cg04233686,-,False,
all_tissues,cg04237997,ESAM,False,
all_tissues,cg04244494,CCDC77,False,
all_tissues,cg04245961,MARK3,False,
all_tissues,cg04248512,-,False,
all_tissues,cg04250181,SLCO1B3,False,
all_tissues,cg04250873,-,False,
all_tissues,cg04255937,SETD1B,False,
all_tissues,cg04258124,CCDC19,False,
all_tissues,cg04260065,-,False,
all_tissues,cg04260867,ZBTB8A,False,
all_tissues,cg04264002,TNFAIP2,False,
all_tissues,cg04270048,TP53INP2,False,
all_tissues,cg04276301,OTX1,False,
all_tissues,cg04290133,GUSB,False,
all_tissues,cg04297406,LDB2,False,
all_tissues,cg04301614,C4orf19,False,
all_tissues,cg04304121,FAM179A,False,
all_tissues,cg04315923,-,False,
all_tissues,cg04321303,-,False,
all_tissues,cg04329390,PRR18,False,
all_tissues,cg04329478,LOC400696,False,
all_tissues,cg04334773,SMARCA4,False,
all_tissues,cg04338119,BANP,False,
all_tissues,cg04346459,NFYA;LOC221442,False,
all_tissues,cg04360675,-,False,
all_tissues,cg04362887,-,False,
all_tissues,cg04370174,SH3TC1,False,
all_tissues,cg04375036,PPP1CC,False,
all_tissues,cg04385523,C3orf23,False,
all_tissues,cg04391111,TP73;WDR8,False,
all_tissues,cg04395788,EXT1,False,
all_tissues,cg04396791,SHANK2,False,
all_tissues,cg04401763,-,False,
all_tissues,cg04406620,CYB5B,False,
all_tissues,cg04409030,SOCS2,False,
all_tissues,cg04410355,ADCK4,False,
all_tissues,cg04411086,-,False,
all_tissues,cg04415610,MIR548F5;DCLK1,False,
all_tissues,cg04423187,BRD4,False,
all_tissues,cg04424597,-,False,
all_tissues,cg04428139,DCAF5,False,
all_tissues,cg04431002,USP10,False,
all_tissues,cg04434994,C6orf222,False,
all_tissues,cg04442631,APOL4,False,
all_tissues,cg04459091,GFPT2,False,
all_tissues,cg04459545,USHBP1,False,
all_tissues,cg04468092,LGI2,False,
all_tissues,cg04478931,ARHGAP24,False,
all_tissues,cg04484126,-,False,
all_tissues,cg04493432,SH3TC1,False,
all_tissues,cg04497992,NHLRC4,False,
all_tissues,cg04504066,PAX6,False,
all_tissues,cg04504205,ZMYND8;LOC100131496,False,
all_tissues,cg04510874,FES,False,
all_tissues,cg04526104,-,False,
all_tissues,cg04535966,LPP,False,
all_tissues,cg04545296,ZNF641,False,
all_tissues,cg04546573,GULP1,False,
all_tissues,cg04552206,TLX1,False,
all_tissues,cg04557294,KIAA0247,False,
all_tissues,cg04557883,C6orf145,False,
all_tissues,cg04569594,SNX4,False,
all_tissues,cg04576707,MOBKL1A,False,
all_tissues,cg04578935,KIAA1614,False,
all_tissues,cg04581214,C19orf23,False,
all_tissues,cg04586023,HDAC10,False,
all_tissues,cg04587617,-,False,
all_tissues,cg04591709,-,False,
all_tissues,cg04597449,GPR150,False,
all_tissues,cg04599041,EPB41L2,False,
all_tissues,cg04600466,-,False,
all_tissues,cg04605681,SH3TC1,False,
all_tissues,cg04607379,PEX14,False,
all_tissues,cg04609694,-,False,
all_tissues,cg04613313,-,False,
all_tissues,cg04642923,-,False,
all_tissues,cg04653522,RAB38,False,
all_tissues,cg04657183,-,False,
all_tissues,cg04662983,PPM1E,False,
all_tissues,cg04664179,PRX,False,
all_tissues,cg04664309,-,False,
all_tissues,cg04671541,TAGLN3,False,
all_tissues,cg04671932,MAGI2,False,
all_tissues,cg04673465,CDS1,False,
all_tissues,cg04677410,MAML2,False,
all_tissues,cg04678231,NR4A1,False,
all_tissues,cg04681525,-,False,
all_tissues,cg04692506,SPI1,False,
all_tissues,cg04701505,POU4F3,False,
all_tissues,cg04704634,IL3,False,
all_tissues,cg04707332,TBX15,False,
all_tissues,cg04709306,IQGAP2,False,
all_tissues,cg04709771,RAB40C,False,
all_tissues,cg04730794,DOCK2,False,
all_tissues,cg04738464,-,False,
all_tissues,cg04739460,ZNF415,False,
all_tissues,cg04742985,DDX39,False,
all_tissues,cg04743650,VCAM1,False,
all_tissues,cg04744624,LAMB1,False,
all_tissues,cg04755561,PKMYT1,False,
all_tissues,cg04764056,CLC,False,
all_tissues,cg04768602,OSR2,False,
all_tissues,cg04774043,SFXN2,False,
all_tissues,cg04789365,MAP3K6,False,
all_tissues,cg04793632,PRKRIP1,False,
all_tissues,cg04803944,-,False,
all_tissues,cg04809787,CHRNB1,False,
all_tissues,cg04811540,-,False,
all_tissues,cg04813880,TMEM159;DNAH3,False,
all_tissues,cg04836151,-,False,
all_tissues,cg04840702,-,False,
all_tissues,cg04850059,-,False,
all_tissues,cg04851702,CMIP,False,
all_tissues,cg04855494,SRGAP3,False,
all_tissues,cg04858164,TCF12,False,
all_tissues,cg04860238,-,False,
all_tissues,cg04870918,FAM129A,False,
all_tissues,cg04875789,PODXL,False,
all_tissues,cg04877737,-,False,
all_tissues,cg04884579,EPHA1,False,
all_tissues,cg04884612,HLA-L,False,
all_tissues,cg04885574,SLC22A11,False,
all_tissues,cg04886783,TMEM52,False,
all_tissues,cg04887278,PGM3;RWDD2A,False,
all_tissues,cg04889221,CCDC37,False,
all_tissues,cg04896949,RAB42,False,
all_tissues,cg04913250,PRKG1,False,
all_tissues,cg04919592,IQCE,False,
all_tissues,cg04921771,TRIT1,False,
all_tissues,cg04929355,IL18,False,
all_tissues,cg04932340,-,False,
all_tissues,cg04938107,ENPP7,False,
all_tissues,cg04948284,LTBP3,False,
all_tissues,cg04949225,-,False,
all_tissues,cg04961225,-,False,
all_tissues,cg04966972,KCNK15,False,
all_tissues,cg04979811,-,False,
all_tissues,cg04982834,EVI5,False,
all_tissues,cg04983687,ZFPM1,False,
all_tissues,cg04986616,C11orf95,False,
all_tissues,cg04988729,PHRF1,False,
all_tissues,cg04991639,-,False,
all_tissues,cg04998447,PLIN1,False,
all_tissues,cg05003322,COL16A1,False,
all_tissues,cg05004855,CAMK2A,False,
all_tissues,cg05005217,CDCA2,False,
all_tissues,cg05014103,SPERT,False,
all_tissues,cg05021896,TRIM9,False,
all_tissues,cg05037033,-,False,
all_tissues,cg05044994,LPP;FLJ42393,False,
all_tissues,cg05051799,-,False,
all_tissues,cg05057352,XYLT1,False,
all_tissues,cg05061107,SF1,False,
all_tissues,cg05072552,CFL1,False,
all_tissues,cg05076697,-,False,
all_tissues,cg05078091,APLP2,False,
all_tissues,cg05089897,DYRK1A,False,
all_tissues,cg05096777,SUFU,False,
all_tissues,cg05115375,FMN1,False,
all_tissues,cg05136531,THUMPD2,False,
all_tissues,cg05140806,SHH,False,
all_tissues,cg05141059,ACAP2,False,
all_tissues,cg05141234,RGL2,False,
all_tissues,cg05142520,WNT10B,False,
all_tissues,cg05143842,-,False,
all_tissues,cg05144635,SORCS2,False,
all_tissues,cg05144642,-,False,
all_tissues,cg05147578,PEX26,False,
all_tissues,cg05164540,-,False,
all_tissues,cg05164634,WNT10B,False,
all_tissues,cg05180856,FES,False,
all_tissues,cg05184016,ZNF862,False,
all_tissues,cg05209514,CPM,False,
all_tissues,cg05211267,-,False,
all_tissues,cg05215575,SEPT12;LOC440335,False,
all_tissues,cg05218678,-,False,
all_tissues,cg05233670,CORO1C,False,
all_tissues,cg05238530,POLR2E,False,
all_tissues,cg05240166,TMEM159;DNAH3,False,
all_tissues,cg05241461,ZNF492,False,
all_tissues,cg05248542,CCDC109B,False,
all_tissues,cg05262549,NMNAT2,False,
all_tissues,cg05265512,TGIF1,False,
all_tissues,cg05269258,-,False,
all_tissues,cg05281603,BTG4;C11orf88;MIR34C,False,
all_tissues,cg05287314,FAM110A,False,
all_tissues,cg05298510,USP10,False,
all_tissues,cg05300717,DKFZp761E198,False,
all_tissues,cg05303999,KCNB1,False,
all_tissues,cg05306109,ITPKB,False,
all_tissues,cg05310486,-,False,
all_tissues,cg05314024,LOC149134,False,
all_tissues,cg05316601,MMP26,False,
all_tissues,cg05322500,-,False,
all_tissues,cg05335975,JPH4,False,
all_tissues,cg05337019,SLC25A34,False,
all_tissues,cg05337636,RPTOR,False,
all_tissues,cg05341904,RIPK4,False,
all_tissues,cg05344747,CD59,False,
all_tissues,cg05357717,RTEL1,False,
all_tissues,cg05364307,-,False,
all_tissues,cg05368555,SUOX,False,
all_tissues,cg05369766,-,False,
all_tissues,cg05372753,-,False,
all_tissues,cg05373723,CLGN,False,
all_tissues,cg05389236,-,False,
all_tissues,cg05396425,C16orf5,False,
all_tissues,cg05398095,YOD1,False,
all_tissues,cg05398769,CASZ1,False,
all_tissues,cg05399785,WDR8,False,
all_tissues,cg05404792,MT1L,False,
all_tissues,cg05405094,-,False,
all_tissues,cg05419854,-,False,
all_tissues,cg05422796,ZFP161,False,
all_tissues,cg05422883,-,False,
all_tissues,cg05429117,-,False,
all_tissues,cg05434641,-,False,
all_tissues,cg05453411,-,False,
all_tissues,cg05454635,CYP11A1,False,
all_tissues,cg05461386,ZNF454,False,
all_tissues,cg05464506,-,False,
all_tissues,cg05465955,COASY,False,
all_tissues,cg05468064,-,False,
all_tissues,cg05471169,-,False,
all_tissues,cg05475440,NLK,False,
all_tissues,cg05477517,-,False,
all_tissues,cg05480350,MIR1205;PVT1,False,
all_tissues,cg05481452,BEST1,False,
all_tissues,cg05482306,LOC100286948;TIMD4,False,
all_tissues,cg05482942,-,False,
all_tissues,cg05485250,ADAMTS18,False,
all_tissues,cg05490924,LOC151534;LBX2,False,
all_tissues,cg05492442,MAPK4,False,
all_tissues,cg05494073,HSPA1L,False,
all_tissues,cg05499338,CMIP,False,
all_tissues,cg05501285,P4HA2,False,
all_tissues,cg05503887,EHF,False,
all_tissues,cg05524246,OLFML2B,False,
all_tissues,cg05525368,CDC20,False,
all_tissues,cg05527185,THBS4,False,
all_tissues,cg05527491,B3GNT9,False,
all_tissues,cg05552543,-,False,
all_tissues,cg05559643,TNIP3,False,
all_tissues,cg05560635,MSI2,False,
all_tissues,cg05585475,-,False,
all_tissues,cg05587627,DDX6,False,
all_tissues,cg05592035,CD300A,False,
all_tissues,cg05603258,ZNF532,False,
all_tissues,cg05607053,SOX6,False,
all_tissues,cg05608790,AUTS2,False,
all_tissues,cg05609091,UGT1A10;UGT1A6;UGT1A3;UGT1A8;UGT1A4;UGT1A9;UGT1A7;UGT1A5,False,
all_tissues,cg05612608,-,False,
all_tissues,cg05627557,-,False,
all_tissues,cg05627765,-,False,
all_tissues,cg05644480,APOC1,False,
all_tissues,cg05650674,CDH3,False,
all_tissues,cg05656180,KCNQ1DN,False,
all_tissues,cg05660681,ZNF611,False,
all_tissues,cg05668894,ZNF844,False,
all_tissues,cg05679403,RELL1,False,
all_tissues,cg05690260,SEL1L3,False,
all_tissues,cg05695762,-,False,
all_tissues,cg05702218,RABGAP1L,False,
all_tissues,cg05704183,-,False,
all_tissues,cg05706582,LFNG,False,
all_tissues,cg05711037,DGKD,False,
all_tissues,cg05712295,CTBP1,False,
all_tissues,cg05714496,INPP5A,False,
all_tissues,cg05715138,ALOX15,False,
all_tissues,cg05716350,-,False,
all_tissues,cg05718255,HMOX1,False,
all_tissues,cg05720226,ST7;ST7OT2,False,
all_tissues,cg05729490,-,False,
all_tissues,cg05736236,EPHA4,False,
all_tissues,cg05736642,HTT,False,
all_tissues,cg05744264,COX4NB,False,
all_tissues,cg05773628,NCKAP1,False,
all_tissues,cg05779272,B4GALT1,False,
all_tissues,cg05780883,-,False,
all_tissues,cg05784157,KLHL14,False,
all_tissues,cg05801246,CPXM2,False,
all_tissues,cg05803296,ATXN7L1,False,
all_tissues,cg05815419,PYROXD2,False,
all_tissues,cg05816398,-,False,
all_tissues,cg05821186,LOC100130872;LOC100130872-SPON2,False,
all_tissues,cg05828925,FLJ14107;BIN3,False,
all_tissues,cg05829145,NCRNA00051,False,
all_tissues,cg05832593,OTP,False,
all_tissues,cg05844895,CBFA2T3,False,
all_tissues,cg05850870,-,False,
all_tissues,cg05856677,-,False,
all_tissues,cg05864261,ABCG8;ABCG5,False,
all_tissues,cg05867750,-,False,
all_tissues,cg05878630,HDDC3;UNC45A,False,
all_tissues,cg05885668,-,False,
all_tissues,cg05890855,-,False,
all_tissues,cg05892024,PDGFA,False,
all_tissues,cg05892425,-,False,
all_tissues,cg05904218,SCAF1,False,
all_tissues,cg05907835,PYCARD,False,
all_tissues,cg05915981,AKAP7,False,
all_tissues,cg05916684,-,False,
all_tissues,cg05917419,ZNF608,False,
all_tissues,cg05923914,DKFZp779M0652,False,
all_tissues,cg05924583,TP73,False,
all_tissues,cg05929019,LAMC2,False,
all_tissues,cg05931265,UBASH3B,False,
all_tissues,cg05931439,MMP14,False,
all_tissues,cg05936004,ATP2C1,False,
all_tissues,cg05939041,ITPK1,False,
all_tissues,cg05950943,NTN3,False,
all_tissues,cg05951558,ECE2,False,
all_tissues,cg05958050,MT1G;MT1H,False,
all_tissues,cg05965490,RBPMS,False,
all_tissues,cg05966431,CAMTA1,False,
all_tissues,cg05970033,-,False,
all_tissues,cg05972889,-,False,
all_tissues,cg05973262,NOTCH4,False,
all_tissues,cg05983231,-,False,
all_tissues,cg05989054,GAMT,False,
all_tissues,cg05990312,-,False,
all_tissues,cg05997362,LYN,False,
all_tissues,cg06005891,FOXF2,False,
all_tissues,cg06009042,ANXA6,False,
all_tissues,cg06033659,COL9A3,False,
all_tissues,cg06039392,MTNR1A,False,
all_tissues,cg06040872,CCL18,False,
all_tissues,cg06041805,-,False,
all_tissues,cg06048750,KLF6,False,
all_tissues,cg06061966,DGKZ,False,
all_tissues,cg06062940,PNPLA5,False,
all_tissues,cg06065608,PACRG;PARK2,False,
all_tissues,cg06070625,MITF,False,
all_tissues,cg06080874,-,False,
all_tissues,cg06086731,-,False,
all_tissues,cg06087932,METTL7B,False,
all_tissues,cg06093525,-,False,
all_tissues,cg06095115,CLEC3A,False,
all_tissues,cg06100756,-,False,
all_tissues,cg06128123,FLJ22536,False,
all_tissues,cg06133110,SCRN1,False,
all_tissues,cg06147361,SOX5,False,
all_tissues,cg06148118,LMO2,False,
all_tissues,cg06151744,P2RX5,False,
all_tissues,cg06154159,-,False,
all_tissues,cg06154903,EHD1,False,
all_tissues,cg06160397,LFNG,False,
all_tissues,cg06177967,FAM46B,False,
all_tissues,cg06178179,CA7,False,
all_tissues,cg06181567,NOD2,False,
all_tissues,cg06188083,IFIT3,False,
all_tissues,cg06190082,-,False,
all_tissues,cg06221712,-,False,
all_tissues,cg06224893,DNMT3A,False,
all_tissues,cg06230847,TRIM39,False,
all_tissues,cg06240200,CCDC12,False,
all_tissues,cg06241901,TTBK1,False,
all_tissues,cg06252276,-,False,
all_tissues,cg06270401,DYRK4,False,
all_tissues,cg06280965,-,False,
all_tissues,cg06281680,-,False,
all_tissues,cg06297145,NFXL1,False,
all_tissues,cg06315149,PRKCZ,False,
all_tissues,cg06329392,-,False,
all_tissues,cg06330618,FES,False,
all_tissues,cg06337592,OR5H2,False,
all_tissues,cg06345856,LAMA4,False,
all_tissues,cg06362052,-,False,
all_tissues,cg06366107,ZBTB7B,False,
all_tissues,cg06373377,CDC20,False,
all_tissues,cg06373816,RIMBP2,False,
all_tissues,cg06380199,PRDM16,False,
all_tissues,cg06385583,-,False,
all_tissues,cg06389444,HRNBP3,False,
all_tissues,cg06391412,FOXP1,False,
all_tissues,cg06392753,IL1R1,False,
all_tissues,cg06394874,ZNF257,False,
all_tissues,cg06400319,SPRR2B,False,
all_tissues,cg06409176,SLC8A2,False,
all_tissues,cg06410591,TRIP10,False,
all_tissues,cg06411578,NFE2,False,
all_tissues,cg06413794,AACS,False,
all_tissues,cg06415153,PITPNM2,False,
all_tissues,cg06416221,ORAOV1,False,
all_tissues,cg06416733,-,False,
all_tissues,cg06421614,DLG4,False,
all_tissues,cg06430465,LMF1,False,
all_tissues,cg06432036,DLL1,False,
all_tissues,cg06433023,NR2E1,False,
all_tissues,cg06434428,HAPLN1,False,
all_tissues,cg06441106,TUFT1,False,
all_tissues,cg06453241,-,False,
all_tissues,cg06454226,NDC80;METTL4,False,
all_tissues,cg06471905,ADAM11,False,
all_tissues,cg06480353,-,False,
all_tissues,cg06483820,AKAP1,False,
all_tissues,cg06484274,XRN1,False,
all_tissues,cg06495615,ARID3A,False,
all_tissues,cg06503456,ABCC1,False,
all_tissues,cg06512350,MED12L,False,
all_tissues,cg06517181,KNDC1,False,
all_tissues,cg06518387,-,False,
all_tissues,cg06520307,KRBA1,False,
all_tissues,cg06520331,LOC100188947;HECTD2,False,
all_tissues,cg06521544,ARHGEF3,False,
all_tissues,cg06524531,-,False,
all_tissues,cg06526872,ARTN,False,
all_tissues,cg06527100,TBCK,False,
all_tissues,cg06528737,USP6NL,False,
all_tissues,cg06542681,VAC14,False,
all_tissues,cg06547175,-,False,
all_tissues,cg06556702,GEFT,False,
all_tissues,cg06558622,ZNF862,False,
all_tissues,cg06559756,PITPNC1,False,
all_tissues,cg06560887,LMO2,False,
all_tissues,cg06563229,VIPR2,False,
all_tissues,cg06566034,-,False,
all_tissues,cg06572160,KCNC3,False,
all_tissues,cg06575572,FAM118A,False,
all_tissues,cg06593447,-,False,
all_tissues,cg06597413,-,False,
all_tissues,cg06609866,-,False,
all_tissues,cg06617692,GNA14,False,
all_tissues,cg06620016,-,False,
all_tissues,cg06621126,HSF4,False,
all_tissues,cg06633463,-,False,
all_tissues,cg06633615,-,False,
all_tissues,cg06647693,ZFPM1,False,
all_tissues,cg06647928,-,False,
all_tissues,cg06648780,ALCAM,False,
all_tissues,cg06660522,-,False,
all_tissues,cg06669226,-,False,
all_tissues,cg06672250,EPB49,False,
all_tissues,cg06672737,CPLX1,False,
all_tissues,cg06673130,CPLX1,False,
all_tissues,cg06678678,-,False,
all_tissues,cg06678890,DOT1L,False,
all_tissues,cg06694734,-,False,
all_tissues,cg06698575,-,False,
all_tissues,cg06699461,EBF3,False,
all_tissues,cg06700146,BCL6B,False,
all_tissues,cg06703573,UBE2I,False,
all_tissues,cg06705237,FBP1,False,
all_tissues,cg06709297,C2orf48,False,
all_tissues,cg06710259,-,False,
all_tissues,cg06712053,MSLNL,False,
all_tissues,cg06721473,HYAL2,False,
all_tissues,cg06721601,CUX1,False,
all_tissues,cg06725287,FOXK2,False,
all_tissues,cg06735218,OR51E1,False,
all_tissues,cg06737981,BCR,False,
all_tissues,cg06741803,NSUN4,False,
all_tissues,cg06745030,B3GNT7,False,
all_tissues,cg06746096,-,False,
all_tissues,cg06753684,-,False,
all_tissues,cg06755448,ZNF276,False,
all_tissues,cg06756385,EVL,False,
all_tissues,cg06758644,VPS13D,False,
all_tissues,cg06759971,KIAA0513,False,
all_tissues,cg06768010,LOC151534;LBX2,False,
all_tissues,cg06769231,MIR2117,False,
all_tissues,cg06781209,FADS2,False,
all_tissues,cg06781608,PTPRN2,False,
all_tissues,cg06787912,C21orf82,False,
all_tissues,cg06789445,MITF,False,
all_tissues,cg06792126,-,False,
all_tissues,cg06793505,ACADS,False,
all_tissues,cg06795741,MIR645,False,
all_tissues,cg06797389,PATL2,False,
all_tissues,cg06800840,OASL,False,
all_tissues,cg06816239,SELL,False,
all_tissues,cg06835018,-,False,
all_tissues,cg06845438,ZNF662,False,
all_tissues,cg06846010,MT1L,False,
all_tissues,cg06849477,PRR5,False,
all_tissues,cg06850442,HOTAIR,False,
all_tissues,cg06850687,-,False,
all_tissues,cg06850996,RAPGEF3,False,
all_tissues,cg06854197,-,False,
all_tissues,cg06858186,-,False,
all_tissues,cg06861426,SQSTM1,False,
all_tissues,cg06871974,TNS3,False,
all_tissues,cg06872138,ETF1,False,
all_tissues,cg06879822,DEDD2,False,
all_tissues,cg06889756,PRKD2,False,
all_tissues,cg06891006,WDR1,False,
all_tissues,cg06892898,ELMO1,False,
all_tissues,cg06898463,PBLD,False,
all_tissues,cg06913337,ZFPM1,False,
all_tissues,cg06928993,BCAT2,False,
all_tissues,cg06930433,GLG1,False,
all_tissues,cg06934572,ASAP2,False,
all_tissues,cg06935356,XYLT1,False,
all_tissues,cg06937939,-,False,
all_tissues,cg06954761,ITPR3,False,
all_tissues,cg06968912,PTRF,False,
all_tissues,cg06972911,FAM59A,False,
all_tissues,cg06974175,ART5,False,
all_tissues,cg06974662,-,False,
all_tissues,cg06975018,ARG1,False,
all_tissues,cg06983322,RHBDL1,False,
all_tissues,cg06996273,TP73,False,
all_tissues,cg07006853,ZNF395,False,
all_tissues,cg07007118,CXCR7,False,
all_tissues,cg07007621,C16orf55;CHMP1A,False,
all_tissues,cg07011163,SLC16A11,False,
all_tissues,cg07013698,-,False,
all_tissues,cg07017869,-,False,
all_tissues,cg07025593,-,False,
all_tissues,cg07028869,DNAJC22,False,
all_tissues,cg07033722,PPT1,False,
all_tissues,cg07033876,-,False,
all_tissues,cg07037374,-,False,
all_tissues,cg07040604,-,False,
all_tissues,cg07044938,-,False,
all_tissues,cg07046030,-,False,
all_tissues,cg07052231,PEX5,False,
all_tissues,cg07058694,ATXN2,False,
all_tissues,cg07060074,SUOX,False,
all_tissues,cg07060204,MYT1L,False,
all_tissues,cg07064720,-,False,
all_tissues,cg07080231,-,False,
all_tissues,cg07081759,FAM53B,False,
all_tissues,cg07085167,FBXO34,False,
all_tissues,cg07096238,-,False,
all_tissues,cg07099827,SYNGR3,False,
all_tissues,cg07100508,SEMA6A,False,
all_tissues,cg07102397,FOXN3,False,
all_tissues,cg07104919,C11orf49,False,
all_tissues,cg07110010,HEATR2,False,
all_tissues,cg07136133,PRR5L,False,
all_tissues,cg07137606,PLD5,False,
all_tissues,cg07145284,CD248,False,
all_tissues,cg07145598,IQCH,False,
all_tissues,cg07148591,MIR548H4;GLCE,False,
all_tissues,cg07156824,RAB35,False,
all_tissues,cg07159230,CASZ1,False,
all_tissues,cg07167946,IRX4,False,
all_tissues,cg07177867,LYSMD2,False,
all_tissues,cg07181374,PLEKHG5,False,
all_tissues,cg07184013,MIR148A,False,
all_tissues,cg07185119,EHD3,False,
all_tissues,cg07192734,ACSF3,False,
all_tissues,cg07197230,CECR2,False,
all_tissues,cg07211476,-,False,
all_tissues,cg07216436,-,False,
all_tissues,cg07217954,C7orf50,False,
all_tissues,cg07236781,RUNX3,False,
all_tissues,cg07241925,MAEA,False,
all_tissues,cg07243930,TRPC2,False,
all_tissues,cg07249730,MSI2,False,
all_tissues,cg07258167,QDPR,False,
all_tissues,cg07258838,FAM26D;BET3L,False,
all_tissues,cg07267550,PRCD,False,
all_tissues,cg07269682,TSPAN4;POLR2L,False,
all_tissues,cg07274590,-,False,
all_tissues,cg07277633,ATP2C2,False,
all_tissues,cg07279321,PHACTR1,False,
all_tissues,cg07291836,TP53RK,False,
all_tissues,cg07298431,PRDM10,False,
all_tissues,cg07313835,POU2F1,False,
all_tissues,cg07316166,-,False,
all_tissues,cg07324381,GPSM1;LOC26102,False,
all_tissues,cg07336426,-,False,
all_tissues,cg07337602,ST6GAL1,False,
all_tissues,cg07344172,KIF21B,False,
all_tissues,cg07344315,RAP1B,False,
all_tissues,cg07350501,CSDAP1,False,
all_tissues,cg07352158,FSTL1,False,
all_tissues,cg07359306,ITIH1,False,
all_tissues,cg07368796,-,False,
all_tissues,cg07374808,BRUNOL4,False,
all_tissues,cg07380590,-,False,
all_tissues,cg07385573,USP36,False,
all_tissues,cg07387383,-,False,
all_tissues,cg07393674,-,False,
all_tissues,cg07403899,-,False,
all_tissues,cg07405370,DNAJC5,False,
all_tissues,cg07411238,B4GALNT1,False,
all_tissues,cg07414492,ADAM33,False,
all_tissues,cg07418175,D4S234E,False,
all_tissues,cg07422042,LOC150197,False,
all_tissues,cg07435331,-,False,
all_tissues,cg07439157,CYGB,False,
all_tissues,cg07443710,-,False,
all_tissues,cg07446767,-,False,
all_tissues,cg07449799,ZNF35,False,
all_tissues,cg07452706,NUDT14,False,
all_tissues,cg07457252,-,False,
all_tissues,cg07463445,-,False,
all_tissues,cg07471461,-,False,
all_tissues,cg07488576,SDPR,False,
all_tissues,cg07507518,FRMD6,False,
all_tissues,cg07517893,PPP1R13L,False,
all_tissues,cg07533630,IFI30,False,
all_tissues,cg07552087,MLST8,False,
all_tissues,cg07557690,TGFBR3,False,
all_tissues,cg07559178,-,False,
all_tissues,cg07564962,-,False,
all_tissues,cg07601967,PAK7,False,
all_tissues,cg07609780,-,False,
all_tissues,cg07613752,-,False,
all_tissues,cg07614623,-,False,
all_tissues,cg07617814,ZNF217,False,
all_tissues,cg07618453,KCNQ1,False,
all_tissues,cg07619672,DAPK2,False,
all_tissues,cg07621645,ARHGAP15,False,
all_tissues,cg07621749,LTK,False,
all_tissues,cg07624918,-,False,
all_tissues,cg07633835,FBXO18,False,
all_tissues,cg07639982,CAMK1D,False,
all_tissues,cg07646362,-,False,
all_tissues,cg07651832,-,False,
all_tissues,cg07654282,OR6B1,False,
all_tissues,cg07660671,SOX7,False,
all_tissues,cg07664999,RIMS2,False,
all_tissues,cg07671644,PRKD3,False,
all_tissues,cg07677850,ADORA2B,False,
all_tissues,cg07688779,MEIS2,False,
all_tissues,cg07690734,LRRC27,False,
all_tissues,cg07691152,-,False,
all_tissues,cg07692939,ELTD1,False,
all_tissues,cg07693617,PRKCZ,False,
all_tissues,cg07693974,ORAI3,False,
all_tissues,cg07700925,-,False,
all_tissues,cg07704981,NOS2,False,
all_tissues,cg07706053,PAX7,False,
all_tissues,cg07711387,-,False,
all_tissues,cg07717632,C9orf167,False,
all_tissues,cg07721569,TFAP2A,False,
all_tissues,cg07723158,KISS1R,False,
all_tissues,cg07727884,MFAP4,False,
all_tissues,cg07729082,ZC3H18,False,
all_tissues,cg07733260,SETMAR,False,
all_tissues,cg07747220,OXT,False,
all_tissues,cg07748741,UBTD1,False,
all_tissues,cg07750741,CYFIP2,False,
all_tissues,cg07760161,TP53;WRAP53,False,
all_tissues,cg07763376,COL23A1,False,
all_tissues,cg07771727,-,False,
all_tissues,cg07781995,-,False,
all_tissues,cg07793638,PHF13,False,
all_tissues,cg07795614,-,False,
all_tissues,cg07795928,ITPKB,False,
all_tissues,cg07798560,-,False,
all_tissues,cg07799572,NAIP,False,
all_tissues,cg07804289,SPRR2C,False,
all_tissues,cg07805604,CCDC106,False,
all_tissues,cg07808899,-,False,
all_tissues,cg07809176,REP15,False,
all_tissues,cg07813851,CAMTA1,False,
all_tissues,cg07816074,SH3TC1,False,
all_tissues,cg07819010,-,False,
all_tissues,cg07835443,C16orf55,False,
all_tissues,cg07841173,GATA2,False,
all_tissues,cg07846167,FBLIM1,False,
all_tissues,cg07861448,MSC,False,
all_tissues,cg07862461,SIRPA,False,
all_tissues,cg07862554,MME,False,
all_tissues,cg07869839,SIGLEC15,False,
all_tissues,cg07870528,-,False,
all_tissues,cg07875121,PFDN1,False,
all_tissues,cg07877229,EPHB6,False,
all_tissues,cg07891533,-,False,
all_tissues,cg07893474,C3orf43,False,
all_tissues,cg07908654,-,False,
all_tissues,cg07914457,NR0B2,False,
all_tissues,cg07914856,-,False,
all_tissues,cg07915730,TSPAN9,False,
all_tissues,cg07916022,GPR39;LYPD1,False,
all_tissues,cg07935340,NPPC,False,
all_tissues,cg07948968,SEPT12;LOC440335,False,
all_tissues,cg07954423,FAM102A,False,
all_tissues,cg07955126,LRPAP1,False,
all_tissues,cg07961479,VSIG8;C1orf204,False,
all_tissues,cg07967632,LRRK1,False,
all_tissues,cg07968770,TMEM159;DNAH3,False,
all_tissues,cg07970948,ZNF862,False,
all_tissues,cg07979747,DDR1,False,
all_tissues,cg07993350,FGFBP1,False,
all_tissues,cg07999415,NUMA1,False,
all_tissues,cg08000684,RGL3,False,
all_tissues,cg08003789,-,False,
all_tissues,cg08015382,-,False,
all_tissues,cg08017911,AGPAT9,False,
all_tissues,cg08018572,LMF1,False,
all_tissues,cg08030282,F11R,False,
all_tissues,cg08042322,NT5DC3,False,
all_tissues,cg08044454,ELMO1,False,
all_tissues,cg08047482,RAB3D,False,
all_tissues,cg08065733,INHBB,False,
all_tissues,cg08076018,ANGPTL2;RALGPS1,False,
all_tissues,cg08078751,-,False,
all_tissues,cg08082810,-,False,
all_tissues,cg08085199,CIRH1A,False,
all_tissues,cg08085357,SOX2OT,False,
all_tissues,cg08098868,ANKFN1,False,
all_tissues,cg08101174,-,False,
all_tissues,cg08106339,OR51A2,False,
all_tissues,cg08110693,PXT1,False,
all_tissues,cg08123528,RYBP,False,
all_tissues,cg08126542,-,False,
all_tissues,cg08126875,-,False,
all_tissues,cg08129761,C6orf126,False,
all_tissues,cg08134680,EPHA10,False,
all_tissues,cg08136042,FIGNL2,False,
all_tissues,cg08140055,KY,False,
all_tissues,cg08142918,FOXF1,False,
all_tissues,cg08145177,ABHD8,False,
all_tissues,cg08146323,ZNF835,False,
all_tissues,cg08148802,LSP1,False,
all_tissues,cg08151442,LRRFIP1,False,
all_tissues,cg08154963,RAD51L3,False,
all_tissues,cg08158662,-,False,
all_tissues,cg08158862,NR5A2,False,
all_tissues,cg08161491,SDHC,False,
all_tissues,cg08161802,SDC3,False,
all_tissues,cg08173709,FOXP1,False,
all_tissues,cg08178956,-,False,
all_tissues,cg08183407,-,False,
all_tissues,cg08184936,-,False,
all_tissues,cg08185345,EFNA3,False,
all_tissues,cg08193579,LRRC34,False,
all_tissues,cg08198176,ITGA9,False,
all_tissues,cg08202836,LRRC33,False,
all_tissues,cg08204162,PEBP4,False,
all_tissues,cg08206318,PITX1,False,
all_tissues,cg08207604,DEF6,False,
all_tissues,cg08239753,PPP1R3E,False,
all_tissues,cg08239906,RNF126,False,
all_tissues,cg08251815,C2orf89,False,
all_tissues,cg08253808,WDR20,False,
all_tissues,cg08256939,ADORA3,False,
all_tissues,cg08268892,ARID1B,False,
all_tissues,cg08273640,TBC1D14,False,
all_tissues,cg08273772,ATXN2,False,
all_tissues,cg08284993,ANKRD11,False,
all_tissues,cg08288016,FAT1,False,
all_tissues,cg08293531,LRRK1,False,
all_tissues,cg08310008,-,False,
all_tissues,cg08312765,-,False,
all_tissues,cg08313539,-,False,
all_tissues,cg08315145,INPPL1,False,
all_tissues,cg08317263,CCDC69,False,
all_tissues,cg08319974,-,False,
all_tissues,cg08349400,GCLC,False,
all_tissues,cg08355260,LOC151534;LBX2,False,
all_tissues,cg08357125,-,False,
all_tissues,cg08358683,NNT,False,
all_tissues,cg08370173,-,False,
all_tissues,cg08374746,AGAP1,False,
all_tissues,cg08375286,DAXX,False,
all_tissues,cg08382332,-,False,
all_tissues,cg08388111,DDIT4,False,
all_tissues,cg08392484,ELL2,False,
all_tissues,cg08393788,-,False,
all_tissues,cg08394896,FBXL18,False,
all_tissues,cg08396863,TUBA4B;TUBA4A,False,
all_tissues,cg08404225,IL5RA,True,IL5RA
all_tissues,cg08411833,-,False,
all_tissues,cg08412537,-,False,
all_tissues,cg08413427,DBF4B,False,
all_tissues,cg08420239,ZNF768,False,
all_tissues,cg08425187,-,False,
all_tissues,cg08426951,CCDC61;MIR769,False,
all_tissues,cg08427717,ICAM1,False,
all_tissues,cg08429256,SLC16A3,False,
all_tissues,cg08435683,SLC23A2,False,
all_tissues,cg08438071,PANK1,False,
all_tissues,cg08443717,-,False,
all_tissues,cg08447934,ACVRL1,False,
all_tissues,cg08448751,SEMA3G,False,
all_tissues,cg08454563,SLC35E4,False,
all_tissues,cg08458678,SHANK2,False,
all_tissues,cg08462941,PTPRS,False,
all_tissues,cg08463297,-,False,
all_tissues,cg08466792,-,False,
all_tissues,cg08472341,-,False,
all_tissues,cg08472633,GALNS,False,
all_tissues,cg08472795,HS6ST1,False,
all_tissues,cg08477158,BCAS3,False,
all_tissues,cg08480774,KIAA0182,False,
all_tissues,cg08499881,AANAT,False,
all_tissues,cg08504583,SLAIN1,False,
all_tissues,cg08529345,-,False,
all_tissues,cg08535978,MBNL1,False,
all_tissues,cg08541297,IGFBP3,False,
all_tissues,cg08541457,-,False,
all_tissues,cg08541642,SYN2,False,
all_tissues,cg08543327,SLC12A7,False,
all_tissues,cg08548089,-,False,
all_tissues,cg08562099,MSI2,False,
all_tissues,cg08563299,NWD1,False,
all_tissues,cg08568554,BIVM,False,
all_tissues,cg08569517,TMPRSS9,False,
all_tissues,cg08571304,DLG5,False,
all_tissues,cg08572336,SHANK1,False,
all_tissues,cg08573355,TAPBP;ZBTB22,False,
all_tissues,cg08574558,-,False,
all_tissues,cg08575894,-,False,
all_tissues,cg08577953,-,False,
all_tissues,cg08607612,-,False,
all_tissues,cg08614871,KLF6,False,
all_tissues,cg08615567,CPXM2,False,
all_tissues,cg08622757,MNX1,False,
all_tissues,cg08625239,SLFN5,False,
all_tissues,cg08639339,SLC45A3,False,
all_tissues,cg08640475,-,False,
all_tissues,cg08642068,SPAG4L,False,
all_tissues,cg08642285,CALML4,False,
all_tissues,cg08651538,C5orf13,False,
all_tissues,cg08652369,LRIG1,False,
all_tissues,cg08666707,-,False,
all_tissues,cg08671647,PCDH7,False,
all_tissues,cg08676249,AUTS2,False,
all_tissues,cg08691422,TP53;WRAP53,False,
all_tissues,cg08692006,TNFAIP8L1,False,
all_tissues,cg08693745,-,False,
all_tissues,cg08710629,SLC7A5,False,
all_tissues,cg08715226,TNFRSF6B,False,
all_tissues,cg08716396,SDHC;LOC642502,False,
all_tissues,cg08726338,PLEKHH2;LOC728819,False,
all_tissues,cg08730743,SKI,False,
all_tissues,cg08747889,PTK7,False,
all_tissues,cg08749351,TIMP2,False,
all_tissues,cg08764599,-,False,
all_tissues,cg08767938,-,False,
all_tissues,cg08772567,KCNMA1,False,
all_tissues,cg08773180,PRG2,False,
all_tissues,cg08776014,RIPK4,False,
all_tissues,cg08776109,HYAL2,False,
all_tissues,cg08782002,CCDC47,False,
all_tissues,cg08784934,DIP2C,False,
all_tissues,cg08787791,C13orf30,False,
all_tissues,cg08807995,SOLH,False,
all_tissues,cg08811314,CMIP,False,
all_tissues,cg08820104,-,False,
all_tissues,cg08826152,ADORA2B,False,
all_tissues,cg08827454,-,False,
all_tissues,cg08827674,LLGL2,False,
all_tissues,cg08833675,SOX7,False,
all_tissues,cg08843064,-,False,
all_tissues,cg08848753,SLC26A1,False,
all_tissues,cg08848903,TGFBR3,False,
all_tissues,cg08849628,-,False,
all_tissues,cg08853735,-,False,
all_tissues,cg08858998,-,False,
all_tissues,cg08862373,-,False,
all_tissues,cg08866794,C6orf132,False,
all_tissues,cg08886063,VPS53,False,
all_tissues,cg08905753,HLA-DOB,False,
all_tissues,cg08916374,POLR3GL;ANKRD34A,False,
all_tissues,cg08923349,RRAS2,False,
all_tissues,cg08940169,ZFPM1,False,
all_tissues,cg08942527,EFNA5,False,
all_tissues,cg08943494,PRR5L,False,
all_tissues,cg08946601,NR2E1,False,
all_tissues,cg08949974,RBM47,False,
all_tissues,cg08956463,TREML2,False,
all_tissues,cg08959182,-,False,
all_tissues,cg08959230,ZNF48,False,
all_tissues,cg08966306,-,False,
all_tissues,cg08969102,-,False,
all_tissues,cg08973717,DDAH2,False,
all_tissues,cg08978665,IL32,False,
all_tissues,cg08981041,-,False,
all_tissues,cg08986840,-,False,
all_tissues,cg09001591,FAM179A,False,
all_tissues,cg09004195,EPHA4,False,
all_tissues,cg09005159,CLIP2,False,
all_tissues,cg09011891,-,False,
all_tissues,cg09012001,IFFO2,False,
all_tissues,cg09018739,CPNE2,False,
all_tissues,cg09020649,FZD6,False,
all_tissues,cg09028855,EIF2S2,False,
all_tissues,cg09037813,LRRFIP1,False,
all_tissues,cg09048129,USP2,False,
all_tissues,cg09051119,MYH9,False,
all_tissues,cg09061454,ZNF668,False,
all_tissues,cg09072560,MARCKSL1,False,
all_tissues,cg09076337,TSHR,False,
all_tissues,cg09078527,-,False,
all_tissues,cg09080522,PARVG,False,
all_tissues,cg09089242,LMO2,False,
all_tissues,cg09092280,-,False,
all_tissues,cg09107710,TNXB,False,
all_tissues,cg09116618,-,False,
all_tissues,cg09117778,-,False,
all_tissues,cg09120171,NLK,False,
all_tissues,cg09128169,MFHAS1,False,
all_tissues,cg09132058,-,False,
all_tissues,cg09143964,FAM196B;DOCK2,False,
all_tissues,cg09147140,KBTBD11,False,
all_tissues,cg09148344,CAMTA1,False,
all_tissues,cg09168808,-,False,
all_tissues,cg09171638,B3GNTL1,False,
all_tissues,cg09175620,LDLRAD1,False,
all_tissues,cg09181559,OVOL1,False,
all_tissues,cg09182435,CAMTA1,False,
all_tissues,cg09212118,GUCA2A,False,
all_tissues,cg09219547,RPS6KA2,False,
all_tissues,cg09223851,SH2B2,False,
all_tissues,cg09225373,-,False,
all_tissues,cg09226596,-,False,
all_tissues,cg09234161,CCDC102A,False,
all_tissues,cg09248276,-,False,
all_tissues,cg09249101,-,False,
all_tissues,cg09249800,ACOT7,False,
all_tissues,cg09251328,OAZ3,False,
all_tissues,cg09251737,RPL23AP64;CCDC84,False,
all_tissues,cg09257526,IL6R,False,
all_tissues,cg09269945,BMP7,False,
all_tissues,cg09270346,-,False,
all_tissues,cg09289674,GLDN,False,
all_tissues,cg09290600,-,False,
all_tissues,cg09314196,ZNF492,False,
all_tissues,cg09314700,-,False,
all_tissues,cg09332506,COPA,False,
all_tissues,cg09333785,SH3TC1,False,
all_tissues,cg09335712,TEX2,False,
all_tissues,cg09336988,ARHGEF1,False,
all_tissues,cg09344028,-,False,
all_tissues,cg09355027,-,False,
all_tissues,cg09357438,SPINK2,False,
all_tissues,cg09360974,-,False,
all_tissues,cg09366342,PAX7,False,
all_tissues,cg09372546,MFSD3,False,
all_tissues,cg09377531,TRAPPC9,False,
all_tissues,cg09378756,PCK2,False,
all_tissues,cg09410271,CD86,False,
all_tissues,cg09417809,-,False,
all_tissues,cg09419444,WWP2,False,
all_tissues,cg09440603,NCRNA00111,False,
all_tissues,cg09446896,AAK1,False,
all_tissues,cg09449069,-,False,
all_tissues,cg09451092,CCDC19,False,
all_tissues,cg09462576,MRPL55,False,
all_tissues,cg09470010,GBF1,False,
all_tissues,cg09482611,CST6,False,
all_tissues,cg09486902,-,False,
all_tissues,cg09489306,-,False,
all_tissues,cg09491828,-,False,
all_tissues,cg09494609,TENC1,False,
all_tissues,cg09499482,FBXL22,False,
all_tissues,cg09507215,ATP11A,False,
all_tissues,cg09509183,IRF6,False,
all_tissues,cg09513259,GBGT1,False,
all_tissues,cg09513276,BMP7,False,
all_tissues,cg09534489,IFT140,False,
all_tissues,cg09537533,-,False,
all_tissues,cg09537620,PAX6,False,
all_tissues,cg09545579,BAHCC1,False,
all_tissues,cg09553380,ADAM23,False,
all_tissues,cg09557462,ADRA1A,False,
all_tissues,cg09557766,-,False,
all_tissues,cg09565310,MCC,False,
all_tissues,cg09565319,SMOC2,False,
all_tissues,cg09577575,-,False,
all_tissues,cg09579833,UBA7,False,
all_tissues,cg09584591,TGFBI,False,
all_tissues,cg09586183,TLX1;TLX1NB,False,
all_tissues,cg09596116,MIR148A,False,
all_tissues,cg09619786,RPP25,False,
all_tissues,cg09632271,STAP1,False,
all_tissues,cg09641578,BAHD1,False,
all_tissues,cg09646173,PDE6A,False,
all_tissues,cg09658645,ENPP7,False,
all_tissues,cg09662852,-,False,
all_tissues,cg09673208,ODZ4,False,
all_tissues,cg09676390,ADARB1;C21orf122,False,
all_tissues,cg09678212,CTNNB1,False,
all_tissues,cg09692822,INTS1,False,
all_tissues,cg09695261,TMEM105,False,
all_tissues,cg09696385,SND1,False,
all_tissues,cg09696535,BPIL2,False,
all_tissues,cg09700210,MYOCD,False,
all_tissues,cg09700701,GAL3ST3,False,
all_tissues,cg09701144,-,False,
all_tissues,cg09709472,SOX7,False,
all_tissues,cg09723161,LFNG,False,
all_tissues,cg09730500,GPR56,False,
all_tissues,cg09734761,-,False,
all_tissues,cg09747633,-,False,
all_tissues,cg09754110,CASZ1,False,
all_tissues,cg09754272,C1orf61,False,
all_tissues,cg09766547,NOD1,False,
all_tissues,cg09768821,UQCRHL,False,
all_tissues,cg09774932,WNT5B,False,
all_tissues,cg09780241,-,False,
all_tissues,cg09784168,DOCK4,False,
all_tissues,cg09791743,CNPY3,False,
all_tissues,cg09793776,PPP1CA,False,
all_tissues,cg09809672,EDARADD,False,
all_tissues,cg09813986,ZFR,False,
all_tissues,cg09816018,TRIM31,False,
all_tissues,cg09820180,-,False,
all_tissues,cg09824603,-,False,
all_tissues,cg09834049,CDH24,False,
all_tissues,cg09847368,GALNT2,False,
all_tissues,cg09859596,ALPL,False,
all_tissues,cg09863066,PVALB,False,
all_tissues,cg09868354,-,False,
all_tissues,cg09871265,-,False,
all_tissues,cg09882901,-,False,
all_tissues,cg09890077,NAALADL2,False,
all_tissues,cg09894383,HSD17B2,False,
all_tissues,cg09907758,C11orf95,False,
all_tissues,cg09911485,DEGS2,False,
all_tissues,cg09915500,ETS1,False,
all_tissues,cg09921555,TOMM34,False,
all_tissues,cg09933329,GCK,False,
all_tissues,cg09940188,SMYD4,False,
all_tissues,cg09941381,RTKN2,False,
all_tissues,cg09941406,-,False,
all_tissues,cg09959718,SLC3A1,False,
all_tissues,cg09965939,NIPAL2,False,
all_tissues,cg09976716,CAPZB,False,
all_tissues,cg09981533,BAT1,False,
all_tissues,cg09983546,-,False,
all_tissues,cg09985832,FAM150B,False,
all_tissues,cg10006419,SPEM1,False,
all_tissues,cg10022788,GNA15,False,
all_tissues,cg10024583,TBKBP1,False,
all_tissues,cg10042132,-,False,
all_tissues,cg10049789,SH3TC1,False,
all_tissues,cg10054641,TMEM71,False,
all_tissues,cg10055398,HLA-DPB2,False,
all_tissues,cg10055950,C1GALT1,False,
all_tissues,cg10056482,EEPD1,False,
all_tissues,cg10056728,PA2G4;ERBB3,False,
all_tissues,cg10057098,LOC728448;BMP8A,False,
all_tissues,cg10057879,RHBDL3,False,
all_tissues,cg10075287,ZNF385B,False,
all_tissues,cg10075360,DPYSL2,False,
all_tissues,cg10077746,DUSP6,False,
all_tissues,cg10091866,HMCN1,False,
all_tissues,cg10096040,-,False,
all_tissues,cg10099827,-,False,
all_tissues,cg10101773,JDP2,False,
all_tissues,cg10110884,AADAC,False,
all_tissues,cg10111816,CDR2,False,
all_tissues,cg10112017,-,False,
all_tissues,cg10127660,REEP4,False,
all_tissues,cg10127921,-,False,
all_tissues,cg10130088,-,False,
all_tissues,cg10132273,CHRNA2,False,
all_tissues,cg10133935,DAZAP1,False,
all_tissues,cg10138630,EVPL,False,
all_tissues,cg10142874,LPIN1,False,
all_tissues,cg10143426,TP73;WDR8,False,
all_tissues,cg10149582,CMTM5,False,
all_tissues,cg10156042,DEPDC5,False,
all_tissues,cg10159529,IL5RA,True,IL5RA
all_tissues,cg10163122,C6orf106,False,
all_tissues,cg10168330,PTK2B,False,
all_tissues,cg10168635,C2orf88,False,
all_tissues,cg10172253,TTLL7,False,
all_tissues,cg10186733,-,False,
all_tissues,cg10187792,RAB37,False,
all_tissues,cg10194536,NXN,False,
all_tissues,cg10205045,ANP32A,False,
all_tissues,cg10211873,KIAA0513,False,
all_tissues,cg10227919,RFX2,False,
all_tissues,cg10238080,-,False,
all_tissues,cg10240148,-,False,
all_tissues,cg10242372,-,False,
all_tissues,cg10244976,LMF1,False,
all_tissues,cg10246903,-,False,
all_tissues,cg10257332,DHX30,False,
all_tissues,cg10264529,PCK2,False,
all_tissues,cg10285618,MIR559;EPCAM,False,
all_tissues,cg10298741,ZFHX3,False,
all_tissues,cg10299610,-,False,
all_tissues,cg10301767,-,False,
all_tissues,cg10310595,HLA-DMB,False,
all_tissues,cg10328171,KIAA0513,False,
all_tissues,cg10338112,-,False,
all_tissues,cg10371414,-,False,
all_tissues,cg10378083,-,False,
all_tissues,cg10381071,TLE3,False,
all_tissues,cg10385208,CCDC49,False,
all_tissues,cg10387956,HEXA,False,
all_tissues,cg10398455,EXOC6B,False,
all_tissues,cg10408731,CCT6P1,False,
all_tissues,cg10409981,-,False,
all_tissues,cg10413136,SH3TC1,False,
all_tissues,cg10416963,PRDM5,False,
all_tissues,cg10434728,IQGAP1,False,
all_tissues,cg10437839,PPP2R5B,False,
all_tissues,cg10454864,-,False,
all_tissues,cg10459187,PAPD5,False,
all_tissues,cg10460168,SRP19,False,
all_tissues,cg10462803,-,False,
all_tissues,cg10464130,KALRN,False,
all_tissues,cg10493055,TSPAN5,False,
all_tissues,cg10495047,-,False,
all_tissues,cg10499493,RPL31;TBC1D8,False,
all_tissues,cg10499753,CPNE7,False,
all_tissues,cg10502324,-,False,
all_tissues,cg10511467,CMIP,False,
all_tissues,cg10512886,ZNF385A,False,
all_tissues,cg10515232,HDAC4,False,
all_tissues,cg10523140,TBC1D8,False,
all_tissues,cg10531637,C22orf41,False,
all_tissues,cg10540110,KDM5B,False,
all_tissues,cg10546817,-,False,
all_tissues,cg10549018,TLL2,False,
all_tissues,cg10549933,-,False,
all_tissues,cg10552106,IGSF10,False,
all_tissues,cg10555106,LOC388588,False,
all_tissues,cg10557552,WDR20,False,
all_tissues,cg10574566,-,False,
all_tissues,cg10582648,IFFO2,False,
all_tissues,cg10587854,-,False,
all_tissues,cg10589447,-,False,
all_tissues,cg10604851,-,False,
all_tissues,cg10606923,CYFIP2,False,
all_tissues,cg10609442,NCOR2,False,
all_tissues,cg10611016,C11orf42,False,
all_tissues,cg10611760,ACHE,False,
all_tissues,cg10618882,LRRC25,False,
all_tissues,cg10625096,-,False,
all_tissues,cg10634136,FZD7,False,
all_tissues,cg10636020,KCNH2,False,
all_tissues,cg10636896,-,False,
all_tissues,cg10648763,TGFBI,False,
all_tissues,cg10651168,ICAM1,False,
all_tissues,cg10658438,GP5,False,
all_tissues,cg10658573,-,False,
all_tissues,cg10660253,NANOG,False,
all_tissues,cg10668363,ZNF175,False,
all_tissues,cg10687936,ZNF148,False,
all_tissues,cg10690440,-,False,
all_tissues,cg10691109,PRKAR2B,False,
all_tissues,cg10700564,ASCL1,False,
all_tissues,cg10704177,INADL,False,
all_tissues,cg10710218,ACOT11,False,
all_tissues,cg10715460,KCNJ12,False,
all_tissues,cg10730148,-,False,
all_tissues,cg10730165,-,False,
all_tissues,cg10733317,FOXO1,False,
all_tissues,cg10738368,LBX2;LOC151534,False,
all_tissues,cg10741308,SORBS1,False,
all_tissues,cg10746447,MAML2,False,
all_tissues,cg10747185,TBL1XR1,False,
all_tissues,cg10759590,KHNYN;CBLN3,False,
all_tissues,cg10761804,KLF16,False,
all_tissues,cg10763374,COMMD3;BMI1,False,
all_tissues,cg10772185,-,False,
all_tissues,cg10786829,-,False,
all_tissues,cg10802680,DIABLO,False,
all_tissues,cg10809958,-,False,
all_tissues,cg10820936,MREG,False,
all_tissues,cg10827754,-,False,
all_tissues,cg10827767,DRG1,False,
all_tissues,cg10848564,-,False,
all_tissues,cg10851251,-,False,
all_tissues,cg10852698,-,False,
all_tissues,cg10859358,TTN,False,
all_tissues,cg10860819,LRRK2,False,
all_tissues,cg10867751,LDLRAP1,False,
all_tissues,cg10882379,CEP170L,False,
all_tissues,cg10894063,-,False,
all_tissues,cg10915716,STK32C,False,
all_tissues,cg10928257,MIR449C;CDC20B,False,
all_tissues,cg10929140,CDKN1C,False,
all_tissues,cg10940462,NRXN2,False,
all_tissues,cg10944802,-,False,
all_tissues,cg10959428,BCAS4,False,
all_tissues,cg10959672,KIAA0319L,False,
all_tissues,cg10967191,-,False,
all_tissues,cg10970143,CCDC19,False,
all_tissues,cg10976975,BMP10,False,
all_tissues,cg10980102,VWF,False,
all_tissues,cg10986043,TCAP,False,
all_tissues,cg10988075,-,False,
all_tissues,cg10991752,-,False,
all_tissues,cg10997248,FXYD2,False,
all_tissues,cg11006267,-,False,
all_tissues,cg11014468,DCP1A,False,
all_tissues,cg11014740,-,False,
all_tissues,cg11018018,-,False,
all_tissues,cg11024522,MUC2,False,
all_tissues,cg11026867,SCNN1A,False,
all_tissues,cg11027221,UNC93B1,False,
all_tissues,cg11045331,AGAP1,False,
all_tissues,cg11061343,C17orf106,False,
all_tissues,cg11065621,SLC10A5,False,
all_tissues,cg11072113,VWCE,False,
all_tissues,cg11086127,PTPRA,False,
all_tissues,cg11091012,NDRG1,False,
all_tissues,cg11093474,-,False,
all_tissues,cg11095027,TOLLIP,False,
all_tissues,cg11104828,-,False,
all_tissues,cg11106287,RGL2,False,
all_tissues,cg11108115,EGFL8,False,
all_tissues,cg11111460,MGC45800,False,
all_tissues,cg11118440,-,False,
all_tissues,cg11134777,INTS1,False,
all_tissues,cg11142013,MIPEP,False,
all_tissues,cg11157127,PHACTR2,False,
all_tissues,cg11176694,CXXC5,False,
all_tissues,cg11183227,MAN2A2,False,
all_tissues,cg11190434,NEURL1B,False,
all_tissues,cg11195298,RGMA,False,
all_tissues,cg11196237,TLX1;TLX1NB,False,
all_tissues,cg11203905,LMNA,False,
all_tissues,cg11209521,GNG12,False,
all_tissues,cg11210357,ZC3H3,False,
all_tissues,cg11222703,-,False,
all_tissues,cg11228052,ASCL1,False,
all_tissues,cg11229864,-,False,
all_tissues,cg11231701,CDK5RAP1,False,
all_tissues,cg11241498,-,False,
all_tissues,cg11245145,DAXX,False,
all_tissues,cg11245205,RASD1,False,
all_tissues,cg11249120,SAMD3,False,
all_tissues,cg11263296,CCDC64,False,
all_tissues,cg11266582,DAPK2,False,
all_tissues,cg11276172,ITPRIP,False,
all_tissues,cg11276388,HIVEP1,False,
all_tissues,cg11278727,-,False,
all_tissues,cg11283860,-,False,
all_tissues,cg11289878,-,False,
all_tissues,cg11290225,KIFC2,False,
all_tissues,cg11301657,EFCAB4B,False,
all_tissues,cg11307823,-,False,
all_tissues,cg11310939,MARCH3,False,
all_tissues,cg11314617,MSC,False,
all_tissues,cg11315153,KHDRBS2,False,
all_tissues,cg11320084,RNF2,False,
all_tissues,cg11320499,ABCC5,False,
all_tissues,cg11324504,SLC16A8,False,
all_tissues,cg11330740,NKX2-5,False,
all_tissues,cg11331678,PLTP,False,
all_tissues,cg11344626,PRDM2,False,
all_tissues,cg11344950,THEM5,False,
all_tissues,cg11348389,TACR1,False,
all_tissues,cg11349093,AP3D1,False,
all_tissues,cg11352083,LOC404266;HOXB6,False,
all_tissues,cg11354266,LOC285954,False,
all_tissues,cg11358405,-,False,
all_tissues,cg11358741,-,False,
all_tissues,cg11362074,-,False,
all_tissues,cg11372818,-,False,
all_tissues,cg11374227,-,False,
all_tissues,cg11379028,-,False,
all_tissues,cg11381282,GJB2,False,
all_tissues,cg11385906,INTS9,False,
all_tissues,cg11390151,-,False,
all_tissues,cg11390541,UBE2V1;TMEM189-UBE2V1,False,
all_tissues,cg11391428,MARCH4,False,
all_tissues,cg11395062,CDRT15,False,
all_tissues,cg11396585,TAPBP,False,
all_tissues,cg11398517,GTSF1L,False,
all_tissues,cg11399195,KIF1B,False,
all_tissues,cg11399254,TAL1,False,
all_tissues,cg11420782,APOL4,False,
all_tissues,cg11427534,-,False,
all_tissues,cg11429292,-,False,
all_tissues,cg11464806,-,False,
all_tissues,cg11504078,GREM2,False,
all_tissues,cg11511777,WNT6,False,
all_tissues,cg11516654,NAV2,False,
all_tissues,cg11526020,TBCD,False,
all_tissues,cg11532179,CSMD1,False,
all_tissues,cg11535564,-,False,
all_tissues,cg11539780,ZNF471,False,
all_tissues,cg11557492,SSC5D,False,
all_tissues,cg11557901,-,False,
all_tissues,cg11562596,BEST1,False,
all_tissues,cg11563127,C12orf76,False,
all_tissues,cg11566394,-,False,
all_tissues,cg11574975,ADORA3,False,
all_tissues,cg11576590,-,False,
all_tissues,cg11592640,CRABP1,False,
all_tissues,cg11599718,VPS37B,False,
all_tissues,cg11603759,PHOX2A,False,
all_tissues,cg11609940,ALOX15,False,
all_tissues,cg11613741,KIAA0408;C6orf174,False,
all_tissues,cg11617147,ATXN7L1,False,
all_tissues,cg11619782,EXD3,False,
all_tissues,cg11626007,WFDC5,False,
all_tissues,cg11626175,JARID2,False,
all_tissues,cg11633461,C10orf54;CDH23,False,
all_tissues,cg11639615,-,False,
all_tissues,cg11683482,DMAP1,False,
all_tissues,cg11696165,PXN,False,
all_tissues,cg11697111,GPER;C7orf50,False,
all_tissues,cg11699125,ACOT7,False,
all_tissues,cg11701367,-,False,
all_tissues,cg11714430,NAB1,False,
all_tissues,cg11714752,TMEM127,False,
all_tissues,cg11719362,-,False,
all_tissues,cg11721361,-,False,
all_tissues,cg11738530,LRRC4B,False,
all_tissues,cg11746996,-,False,
all_tissues,cg11752769,CR1L,False,
all_tissues,cg11757326,ENTHD1,False,
all_tissues,cg11758345,TMEM105,False,
all_tissues,cg11765205,ARL11,False,
all_tissues,cg11770323,NDFIP2,False,
all_tissues,cg11778362,ODZ3,False,
all_tissues,cg11790580,S100A7A,False,
all_tissues,cg11797573,PTPRN2,False,
all_tissues,cg11804725,-,False,
all_tissues,cg11812071,TNFAIP3,False,
all_tissues,cg11819637,THPO,False,
all_tissues,cg11832404,-,False,
all_tissues,cg11832408,FLI1,False,
all_tissues,cg11832534,WDR8,False,
all_tissues,cg11835355,APOL3,False,
all_tissues,cg11836372,FGFR2,False,
all_tissues,cg11837102,ST3GAL3,False,
all_tissues,cg11841239,C1orf105,False,
all_tissues,cg11843735,CDH3,False,
all_tissues,cg11846112,-,False,
all_tissues,cg11848483,ZC3H3,False,
all_tissues,cg11851804,-,False,
all_tissues,cg11852471,-,False,
all_tissues,cg11854227,ILDR1,False,
all_tissues,cg11862551,-,False,
all_tissues,cg11876048,MSI2,False,
all_tissues,cg11880646,-,False,
all_tissues,cg11884711,CANT1,False,
all_tissues,cg11890741,-,False,
all_tissues,cg11893552,-,False,
all_tissues,cg11894257,HDGFL1,False,
all_tissues,cg11899596,NFKBIL2,False,
all_tissues,cg11902543,-,False,
all_tissues,cg11902728,MAG,False,
all_tissues,cg11904435,-,False,
all_tissues,cg11905488,CLEC12A,False,
all_tissues,cg11914650,BRSK2,False,
all_tissues,cg11915444,-,False,
all_tissues,cg11927738,TPCN2,False,
all_tissues,cg11938455,DTNBP1,False,
all_tissues,cg11946666,PRDM16,False,
all_tissues,cg11958668,RNF103,False,
all_tissues,cg11963985,-,False,
all_tissues,cg11987455,ERMAP,False,
all_tissues,cg11991105,-,False,
all_tissues,cg12006794,GUCY1B3,False,
all_tissues,cg12014818,WNT10A,False,
all_tissues,cg12025137,-,False,
all_tissues,cg12029281,TEAD3,False,
all_tissues,cg12032027,ZNF217,False,
all_tissues,cg12039505,JARID2,False,
all_tissues,cg12041848,EYA2,False,
all_tissues,cg12043019,PIM3,False,
all_tissues,cg12054981,PLAT,False,
all_tissues,cg12056887,GUCY1B2,False,
all_tissues,cg12061069,RAP1GAP2,False,
all_tissues,cg12065138,AJAP1,False,
all_tissues,cg12065228,PQLC2,False,
all_tissues,cg12068124,C19orf26,False,
all_tissues,cg12074090,ANGPT2;MCPH1,False,
all_tissues,cg12077460,MFHAS1,False,
all_tissues,cg12077754,HK2,False,
all_tissues,cg12080909,GIT1,False,
all_tissues,cg12082025,ABCA7,False,
all_tissues,cg12095353,-,False,
all_tissues,cg12100302,CTTN,False,
all_tissues,cg12100791,PYCARD,False,
all_tissues,cg12104266,ZNF335,False,
all_tissues,cg12104982,SAFB2,False,
all_tissues,cg12118784,-,False,
all_tissues,cg12120947,NOTCH4,False,
all_tissues,cg12134570,LYL1,False,
all_tissues,cg12147622,-,False,
all_tissues,cg12151942,-,False,
all_tissues,cg12162377,B3GNT7,False,
all_tissues,cg12162450,-,False,
all_tissues,cg12170933,DICER1,False,
all_tissues,cg12172478,RFTN1,False,
all_tissues,cg12175905,PCSK6,False,
all_tissues,cg12180319,FBN1,False,
all_tissues,cg12183875,LRRC31,False,
all_tissues,cg12184293,LOC285740,False,
all_tissues,cg12184886,MYO15B,False,
all_tissues,cg12194055,ACTN1,False,
all_tissues,cg12218732,-,False,
all_tissues,cg12226735,DCBLD2,False,
all_tissues,cg12227647,-,False,
all_tissues,cg12227660,MIR202,False,
all_tissues,cg12231246,-,False,
all_tissues,cg12232463,LONRF2,False,
all_tissues,cg12238593,BTN3A3,False,
all_tissues,cg12239580,FAM198A,False,
all_tissues,cg12250049,BNC1,False,
all_tissues,cg12251459,LRRFIP1,False,
all_tissues,cg12257830,HSPG2,False,
all_tissues,cg12258454,-,False,
all_tissues,cg12267069,-,False,
all_tissues,cg12271419,RHOBTB2,False,
all_tissues,cg12273325,PIK3IP1,False,
all_tissues,cg12279125,-,False,
all_tissues,cg12285627,-,False,
all_tissues,cg12292492,FAM108C1,False,
all_tissues,cg12298872,C1orf69,False,
all_tissues,cg12301823,KIAA1522,False,
all_tissues,cg12306833,-,False,
all_tissues,cg12319534,-,False,
all_tissues,cg12322852,RASSF2,False,
all_tissues,cg12326923,-,False,
all_tissues,cg12338137,TNS1,False,
all_tissues,cg12345672,SND1,False,
all_tissues,cg12345778,WNT10B,False,
all_tissues,cg12356266,-,False,
all_tissues,cg12363671,UMODL1,False,
all_tissues,cg12392104,CCPG1;MIR628,False,
all_tissues,cg12393108,-,False,
all_tissues,cg12405742,THRB,False,
all_tissues,cg12406124,CCNL1,False,
all_tissues,cg12406703,DUSP5,False,
all_tissues,cg12407526,ELOVL7,False,
all_tissues,cg12410939,CAPN9,False,
all_tissues,cg12423623,-,False,
all_tissues,cg12423658,CARS2,False,
all_tissues,cg12425700,-,False,
all_tissues,cg12426344,SPINT1,False,
all_tissues,cg12431087,FOXP1,False,
all_tissues,cg12441066,MSI2,False,
all_tissues,cg12447928,-,False,
all_tissues,cg12465678,FGR,False,
all_tissues,cg12491805,APBA2,False,
all_tissues,cg12506005,LAYN,False,
all_tissues,cg12515366,-,False,
all_tissues,cg12517576,IMPDH1,False,
all_tissues,cg12522599,EEPD1,False,
all_tissues,cg12524179,CD276,False,
all_tissues,cg12529161,-,False,
all_tissues,cg12530994,AKR1C3,False,
all_tissues,cg12549180,-,False,
all_tissues,cg12549411,B3GALT5,False,
all_tissues,cg12555233,MAN2A2,False,
all_tissues,cg12559197,PDE8B,False,
all_tissues,cg12560421,-,False,
all_tissues,cg12570716,KLF6,False,
all_tissues,cg12597066,ZNF287,False,
all_tissues,cg12600197,NEIL1,False,
all_tissues,cg12603453,ZBTB2,False,
all_tissues,cg12604858,ZFAND3,False,
all_tissues,cg12613344,NR1H3,False,
all_tissues,cg12614529,MND1,False,
all_tissues,cg12615982,TERC,False,
all_tissues,cg12616174,MIR124-1;LOC157627,False,
all_tissues,cg12622597,-,False,
all_tissues,cg12627354,LRP4,False,
all_tissues,cg12627712,JAM3,False,
all_tissues,cg12648213,LRRK1,False,
all_tissues,cg12664119,TBX15,False,
all_tissues,cg12669355,CAPZA2,False,
all_tissues,cg12678073,KCNH2,False,
all_tissues,cg12681948,-,False,
all_tissues,cg12682382,UBE2W,False,
all_tissues,cg12683813,-,False,
all_tissues,cg12697833,OPCML,False,
all_tissues,cg12699599,PHGR1,False,
all_tissues,cg12702981,NR1I2,False,
all_tissues,cg12708802,TUSC4;CYB561D2,False,
all_tissues,cg12708994,DSE,False,
all_tissues,cg12716367,MTUS1,False,
all_tissues,cg12716639,USP2,False,
all_tissues,cg12734023,SERTAD2,False,
all_tissues,cg12735333,PIAS1,False,
all_tissues,cg12739584,-,False,
all_tissues,cg12751948,BNIP3,False,
all_tissues,cg12753631,-,False,
all_tissues,cg12753787,PRDM16,False,
all_tissues,cg12754982,IGF2R,False,
all_tissues,cg12761421,LGR6,False,
all_tissues,cg12762731,TMCC1,False,
all_tissues,cg12771852,-,False,
all_tissues,cg12787209,SPINT1,False,
all_tissues,cg12789279,-,False,
all_tissues,cg12791065,ALDH1A3,False,
all_tissues,cg12793711,ACTG1,False,
all_tissues,cg12804755,-,False,
all_tissues,cg12808661,PCBP4;ABHD14B,False,
all_tissues,cg12810701,GPR172B,False,
all_tissues,cg12819873,PRG2,False,
all_tissues,cg12825509,TRA2B,False,
all_tissues,cg12829141,PRRT4,False,
all_tissues,cg12831076,ST3GAL1,False,
all_tissues,cg12837306,-,False,
all_tissues,cg12841513,UBTD1,False,
all_tissues,cg12861503,NEK3,False,
all_tissues,cg12863443,C10orf28,False,
all_tissues,cg12875548,-,False,
all_tissues,cg12886731,HK1,False,
all_tissues,cg12902405,RER1,False,
all_tissues,cg12903224,FAR2,False,
all_tissues,cg12917079,PRKAR1B,False,
all_tissues,cg12918895,DOK7,False,
all_tissues,cg12926358,MGAT3,False,
all_tissues,cg12926693,-,False,
all_tissues,cg12927617,ORM1,False,
all_tissues,cg12940522,KCNQ2,False,
all_tissues,cg12949927,-,False,
all_tissues,cg12959079,-,False,
all_tissues,cg12962542,MECOM,False,
all_tissues,cg12973365,HLCS,False,
all_tissues,cg12976582,HYAL2,False,
all_tissues,cg12978308,NEIL1,False,
all_tissues,cg12984580,-,False,
all_tissues,cg12992443,DLGAP4,False,
all_tissues,cg13000260,TRIM71,False,
all_tissues,cg13001963,-,False,
all_tissues,cg13003011,SDC1,False,
all_tissues,cg13012653,CAST,False,
all_tissues,cg13019306,PRELID2,False,
all_tissues,cg13030582,MFAP4,False,
all_tissues,cg13031611,-,False,
all_tissues,cg13051977,C1orf228,False,
all_tissues,cg13052101,MTL5,False,
all_tissues,cg13054523,-,False,
all_tissues,cg13054975,ELK4,False,
all_tissues,cg13055709,-,False,
all_tissues,cg13058453,WDR63,False,
all_tissues,cg13058457,-,False,
all_tissues,cg13059373,DAXX,False,
all_tissues,cg13065577,-,False,
all_tissues,cg13071386,ITGA9,False,
all_tissues,cg13071869,BOC,False,
all_tissues,cg13074866,-,False,
all_tissues,cg13077562,PNOC,False,
all_tissues,cg13077745,GPR44,False,
all_tissues,cg13079571,TRIM39,False,
all_tissues,cg13081489,NID1,False,
all_tissues,cg13084669,PPAN-P2RY11;P2RY11,False,
all_tissues,cg13084677,LOC401127,False,
all_tissues,cg13090478,-,False,
all_tissues,cg13092575,-,False,
all_tissues,cg13096351,CTTN,False,
all_tissues,cg13107760,ZNF804A,False,
all_tissues,cg13135376,-,False,
all_tissues,cg13139542,-,False,
all_tissues,cg13139848,TANC2,False,
all_tissues,cg13159060,FOXH1,False,
all_tissues,cg13175830,FGFR2,False,
all_tissues,cg13181928,SLC16A11,False,
all_tissues,cg13208003,LHFP,False,
all_tissues,cg13209388,ACOT7,False,
all_tissues,cg13212803,WNT10B,False,
all_tissues,cg13214162,-,False,
all_tissues,cg13222091,SPEF1,False,
all_tissues,cg13226290,NSFL1C,False,
all_tissues,cg13230172,TMEM136,False,
all_tissues,cg13231954,-,False,
all_tissues,cg13234415,-,False,
all_tissues,cg13237945,C13orf30,False,
all_tissues,cg13247117,RIMS3,False,
all_tissues,cg13247398,DGKZ,False,
all_tissues,cg13252730,-,False,
all_tissues,cg13255542,THYN1,False,
all_tissues,cg13256546,APOBEC3G,False,
all_tissues,cg13265003,SLC37A1,False,
all_tissues,cg13265524,ALS2CR11,False,
all_tissues,cg13276305,-,False,
all_tissues,cg13279673,-,False,
all_tissues,cg13288195,FBXL22,False,
all_tissues,cg13292607,CTBP2,False,
all_tissues,cg13293488,-,False,
all_tissues,cg13298859,LFNG,False,
all_tissues,cg13311509,TLCD2,False,
all_tissues,cg13316148,STAT4,False,
all_tissues,cg13331550,SEMA6C,False,
all_tissues,cg13335567,NCOA2,False,
all_tissues,cg13351143,-,False,
all_tissues,cg13357602,KIAA1949,False,
all_tissues,cg13361023,ATP10A,False,
all_tissues,cg13371740,-,False,
all_tissues,cg13382288,SYT2,False,
all_tissues,cg13383058,CD248,False,
all_tissues,cg13390867,-,False,
all_tissues,cg13404688,-,False,
all_tissues,cg13409070,PTPRN2,False,
all_tissues,cg13409170,NR6A1,False,
all_tissues,cg13411813,-,False,
all_tissues,cg13424229,CPA3,False,
all_tissues,cg13429423,PARVG,False,
all_tissues,cg13431205,RB1,False,
all_tissues,cg13432524,-,False,
all_tissues,cg13436378,DYSF,False,
all_tissues,cg13444518,-,False,
all_tissues,cg13446689,DNM3,False,
all_tissues,cg13447684,MAD1L1,False,
all_tissues,cg13448978,FGR,False,
all_tissues,cg13451886,SLFN5,False,
all_tissues,cg13455623,DOK7,False,
all_tissues,cg13455634,-,False,
all_tissues,cg13458609,ENG,False,
all_tissues,cg13459606,GRB10,False,
all_tissues,cg13461482,TCIRG1,False,
all_tissues,cg13466180,CALR,False,
all_tissues,cg13472735,-,False,
all_tissues,cg13477111,-,False,
all_tissues,cg13487666,NEK6,False,
all_tissues,cg13492227,FGF11,False,
all_tissues,cg13494348,DLL1,False,
all_tissues,cg13496660,TMPRSS9,False,
all_tissues,cg13500720,AKAP12,False,
all_tissues,cg13500877,NR4A2,False,
all_tissues,cg13501279,CREG1,False,
all_tissues,cg13505393,LRRC32,False,
all_tissues,cg13505664,GALP,False,
all_tissues,cg13519184,-,False,
all_tissues,cg13519194,-,False,
all_tissues,cg13531735,-,False,
all_tissues,cg13533061,JMJD6,False,
all_tissues,cg13546321,CUX2,False,
all_tissues,cg13547132,-,False,
all_tissues,cg13558754,HSPB6;C19orf55,False,
all_tissues,cg13560452,OLIG3,False,
all_tissues,cg13562011,EXD3,False,
all_tissues,cg13562841,TMC6,False,
all_tissues,cg13563026,ATP10D,False,
all_tissues,cg13572309,LMO3,False,
all_tissues,cg13576552,-,False,
all_tissues,cg13577194,IPPK,False,
all_tissues,cg13577556,-,False,
all_tissues,cg13585029,NINJ1,False,
all_tissues,cg13587802,DIABLO,False,
all_tissues,cg13588086,GLDC,False,
all_tissues,cg13588355,-,False,
all_tissues,cg13591783,ANXA1,False,
all_tissues,cg13593287,SPTB,False,
all_tissues,cg13595556,-,False,
all_tissues,cg13601957,-,False,
all_tissues,cg13602461,-,False,
all_tissues,cg13603551,ABP1,False,
all_tissues,cg13603914,ANK1;MIR486,False,
all_tissues,cg13610769,ALS2CR11,False,
all_tissues,cg13612642,-,False,
all_tissues,cg13628444,MED27,False,
all_tissues,cg13629132,-,False,
all_tissues,cg13630878,MTMR15,False,
all_tissues,cg13633625,-,False,
all_tissues,cg13651224,CYTSB,False,
all_tissues,cg13672638,FSD1L,False,
all_tissues,cg13672800,C20orf141,False,
all_tissues,cg13676763,FAM125B,False,
all_tissues,cg13679772,FOXN3,False,
all_tissues,cg13681468,GPRIN3,False,
all_tissues,cg13694576,PAX6,False,
all_tissues,cg13694876,EPHB3,False,
all_tissues,cg13708016,-,False,
all_tissues,cg13718185,RHOBTB2,False,
all_tissues,cg13725599,OXT,False,
all_tissues,cg13726456,-,False,
all_tissues,cg13731609,SNX16,False,
all_tissues,cg13731776,PSMB7,False,
all_tissues,cg13732857,-,False,
all_tissues,cg13733615,-,False,
all_tissues,cg13761595,-,False,
all_tissues,cg13762691,CECR2,False,
all_tissues,cg13765206,EMILIN2,False,
all_tissues,cg13766864,KCNE3,False,
all_tissues,cg13768360,-,False,
all_tissues,cg13774539,LOC100189589,False,
all_tissues,cg13776285,NR2E1,False,
all_tissues,cg13776718,FAM69B,False,
all_tissues,cg13778274,PRRX2,False,
all_tissues,cg13786863,CPT1A,False,
all_tissues,cg13787135,RNASE1,False,
all_tissues,cg13790259,DEDD2,False,
all_tissues,cg13790603,THRB,False,
all_tissues,cg13791130,-,False,
all_tissues,cg13802760,-,False,
all_tissues,cg13823666,BAAT,False,
all_tissues,cg13835688,SLC25A25,False,
all_tissues,cg13843843,-,False,
all_tissues,cg13844341,MAD1L1,False,
all_tissues,cg13845133,PBX1,False,
all_tissues,cg13850063,-,False,
all_tissues,cg13850380,C1orf70,False,
all_tissues,cg13850762,TECTA,False,
all_tissues,cg13858106,OBSL1;INHA,False,
all_tissues,cg13863638,RREB1,False,
all_tissues,cg13867915,ARID1A,False,
all_tissues,cg13881964,FOXP4,False,
all_tissues,cg13883851,-,False,
all_tissues,cg13900719,-,False,
all_tissues,cg13905081,-,False,
all_tissues,cg13908359,-,False,
all_tissues,cg13914486,-,False,
all_tissues,cg13916742,SCGB1D1,False,
all_tissues,cg13917964,GARS,False,
all_tissues,cg13920460,TJP2,False,
all_tissues,cg13929658,-,False,
all_tissues,cg13942922,-,False,
all_tissues,cg13951007,LOC728989,False,
all_tissues,cg13951311,-,False,
all_tissues,cg13951862,NOTCH1,False,
all_tissues,cg13954292,ZFR,False,
all_tissues,cg13958625,-,False,
all_tissues,cg13973086,-,False,
all_tissues,cg13987674,GRHL3,False,
all_tissues,cg13998223,-,False,
all_tissues,cg13999585,-,False,
all_tissues,cg14009440,TMEM53,False,
all_tissues,cg14009473,JARID2,False,
all_tissues,cg14011077,-,False,
all_tissues,cg14011789,SEPT9,False,
all_tissues,cg14012610,SLC26A6,False,
all_tissues,cg14014964,-,False,
all_tissues,cg14018429,FAM125B,False,
all_tissues,cg14019951,-,False,
all_tissues,cg14023451,GPLD1,False,
all_tissues,cg14025883,C9orf46,False,
all_tissues,cg14030388,MIR208B;MYH7,False,
all_tissues,cg14040034,CACNA1B,False,
all_tissues,cg14054883,SYK,False,
all_tissues,cg14055887,SURF4,False,
all_tissues,cg14056738,-,False,
all_tissues,cg14062152,TMEM26,False,
all_tissues,cg14063182,-,False,
all_tissues,cg14066298,TRIM39,False,
all_tissues,cg14067101,DMRT3,False,
all_tissues,cg14071023,CLIC5,False,
all_tissues,cg14071925,LILRA1,False,
all_tissues,cg14073571,VIPR2,False,
all_tissues,cg14073922,MED12L,False,
all_tissues,cg14074117,C16orf73,False,
all_tissues,cg14074581,TMEM149,False,
all_tissues,cg14084609,EVL,False,
all_tissues,cg14085060,-,False,
all_tissues,cg14113203,FBP2,False,
all_tissues,cg14118946,-,False,
all_tissues,cg14127396,CCDC62,False,
all_tissues,cg14133643,SIGLEC7,False,
all_tissues,cg14135214,EPS8L2,False,
all_tissues,cg14137279,-,False,
all_tissues,cg14143441,-,False,
all_tissues,cg14156405,RGS7,False,
all_tissues,cg14157107,BNC2,False,
all_tissues,cg14174912,KLF6,False,
all_tissues,cg14177140,MOSC2,False,
all_tissues,cg14177914,C1orf61,False,
all_tissues,cg14182690,RUNX3,False,
all_tissues,cg14185541,-,False,
all_tissues,cg14187229,-,False,
all_tissues,cg14203218,-,False,
all_tissues,cg14210119,-,False,
all_tissues,cg14212850,HRNBP3,False,
all_tissues,cg14218747,-,False,
all_tissues,cg14219620,AKAP12,False,
all_tissues,cg14220170,TRANK1,False,
all_tissues,cg14221617,ALDH1B1,False,
all_tissues,cg14226212,MUSK,False,
all_tissues,cg14228484,CNNM4,False,
all_tissues,cg14234105,-,False,
all_tissues,cg14254720,LRRC8C,False,
all_tissues,cg14255700,IPPK,False,
all_tissues,cg14260695,-,False,
all_tissues,cg14263070,MEGF6,False,
all_tissues,cg14264079,C4orf10;NOP14,False,
all_tissues,cg14286594,NAA15,False,
all_tissues,cg14287235,ADCY4,False,
all_tissues,cg14294321,-,False,
all_tissues,cg14306451,BASP1;LOC285696,False,
all_tissues,cg14306650,RALGPS1,False,
all_tissues,cg14317884,EHD1,False,
all_tissues,cg14326805,TJP2,False,
all_tissues,cg14328115,KCNQ1,False,
all_tissues,cg14335349,PSMB7,False,
all_tissues,cg14339991,ATG7,False,
all_tissues,cg14340110,EIF3B,False,
all_tissues,cg14342707,-,False,
all_tissues,cg14350257,GPSM1,False,
all_tissues,cg14355482,NCAM2,False,
all_tissues,cg14359798,-,False,
all_tissues,cg14365300,FAM125B,False,
all_tissues,cg14370448,YPEL3;TBX6,False,
all_tissues,cg14370520,FAM188B,False,
all_tissues,cg14375890,-,False,
all_tissues,cg14377594,DMRT2,False,
all_tissues,cg14377681,ERBB2,False,
all_tissues,cg14381448,SLC4A1,False,
all_tissues,cg14382976,ASZ1,False,
all_tissues,cg14383658,-,False,
all_tissues,cg14384093,C9orf5,False,
all_tissues,cg14384748,GALNT9,False,
all_tissues,cg14386624,SPIN1,False,
all_tissues,cg14391345,FOXN3,False,
all_tissues,cg14395892,PRUNE2,False,
all_tissues,cg14397813,GNAQ,False,
all_tissues,cg14407437,FABP3,False,
all_tissues,cg14414406,TMOD1,False,
all_tissues,cg14424363,IKBKB,False,
all_tissues,cg14428310,RAB38,False,
all_tissues,cg14437996,SHC3,False,
all_tissues,cg14443182,DNAJB5,False,
all_tissues,cg14449910,SLC22A18AS;SLC22A18,False,
all_tissues,cg14451382,-,False,
all_tissues,cg14458002,RUNX2,False,
all_tissues,cg14460503,AGAP1,False,
all_tissues,cg14461181,-,False,
all_tissues,cg14461582,TLX1,False,
all_tissues,cg14462645,PAQR8,False,
all_tissues,cg14472888,-,False,
all_tissues,cg14476095,LOC285194,False,
all_tissues,cg14498423,CLSTN2,False,
all_tissues,cg14499385,SLC40A1,False,
all_tissues,cg14507088,PIP5KL1,False,
all_tissues,cg14512326,C9orf103,False,
all_tissues,cg14516183,SEC22A,False,
all_tissues,cg14531665,SPIN1,False,
all_tissues,cg14545418,TLE1,False,
all_tissues,cg14547240,C1QTNF7,False,
all_tissues,cg14564616,-,False,
all_tissues,cg14568552,-,False,
all_tissues,cg14570838,FLI1,False,
all_tissues,cg14571493,EGF,False,
all_tissues,cg14573478,-,False,
all_tissues,cg14610335,COL27A1,False,
all_tissues,cg14611258,C17orf39,False,
all_tissues,cg14613878,C20orf118,False,
all_tissues,cg14614643,-,False,
all_tissues,cg14619949,F2RL1,False,
all_tissues,cg14628803,-,False,
all_tissues,cg14630382,MC5R,False,
all_tissues,cg14632729,-,False,
all_tissues,cg14633063,-,False,
all_tissues,cg14640621,HMX2,False,
all_tissues,cg14642045,UNG,False,
all_tissues,cg14655837,-,False,
all_tissues,cg14656180,COL5A1,False,
all_tissues,cg14663914,AZU1,False,
all_tissues,cg14668981,TMEM108,False,
all_tissues,cg14673618,SIX3,False,
all_tissues,cg14681958,SCT,False,
all_tissues,cg14693090,ETV6,False,
all_tissues,cg14700707,NOTCH4,False,
all_tissues,cg14723032,PITPNM3,False,
all_tissues,cg14738670,FXYD1;FXYD7,False,
all_tissues,cg14738806,-,False,
all_tissues,cg14758105,OR1M1,False,
all_tissues,cg14768923,-,False,
all_tissues,cg14769021,XIRP1,False,
all_tissues,cg14769121,SMURF1,False,
all_tissues,cg14771451,MICAL3,False,
all_tissues,cg14781826,BPTF,False,
all_tissues,cg14796230,-,False,
all_tissues,cg14797467,-,False,
all_tissues,cg14799457,-,False,
all_tissues,cg14807793,-,False,
all_tissues,cg14822719,-,False,
all_tissues,cg14826909,ADARB2,False,
all_tissues,cg14836522,SDC3,False,
all_tissues,cg14836555,-,False,
all_tissues,cg14843888,CACNA1D,False,
all_tissues,cg14847236,FAM53A,False,
all_tissues,cg14848077,FLJ13197;KLF3,False,
all_tissues,cg14871333,ALDH3B1,False,
all_tissues,cg14873488,CTAGE5,False,
all_tissues,cg14874541,KALRN,False,
all_tissues,cg14880079,GP5,False,
all_tissues,cg14896003,RASSF7,False,
all_tissues,cg14898646,HEATR2,False,
all_tissues,cg14904363,CEACAM1,False,
all_tissues,cg14905600,PWWP2B,False,
all_tissues,cg14913644,RGL3,False,
all_tissues,cg14930335,AGAP1,False,
all_tissues,cg14943135,-,False,
all_tissues,cg14944923,-,False,
all_tissues,cg14950751,SLC16A11,False,
all_tissues,cg14960827,-,False,
all_tissues,cg14961031,SETMAR,False,
all_tissues,cg14963928,-,False,
all_tissues,cg14966362,-,False,
all_tissues,cg14968732,CPNE8,False,
all_tissues,cg14971286,PVRL1,False,
all_tissues,cg14973204,-,False,
all_tissues,cg14975122,HDAC1,False,
all_tissues,cg14978242,SERINC5,False,
all_tissues,cg14978994,-,False,
all_tissues,cg14987787,-,False,
all_tissues,cg14992656,-,False,
all_tissues,cg15001547,RLN3,False,
all_tissues,cg15002721,FGF23,False,
all_tissues,cg15006175,KIFC2,False,
all_tissues,cg15010903,TIMP2,False,
all_tissues,cg15013019,LYL1,False,
all_tissues,cg15017119,-,False,
all_tissues,cg15033068,MATK,False,
all_tissues,cg15034267,GTPBP1,False,
all_tissues,cg15046877,OPCML,False,
all_tissues,cg15049101,FGFR2,False,
all_tissues,cg15050390,DIXDC1,False,
all_tissues,cg15052890,MED11;CXCL16,False,
all_tissues,cg15068318,SERPINB6,False,
all_tissues,cg15079315,SLC23A2,False,
all_tissues,cg15090899,RPS6KA2,False,
all_tissues,cg15091407,-,False,
all_tissues,cg15107861,WFDC10A;WFDC9,False,
all_tissues,cg15107869,SSR3,False,
all_tissues,cg15111360,-,False,
all_tissues,cg15129506,-,False,
all_tissues,cg15129679,MCOLN3,False,
all_tissues,cg15134553,-,False,
all_tissues,cg15139008,SNORA10;RPS2,False,
all_tissues,cg15142192,EIF2C3,False,
all_tissues,cg15154002,ADRBK2,False,
all_tissues,cg15164573,LOC100128288,False,
all_tissues,cg15168958,FARP1,False,
all_tissues,cg15183258,MGA,False,
all_tissues,cg15184452,ADAMTS2,False,
all_tissues,cg15202006,CPA6,False,
all_tissues,cg15205204,PLEKHG5,False,
all_tissues,cg15207826,CLGN,False,
all_tissues,cg15211908,KCND3,False,
all_tissues,cg15212895,FAM19A5,False,
all_tissues,cg15213210,PAX7,False,
all_tissues,cg15221016,-,False,
all_tissues,cg15244101,-,False,
all_tissues,cg15244327,TNFRSF10D,False,
all_tissues,cg15247169,-,False,
all_tissues,cg15251256,-,False,
all_tissues,cg15261665,LTF,False,
all_tissues,cg15265222,-,False,
all_tissues,cg15267250,-,False,
all_tissues,cg15284433,MMP17,False,
all_tissues,cg15294361,NINJ2,False,
all_tissues,cg15299536,WDR46,False,
all_tissues,cg15304308,AMBRA1,False,
all_tissues,cg15306060,RPL3;RNU86,False,
all_tissues,cg15310873,C20orf85,False,
all_tissues,cg15316843,-,False,
all_tissues,cg15317267,H19;MIR675,False,
all_tissues,cg15329866,PLD1,False,
all_tissues,cg15335683,SPTBN2,False,
all_tissues,cg15344640,LMAN2,False,
all_tissues,cg15347627,C4orf10;NOP14,False,
all_tissues,cg15357945,PRG2,False,
all_tissues,cg15358372,HK1,False,
all_tissues,cg15361231,GLRX2,False,
all_tissues,cg15361251,WWC2,False,
all_tissues,cg15363887,YPEL4,False,
all_tissues,cg15371711,MYL9,False,
all_tissues,cg15376996,SBF1,False,
all_tissues,cg15377871,CEBPE,False,
all_tissues,cg15382568,-,False,
all_tissues,cg15384453,-,False,
all_tissues,cg15396734,FAM90A13;FAM90A14,False,
all_tissues,cg15397740,SLIT1,False,
all_tissues,cg15412918,-,False,
all_tissues,cg15420926,EFR3A,False,
all_tissues,cg15447231,-,False,
all_tissues,cg15454598,C10orf57,False,
all_tissues,cg15456821,BEST1,False,
all_tissues,cg15457718,-,False,
all_tissues,cg15481370,-,False,
all_tissues,cg15482717,FADD,False,
all_tissues,cg15485700,-,False,
all_tissues,cg15488794,BCL2L1,False,
all_tissues,cg15491701,EBF3,False,
all_tissues,cg15520845,NUCKS1,False,
all_tissues,cg15527515,SLC7A8,False,
all_tissues,cg15553397,ST6GALNAC3,False,
all_tissues,cg15570966,ZNF700,False,
all_tissues,cg15583517,TMOD2,False,
all_tissues,cg15611151,HOXC4;HOXC5;HOXC6,False,
all_tissues,cg15613420,H2AFY,False,
all_tissues,cg15618758,ARID1B,False,
all_tissues,cg15652381,-,False,
all_tissues,cg15655655,SRI,False,
all_tissues,cg15658306,TREML2,False,
all_tissues,cg15659052,ELMO1,False,
all_tissues,cg15671688,MIR206,False,
all_tissues,cg15674432,SLC26A8,False,
all_tissues,cg15687973,PDE9A,False,
all_tissues,cg15693483,C7orf50,False,
all_tissues,cg15696662,C1orf190;POMGNT1,False,
all_tissues,cg15698299,ALAS1,False,
all_tissues,cg15699623,POU2F2,False,
all_tissues,cg15700022,PP14571;GPC1,False,
all_tissues,cg15700636,PRG2,False,
all_tissues,cg15702185,MIRLET7A3;LOC400931,False,
all_tissues,cg15704219,C10orf18,False,
all_tissues,cg15704662,-,False,
all_tissues,cg15708153,ZNF542,False,
all_tissues,cg15712226,SNRPF,False,
all_tissues,cg15722293,-,False,
all_tissues,cg15723784,SMAD3,False,
all_tissues,cg15736165,BNC1,False,
all_tissues,cg15736743,KLHL29,False,
all_tissues,cg15742737,SERTAD2,False,
all_tissues,cg15749260,ALMS1P,False,
all_tissues,cg15779716,CDCP1,False,
all_tissues,cg15787636,TBCD,False,
all_tissues,cg15792487,CHRNB1,False,
all_tissues,cg15815948,FAT1,False,
all_tissues,cg15817163,SFRS8,False,
all_tissues,cg15817440,C14orf37,False,
all_tissues,cg15818008,C11orf34,False,
all_tissues,cg15823502,-,False,
all_tissues,cg15825970,IFI30,False,
all_tissues,cg15829728,-,False,
all_tissues,cg15837233,TBR1,False,
all_tissues,cg15838173,FUT11,False,
all_tissues,cg15840418,-,False,
all_tissues,cg15840891,-,False,
all_tissues,cg15843331,VWCE,False,
all_tissues,cg15853299,TBCD,False,
all_tissues,cg15868692,COL4A2,False,
all_tissues,cg15878616,SUMO1P1,False,
all_tissues,cg15883603,SORBS2,False,
all_tissues,cg15896182,-,False,
all_tissues,cg15902864,-,False,
all_tissues,cg15908708,CXCR1,False,
all_tissues,cg15916004,GAL3ST3,False,
all_tissues,cg15916554,-,False,
all_tissues,cg15921911,-,False,
all_tissues,cg15925090,-,False,
all_tissues,cg15925695,DIXDC1,False,
all_tissues,cg15933729,-,False,
all_tissues,cg15935770,KIAA0247,False,
all_tissues,cg15935965,-,False,
all_tissues,cg15944766,-,False,
all_tissues,cg15945129,C7orf58,False,
all_tissues,cg15958289,DCPS,False,
all_tissues,cg15964468,ZSCAN12,False,
all_tissues,cg15965190,-,False,
all_tissues,cg15969431,-,False,
all_tissues,cg15976636,PACRG;PARK2,False,
all_tissues,cg15976883,-,False,
all_tissues,cg15980797,OLIG3,False,
all_tissues,cg15989926,-,False,
all_tissues,cg15998761,MFSD6,False,
all_tissues,cg16001422,PLEC1,False,
all_tissues,cg16015423,SYDE1,False,
all_tissues,cg16017578,-,False,
all_tissues,cg16027132,-,False,
all_tissues,cg16039724,PLAC8,False,
all_tissues,cg16050349,PIK3CB,False,
all_tissues,cg16051154,-,False,
all_tissues,cg16052972,SYN2,False,
all_tissues,cg16058600,NR4A2,False,
all_tissues,cg16059943,PRKCZ,False,
all_tissues,cg16062253,NOTCH4,False,
all_tissues,cg16077493,-,False,
all_tissues,cg16086130,ALDH1A3,False,
all_tissues,cg16090599,-,False,
all_tissues,cg16107105,KCNH2,False,
all_tissues,cg16114434,NRP2,False,
all_tissues,cg16131053,-,False,
all_tissues,cg16170936,SLC48A1,False,
all_tissues,cg16173109,-,False,
all_tissues,cg16177693,NR0B2,False,
all_tissues,cg16178353,-,False,
all_tissues,cg16184737,TTYH3,False,
all_tissues,cg16190510,SLC2A13,False,
all_tissues,cg16199747,-,False,
all_tissues,cg16201146,-,False,
all_tissues,cg16204618,ZNF320,False,
all_tissues,cg16206090,C18orf45,False,
all_tissues,cg16210842,-,False,
all_tissues,cg16230755,ADD3,False,
all_tissues,cg16231241,-,False,
all_tissues,cg16232234,-,False,
all_tissues,cg16236960,MGAT5,False,
all_tissues,cg16240480,EDARADD,False,
all_tissues,cg16246489,H2AFY,False,
all_tissues,cg16248287,C10orf140,False,
all_tissues,cg16251902,-,False,
all_tissues,cg16258076,HMSD,False,
all_tissues,cg16263722,MECR,False,
all_tissues,cg16294363,KCNQ4,False,
all_tissues,cg16299440,AGAP7,False,
all_tissues,cg16300565,ZFR,False,
all_tissues,cg16306654,ACOT7,False,
all_tissues,cg16313393,KCNG1,False,
all_tissues,cg16315262,HLA-DQB2,False,
all_tissues,cg16323609,PRKAR2A,False,
all_tissues,cg16328079,MAGI1,False,
all_tissues,cg16329589,-,False,
all_tissues,cg16336989,RGS6,False,
all_tissues,cg16337087,-,False,
all_tissues,cg16338313,RGS6,False,
all_tissues,cg16342439,-,False,
all_tissues,cg16347811,CHN2,False,
all_tissues,cg16355945,-,False,
all_tissues,cg16370556,RNF39,False,
all_tissues,cg16381059,NXN,False,
all_tissues,cg16384136,GABRG3,False,
all_tissues,cg16384774,FOXN3,False,
all_tissues,cg16386158,IL1RL1,True,IL1RL1
all_tissues,cg16387834,-,False,
all_tissues,cg16391608,SEMA4A,False,
all_tissues,cg16393715,MAD1L1,False,
all_tissues,cg16395997,WDR8,False,
all_tissues,cg16396191,KIAA0564,False,
all_tissues,cg16396488,PLA2G1B,False,
all_tissues,cg16397028,ZFHX3,False,
all_tissues,cg16398581,FGGY,False,
all_tissues,cg16402715,SRBD1,False,
all_tissues,cg16404170,FAM53B,False,
all_tissues,cg16407017,ZFYVE1,False,
all_tissues,cg16409452,EVL,False,
all_tissues,cg16411668,-,False,
all_tissues,cg16412914,AXIN1,False,
all_tissues,cg16413715,UNC5A,False,
all_tissues,cg16421411,C2orf48,False,
all_tissues,cg16426715,GRK6,False,
all_tissues,cg16431436,VCAN,False,
all_tissues,cg16434190,EHD1,False,
all_tissues,cg16437184,-,False,
all_tissues,cg16440561,SPEG,False,
all_tissues,cg16443148,CCDC78;HAGHL,False,
all_tissues,cg16449489,CHST15,False,
all_tissues,cg16453794,-,False,
all_tissues,cg16463700,SULT1C4,False,
all_tissues,cg16463880,ZBTB12,False,
all_tissues,cg16467854,-,False,
all_tissues,cg16469740,HDAC9,False,
all_tissues,cg16470423,-,False,
all_tissues,cg16473141,REC8,False,
all_tissues,cg16473762,ZNF831,False,
all_tissues,cg16477426,CKAP4,False,
all_tissues,cg16493071,CACNA1H,False,
all_tissues,cg16509777,SIX3,False,
all_tissues,cg16521643,-,False,
all_tissues,cg16523185,PEX10,False,
all_tissues,cg16527108,JAKMIP1,False,
all_tissues,cg16527441,DKFZp761E198,False,
all_tissues,cg16532016,C10orf53,False,
all_tissues,cg16532282,-,False,
all_tissues,cg16545218,-,False,
all_tissues,cg16547579,SLC23A2,False,
all_tissues,cg16547859,GLYATL2,False,
all_tissues,cg16565528,-,False,
all_tissues,cg16570917,PTPRF,False,
all_tissues,cg16578883,PDE4D,False,
all_tissues,cg16587616,KHDRBS2,False,
all_tissues,cg16591159,TGFB1I1,False,
all_tissues,cg16592121,BNIP3,False,
all_tissues,cg16592897,CYMP,False,
all_tissues,cg16604391,-,False,
all_tissues,cg16608596,-,False,
all_tissues,cg16611234,-,False,
all_tissues,cg16616599,DERA,False,
all_tissues,cg16617723,AQP4;C18orf16,False,
all_tissues,cg16619978,FOXF2,False,
all_tissues,cg16621855,ADCYAP1R1,False,
all_tissues,cg16625218,RBPMS,False,
all_tissues,cg16631384,EIF4E1B,False,
all_tissues,cg16636756,ITPRIP,False,
all_tissues,cg16644803,-,False,
all_tissues,cg16646726,-,False,
all_tissues,cg16654458,-,False,
all_tissues,cg16656895,EMX2;EMX2OS,False,
all_tissues,cg16662041,-,False,
all_tissues,cg16668359,-,False,
all_tissues,cg16683008,-,False,
all_tissues,cg16684117,MIR143;LOC728264,False,
all_tissues,cg16685313,-,False,
all_tissues,cg16694785,PRDM16,False,
all_tissues,cg16696002,DNM3,False,
all_tissues,cg16706546,IGF2BP2,False,
all_tissues,cg16714154,-,False,
all_tissues,cg16721359,-,False,
all_tissues,cg16721582,LRRC6,False,
all_tissues,cg16725984,C16orf55,False,
all_tissues,cg16728539,CACNA1C,False,
all_tissues,cg16729899,EIF3B,False,
all_tissues,cg16742874,-,False,
all_tissues,cg16745604,CASP10,False,
all_tissues,cg16761581,ADCY4,False,
all_tissues,cg16772514,C1QL1,False,
all_tissues,cg16786178,-,False,
all_tissues,cg16800111,-,False,
all_tissues,cg16802439,GALNS,False,
all_tissues,cg16804882,PDE7B,False,
all_tissues,cg16805291,-,False,
all_tissues,cg16805360,TBX5,False,
all_tissues,cg16815625,TRAPPC9,False,
all_tissues,cg16824584,-,False,
all_tissues,cg16833797,TMTC1,False,
all_tissues,cg16836589,CCNE1,False,
all_tissues,cg16844053,CUL1,False,
all_tissues,cg16845623,C3orf57,False,
all_tissues,cg16847695,TMEM90B,False,
all_tissues,cg16857641,MICALL2,False,
all_tissues,cg16869108,VHL,False,
all_tissues,cg16874347,REEP1,False,
all_tissues,cg16887334,OXT,False,
all_tissues,cg16896031,PPP2R2A,False,
all_tissues,cg16899991,-,False,
all_tissues,cg16900746,-,False,
all_tissues,cg16905199,-,False,
all_tissues,cg16905822,LARP4B,False,
all_tissues,cg16911214,RAPGEF5,False,
all_tissues,cg16922167,FGR,False,
all_tissues,cg16927379,TRAPPC9,False,
all_tissues,cg16928046,TBX21,False,
all_tissues,cg16935075,TPH1,False,
all_tissues,cg16942595,UST,False,
all_tissues,cg16945186,-,False,
all_tissues,cg16945415,-,False,
all_tissues,cg16973098,-,False,
all_tissues,cg16976499,SENP6,False,
all_tissues,cg16978168,EZR,False,
all_tissues,cg16978571,KCNK4;C11orf20,False,
all_tissues,cg16989117,COL9A2,False,
all_tissues,cg16989476,FHOD3,False,
all_tissues,cg16997314,CCNY,False,
all_tissues,cg17017284,USP21,False,
all_tissues,cg17029019,HIC1,False,
all_tissues,cg17033166,-,False,
all_tissues,cg17041511,-,False,
all_tissues,cg17051207,-,False,
all_tissues,cg17057663,-,False,
all_tissues,cg17062279,ITGAE,False,
all_tissues,cg17070988,-,False,
all_tissues,cg17080697,TRIM39,False,
all_tissues,cg17092519,-,False,
all_tissues,cg17094985,-,False,
all_tissues,cg17095147,WDR1,False,
all_tissues,cg17100158,ZNF385B,False,
all_tissues,cg17112949,EGLN1,False,
all_tissues,cg17113008,-,False,
all_tissues,cg17113158,RBL1,False,
all_tissues,cg17118095,FAM171A1,False,
all_tissues,cg17128947,CPLX1,False,
all_tissues,cg17136011,TACC2,False,
all_tissues,cg17139392,-,False,
all_tissues,cg17140222,RAB3B,False,
all_tissues,cg17149655,RORA,False,
all_tissues,cg17150663,KCP,False,
all_tissues,cg17158584,CTBP1,False,
all_tissues,cg17160984,-,False,
all_tissues,cg17167425,SH3PXD2A,False,
all_tissues,cg17168157,RGS22,False,
all_tissues,cg17168235,-,False,
all_tissues,cg17179881,BIK,False,
all_tissues,cg17181805,RBPMS,False,
all_tissues,cg17187287,UGT8,False,
all_tissues,cg17194270,SYNGR1,False,
all_tissues,cg17200768,-,False,
all_tissues,cg17202724,SMARCD2,False,
all_tissues,cg17207337,-,False,
all_tissues,cg17224181,-,False,
all_tissues,cg17246404,MAGI1,False,
all_tissues,cg17247190,-,False,
all_tissues,cg17247873,-,False,
all_tissues,cg17261675,C21orf29;KRTAP12-1,False,
all_tissues,cg17284609,SOX6,False,
all_tissues,cg17298326,-,False,
all_tissues,cg17298543,GNAI1,False,
all_tissues,cg17301248,NAA25,False,
all_tissues,cg17302292,-,False,
all_tissues,cg17311469,B4GALNT1,False,
all_tissues,cg17313269,TRIM38,False,
all_tissues,cg17314228,-,False,
all_tissues,cg17316078,-,False,
all_tissues,cg17329648,SFXN5,False,
all_tissues,cg17339794,KDM4B,False,
all_tissues,cg17342216,-,False,
all_tissues,cg17343167,N4BP3,False,
all_tissues,cg17351439,GPC6,False,
all_tissues,cg17369032,NGFR,False,
all_tissues,cg17372941,-,False,
all_tissues,cg17374802,EPX,False,
all_tissues,cg17383272,MYH14,False,
all_tissues,cg17389988,C7orf10,False,
all_tissues,cg17394530,-,False,
all_tissues,cg17413460,HAL,False,
all_tissues,cg17419049,-,False,
all_tissues,cg17427305,-,False,
all_tissues,cg17431358,-,False,
all_tissues,cg17446739,AIFM2,False,
all_tissues,cg17455297,-,False,
all_tissues,cg17457391,-,False,
all_tissues,cg17465423,ZNF385A,False,
all_tissues,cg17476271,FLI1,False,
all_tissues,cg17484771,-,False,
all_tissues,cg17496659,TP73,False,
all_tissues,cg17507887,TFAP2B,False,
all_tissues,cg17511968,-,False,
all_tissues,cg17515545,HPSE,False,
all_tissues,cg17521120,SIGLEC8,False,
all_tissues,cg17526229,-,False,
all_tissues,cg17534540,-,False,
all_tissues,cg17536595,RSPH9,False,
all_tissues,cg17540545,FXYD1,False,
all_tissues,cg17540765,RECQL5;LOC643008,False,
all_tissues,cg17555806,-,False,
all_tissues,cg17558547,SAP30L,False,
all_tissues,cg17571207,SYN3;TIMP3,False,
all_tissues,cg17572056,OSTalpha,False,
all_tissues,cg17594334,PLEKHH1,False,
all_tissues,cg17599241,VCAN,False,
all_tissues,cg17613911,STK32A,False,
all_tissues,cg17627967,ZNF341,False,
all_tissues,cg17636752,RUNX2,False,
all_tissues,cg17637175,-,False,
all_tissues,cg17638468,CD200R1,False,
all_tissues,cg17641649,-,False,
all_tissues,cg17645677,PPARGC1B,False,
all_tissues,cg17649385,-,False,
all_tissues,cg17651317,LRP5,False,
all_tissues,cg17655609,PKNOX2,False,
all_tissues,cg17674726,ITM2C,False,
all_tissues,cg17675724,TNXB,False,
all_tissues,cg17681750,MACROD1,False,
all_tissues,cg17682828,FXYD1;FXYD7,False,
all_tissues,cg17709804,-,False,
all_tissues,cg17717282,C4orf22,False,
all_tissues,cg17718703,LRRC8D,False,
all_tissues,cg17722086,-,False,
all_tissues,cg17723653,SYNPO2L,False,
all_tissues,cg17729941,C1orf77;S100A13,False,
all_tissues,cg17737835,CACNA2D4,False,
all_tissues,cg17739428,-,False,
all_tissues,cg17774559,IRX4,False,
all_tissues,cg17781958,BAHCC1,False,
all_tissues,cg17795059,FAM118A,False,
all_tissues,cg17806401,LYN,False,
all_tissues,cg17806847,-,False,
all_tissues,cg17848003,LRRC47,False,
all_tissues,cg17851657,ZNF3,False,
all_tissues,cg17859772,PRPH2,False,
all_tissues,cg17861295,ZNF879,False,
all_tissues,cg17888090,PTGER3,False,
all_tissues,cg17889831,DSTYK,False,
all_tissues,cg17891928,ST6GALNAC3,False,
all_tissues,cg17894318,SOX2OT,False,
all_tissues,cg17903019,FBXL18,False,
all_tissues,cg17914838,-,False,
all_tissues,cg17918090,RCC2,False,
all_tissues,cg17927096,-,False,
all_tissues,cg17928819,C8orf71,False,
all_tissues,cg17932662,PTPN7,False,
all_tissues,cg17932911,ERLIN1,False,
all_tissues,cg17936236,CREG1,False,
all_tissues,cg17942851,C1orf113,False,
all_tissues,cg17959183,RAB10,False,
all_tissues,cg17961200,CEL,False,
all_tissues,cg17962047,-,False,
all_tissues,cg17962527,LOC116437,False,
all_tissues,cg17966227,-,False,
all_tissues,cg17966344,-,False,
all_tissues,cg17971251,SEC16B,False,
all_tissues,cg17971837,PVALB,False,
all_tissues,cg17982102,RAB31,False,
all_tissues,cg17983632,-,False,
all_tissues,cg17988187,LOC100189589,False,
all_tissues,cg18001180,KCNK17,False,
all_tissues,cg18015301,AMPH,False,
all_tissues,cg18017853,RAB27A,False,
all_tissues,cg18023724,NAF1,False,
all_tissues,cg18036734,B4GALT7,False,
all_tissues,cg18039042,TSPAN9,False,
all_tissues,cg18049474,RASA3,False,
all_tissues,cg18059464,GPR123,False,
all_tissues,cg18073423,-,False,
all_tissues,cg18086635,FAM59A,False,
all_tissues,cg18087306,LMNB2,False,
all_tissues,cg18092095,PTOV1,False,
all_tissues,cg18100045,-,False,
all_tissues,cg18105725,SLC22A1,False,
all_tissues,cg18109798,SLCO1C1,False,
all_tissues,cg18110553,SAMD4A,False,
all_tissues,cg18115244,-,False,
all_tissues,cg18115766,RPL15,False,
all_tissues,cg18116418,LCE3D,False,
all_tissues,cg18121981,-,False,
all_tissues,cg18124852,-,False,
all_tissues,cg18127395,DYNC1I1,False,
all_tissues,cg18149207,RORC,True,RORC
all_tissues,cg18151262,MIDN,False,
all_tissues,cg18154417,-,False,
all_tissues,cg18160614,-,False,
all_tissues,cg18166564,SNORD115-10;SNORD115-42,False,
all_tissues,cg18169971,H2AFY,False,
all_tissues,cg18172833,-,False,
all_tissues,cg18172877,IRX4,False,
all_tissues,cg18174402,CAD,False,
all_tissues,cg18177616,IRAK3,False,
all_tissues,cg18182566,MTA1,False,
all_tissues,cg18185596,-,False,
all_tissues,cg18200326,FHOD1;SLC9A5,False,
all_tissues,cg18201630,ATP2A3,False,
all_tissues,cg18245230,DNAJB6,False,
all_tissues,cg18246056,CLDN18,False,
all_tissues,cg18253113,SLC12A8,False,
all_tissues,cg18254848,CLC,False,
all_tissues,cg18255595,GJA3,False,
all_tissues,cg18272538,-,False,
all_tissues,cg18278943,-,False,
all_tissues,cg18279337,MYO5C,False,
all_tissues,cg18286501,TMEM26,False,
all_tissues,cg18287768,TNFAIP3,False,
all_tissues,cg18289141,-,False,
all_tissues,cg18297196,TREML2,False,
all_tissues,cg18300285,HSPA12A,False,
all_tissues,cg18302933,-,False,
all_tissues,cg18311400,HERC2,False,
all_tissues,cg18313899,SLC35F1,False,
all_tissues,cg18315834,MTHFD1,False,
all_tissues,cg18318142,-,False,
all_tissues,cg18319612,-,False,
all_tissues,cg18337287,ARID3A,False,
all_tissues,cg18338021,GZMM,False,
all_tissues,cg18341491,POSTN,False,
all_tissues,cg18345635,SLC16A3,False,
all_tissues,cg18347010,-,False,
all_tissues,cg18347442,-,False,
all_tissues,cg18348836,HOOK1,False,
all_tissues,cg18366455,SOX2OT,False,
all_tissues,cg18366919,EPHX3,False,
all_tissues,cg18372548,STIM2,False,
all_tissues,cg18372930,-,False,
all_tissues,cg18373580,-,False,
all_tissues,cg18393175,-,False,
all_tissues,cg18395636,RAB38,False,
all_tissues,cg18406492,STAR,False,
all_tissues,cg18423737,-,False,
all_tissues,cg18429196,EIF4H,False,
all_tissues,cg18446916,SYNPO,False,
all_tissues,cg18455523,-,False,
all_tissues,cg18456459,RAB31,False,
all_tissues,cg18459618,RNF135,False,
all_tissues,cg18460809,BAG2,False,
all_tissues,cg18462898,LOC729991-MEF2B;MEF2B,False,
all_tissues,cg18470593,CC2D2A,False,
all_tissues,cg18473033,NXPH3,False,
all_tissues,cg18473733,KLF2,False,
all_tissues,cg18492799,-,False,
all_tissues,cg18498263,TTC7B,False,
all_tissues,cg18500830,CAMK1D,False,
all_tissues,cg18502618,COL18A1,False,
all_tissues,cg18512948,REC8,False,
all_tissues,cg18517055,WDR45L,False,
all_tissues,cg18520238,PRR5L,False,
all_tissues,cg18520851,CDO1,False,
all_tissues,cg18542304,IGF1R,False,
all_tissues,cg18550847,EVL,False,
all_tissues,cg18556788,L3MBTL4,False,
all_tissues,cg18559348,MYBPC2,False,
all_tissues,cg18560936,-,False,
all_tissues,cg18562243,SOX2OT,False,
all_tissues,cg18571126,BAHD1,False,
all_tissues,cg18576835,-,False,
all_tissues,cg18580274,-,False,
all_tissues,cg18582010,ASAP1,False,
all_tissues,cg18597415,CLC,False,
all_tissues,cg18599790,ZNF492,False,
all_tissues,cg18603838,PRLR,False,
all_tissues,cg18625916,-,False,
all_tissues,cg18631301,FBXL7,False,
all_tissues,cg18631996,-,False,
all_tissues,cg18642234,GPX1,False,
all_tissues,cg18648031,-,False,
all_tissues,cg18650626,MAD1L1,False,
all_tissues,cg18651470,-,False,
all_tissues,cg18660345,MYL9,False,
all_tissues,cg18666454,KCNH2,False,
all_tissues,cg18672389,FAM101A,False,
all_tissues,cg18683047,DLK2,False,
all_tissues,cg18688704,PDGFC,False,
all_tissues,cg18696348,-,False,
all_tissues,cg18708252,CBX7,False,
all_tissues,cg18711683,SDK1,False,
all_tissues,cg18715793,PLIN4,False,
all_tissues,cg18739374,ARHGAP11B,False,
all_tissues,cg18740289,-,False,
all_tissues,cg18744792,CTBP2,False,
all_tissues,cg18748062,DAPK3,False,
all_tissues,cg18748064,ATP11A,False,
all_tissues,cg18767846,-,False,
all_tissues,cg18767920,INO80C,False,
all_tissues,cg18768157,FZD8,False,
all_tissues,cg18771937,MIR196A2,False,
all_tissues,cg18777299,STIM2,False,
all_tissues,cg18782604,SIM1,False,
all_tissues,cg18786171,ADK,False,
all_tissues,cg18787437,-,False,
all_tissues,cg18793215,CRABP2,False,
all_tissues,cg18795461,-,False,
all_tissues,cg18805457,TCERG1,False,
all_tissues,cg18805734,FAM60A,False,
all_tissues,cg18807466,AKAP5,False,
all_tissues,cg18827332,-,False,
all_tissues,cg18830993,PELI2,False,
all_tissues,cg18835596,MYB,False,
all_tissues,cg18855104,-,False,
all_tissues,cg18869840,TCF7L1,False,
all_tissues,cg18883951,SCNN1A,False,
all_tissues,cg18899117,PARD3B,False,
all_tissues,cg18899777,GRHL2,False,
all_tissues,cg18904552,TNKS2,False,
all_tissues,cg18906360,DHRS7,False,
all_tissues,cg18915009,SNORD115-48,False,
all_tissues,cg18916922,-,False,
all_tissues,cg18919106,EFR3A,False,
all_tissues,cg18919660,FLRT2,False,
all_tissues,cg18931760,EIF3M,False,
all_tissues,cg18933685,SDK1,False,
all_tissues,cg18936502,-,False,
all_tissues,cg18944099,C6orf47,False,
all_tissues,cg18972013,GAA,False,
all_tissues,cg18981338,DHRS4;C14orf167,False,
all_tissues,cg18995042,-,False,
all_tissues,cg18998911,TAGLN3,False,
all_tissues,cg19005210,TREML2,False,
all_tissues,cg19015086,SEC14L2,False,
all_tissues,cg19022446,-,False,
all_tissues,cg19024632,KCNS3,False,
all_tissues,cg19034028,CDH3,False,
all_tissues,cg19035788,-,False,
all_tissues,cg19037107,ACAD8,False,
all_tissues,cg19055323,KRTAP4-1,False,
all_tissues,cg19056772,FGF11,False,
all_tissues,cg19061112,NUAK1,False,
all_tissues,cg19071976,TNXB,False,
all_tissues,cg19074292,-,False,
all_tissues,cg19074393,EBF3,False,
all_tissues,cg19078576,BASP1;LOC285696,False,
all_tissues,cg19082560,-,False,
all_tissues,cg19083977,-,False,
all_tissues,cg19095568,DNAJC17;C15orf62,False,
all_tissues,cg19097880,-,False,
all_tissues,cg19102412,LOC84931,False,
all_tissues,cg19114543,CCDC12,False,
all_tissues,cg19115690,ECHS1,False,
all_tissues,cg19132069,ESAM,False,
all_tissues,cg19161424,FMN1,False,
all_tissues,cg19164987,HOXC4;HOXC5;HOXC6,False,
all_tissues,cg19165640,ECE1,False,
all_tissues,cg19168556,-,False,
all_tissues,cg19174165,USP28,False,
all_tissues,cg19176541,ENOX1,False,
all_tissues,cg19180698,-,False,
all_tissues,cg19180827,MSH2,False,
all_tissues,cg19190269,SNX22,False,
all_tissues,cg19192065,LOC100188947,False,
all_tissues,cg19193595,SMAD3,False,
all_tissues,cg19199204,HCG9,False,
all_tissues,cg19205064,ZBTB22,False,
all_tissues,cg19216994,RPLP2;SNORA52,False,
all_tissues,cg19227170,WFIKKN1,False,
all_tissues,cg19233663,-,False,
all_tissues,cg19235065,MUTYH,False,
all_tissues,cg19236794,FAM132A,False,
all_tissues,cg19243780,UBE2E2,False,
all_tissues,cg19245381,ADORA2B,False,
all_tissues,cg19252108,TEKT2;ADPRHL2,False,
all_tissues,cg19257356,-,False,
all_tissues,cg19267254,CASP9,False,
all_tissues,cg19269426,GGPS1,False,
all_tissues,cg19282952,-,False,
all_tissues,cg19284277,SLC16A3,False,
all_tissues,cg19291576,-,False,
all_tissues,cg19300923,PRDM2,False,
all_tissues,cg19303524,GRIP1,False,
all_tissues,cg19304407,RBBP8,False,
all_tissues,cg19305527,CUL3,False,
all_tissues,cg19328051,-,False,
all_tissues,cg19330334,IQGAP1,False,
all_tissues,cg19334657,-,False,
all_tissues,cg19340455,C7orf50;GPR146,False,
all_tissues,cg19349999,RNASEH2B,False,
all_tissues,cg19357305,CBFA2T2,False,
all_tissues,cg19366479,NR1H2,False,
all_tissues,cg19369262,SDK1,False,
all_tissues,cg19370084,-,False,
all_tissues,cg19375539,-,False,
all_tissues,cg19378216,C20orf114,False,
all_tissues,cg19378631,COMMD3,False,
all_tissues,cg19390658,GARS,False,
all_tissues,cg19391527,PNOC,False,
all_tissues,cg19399220,-,False,
all_tissues,cg19399653,CEACAM8,False,
all_tissues,cg19403029,SOX7,False,
all_tissues,cg19407385,-,False,
all_tissues,cg19411557,-,False,
all_tissues,cg19413350,-,False,
all_tissues,cg19414302,ACAP3,False,
all_tissues,cg19416326,RNF44,False,
all_tissues,cg19434937,LPCAT3,False,
all_tissues,cg19440734,CAMP,False,
all_tissues,cg19459207,EMB,False,
all_tissues,cg19468534,OIP5;NUSAP1,False,
all_tissues,cg19480750,-,False,
all_tissues,cg19483007,WWTR1,False,
all_tissues,cg19488206,STK25,False,
all_tissues,cg19505546,-,False,
all_tissues,cg19506849,TCF7L2,False,
all_tissues,cg19510942,-,False,
all_tissues,cg19521927,PLA2G5,False,
all_tissues,cg19528654,AIP,False,
all_tissues,cg19529732,DIABLO,False,
all_tissues,cg19544746,ACOX3,False,
all_tissues,cg19547293,WWTR1,False,
all_tissues,cg19550524,-,False,
all_tissues,cg19561972,-,False,
all_tissues,cg19574327,-,False,
all_tissues,cg19579160,ZAK,False,
all_tissues,cg19583076,CD79A,False,
all_tissues,cg19586027,ZFP36L1,False,
all_tissues,cg19589922,-,False,
all_tissues,cg19599386,SLC20A1,False,
all_tissues,cg19599611,AQR,False,
all_tissues,cg19607845,FBXO9,False,
all_tissues,cg19609644,-,False,
all_tissues,cg19613194,NBEA,False,
all_tissues,cg19618279,COASY,False,
all_tissues,cg19627006,CAPG,False,
all_tissues,cg19627034,-,False,
all_tissues,cg19627549,-,False,
all_tissues,cg19632635,-,False,
all_tissues,cg19640821,LRRC25,False,
all_tissues,cg19650253,PTGDR,False,
all_tissues,cg19656282,TLX2,False,
all_tissues,cg19669785,-,False,
all_tissues,cg19671331,-,False,
all_tissues,cg19676182,CCDC149,False,
all_tissues,cg19676553,BRF1,False,
all_tissues,cg19679544,GABRA5,False,
all_tissues,cg19690403,-,False,
all_tissues,cg19694798,LGALS7,False,
all_tissues,cg19697558,GRHL3,False,
all_tissues,cg19698993,ZNF238,False,
all_tissues,cg19699140,LECT1,False,
all_tissues,cg19704630,-,False,
all_tissues,cg19709355,RARA,False,
all_tissues,cg19710238,-,False,
all_tissues,cg19713460,SYNGR1,False,
all_tissues,cg19718359,-,False,
all_tissues,cg19719915,-,False,
all_tissues,cg19726712,LAPTM4B,False,
all_tissues,cg19735804,-,False,
all_tissues,cg19739126,-,False,
all_tissues,cg19739468,WHSC2,False,
all_tissues,cg19739596,MS4A3,False,
all_tissues,cg19742105,-,False,
all_tissues,cg19743522,DTX1,False,
all_tissues,cg19744936,EPHX3,False,
all_tissues,cg19758448,PGAP3,False,
all_tissues,cg19761594,NFE2,False,
all_tissues,cg19763682,-,False,
all_tissues,cg19764769,-,False,
all_tissues,cg19788317,-,False,
all_tissues,cg19788727,NTN1,False,
all_tissues,cg19792544,KIFC2;FOXH1,False,
all_tissues,cg19795292,IL1RL1,True,IL1RL1
all_tissues,cg19798224,C14orf68,False,
all_tissues,cg19810723,-,False,
all_tissues,cg19811761,ZNF471,False,
all_tissues,cg19815340,-,False,
all_tissues,cg19818308,-,False,
all_tissues,cg19818826,SATB1,False,
all_tissues,cg19829856,LOXHD1,False,
all_tissues,cg19830657,-,False,
all_tissues,cg19831935,MRC2,False,
all_tissues,cg19832898,HKDC1,False,
all_tissues,cg19835128,-,False,
all_tissues,cg19848940,-,False,
all_tissues,cg19849728,-,False,
all_tissues,cg19850024,-,False,
all_tissues,cg19851574,RPS6KA2,False,
all_tissues,cg19858017,CLSTN1,False,
all_tissues,cg19861623,TTC7B,False,
all_tissues,cg19867579,-,False,
all_tissues,cg19881928,SCN4A,False,
all_tissues,cg19903596,-,False,
all_tissues,cg19907380,-,False,
all_tissues,cg19915361,FUT8,False,
all_tissues,cg19917714,CNTN2,False,
all_tissues,cg19922825,-,False,
all_tissues,cg19925518,-,False,
all_tissues,cg19933664,CAST,False,
all_tissues,cg19936157,-,False,
all_tissues,cg19936614,FAT1,False,
all_tissues,cg19955284,SLC44A4,False,
all_tissues,cg19959677,-,False,
all_tissues,cg19962075,MAPK4,False,
all_tissues,cg19963120,UGGT2,False,
all_tissues,cg19969733,IL1RL1,True,IL1RL1
all_tissues,cg19979853,-,False,
all_tissues,cg19982230,RAB34,False,
all_tissues,cg19984146,CH25H,False,
all_tissues,cg19989043,CD2AP,False,
all_tissues,cg19995899,FN1,False,
all_tissues,cg19998289,RNF34,False,
all_tissues,cg20008101,LGALS3,False,
all_tissues,cg20014822,FGF19,False,
all_tissues,cg20016631,FAM114A1,False,
all_tissues,cg20034617,C9orf167,False,
all_tissues,cg20039814,TP53INP1,False,
all_tissues,cg20040364,-,False,
all_tissues,cg20047489,-,False,
all_tissues,cg20048434,AFAP1L2,False,
all_tissues,cg20052760,-,False,
all_tissues,cg20054309,-,False,
all_tissues,cg20054412,C7orf50,False,
all_tissues,cg20062681,-,False,
all_tissues,cg20063728,PDGFA,False,
all_tissues,cg20094506,GPC1,False,
all_tissues,cg20094830,PRAC;C17orf93,False,
all_tissues,cg20095398,-,False,
all_tissues,cg20120463,-,False,
all_tissues,cg20122849,KCNN1,False,
all_tissues,cg20126656,USP36,False,
all_tissues,cg20127859,C8orf73,False,
all_tissues,cg20131581,-,False,
all_tissues,cg20141108,-,False,
all_tissues,cg20143982,PEX5,False,
all_tissues,cg20148210,FGFR1,False,
all_tissues,cg20158248,ABCC1,False,
all_tissues,cg20164964,TSPAN9,False,
all_tissues,cg20168495,-,False,
all_tissues,cg20169506,ATF3,False,
all_tissues,cg20178757,-,False,
all_tissues,cg20193057,MTUS2,False,
all_tissues,cg20203400,TMEM182,False,
all_tissues,cg20204776,-,False,
all_tissues,cg20207470,-,False,
all_tissues,cg20207763,-,False,
all_tissues,cg20223206,ANKS1B,False,
all_tissues,cg20229939,-,False,
all_tissues,cg20251110,NCOR2,False,
all_tissues,cg20255176,FJX1,False,
all_tissues,cg20260841,-,False,
all_tissues,cg20263733,ATP2C1,False,
all_tissues,cg20263853,RERE,False,
all_tissues,cg20271057,PLCL2,False,
all_tissues,cg20282837,-,False,
all_tissues,cg20283771,CBFA2T3,False,
all_tissues,cg20288341,LY6G6E;LY6G6D,False,
all_tissues,cg20294789,TUFT1,False,
all_tissues,cg20300093,ADCY5,False,
all_tissues,cg20300175,-,False,
all_tissues,cg20301308,-,False,
all_tissues,cg20307292,VWA3B,False,
all_tissues,cg20317272,PHLPP1,False,
all_tissues,cg20317437,FUCA1,False,
all_tissues,cg20331595,NRSN2,False,
all_tissues,cg20339720,PRR5,False,
all_tissues,cg20347496,-,False,
all_tissues,cg20347893,TMEM132B,False,
all_tissues,cg20348858,EMX2;EMX2OS,False,
all_tissues,cg20363891,SNED1,False,
all_tissues,cg20382675,FOXP1;MIR1284,False,
all_tissues,cg20388729,IGF1R,False,
all_tissues,cg20405742,-,False,
all_tissues,cg20406979,-,False,
all_tissues,cg20410940,-,False,
all_tissues,cg20411384,CDK14,False,
all_tissues,cg20414015,MAML3,False,
all_tissues,cg20431848,-,False,
all_tissues,cg20432754,-,False,
all_tissues,cg20438286,GALNTL4,False,
all_tissues,cg20443635,TGIF2,False,
all_tissues,cg20449382,-,False,
all_tissues,cg20456258,DGKQ,False,
all_tissues,cg20469003,-,False,
all_tissues,cg20502694,DNAI2,False,
all_tissues,cg20509092,FAM169A,False,
all_tissues,cg20509513,TACC2,False,
all_tissues,cg20515423,-,False,
all_tissues,cg20528780,MECOM,False,
all_tissues,cg20529655,-,False,
all_tissues,cg20536794,-,False,
all_tissues,cg20540306,GALNT10,False,
all_tissues,cg20556639,RADIL,False,
all_tissues,cg20563666,PLEKHH2;LOC728819,False,
all_tissues,cg20576590,-,False,
all_tissues,cg20577630,CHRNB3,False,
all_tissues,cg20579012,CACNA1C,False,
all_tissues,cg20585358,ZAP70,False,
all_tissues,cg20597409,SLC25A21;LOC100129794,False,
all_tissues,cg20606255,KIAA1755,False,
all_tissues,cg20612299,ASAP1IT1;ASAP1,False,
all_tissues,cg20615117,SORL1,False,
all_tissues,cg20615879,TLX1NB;TLX1,False,
all_tissues,cg20615910,-,False,
all_tissues,cg20620326,-,False,
all_tissues,cg20648141,-,False,
all_tissues,cg20653075,MIR124-2,False,
all_tissues,cg20654462,-,False,
all_tissues,cg20654611,LGR4,False,
all_tissues,cg20654624,H3F3B,False,
all_tissues,cg20659941,NEDD4L,False,
all_tissues,cg20661080,-,False,
all_tissues,cg20669012,-,False,
all_tissues,cg20673721,KSR1,False,
all_tissues,cg20687242,CBX5,False,
all_tissues,cg20690420,NR2E1,False,
all_tissues,cg20692730,ATP2A3,False,
all_tissues,cg20703928,NCK2,False,
all_tissues,cg20704537,-,False,
all_tissues,cg20707066,PTPN5,False,
all_tissues,cg20709888,-,False,
all_tissues,cg20710777,TSLP,True,TSLP
all_tissues,cg20715953,-,False,
all_tissues,cg20720686,POR,False,
all_tissues,cg20720697,MYT1L,False,
all_tissues,cg20723425,DNAH17,False,
all_tissues,cg20738433,-,False,
all_tissues,cg20748065,POR,False,
all_tissues,cg20748073,TGFB1,False,
all_tissues,cg20750642,FARP1,False,
all_tissues,cg20755651,SMOC2,False,
all_tissues,cg20769856,-,False,
all_tissues,cg20796298,IGDCC4,False,
all_tissues,cg20802826,-,False,
all_tissues,cg20804581,-,False,
all_tissues,cg20814026,ANKRD53,False,
all_tissues,cg20830848,C7orf49,False,
all_tissues,cg20836212,VKORC1L1,False,
all_tissues,cg20849835,-,False,
all_tissues,cg20864568,MAP3K14,False,
all_tissues,cg20866075,-,False,
all_tissues,cg20866785,ARHGAP10,False,
all_tissues,cg20870362,CCIN,False,
all_tissues,cg20875807,HOMER2,False,
all_tissues,cg20883723,CHST11,False,
all_tissues,cg20884298,FAM194B,False,
all_tissues,cg20885063,ATPAF2,False,
all_tissues,cg20917241,COL4A1,False,
all_tissues,cg20930366,KCNN2,False,
all_tissues,cg20931973,C6orf186,False,
all_tissues,cg20934799,PRR5L,False,
all_tissues,cg20938454,-,False,
all_tissues,cg20959907,DOCK4,False,
all_tissues,cg20960392,AK3L1,False,
all_tissues,cg20987369,-,False,
all_tissues,cg20992330,-,False,
all_tissues,cg21004565,CRADD,False,
all_tissues,cg21004684,IGHMBP2,False,
all_tissues,cg21015805,-,False,
all_tissues,cg21016699,FNIP1,False,
all_tissues,cg21019522,SLC22A18;SLC22A18AS,False,
all_tissues,cg21023952,PDE4D;PART1,False,
all_tissues,cg21024495,-,False,
all_tissues,cg21029612,LOC254559,False,
all_tissues,cg21033855,TUBGCP4;ZSCAN29,False,
all_tissues,cg21034023,UGGT2,False,
all_tissues,cg21035511,HBS1L,False,
all_tissues,cg21038291,-,False,
all_tissues,cg21041888,FAT1,False,
all_tissues,cg21058822,MBOAT4,False,
all_tissues,cg21062059,MBOAT7;TMC4,False,
all_tissues,cg21067745,FLT3LG,False,
all_tissues,cg21067750,PHGR1,False,
all_tissues,cg21067963,CARS2,False,
all_tissues,cg21069500,CXXC5,False,
all_tissues,cg21072795,NCKAP1L,False,
all_tissues,cg21073748,-,False,
all_tissues,cg21077684,-,False,
all_tissues,cg21079113,SYPL2,False,
all_tissues,cg21083175,RCOR2,False,
all_tissues,cg21088514,KCNE1,False,
all_tissues,cg21104363,VKORC1L1,False,
all_tissues,cg21111500,SYDE2,False,
all_tissues,cg21126487,-,False,
all_tissues,cg21135616,HDAC4,False,
all_tissues,cg21137557,LVRN,False,
all_tissues,cg21139587,CSRP1,False,
all_tissues,cg21141030,PARP16,False,
all_tissues,cg21141827,ETF1,False,
all_tissues,cg21150901,MRM1,False,
all_tissues,cg21157707,ABCA2,False,
all_tissues,cg21159993,C5orf32,False,
all_tissues,cg21160099,PRDM13,False,
all_tissues,cg21167563,CD58,False,
all_tissues,cg21173317,SSU72,False,
all_tissues,cg21175585,SLC7A1,False,
all_tissues,cg21181192,LAMC3,False,
all_tissues,cg21187265,SEPN1,False,
all_tissues,cg21189224,LOC100129066,False,
all_tissues,cg21199165,-,False,
all_tissues,cg21202716,SHANK2,False,
all_tissues,cg21207028,NRSN2,False,
all_tissues,cg21210370,BAI1,False,
all_tissues,cg21211213,EBF1,False,
all_tissues,cg21217270,RUNX3,False,
all_tissues,cg21218053,-,False,
all_tissues,cg21220721,ACOT7,False,
all_tissues,cg21222426,-,False,
all_tissues,cg21223094,ETV6,False,
all_tissues,cg21229337,PI16,False,
all_tissues,cg21229570,-,False,
all_tissues,cg21235334,DNMT3B,False,
all_tissues,cg21237481,-,False,
all_tissues,cg21238818,GAL3ST3,False,
all_tissues,cg21247874,POLR1E,False,
all_tissues,cg21255356,-,False,
all_tissues,cg21275690,HCFC1R1;THOC6,False,
all_tissues,cg21284028,CDH26,False,
all_tissues,cg21293902,SNORD34;RPL13AP5;SNORD35A;RPL13A,False,
all_tissues,cg21296676,EYA4,False,
all_tissues,cg21304488,-,False,
all_tissues,cg21306949,-,False,
all_tissues,cg21308632,-,False,
all_tissues,cg21316772,B4GALT1,False,
all_tissues,cg21324010,-,False,
all_tissues,cg21324884,MIR548A2,False,
all_tissues,cg21331386,-,False,
all_tissues,cg21333217,PLXND1,False,
all_tissues,cg21333338,RAP1GAP2,False,
all_tissues,cg21335378,-,False,
all_tissues,cg21347347,-,False,
all_tissues,cg21351392,AGPAT4,False,
all_tissues,cg21361094,B4GALNT1,False,
all_tissues,cg21380560,-,False,
all_tissues,cg21387281,OGFR,False,
all_tissues,cg21387604,TGFB2,False,
all_tissues,cg21400896,ABI3,False,
all_tissues,cg21419585,FAM46C,False,
all_tissues,cg21422475,SLC4A8,False,
all_tissues,cg21425099,CNTN4,False,
all_tissues,cg21426559,CUX2,False,
all_tissues,cg21451906,APOA2,False,
all_tissues,cg21459713,ERICH1,False,
all_tissues,cg21475834,UGGT2,False,
all_tissues,cg21477717,SLC5A5,False,
all_tissues,cg21479762,-,False,
all_tissues,cg21480743,KILLIN,False,
all_tissues,cg21486470,-,False,
all_tissues,cg21487950,TSHR,False,
all_tissues,cg21490485,PACS2,False,
all_tissues,cg21498475,SLC24A6,False,
all_tissues,cg21504918,GPX3,False,
all_tissues,cg21507153,-,False,
all_tissues,cg21517683,SLC23A1,False,
all_tissues,cg21519872,TK1,False,
all_tissues,cg21520537,GHRLOS;C3orf42,False,
all_tissues,cg21531604,LFNG,False,
all_tissues,cg21532103,LRRFIP1,False,
all_tissues,cg21540406,-,False,
all_tissues,cg21542666,OR11L1,False,
all_tissues,cg21559154,-,False,
all_tissues,cg21575465,SLC25A31,False,
all_tissues,cg21580846,PLCXD3,False,
all_tissues,cg21592091,-,False,
all_tissues,cg21616935,CCDC11,False,
all_tissues,cg21625520,SUOX,False,
all_tissues,cg21627181,SLC17A4,False,
all_tissues,cg21631409,ALDH3B2,False,
all_tissues,cg21635917,CAST,False,
all_tissues,cg21640749,RAB37;CD300LF,False,
all_tissues,cg21655830,C21orf84,False,
all_tissues,cg21671476,MYL9,False,
all_tissues,cg21674153,B4GALT6,False,
all_tissues,cg21682902,HAL,False,
all_tissues,cg21690777,NOL9,False,
all_tissues,cg21706771,MYST3,False,
all_tissues,cg21709803,FADS2,False,
all_tissues,cg21723029,-,False,
all_tissues,cg21725624,KIF13A,False,
all_tissues,cg21726844,MLNR,False,
all_tissues,cg21727907,TUBA3C,False,
all_tissues,cg21741284,CDKN1C,False,
all_tissues,cg21747473,-,False,
all_tissues,cg21753973,CPLX2,False,
all_tissues,cg21757392,-,False,
all_tissues,cg21759048,TPO,False,
all_tissues,cg21775675,-,False,
all_tissues,cg21779301,SCRN1,False,
all_tissues,cg21781157,ZNFX1,False,
all_tissues,cg21786601,-,False,
all_tissues,cg21789008,-,False,
all_tissues,cg21798630,IL1RAP,False,
all_tissues,cg21813369,CSN1S2B,False,
all_tissues,cg21816330,RAB34,False,
all_tissues,cg21821231,MUC5B,False,
all_tissues,cg21836905,-,False,
all_tissues,cg21848524,-,False,
all_tissues,cg21851530,ZNF697,False,
all_tissues,cg21851534,ZZEF1,False,
all_tissues,cg21858961,MCM3,False,
all_tissues,cg21874213,NRG2,False,
all_tissues,cg21875980,EGLN1,False,
all_tissues,cg21876656,UBAC2,False,
all_tissues,cg21899461,STK39,False,
all_tissues,cg21919729,CTSB,False,
all_tissues,cg21920570,MACROD1,False,
all_tissues,cg21932452,NOS3,False,
all_tissues,cg21936280,-,False,
all_tissues,cg21946006,-,False,
all_tissues,cg21946374,SLC12A7,False,
all_tissues,cg21954542,EIF4A3,False,
all_tissues,cg21962316,TGM7,False,
all_tissues,cg21962450,AQP4;C18orf16,False,
all_tissues,cg21966075,-,False,
all_tissues,cg21981096,-,False,
all_tissues,cg22014398,MGAT4B,False,
all_tissues,cg22023169,-,False,
all_tissues,cg22032946,KSR1,False,
all_tissues,cg22036165,-,False,
all_tissues,cg22047552,FLJ25006;LOC645851,False,
all_tissues,cg22051345,ODZ3,False,
all_tissues,cg22060611,NRG2,False,
all_tissues,cg22066065,-,False,
all_tissues,cg22070462,FAM59B,False,
all_tissues,cg22070991,-,False,
all_tissues,cg22082438,-,False,
all_tissues,cg22103219,SH2B2,False,
all_tissues,cg22104578,RAPGEF4;LOC91149,False,
all_tissues,cg22111527,-,False,
all_tissues,cg22117805,PRR5L,False,
all_tissues,cg22131452,-,False,
all_tissues,cg22137471,-,False,
all_tissues,cg22147446,SLC23A2,False,
all_tissues,cg22160448,TLX3,False,
all_tissues,cg22160735,ATP6V0A1,False,
all_tissues,cg22163199,MRPL55,False,
all_tissues,cg22169680,-,False,
all_tissues,cg22189544,CLIP2,False,
all_tissues,cg22192454,KIAA1267,False,
all_tissues,cg22201588,CCDC151,False,
all_tissues,cg22210627,LXN;GFM1,False,
all_tissues,cg22214349,-,False,
all_tissues,cg22224462,CHD5,False,
all_tissues,cg22227621,ALG14,False,
all_tissues,cg22230604,-,False,
all_tissues,cg22263031,-,False,
all_tissues,cg22268231,SPIB,False,
all_tissues,cg22272840,SOX7,False,
all_tissues,cg22276571,DSTN,False,
all_tissues,cg22277154,-,False,
all_tissues,cg22277296,-,False,
all_tissues,cg22312249,TMEM104,False,
all_tissues,cg22314684,PLD1,False,
all_tissues,cg22321318,-,False,
all_tissues,cg22327175,SORL1,False,
all_tissues,cg22340747,-,False,
all_tissues,cg22357164,RNF213,False,
all_tissues,cg22358291,WDR1,False,
all_tissues,cg22372849,-,False,
all_tissues,cg22377998,ARVCF,False,
all_tissues,cg22381196,DHODH,False,
all_tissues,cg22385595,DLGAP2,False,
all_tissues,cg22399598,-,False,
all_tissues,cg22402803,-,False,
all_tissues,cg22410057,C15orf38,False,
all_tissues,cg22417032,PTPRN2,False,
all_tissues,cg22419414,COG3,False,
all_tissues,cg22453656,TMEM51;C1orf126,False,
all_tissues,cg22458832,-,False,
all_tissues,cg22475082,NLRP2,False,
all_tissues,cg22481695,-,False,
all_tissues,cg22485810,ADAP2,False,
all_tissues,cg22486928,SNRPF,False,
all_tissues,cg22488891,-,False,
all_tissues,cg22490780,MYO10,False,
all_tissues,cg22493212,-,False,
all_tissues,cg22499572,C6orf10,False,
all_tissues,cg22503106,METRNL,False,
all_tissues,cg22507023,CUEDC1,False,
all_tissues,cg22507639,ZNF296,False,
all_tissues,cg22515010,VPS53,False,
all_tissues,cg22522066,SPINT2,False,
all_tissues,cg22524061,OSR2,False,
all_tissues,cg22527898,LGI1,False,
all_tissues,cg22546775,HELB,False,
all_tissues,cg22548831,-,False,
all_tissues,cg22551145,-,False,
all_tissues,cg22566584,RPS6KA2,False,
all_tissues,cg22571654,MED12L,False,
all_tissues,cg22580629,SUOX,False,
all_tissues,cg22581364,-,False,
all_tissues,cg22584580,CLTB,False,
all_tissues,cg22584802,AHCYL2,False,
all_tissues,cg22619824,ST7;ST7OT2,False,
all_tissues,cg22620363,LOC283050,False,
all_tissues,cg22622057,-,False,
all_tissues,cg22637538,CHRNB1,False,
all_tissues,cg22638105,AGPAT6,False,
all_tissues,cg22642718,KCNJ12,False,
all_tissues,cg22646937,KCNMB1;KCNIP1,False,
all_tissues,cg22652378,RPTOR,False,
all_tissues,cg22666438,KISS1R,False,
all_tissues,cg22674082,TMEM131,False,
all_tissues,cg22677556,TNFRSF1B,False,
all_tissues,cg22680424,HCCA2;CTSD,False,
all_tissues,cg22684041,SCAMP4;ADAT3,False,
all_tissues,cg22689016,SLC9A3,False,
all_tissues,cg22698218,CNOT4,False,
all_tissues,cg22732253,OTX1,False,
all_tissues,cg22741264,-,False,
all_tissues,cg22745102,SPIB,False,
all_tissues,cg22747507,GLRA3,False,
all_tissues,cg22777062,HLCS,False,
all_tissues,cg22783327,FXYD1;FXYD7,False,
all_tissues,cg22786465,LY6G5C,False,
all_tissues,cg22789237,-,False,
all_tissues,cg22803510,FNBP1L,False,
all_tissues,cg22819024,-,False,
all_tissues,cg22822824,SLCO2A1,False,
all_tissues,cg22828110,F2RL2;IQGAP2,False,
all_tissues,cg22830273,LRP1B,False,
all_tissues,cg22833065,-,False,
all_tissues,cg22848646,-,False,
all_tissues,cg22851557,PRDM16,False,
all_tissues,cg22853588,MYL9,False,
all_tissues,cg22855988,HNRNPC,False,
all_tissues,cg22858308,HIVEP2,False,
all_tissues,cg22862094,EFNA5,False,
all_tissues,cg22877851,MTHFR,False,
all_tissues,cg22886575,HMX2,False,
all_tissues,cg22904296,CEBPE,False,
all_tissues,cg22905866,-,False,
all_tissues,cg22906224,-,False,
all_tissues,cg22911054,CPT1A,False,
all_tissues,cg22913903,DNAJC22,False,
all_tissues,cg22916586,DUSP16,False,
all_tissues,cg22918434,-,False,
all_tissues,cg22919538,-,False,
all_tissues,cg22923409,FRMD4A,False,
all_tissues,cg22933133,-,False,
all_tissues,cg22938901,JAZF1,False,
all_tissues,cg22939709,SMTN,False,
all_tissues,cg22952459,C10orf99,False,
all_tissues,cg22954171,HINFP,False,
all_tissues,cg22960347,-,False,
all_tissues,cg22961402,GIT1,False,
all_tissues,cg22961457,LIME1;SLC2A4RG,False,
all_tissues,cg22972402,-,False,
all_tissues,cg22975671,BCL6B,False,
all_tissues,cg22981555,-,False,
all_tissues,cg22987267,BNIP3L,False,
all_tissues,cg22989958,DOK1,False,
all_tissues,cg22999864,-,False,
all_tissues,cg23005227,CISH,False,
all_tissues,cg23008083,ITGB6,False,
all_tissues,cg23011788,FRMD4A,False,
all_tissues,cg23013309,-,False,
all_tissues,cg23023466,KCNK1,False,
all_tissues,cg23036213,CAP2,False,
all_tissues,cg23039471,AKAP5,False,
all_tissues,cg23039807,-,False,
all_tissues,cg23042148,DNMT3A,False,
all_tissues,cg23044178,MICAL2,False,
all_tissues,cg23049429,ATP11A,False,
all_tissues,cg23052055,TP73,False,
all_tissues,cg23059452,SLC28A3,False,
all_tissues,cg23067782,MFAP3L,False,
all_tissues,cg23068621,-,False,
all_tissues,cg23072008,RASGRP4,False,
all_tissues,cg23079063,-,False,
all_tissues,cg23086176,RUNX3,False,
all_tissues,cg23090159,VKORC1L1,False,
all_tissues,cg23090653,-,False,
all_tissues,cg23104436,-,False,
all_tissues,cg23106940,-,False,
all_tissues,cg23109891,SOX10,False,
all_tissues,cg23110005,PTHLH,False,
all_tissues,cg23113350,TGFBR3,False,
all_tissues,cg23116504,TTLL8,False,
all_tissues,cg23124641,-,False,
all_tissues,cg23127986,-,False,
all_tissues,cg23128949,NCOR2,False,
all_tissues,cg23144852,OPA1,False,
all_tissues,cg23147443,KCNH2,False,
all_tissues,cg23154495,-,False,
all_tissues,cg23161218,TNFSF13;TNFSF12-TNFSF13,False,
all_tissues,cg23163200,C21orf62,False,
all_tissues,cg23169883,ADAMTS14,False,
all_tissues,cg23173910,ACTG2,False,
all_tissues,cg23178546,PTPRN2,False,
all_tissues,cg23181899,LPP,False,
all_tissues,cg23184756,-,False,
all_tissues,cg23196129,-,False,
all_tissues,cg23198262,-,False,
all_tissues,cg23198334,ADK,False,
all_tissues,cg23198815,-,False,
all_tissues,cg23200342,ZNF540,False,
all_tissues,cg23202177,NHLH2,False,
all_tissues,cg23202926,RASGEF1A,False,
all_tissues,cg23205629,RNF122,False,
all_tissues,cg23206115,ZDHHC14,False,
all_tissues,cg23208176,-,False,
all_tissues,cg23213230,TRIM13;DLEU2,False,
all_tissues,cg23213327,RSAD2,False,
all_tissues,cg23217419,KIAA1614,False,
all_tissues,cg23217946,ZNF492,False,
all_tissues,cg23217983,SGIP1,False,
all_tissues,cg23218397,USH2A,False,
all_tissues,cg23228450,-,False,
all_tissues,cg23232188,EAF2,False,
all_tissues,cg23250085,-,False,
all_tissues,cg23251858,-,False,
all_tissues,cg23258615,ANXA11,False,
all_tissues,cg23261715,-,False,
all_tissues,cg23268102,-,False,
all_tissues,cg23274561,LMNA,False,
all_tissues,cg23283495,IRF6,False,
all_tissues,cg23295636,FLJ12825;LOC100240734,False,
all_tissues,cg23301462,CNGB3,False,
all_tissues,cg23309046,CDADC1,False,
all_tissues,cg23314594,-,False,
all_tissues,cg23335414,GSG1,False,
all_tissues,cg23338668,-,False,
all_tissues,cg23341085,-,False,
all_tissues,cg23365071,ZNF629,False,
all_tissues,cg23387056,SPON1,False,
all_tissues,cg23395449,-,False,
all_tissues,cg23398700,HOMER1,False,
all_tissues,cg23401251,IFT172,False,
all_tissues,cg23403750,CCDC112,False,
all_tissues,cg23408104,-,False,
all_tissues,cg23408558,-,False,
all_tissues,cg23414595,ZMAT5,False,
all_tissues,cg23415212,CACNB1,False,
all_tissues,cg23424357,FAM25A,False,
all_tissues,cg23427362,CACNA1C,False,
all_tissues,cg23429698,-,False,
all_tissues,cg23434428,PRKCQ,False,
all_tissues,cg23444251,FGFR2,False,
all_tissues,cg23461615,SLC26A5,False,
all_tissues,cg23464510,FOLR3,False,
all_tissues,cg23465295,-,False,
all_tissues,cg23466001,MRPL10;LRRC46,False,
all_tissues,cg23468699,MIR496;MIR377,False,
all_tissues,cg23473819,PALM,False,
all_tissues,cg23478124,PICALM,False,
all_tissues,cg23490396,LASS6,False,
all_tissues,cg23494863,STAR,False,
all_tissues,cg23532322,BAIAP2,False,
all_tissues,cg23544996,ATP11B,False,
all_tissues,cg23548438,C4orf22,False,
all_tissues,cg23549179,RPH3A,False,
all_tissues,cg23550704,-,False,
all_tissues,cg23574443,LOC100128288,False,
all_tissues,cg23575275,CDKN1A,False,
all_tissues,cg23576807,-,False,
all_tissues,cg23580000,ADCY7,False,
all_tissues,cg23598378,C6orf132,False,
all_tissues,cg23599820,KIAA0195,False,
all_tissues,cg23603027,-,False,
all_tissues,cg23610453,-,False,
all_tissues,cg23621817,CHRNA9,False,
all_tissues,cg23630380,SRCIN1,False,
all_tissues,cg23631229,-,False,
all_tissues,cg23631321,LRRK1,False,
all_tissues,cg23636099,MGC13005,False,
all_tissues,cg23640925,-,False,
all_tissues,cg23641237,-,False,
all_tissues,cg23646343,HIPK2,False,
all_tissues,cg23646614,PTPRJ,False,
all_tissues,cg23650249,EFNA2,False,
all_tissues,cg23657099,C7orf50,False,
all_tissues,cg23674202,FOXK2,False,
all_tissues,cg23693485,GFOD1,False,
all_tissues,cg23694492,TTYH3,False,
all_tissues,cg23695222,-,False,
all_tissues,cg23697796,LOC100188947,False,
all_tissues,cg23704936,-,False,
all_tissues,cg23706836,ANGPT2;MCPH1,False,
all_tissues,cg23716449,GFRA2,False,
all_tissues,cg23716690,KIF1B,False,
all_tissues,cg23717186,ITPKB,False,
all_tissues,cg23728471,SLC4A1,False,
all_tissues,cg23729107,FBXO39,False,
all_tissues,cg23730027,FLNB,False,
all_tissues,cg23735745,GALNT2,False,
all_tissues,cg23736055,C6orf145,False,
all_tissues,cg23738708,C1orf186,False,
all_tissues,cg23754390,CD151,False,
all_tissues,cg23755860,KIAA1217,False,
all_tissues,cg23756143,PC,False,
all_tissues,cg23756264,CPT1A,False,
all_tissues,cg23765633,-,False,
all_tissues,cg23791626,PITPNC1,False,
all_tissues,cg23806196,LOC284632,False,
all_tissues,cg23806894,-,False,
all_tissues,cg23819411,MCF2L2,False,
all_tissues,cg23824902,SLC25A33,False,
all_tissues,cg23834919,-,False,
all_tissues,cg23837109,PLAU;C10orf55,False,
all_tissues,cg23839687,POLG,False,
all_tissues,cg23840797,PLAGL1;HYMAI,False,
all_tissues,cg23845009,ABTB2,False,
all_tissues,cg23850637,-,False,
all_tissues,cg23851685,HTR3B,False,
all_tissues,cg23863619,PRPF40A,False,
all_tissues,cg23865597,DYM,False,
all_tissues,cg23891487,SOCS2,False,
all_tissues,cg23894439,-,False,
all_tissues,cg23895041,FER1L5,False,
all_tissues,cg23895729,KIAA1199,False,
all_tissues,cg23897302,AMN,False,
all_tissues,cg23909173,-,False,
all_tissues,cg23913421,-,False,
all_tissues,cg23914149,-,False,
all_tissues,cg23928468,SLC5A6,False,
all_tissues,cg23938483,C14orf43,False,
all_tissues,cg23940612,-,False,
all_tissues,cg23943829,IL4,True,IL4
all_tissues,cg23955979,-,False,
all_tissues,cg23981354,HECA,False,
all_tissues,cg23983671,SALL3,False,
all_tissues,cg23987336,-,False,
all_tissues,cg23991413,PDE4DIP,False,
all_tissues,cg23999318,HIPK2,False,
all_tissues,cg24002003,-,False,
all_tissues,cg24003508,KLF6,False,
all_tissues,cg24006715,-,False,
all_tissues,cg24021113,C6orf145,False,
all_tissues,cg24023258,LY6K,False,
all_tissues,cg24027965,LYPD6B,False,
all_tissues,cg24027996,-,False,
all_tissues,cg24039732,RGS12,False,
all_tissues,cg24049468,AK3L1,False,
all_tissues,cg24051943,ZBTB12,False,
all_tissues,cg24052964,ARHGAP26,False,
all_tissues,cg24056418,-,False,
all_tissues,cg24058386,C1orf61,False,
all_tissues,cg24058805,PDE4B,False,
all_tissues,cg24060908,CWH43,False,
all_tissues,cg24068468,NET1,False,
all_tissues,cg24082440,MRAP,False,
all_tissues,cg24085039,PWWP2B,False,
all_tissues,cg24087736,-,False,
all_tissues,cg24104567,WNK4,False,
all_tissues,cg24108508,FAM20B,False,
all_tissues,cg24110050,TCTEX1D1,False,
all_tissues,cg24111710,MLL3,False,
all_tissues,cg24120841,THRB,False,
all_tissues,cg24128590,C14orf43,False,
all_tissues,cg24134504,-,False,
all_tissues,cg24136700,RAI1,False,
all_tissues,cg24141663,ADORA1,False,
all_tissues,cg24147582,TYRO3,False,
all_tissues,cg24149295,RASL10B,False,
all_tissues,cg24152080,SCP2,False,
all_tissues,cg24158437,KLHL32,False,
all_tissues,cg24159697,DSTYK,False,
all_tissues,cg24166018,ADAM12,False,
all_tissues,cg24171689,RFTN1,False,
all_tissues,cg24175649,KALRN,False,
all_tissues,cg24178740,FEV,False,
all_tissues,cg24192663,HSPA6,False,
all_tissues,cg24201017,FAM149A,False,
all_tissues,cg24201173,-,False,
all_tissues,cg24211406,C13orf18,False,
all_tissues,cg24215978,LDB2,False,
all_tissues,cg24224501,LRRC17;FBXL13,False,
all_tissues,cg24235581,-,False,
all_tissues,cg24240870,GOSR1,False,
all_tissues,cg24258347,SPON1,False,
all_tissues,cg24258699,MSC,False,
all_tissues,cg24263283,MYO1E,False,
all_tissues,cg24274090,-,False,
all_tissues,cg24283019,-,False,
all_tissues,cg24298409,RASSF1;ZMYND10,False,
all_tissues,cg24312719,EVI5,False,
all_tissues,cg24315815,PLSCR4,False,
all_tissues,cg24321039,MYO5C,False,
all_tissues,cg24327132,PKM2,False,
all_tissues,cg24348573,IL15RA,False,
all_tissues,cg24368226,ADAMTS17,False,
all_tissues,cg24368491,PAR5;SNORD108,False,
all_tissues,cg24368962,SIK2,False,
all_tissues,cg24369185,-,False,
all_tissues,cg24373540,ASTN1,False,
all_tissues,cg24383467,USP47,False,
all_tissues,cg24383507,KCNIP2,False,
all_tissues,cg24437408,-,False,
all_tissues,cg24439448,-,False,
all_tissues,cg24447689,-,False,
all_tissues,cg24458315,CBX1,False,
all_tissues,cg24459209,PRG3,False,
all_tissues,cg24461304,-,False,
all_tissues,cg24479590,CHRNB1,False,
all_tissues,cg24491618,KCNH2,False,
all_tissues,cg24495681,COL14A1,False,
all_tissues,cg24496614,FTH1,False,
all_tissues,cg24504854,FAM20C,False,
all_tissues,cg24508974,-,False,
all_tissues,cg24509916,IGSF9B,False,
all_tissues,cg24513571,SCNN1A,False,
all_tissues,cg24522384,PDHA2,False,
all_tissues,cg24530246,-,False,
all_tissues,cg24536349,LY6K,False,
all_tissues,cg24551579,CLSTN1,False,
all_tissues,cg24570303,-,False,
all_tissues,cg24579422,-,False,
all_tissues,cg24581378,ZAP70,False,
all_tissues,cg24583615,UGGT2,False,
all_tissues,cg24585453,PGM1,False,
all_tissues,cg24613691,-,False,
all_tissues,cg24615157,YWHAG,False,
all_tissues,cg24621258,FBRSL1,False,
all_tissues,cg24628744,H2AFY,False,
all_tissues,cg24629571,NEU4,False,
all_tissues,cg24634060,ARHGEF3,False,
all_tissues,cg24637035,CCDC64,False,
all_tissues,cg24637261,SYNPO2L,False,
all_tissues,cg24639902,PEBP4,False,
all_tissues,cg24643922,-,False,
all_tissues,cg24655262,C17orf59,False,
all_tissues,cg24662698,PAX7,False,
all_tissues,cg24670442,GBP5,False,
all_tissues,cg24686236,TRIO,False,
all_tissues,cg24687055,-,False,
all_tissues,cg24688909,GRAMD4,False,
all_tissues,cg24694018,POLR3GL,False,
all_tissues,cg24699266,-,False,
all_tissues,cg24707200,NTRK1,False,
all_tissues,cg24720008,-,False,
all_tissues,cg24720849,SYT8,False,
all_tissues,cg24742520,UBR4,False,
all_tissues,cg24761567,-,False,
all_tissues,cg24768365,ADAMTS20,False,
all_tissues,cg24794531,TRPC1,False,
all_tissues,cg24805411,CCDC106,False,
all_tissues,cg24806195,-,False,
all_tissues,cg24830738,KCNN2,False,
all_tissues,cg24834394,-,False,
all_tissues,cg24836822,KCNH2,False,
all_tissues,cg24842753,-,False,
all_tissues,cg24852446,RAP1GAP,False,
all_tissues,cg24868292,DNASE2B,False,
all_tissues,cg24870340,-,False,
all_tissues,cg24870483,-,False,
all_tissues,cg24871798,-,False,
all_tissues,cg24899545,RREB1,False,
all_tissues,cg24911837,CCT6P1,False,
all_tissues,cg24914483,-,False,
all_tissues,cg24941195,C7orf65,False,
all_tissues,cg24945231,-,False,
all_tissues,cg24947777,FOXH1,False,
all_tissues,cg24961970,MYO1H,False,
all_tissues,cg24989577,BCAS3,False,
all_tissues,cg24990978,CHD7,False,
all_tissues,cg24999862,LRRK1,False,
all_tissues,cg25000600,DNAH2,False,
all_tissues,cg25002540,GAB1,False,
all_tissues,cg25007447,-,False,
all_tissues,cg25009141,RCC2,False,
all_tissues,cg25011577,MAD1L1,False,
all_tissues,cg25012257,GPC6,False,
all_tissues,cg25012961,ZNF608,False,
all_tissues,cg25017250,APOC4,False,
all_tissues,cg25022327,TP53AIP1,False,
all_tissues,cg25025545,CD83,False,
all_tissues,cg25027273,CHSY1,False,
all_tissues,cg25031824,P2RX1,False,
all_tissues,cg25055946,-,False,
all_tissues,cg25070373,-,False,
all_tissues,cg25074751,RAPGEF4;LOC91149,False,
all_tissues,cg25079568,TCF4,False,
all_tissues,cg25081552,-,False,
all_tissues,cg25087341,PHLDB2;PLCXD2,False,
all_tissues,cg25087851,GPR44,False,
all_tissues,cg25095171,ITPK1,False,
all_tissues,cg25099490,-,False,
all_tissues,cg25103161,MGAT4B,False,
all_tissues,cg25117315,-,False,
all_tissues,cg25121292,-,False,
all_tissues,cg25121513,-,False,
all_tissues,cg25122233,HOXC4;HOXC5;HOXC6,False,
all_tissues,cg25125060,NR2E1,False,
all_tissues,cg25135457,COASY,False,
all_tissues,cg25140190,C18orf1,False,
all_tissues,cg25142479,COL9A1,False,
all_tissues,cg25143771,AS3MT,False,
all_tissues,cg25149155,BCL2L2,False,
all_tissues,cg25163651,-,False,
all_tissues,cg25182523,FAM129A,False,
all_tissues,cg25196440,FHL3,False,
all_tissues,cg25199005,SMYD3,False,
all_tissues,cg25201998,KCNN3,False,
all_tissues,cg25203627,TSNAX-DISC1;DISC1,False,
all_tissues,cg25204233,-,False,
all_tissues,cg25208291,MECOM,False,
all_tissues,cg25211348,CHI3L2,False,
all_tissues,cg25213452,SRGAP2,False,
all_tissues,cg25224369,-,False,
all_tissues,cg25233672,NEURL1B,False,
all_tissues,cg25258843,SOX7,False,
all_tissues,cg25263454,KLK14,False,
all_tissues,cg25268863,EFEMP1,False,
all_tissues,cg25274598,-,False,
all_tissues,cg25301767,C1QL4,False,
all_tissues,cg25303150,PWWP2B,False,
all_tissues,cg25305879,-,False,
all_tissues,cg25313930,FAM124B,False,
all_tissues,cg25316193,-,False,
all_tissues,cg25316569,GRIK4,False,
all_tissues,cg25320749,GPX5,False,
all_tissues,cg25331880,C19orf2,False,
all_tissues,cg25332499,BATF2,False,
all_tissues,cg25340432,CSMD1,False,
all_tissues,cg25341560,SCN1B;HPN,False,
all_tissues,cg25345422,CHMP2A;UBE2M,False,
all_tissues,cg25349034,WWTR1,False,
all_tissues,cg25353142,KCNS1,False,
all_tissues,cg25353287,PKDCC,False,
all_tissues,cg25367758,HCN2,False,
all_tissues,cg25368049,-,False,
all_tissues,cg25368824,IL4,True,IL4
all_tissues,cg25373847,-,False,
all_tissues,cg25380151,ALDH8A1,False,
all_tissues,cg25416125,DGKA,False,
all_tissues,cg25416319,-,False,
all_tissues,cg25417335,-,False,
all_tissues,cg25422895,-,False,
all_tissues,cg25423002,-,False,
all_tissues,cg25424659,RAB3D,False,
all_tissues,cg25428494,HPSE,False,
all_tissues,cg25432300,-,False,
all_tissues,cg25433760,-,False,
all_tissues,cg25435465,MBD3,False,
all_tissues,cg25461290,-,False,
all_tissues,cg25461300,-,False,
all_tissues,cg25473438,TREML2,False,
all_tissues,cg25476713,FLJ10661,False,
all_tissues,cg25485913,-,False,
all_tissues,cg25494227,C12orf59,False,
all_tissues,cg25508319,KCNJ5,False,
all_tissues,cg25520249,CYP2S1,False,
all_tissues,cg25524473,DUSP5,False,
all_tissues,cg25529875,GFOD1,False,
all_tissues,cg25531857,C20orf199,False,
all_tissues,cg25545503,SLC22A2,False,
all_tissues,cg25552889,FAM131A,False,
all_tissues,cg25554935,PET117,False,
all_tissues,cg25562059,MEGF8,False,
all_tissues,cg25565850,OBSL1,False,
all_tissues,cg25567280,RNF13,False,
all_tissues,cg25570278,MMP14,False,
all_tissues,cg25577090,LRRC61,False,
all_tissues,cg25583264,-,False,
all_tissues,cg25587223,GUCY2D,False,
all_tissues,cg25589001,LCOR,False,
all_tissues,cg25594307,WNT10B,False,
all_tissues,cg25597843,-,False,
all_tissues,cg25605731,CALR,False,
all_tissues,cg25608555,SERGEF,False,
all_tissues,cg25611087,PLXNA1,False,
all_tissues,cg25612752,-,False,
all_tissues,cg25613227,ACCN1,False,
all_tissues,cg25614701,RARA,False,
all_tissues,cg25617285,RCOR3,False,
all_tissues,cg25622154,-,False,
all_tissues,cg25626999,NCLN,False,
all_tissues,cg25630514,GATA3,True,GATA3
all_tissues,cg25635352,B3GALNT1,False,
all_tissues,cg25635864,RIN1,False,
all_tissues,cg25641745,-,False,
all_tissues,cg25643253,VKORC1L1,False,
all_tissues,cg25675673,-,False,
all_tissues,cg25676890,-,False,
all_tissues,cg25687507,C12orf49,False,
all_tissues,cg25696972,-,False,
all_tissues,cg25698236,MTNR1A,False,
all_tissues,cg25708364,SLC5A10;FAM83G,False,
all_tissues,cg25709789,TAOK1,False,
all_tissues,cg25717351,NXN,False,
all_tissues,cg25718766,-,False,
all_tissues,cg25732252,ST6GALNAC4,False,
all_tissues,cg25733797,SERGEF,False,
all_tissues,cg25734842,-,False,
all_tissues,cg25735294,-,False,
all_tissues,cg25739938,CPSF3,False,
all_tissues,cg25744957,FLJ36777,False,
all_tissues,cg25749254,KLF6,False,
all_tissues,cg25757820,-,False,
all_tissues,cg25771013,MIR148A,False,
all_tissues,cg25771390,ZNF44,False,
all_tissues,cg25772221,-,False,
all_tissues,cg25786136,-,False,
all_tissues,cg25788793,SLC2A9,False,
all_tissues,cg25789405,-,False,
all_tissues,cg25790298,FNDC3B,False,
all_tissues,cg25795369,-,False,
all_tissues,cg25798605,TMEM91;B9D2,False,
all_tissues,cg25801636,-,False,
all_tissues,cg25813235,SYNGAP1,False,
all_tissues,cg25813345,ASCL3,False,
all_tissues,cg25814752,ITGA7,False,
all_tissues,cg25820960,-,False,
all_tissues,cg25821249,-,False,
all_tissues,cg25843927,AGPS,False,
all_tissues,cg25857307,STAT3,False,
all_tissues,cg25876656,C1orf133;SERTAD4,False,
all_tissues,cg25880810,FMNL2,False,
all_tissues,cg25883219,RIMBP2,False,
all_tissues,cg25892537,MAN2B2,False,
all_tissues,cg25892639,-,False,
all_tissues,cg25917747,-,False,
all_tissues,cg25934198,C9orf139;ABCA2,False,
all_tissues,cg25934495,TNFAIP3,False,
all_tissues,cg25939350,TERT,False,
all_tissues,cg25939647,GPR176,False,
all_tissues,cg25943876,-,False,
all_tissues,cg25958716,HIBCH,False,
all_tissues,cg25960834,C20orf96,False,
all_tissues,cg25964728,TMEM22,False,
all_tissues,cg25966817,ERCC8,False,
all_tissues,cg25968076,AMPD3,False,
all_tissues,cg25973282,-,False,
all_tissues,cg25980042,CELSR1,False,
all_tissues,cg25987102,APOA1,False,
all_tissues,cg25987871,TRAPPC9,False,
all_tissues,cg26001764,EXTL3,False,
all_tissues,cg26002632,DEGS2,False,
all_tissues,cg26011222,-,False,
all_tissues,cg26013992,-,False,
all_tissues,cg26021007,-,False,
all_tissues,cg26024851,IQGAP3,False,
all_tissues,cg26024880,IL28RA,False,
all_tissues,cg26034531,LPPR5,False,
all_tissues,cg26038318,SPAG4,False,
all_tissues,cg26040060,CYTH1,False,
all_tissues,cg26040075,C1orf159,False,
all_tissues,cg26055747,HEATR2,False,
all_tissues,cg26058778,-,False,
all_tissues,cg26070540,COX4I2,False,
all_tissues,cg26101277,CCL1,False,
all_tissues,cg26102082,NGFR,False,
all_tissues,cg26110064,-,False,
all_tissues,cg26115531,-,False,
all_tissues,cg26121810,-,False,
all_tissues,cg26126806,RAI1,False,
all_tissues,cg26127662,HOXA3,False,
all_tissues,cg26137103,-,False,
all_tissues,cg26153096,C1orf210,False,
all_tissues,cg26157803,MIR345;SLC25A29,False,
all_tissues,cg26166595,DKK3,False,
all_tissues,cg26185356,-,False,
all_tissues,cg26200141,SOCS6,False,
all_tissues,cg26203839,DENND3,False,
all_tissues,cg26204079,DGKD,False,
all_tissues,cg26206598,PREX1,False,
all_tissues,cg26212135,-,False,
all_tissues,cg26222247,ANPEP,False,
all_tissues,cg26231267,CAMK1D,False,
all_tissues,cg26235490,ABR,False,
all_tissues,cg26237595,OPCML,False,
all_tissues,cg26247646,KIF1B,False,
all_tissues,cg26248581,-,False,
all_tissues,cg26252077,NFIA,False,
all_tissues,cg26257082,-,False,
all_tissues,cg26263563,C6orf10,False,
all_tissues,cg26263675,RAB37,False,
all_tissues,cg26269677,CRHBP,False,
all_tissues,cg26275373,-,False,
all_tissues,cg26296781,-,False,
all_tissues,cg26300857,KCNAB2,False,
all_tissues,cg26318265,-,False,
all_tissues,cg26325723,ACSS1,False,
all_tissues,cg26328687,MAML2,False,
all_tissues,cg26331172,SEMA6C,False,
all_tissues,cg26332630,C14orf2,False,
all_tissues,cg26335299,C16orf86;C16orf48,False,
all_tissues,cg26335760,RAB6B,False,
all_tissues,cg26343001,-,False,
all_tissues,cg26348259,-,False,
all_tissues,cg26352718,-,False,
all_tissues,cg26357820,RXRB,False,
all_tissues,cg26360697,-,False,
all_tissues,cg26363759,SPSB1,False,
all_tissues,cg26364091,CHADL,False,
all_tissues,cg26371206,BFSP1,False,
all_tissues,cg26379258,TRAF3IP2,False,
all_tissues,cg26385286,GCNT2,False,
all_tissues,cg26385897,NKAIN3,False,
all_tissues,cg26388816,B4GALNT3,False,
all_tissues,cg26392924,SLC23A1,False,
all_tissues,cg26396815,BANK1,False,
all_tissues,cg26401541,-,False,
all_tissues,cg26406563,C1orf175,False,
all_tissues,cg26406924,PAPPA2,False,
all_tissues,cg26411222,-,False,
all_tissues,cg26413708,TRERF1,False,
all_tissues,cg26420795,-,False,
all_tissues,cg26427534,PPFIBP2,False,
all_tissues,cg26429266,MEGF10,False,
all_tissues,cg26429381,-,False,
all_tissues,cg26430059,FOXN3,False,
all_tissues,cg26445608,CPXM1,False,
all_tissues,cg26464796,DHX29,False,
all_tissues,cg26476939,TNXB,False,
all_tissues,cg26480889,-,False,
all_tissues,cg26482164,C20orf197,False,
all_tissues,cg26482939,GNA15,False,
all_tissues,cg26483229,-,False,
all_tissues,cg26487582,ZCCHC4,False,
all_tissues,cg26489413,AMPD3,False,
all_tissues,cg26503178,GEFT,False,
all_tissues,cg26504263,ANKRD6,False,
all_tissues,cg26511108,COMMD3;BMI1,False,
all_tissues,cg26513837,NAP1L4,False,
all_tissues,cg26522239,ANKRD29,False,
all_tissues,cg26530713,CRTC2,False,
all_tissues,cg26546155,RSPRY1,False,
all_tissues,cg26547058,-,False,
all_tissues,cg26549114,-,False,
all_tissues,cg26575389,FAM131B,False,
all_tissues,cg26578856,ZNF69,False,
all_tissues,cg26583560,-,False,
all_tissues,cg26585724,PLIN1,False,
all_tissues,cg26589669,GSTO2,False,
all_tissues,cg26595256,TRIO,False,
all_tissues,cg26595520,LRRC4;SND1,False,
all_tissues,cg26599989,TOLLIP,False,
all_tissues,cg26605046,-,False,
all_tissues,cg26611683,FOXO1,False,
all_tissues,cg26620530,-,False,
all_tissues,cg26624105,RAB11FIP4,False,
all_tissues,cg26628847,PIP,False,
all_tissues,cg26647135,PILRB,False,
all_tissues,cg26653824,-,False,
all_tissues,cg26664206,-,False,
all_tissues,cg26667236,-,False,
all_tissues,cg26667586,CCDC126,False,
all_tissues,cg26667946,SIAH3,False,
all_tissues,cg26675485,PSMB10,False,
all_tissues,cg26686732,FOXA2,False,
all_tissues,cg26690127,PRKD3,False,
all_tissues,cg26697320,-,False,
all_tissues,cg26704293,-,False,
all_tissues,cg26707013,-,False,
all_tissues,cg26717009,GJA3,False,
all_tissues,cg26718357,-,False,
all_tissues,cg26724841,RNF216,False,
all_tissues,cg26729913,AATK,False,
all_tissues,cg26735503,-,False,
all_tissues,cg26735886,TMEM92,False,
all_tissues,cg26737985,-,False,
all_tissues,cg26744079,C10orf41,False,
all_tissues,cg26753208,-,False,
all_tissues,cg26774971,TMEM181,False,
all_tissues,cg26783727,-,False,
all_tissues,cg26784929,-,False,
all_tissues,cg26789365,-,False,
all_tissues,cg26791242,LOC339524,False,
all_tissues,cg26796518,VWF,False,
all_tissues,cg26800893,ATPGD1,False,
all_tissues,cg26803289,NPL,False,
all_tissues,cg26811159,NOX4,False,
all_tissues,cg26815396,PACSIN1,False,
all_tissues,cg26821433,LRP2,False,
all_tissues,cg26827373,ZNF844,False,
all_tissues,cg26827394,UBE2I,False,
all_tissues,cg26839288,HNRNPA3P1,False,
all_tissues,cg26840970,ZNF19,False,
all_tissues,cg26843612,ATXN1,False,
all_tissues,cg26847100,SLC44A2,False,
all_tissues,cg26848248,SSR1,False,
all_tissues,cg26853787,-,False,
all_tissues,cg26858238,DAXX,False,
all_tissues,cg26864028,EPOR,False,
all_tissues,cg26864526,HRH1,False,
all_tissues,cg26865494,DOCK1,False,
all_tissues,cg26870771,HSF4;FBXL8,False,
all_tissues,cg26873132,DENND5A,False,
all_tissues,cg26878190,-,False,
all_tissues,cg26880661,KPNA5,False,
all_tissues,cg26898932,CCDC55,False,
all_tissues,cg26905261,ST18,False,
all_tissues,cg26908276,SSU72,False,
all_tissues,cg26912069,FBXL17,False,
all_tissues,cg26926138,-,False,
all_tissues,cg26934362,LPCAT1,False,
all_tissues,cg26951440,NKX2-3,False,
all_tissues,cg26953137,-,False,
all_tissues,cg26963146,EIF2C2,False,
all_tissues,cg26980692,SLC15A3,False,
all_tissues,cg26985289,CLSTN1,False,
all_tissues,cg26987613,VPS52,False,
all_tissues,cg26988253,LAT,False,
all_tissues,cg26989316,CPT1A,False,
all_tissues,cg27000120,GALNS,False,
all_tissues,cg27000590,PRAGMIN,False,
all_tissues,cg27010076,MCC,False,
all_tissues,cg27013526,-,False,
all_tissues,cg27022531,LRRC1,False,
all_tissues,cg27027763,-,False,
all_tissues,cg27028800,CDC42BPB,False,
all_tissues,cg27034466,-,False,
all_tissues,cg27040525,SIGLEC8,False,
all_tissues,cg27042278,GPR68,False,
all_tissues,cg27046604,SPINT1,False,
all_tissues,cg27051683,PDCD1,False,
all_tissues,cg27057329,-,False,
all_tissues,cg27061485,CBFA2T3,False,
all_tissues,cg27065729,-,False,
all_tissues,cg27067214,CAST,False,
all_tissues,cg27083689,RBP7,False,
all_tissues,cg27088038,SLC24A4,False,
all_tissues,cg27092594,-,False,
all_tissues,cg27097542,-,False,
all_tissues,cg27097762,-,False,
all_tissues,cg27105183,-,False,
all_tissues,cg27106290,CDH12,False,
all_tissues,cg27106643,NFATC1,False,
all_tissues,cg27107970,C17orf70,False,
all_tissues,cg27111890,UBASH3A,False,
all_tissues,cg27119412,VCL,False,
all_tissues,cg27123392,GABPB1,False,
all_tissues,cg27124462,TRIO,False,
all_tissues,cg27129363,NDUFA12,False,
all_tissues,cg27134944,COMMD6,False,
all_tissues,cg27139457,CAPG,False,
all_tissues,cg27156515,SBF2,False,
all_tissues,cg27170268,XRCC3,False,
all_tissues,cg27174108,C19orf33;YIF1B,False,
all_tissues,cg27176828,G0S2,False,
all_tissues,cg27177983,LGI2,False,
all_tissues,cg27183791,ANKRD11,False,
all_tissues,cg27203309,ALDH3A2,False,
all_tissues,cg27205159,-,False,
all_tissues,cg27209729,NRXN2,False,
all_tissues,cg27217555,C4orf10;NOP14,False,
all_tissues,cg27220660,MAZ,False,
all_tissues,cg27226927,DCXR,False,
all_tissues,cg27227317,-,False,
all_tissues,cg27231912,-,False,
all_tissues,cg27245817,AMBRA1,False,
all_tissues,cg27246129,DLL1,False,
all_tissues,cg27249419,ZNF397OS,False,
all_tissues,cg27262041,NAV2,False,
all_tissues,cg27270116,-,False,
all_tissues,cg27270968,-,False,
all_tissues,cg27280575,PLTP,False,
all_tissues,cg27281791,ZFPM2,False,
all_tissues,cg27285720,GBP4,False,
all_tissues,cg27286011,INF2,False,
all_tissues,cg27292079,CBFA2T3,False,
all_tissues,cg27292389,IL15RA,False,
all_tissues,cg27295342,-,False,
all_tissues,cg27305903,-,False,
all_tissues,cg27338089,MAZ,False,
all_tissues,cg27347104,VWF,False,
all_tissues,cg27362255,PGAM5,False,
all_tissues,cg27370104,TRERF1,False,
all_tissues,cg27383562,TFB1M;CLDN20,False,
all_tissues,cg27395066,ACBD4,False,
all_tissues,cg27399414,CLSTN1,False,
all_tissues,cg27404606,C20orf27,False,
all_tissues,cg27406919,-,False,
all_tissues,cg27433482,TRAF5,False,
all_tissues,cg27435138,KCNA7,False,
all_tissues,cg27442349,SIRT2;NFKBIB,False,
all_tissues,cg27447477,-,False,
all_tissues,cg27449824,-,False,
all_tissues,cg27461196,FXYD1,False,
all_tissues,cg27468224,-,False,
all_tissues,cg27469152,EPX,False,
all_tissues,cg27478863,-,False,
all_tissues,cg27485921,ATP6V1E2,False,
all_tissues,cg27496339,BLVRA,False,
all_tissues,cg27502580,MECOM,False,
all_tissues,cg27505036,CLCN7,False,
all_tissues,cg27513667,ANKRD11,False,
all_tissues,cg27521476,TLX1,False,
all_tissues,cg27528351,DDC,False,
all_tissues,cg27529037,PCIF1,False,
all_tissues,cg27530093,CCDC97,False,
all_tissues,cg27532187,RNF39,False,
all_tissues,cg27536559,-,False,
all_tissues,cg27537628,CCDC106,False,
all_tissues,cg27541048,GNB3,False,
all_tissues,cg27544046,VCAM1,False,
all_tissues,cg27550441,PARN,False,
all_tissues,cg27553947,CLSTN1,False,
all_tissues,cg27566842,ADARB2,False,
all_tissues,cg27573991,C1orf150,False,
all_tissues,cg27582527,-,False,
all_tissues,cg27585939,-,False,
all_tissues,cg27588384,LIMD1,False,
all_tissues,cg27590407,ZNF860;OSBPL10,False,
all_tissues,cg27601906,GEM,False,
all_tissues,cg27602386,-,False,
all_tissues,cg27606341,FYB,False,
all_tissues,cg27613172,HOXC8,False,
all_tissues,cg27616541,CNTNAP1,False,
all_tissues,cg27617775,-,False,
all_tissues,cg27629753,-,False,
all_tissues,cg27641961,ZNRF1,False,
all_tissues,cg27651039,-,False,
all_tissues,cg27657926,USP42,False,
all_tissues,ch.5.432310R,MYO10,False,
all_tissues,ch.6.107549394R,-,False,
blood_stratified,cg00068153,CACNA1S,False,
blood_stratified,cg00114012,SLC2A8,False,
blood_stratified,cg00170714,MLX;PSMC3IP,False,
blood_stratified,cg00414077,C20orf118,False,
blood_stratified,cg00711896,ZNF48,False,
blood_stratified,cg00944309,-,False,
blood_stratified,cg01000631,-,False,
blood_stratified,cg01232717,TCEB1,False,
blood_stratified,cg01330991,DNAH2,False,
blood_stratified,cg01445399,LOC339524,False,
blood_stratified,cg01521397,TAF4,False,
blood_stratified,cg01764046,HCRTR1,False,
blood_stratified,cg01770400,SERPINC1,False,
blood_stratified,cg01901579,DICER1,False,
blood_stratified,cg01916918,CLU,False,
blood_stratified,cg01942646,NR0B2,False,
blood_stratified,cg02170785,-,False,
blood_stratified,cg02245534,METRNL,False,
blood_stratified,cg02346442,-,False,
blood_stratified,cg02427831,SIGLEC8,False,
blood_stratified,cg02473287,YWHAQ,False,
blood_stratified,cg02475695,NHLRC4,False,
blood_stratified,cg02826233,CDK2,False,
blood_stratified,cg02930951,CEBPB,False,
blood_stratified,cg02970679,EPX,False,
blood_stratified,cg03060158,IP6K2,False,
blood_stratified,cg03131767,ABCB9,False,
blood_stratified,cg03156546,TNRC6A,False,
blood_stratified,cg03340036,PIGY,False,
blood_stratified,cg03453890,SLC39A4,False,
blood_stratified,cg03606098,NADK,False,
blood_stratified,cg04217850,SLC25A26,False,
blood_stratified,cg04290133,GUSB,False,
blood_stratified,cg04321303,-,False,
blood_stratified,cg04497992,NHLRC4,False,
blood_stratified,cg04609694,-,False,
blood_stratified,cg04692506,SPI1,False,
blood_stratified,cg04858164,TCF12,False,
blood_stratified,cg04919592,IQCE,False,
blood_stratified,cg04983687,ZFPM1,False,
blood_stratified,cg05184016,ZNF862,False,
blood_stratified,cg05215575,SEPT12;LOC440335,False,
blood_stratified,cg05300717,DKFZp761E198,False,
blood_stratified,cg05310486,-,False,
blood_stratified,cg05372753,-,False,
blood_stratified,cg05465955,COASY,False,
blood_stratified,cg05499338,CMIP,False,
blood_stratified,cg05720226,ST7;ST7OT2,False,
blood_stratified,cg06009042,ANXA6,False,
blood_stratified,cg06040872,CCL18,False,
blood_stratified,cg06070625,MITF,False,
blood_stratified,cg06154903,EHD1,False,
blood_stratified,cg06315149,PRKCZ,False,
blood_stratified,cg06391412,FOXP1,False,
blood_stratified,cg06483820,AKAP1,False,
blood_stratified,cg06495615,ARID3A,False,
blood_stratified,cg06558622,ZNF862,False,
blood_stratified,cg06597413,-,False,
blood_stratified,cg06647928,-,False,
blood_stratified,cg06660522,-,False,
blood_stratified,cg06725287,FOXK2,False,
blood_stratified,cg06756385,EVL,False,
blood_stratified,cg06975018,ARG1,False,
blood_stratified,cg07052231,PEX5,False,
blood_stratified,cg07102397,FOXN3,False,
blood_stratified,cg07177867,LYSMD2,False,
blood_stratified,cg07552087,MLST8,False,
blood_stratified,cg07781995,-,False,
blood_stratified,cg07819010,-,False,
blood_stratified,cg07908654,-,False,
blood_stratified,cg07914457,NR0B2,False,
blood_stratified,cg07970948,ZNF862,False,
blood_stratified,cg08085199,CIRH1A,False,
blood_stratified,cg08268892,ARID1B,False,
blood_stratified,cg08404225,IL5RA,True,IL5RA
blood_stratified,cg08435683,SLC23A2,False,
blood_stratified,cg08462941,PTPRS,False,
blood_stratified,cg08773180,PRG2,False,
blood_stratified,cg08886063,VPS53,False,
blood_stratified,cg08940169,ZFPM1,False,
blood_stratified,cg08969102,-,False,
blood_stratified,cg09212118,GUCA2A,False,
blood_stratified,cg09249800,ACOT7,False,
blood_stratified,cg09377531,TRAPPC9,False,
blood_stratified,cg09565310,MCC,False,
blood_stratified,cg09646173,PDE6A,False,
blood_stratified,cg09676390,ADARB1;C21orf122,False,
blood_stratified,cg09820180,-,False,
blood_stratified,cg10142874,LPIN1,False,
blood_stratified,cg10159529,IL5RA,True,IL5RA
blood_stratified,cg10298741,ZFHX3,False,
blood_stratified,cg10387956,HEXA,False,
blood_stratified,cg10408731,CCT6P1,False,
blood_stratified,cg10690440,-,False,
blood_stratified,cg10704177,INADL,False,
blood_stratified,cg10827754,-,False,
blood_stratified,cg11310939,MARCH3,False,
blood_stratified,cg11385906,INTS9,False,
blood_stratified,cg11396585,TAPBP,False,
blood_stratified,cg11398517,GTSF1L,False,
blood_stratified,cg11557901,-,False,
blood_stratified,cg11563127,C12orf76,False,
blood_stratified,cg11576590,-,False,
blood_stratified,cg11639615,-,False,
blood_stratified,cg11683482,DMAP1,False,
blood_stratified,cg11699125,ACOT7,False,
blood_stratified,cg11770323,NDFIP2,False,
blood_stratified,cg11987455,ERMAP,False,
blood_stratified,cg12074090,ANGPT2;MCPH1,False,
blood_stratified,cg12077460,MFHAS1,False,
blood_stratified,cg12077754,HK2,False,
blood_stratified,cg12104982,SAFB2,False,
blood_stratified,cg12227660,MIR202,False,
blood_stratified,cg12279125,-,False,
blood_stratified,cg12425700,-,False,
blood_stratified,cg12555233,MAN2A2,False,
blood_stratified,cg12614529,MND1,False,
blood_stratified,cg12819873,PRG2,False,
blood_stratified,cg13051977,C1orf228,False,
blood_stratified,cg13054523,-,False,
blood_stratified,cg13209388,ACOT7,False,
blood_stratified,cg13316148,STAT4,False,
blood_stratified,cg13458609,ENG,False,
blood_stratified,cg13562011,EXD3,False,
blood_stratified,cg13628444,MED27,False,
blood_stratified,cg13633625,-,False,
blood_stratified,cg13774539,LOC100189589,False,
blood_stratified,cg13835688,SLC25A25,False,
blood_stratified,cg13850063,-,False,
blood_stratified,cg13951007,LOC728989,False,
blood_stratified,cg14011077,-,False,
blood_stratified,cg14025883,C9orf46,False,
blood_stratified,cg14084609,EVL,False,
blood_stratified,cg14226212,MUSK,False,
blood_stratified,cg14306650,RALGPS1,False,
blood_stratified,cg14355482,NCAM2,False,
blood_stratified,cg14516183,SEC22A,False,
blood_stratified,cg14611258,C17orf39,False,
blood_stratified,cg14613878,C20orf118,False,
blood_stratified,cg14769121,SMURF1,False,
blood_stratified,cg14978242,SERINC5,False,
blood_stratified,cg15090899,RPS6KA2,False,
blood_stratified,cg15107869,SSR3,False,
blood_stratified,cg15344640,LMAN2,False,
blood_stratified,cg15357945,PRG2,False,
blood_stratified,cg15361231,GLRX2,False,
blood_stratified,cg15456821,BEST1,False,
blood_stratified,cg15482717,FADD,False,
blood_stratified,cg15520845,NUCKS1,False,
blood_stratified,cg15700636,PRG2,False,
blood_stratified,cg15817440,C14orf37,False,
blood_stratified,cg15818008,C11orf34,False,
blood_stratified,cg16050349,PIK3CB,False,
blood_stratified,cg16107105,KCNH2,False,
blood_stratified,cg16177693,NR0B2,False,
blood_stratified,cg16263722,MECR,False,
blood_stratified,cg16386158,IL1RL1,True,IL1RL1
blood_stratified,cg16396191,KIAA0564,False,
blood_stratified,cg16409452,EVL,False,
blood_stratified,cg16592897,CYMP,False,
blood_stratified,cg16905199,-,False,
blood_stratified,cg17041511,-,False,
blood_stratified,cg17301248,NAA25,False,
blood_stratified,cg17313269,TRIM38,False,
blood_stratified,cg17521120,SIGLEC8,False,
blood_stratified,cg17540765,RECQL5;LOC643008,False,
blood_stratified,cg17674726,ITM2C,False,
blood_stratified,cg17971251,SEC16B,False,
blood_stratified,cg17988187,LOC100189589,False,
blood_stratified,cg18151262,MIDN,False,
blood_stratified,cg18337287,ARID3A,False,
blood_stratified,cg18348836,HOOK1,False,
blood_stratified,cg18517055,WDR45L,False,
blood_stratified,cg18550847,EVL,False,
blood_stratified,cg18650626,MAD1L1,False,
blood_stratified,cg18666454,KCNH2,False,
blood_stratified,cg18805734,FAM60A,False,
blood_stratified,cg18944099,C6orf47,False,
blood_stratified,cg19199204,HCG9,False,
blood_stratified,cg19328051,-,False,
blood_stratified,cg19434937,LPCAT3,False,
blood_stratified,cg19607845,FBXO9,False,
blood_stratified,cg19609644,-,False,
blood_stratified,cg19618279,COASY,False,
blood_stratified,cg19704630,-,False,
blood_stratified,cg19851574,RPS6KA2,False,
blood_stratified,cg20008101,LGALS3,False,
blood_stratified,cg20263853,RERE,False,
blood_stratified,cg20317437,FUCA1,False,
blood_stratified,cg20405742,-,False,
blood_stratified,cg20836212,VKORC1L1,False,
blood_stratified,cg20885063,ATPAF2,False,
blood_stratified,cg21067750,PHGR1,False,
blood_stratified,cg21104363,VKORC1L1,False,
blood_stratified,cg21141827,ETF1,False,
blood_stratified,cg21220721,ACOT7,False,
blood_stratified,cg21498475,SLC24A6,False,
blood_stratified,cg21627181,SLC17A4,False,
blood_stratified,cg21631409,ALDH3B2,False,
blood_stratified,cg21640749,RAB37;CD300LF,False,
blood_stratified,cg21919729,CTSB,False,
blood_stratified,cg22312249,TMEM104,False,
blood_stratified,cg22503106,METRNL,False,
blood_stratified,cg22919538,-,False,
blood_stratified,cg23090159,VKORC1L1,False,
blood_stratified,cg23147443,KCNH2,False,
blood_stratified,cg23205629,RNF122,False,
blood_stratified,cg23706836,ANGPT2;MCPH1,False,
blood_stratified,cg23791626,PITPNC1,False,
blood_stratified,cg23943829,IL4,True,IL4
blood_stratified,cg23991413,PDE4DIP,False,
blood_stratified,cg24058805,PDE4B,False,
blood_stratified,cg24459209,PRG3,False,
blood_stratified,cg24491618,KCNH2,False,
blood_stratified,cg24836822,KCNH2,False,
blood_stratified,cg25087851,GPR44,False,
blood_stratified,cg25135457,COASY,False,
blood_stratified,cg25203627,TSNAX-DISC1;DISC1,False,
blood_stratified,cg25224369,-,False,
blood_stratified,cg25305879,-,False,
blood_stratified,cg25332499,BATF2,False,
blood_stratified,cg25368824,IL4,True,IL4
blood_stratified,cg25494227,C12orf59,False,
blood_stratified,cg25643253,VKORC1L1,False,
blood_stratified,cg25757820,-,False,
blood_stratified,cg25939647,GPR176,False,
blood_stratified,cg26235490,ABR,False,
blood_stratified,cg26252077,NFIA,False,
blood_stratified,cg26300857,KCNAB2,False,
blood_stratified,cg26547058,-,False,
blood_stratified,cg26774971,TMEM181,False,
blood_stratified,cg26789365,-,False,
blood_stratified,cg26791242,LOC339524,False,
blood_stratified,cg26865494,DOCK1,False,
blood_stratified,cg26873132,DENND5A,False,
blood_stratified,cg26898932,CCDC55,False,
blood_stratified,cg26934362,LPCAT1,False,
blood_stratified,cg26953137,-,False,
blood_stratified,cg27000590,PRAGMIN,False,
blood_stratified,cg27123392,GABPB1,False,
blood_stratified,cg27469152,EPX,False,
