snp,pos,beta_x,se_x,p_x,beta_y,se_y,p_y,match,pp_h0,pp_h1,pp_h2,pp_h3,pp_h4
rs12785809,111776055,0.001,0.0133,0.94,-0.0133581,0.00994321,0.179129,rsid,0.9999747538048162,8.857483851616701e-06,1.6244819473325276e-05,0.0,1.438918588793618e-07
rs12808601,111776066,-0.002,0.0131,0.879,-0.0135978,0.00988805,0.169078,rsid,0.9999741846422078,8.80208250667892e-06,1.6864825864662715e-05,0.0,1.4844942099645096e-07
rs7950926,111776437,-0.0056,0.0131,0.669,-0.0139182,0.00988938,0.159312,rsid,0.999972668506867,9.52670647329364e-06,1.763676181441417e-05,0.0,1.680248453152235e-07
rs1940392,111776846,0.0156,0.0122,0.201,0.00927309,0.00874605,0.289026,rsid,0.9999713576946471,1.826333052583877e-05,1.0192814750383083e-05,0.0,1.8616007682865612e-07
rs1940391,111776891,-0.0039,0.0131,0.766,-0.0135971,0.00988805,0.1691,rsid,0.999973891423169,9.092065317960603e-06,1.6863186318465187e-05,0.0,1.5332519457904792e-07
rs182641993,111777491,-0.0735,0.0641,0.252,-0.0326628,0.0673354,0.627622,rsid,0.9998832296070282,6.851035458312739e-05,4.516538077247981e-05,0.0,3.094657615990488e-06
rs185533636,111777868,-0.075,0.0643,0.243,-0.0326129,0.0673355,0.628148,rsid,0.9998816950344914,6.99924512391363e-05,4.515185157743991e-05,0.0,3.1606626919814418e-06
rs117843740,111778393,-0.0738,0.0648,0.255,-0.032579,0.0673356,0.628507,rsid,0.9998832666353166,6.849800595581216e-05,4.514280555937379e-05,0.0,3.0925531682048433e-06
rs41302377,111779861,-0.0348,0.0349,0.319,-0.00190688,0.019695,0.922869,rsid,0.9999501276539541,3.6318272112617615e-05,1.3079042034790506e-05,0.0,4.7503189854711276e-07
rs80015283,111780693,0.0476,0.1297,0.714,0.00662442,0.0299083,0.82471,rsid,0.9999106410092035,6.79769427056268e-05,2.0020962635888162e-05,0.0,1.3610854552339321e-06
rs2070894,111780837,-0.0004,0.0132,0.976,-0.0131514,0.00994416,0.185992,rsid,0.9999752890067602,8.77077822137347e-06,1.5801619096851373e-05,0.0,1.385959214799819e-07
rs11603779,111781047,0.0005,0.0133,0.97,0.0131723,0.00994263,0.185228,rsid,0.9999751737542468,8.838876092292824e-06,1.5847293915957086e-05,0.0,1.40075744876157e-07
rs117627181,111781358,-0.0725,0.0644,0.26,-0.0322714,0.067337,0.63176,rsid,0.9998845396561339,6.736366863182029e-05,4.506085988453685e-05,0.0,3.035815349811028e-06
rs117865217,111782139,-0.0722,0.0645,0.263,-0.0321064,0.0673379,0.633508,rsid,0.9998849378196923,6.702711269315284e-05,4.5017338188165615e-05,0.0,3.0177294264113316e-06
rs2228387,111782284,0.0332,0.0459,0.469,0.00515367,0.0344206,0.880981,rsid,0.9999393844996448,3.716911517840691e-05,2.260608602643219e-05,0.0,8.402991504028829e-07
rs14133,111782697,-0.0026,0.0133,0.845,-0.0133262,0.00994003,0.180031,rsid,0.9999746731350106,9.001731585118266e-06,1.6179486322405912e-05,0.0,1.4564708184336822e-07
rs2234702,111783098,-0.0047,0.066,0.943,0.0793568,0.0846037,0.348253,rsid,0.9998882834313162,4.03590338332454e-05,6.858903824831785e-05,0.0,2.768496602194433e-06
rs762550,111783100,-0.0177,0.0123,0.15,-0.0145387,0.008967,0.10494,rsid,0.9999545251914489,2.2858385578043137e-05,2.211097871126424e-05,0.0,5.054442618710233e-07
rs4252588,111784229,0.0728,0.0249,0.00346,0.0160924,0.0181516,0.375318,rsid,0.998916235034539,0.001047546955951267,1.7678675023028287e-05,0.0,1.8539334486824767e-05
rs4252589,111784401,0.014,0.0746,0.851,-0.0231019,0.0274362,0.399774,rsid,0.9999283345493476,4.5164645368521316e-05,2.535554883722273e-05,0.0,1.1452564466767512e-06
rs4252590,111784816,0.0158,0.0391,0.686,-0.0213718,0.0187863,0.255277,rsid,0.999948630147142,2.7229133571609065e-05,2.3500780521128184e-05,0.0,6.39938765407085e-07
rs117765764,111784827,0.068,0.0643,0.29,0.00806392,0.0676925,0.905176,rsid,0.9998928192324251,6.318930818788571e-05,4.137661918490656e-05,0.0,2.614840202027785e-06
rs4252591,111784923,0.0154,0.0124,0.214,0.0153874,0.00860518,0.0737497,rsid,0.9999535920078029,1.7722714388809275e-05,2.818572703526253e-05,0.0,4.995507732352844e-07
rs11214040,111786628,-0.0274,0.0189,0.147,-0.00126921,0.0172464,0.941334,rsid,0.9999529692142863,3.517437203285834e-05,1.1453524210957576e-05,0.0,4.028894698918969e-07
rs148419924,111786863,-0.0688,0.0642,0.284,-0.00824137,0.0676499,0.903039,rsid,0.9998920621426898,6.392698211440553e-05,4.13661750030739e-05,0.0,2.644700192834917e-06
rs12284944,111787383,-0.0151,0.0123,0.22,-0.0160942,0.00858469,0.0608261,rsid,0.999949218992336,1.727658924694529e-05,3.293537851446351e-05,0.0,5.690399027067138e-07
rs10891299,111787962,0.0122,0.0123,0.321,0.0156928,0.00858821,0.0676628,rsid,0.9999560913754827,1.3322535582297015e-05,3.018394460153218e-05,0.0,4.02144333572539e-07
rs186661052,111788462,-0.0554,0.0824,0.501,-0.211525,0.197611,0.284434,rsid,0.9998389001507576,5.7272393402761305e-05,9.820227055109156e-05,0.0,5.625185288548463e-06
rs10789852,111788464,-0.0153,0.0124,0.217,-0.015985,0.0085991,0.0630391,rsid,0.9999498584126926,1.75477906048177e-05,3.203168324696575e-05,0.0,5.621134555985128e-07
rs79613093,111788492,-0.0671,0.0642,0.296,-0.00826803,0.0676165,0.902679,rsid,0.9998936363133574,6.243061473743867e-05,4.1351215486538624e-05,0.0,2.581856418731979e-06
rs139772777,111789512,0.0617,0.0468,0.187,-0.0404713,0.0457661,0.376529,rsid,0.9998897694032532,6.57543758298017e-05,4.1731865628421445e-05,0.0,2.7443552885311476e-06
rs188029389,111790429,-0.1434,0.1347,0.287,-0.0474805,0.14693,0.746581,rsid,0.9998301406274511,9.142772069725291e-05,7.186049446195212e-05,0.0,6.571157389504949e-06
rs191284997,111790850,-0.0329,0.0612,0.591,-0.0158813,0.059536,0.789662,rsid,0.9999175705976655,4.275932518766614e-05,3.804323978629421e-05,0.0,1.6268373604458297e-06
rs57377042,111791075,0.0183,0.0131,0.162,0.0156424,0.00860245,0.0690081,rsid,0.9999466555553108,2.291378923275228e-05,2.9748957744175583e-05,0.0,6.816977124300086e-07
rs57527690,111791248,0.0149,0.0124,0.23,0.0156406,0.00860244,0.0690399,rsid,0.9999528837717321,1.6876391633302024e-05,2.9737943801342733e-05,0.0,5.018928332578841e-07
rs76851368,111791654,-0.0099,0.0892,0.912,0.0174977,0.0552352,0.751407,rsid,0.9999106830698111,5.1345754325135806e-05,3.611657731109304e-05,0.0,1.8545985527296198e-06
rs10502152,111791695,0.0151,0.0124,0.223,0.0156442,0.00860237,0.0689747,rsid,0.9999525202185423,1.7206613826716833e-05,2.976105631309145e-05,0.0,5.121113179879977e-07
rs11214043,111791781,-0.0154,0.0124,0.214,-0.0160307,0.00859828,0.0622644,rsid,0.9999493471451306,1.7722639154829063e-05,3.23567398417894e-05,0.0,5.734758726328619e-07
rs117502493,111793027,-0.066,0.0642,0.304,-0.00823532,0.0675934,0.903029,rsid,0.9998946192445621,6.150050926803859e-05,4.133768929003731e-05,0.0,2.5425568798659827e-06
rs185492252,111793591,0.0666,0.0642,0.3,0.00826008,0.0675932,0.902738,rsid,0.9998940932250866,6.200420183937812e-05,4.133910346982409e-05,0.0,2.56346960420028e-06
rs144513802,111794343,-0.0396,0.0641,0.537,0.0207887,0.139397,0.881449,rsid,0.9998821809996981,4.6175989265518845e-05,6.848048432188851e-05,0.0,3.162526714681008e-06
rs7124407,111795085,-0.0154,0.0124,0.214,-0.015697,0.00860202,0.0680299,rsid,0.9999516464760672,1.7722679907105765e-05,3.009741144346839e-05,0.0,5.334325823901915e-07
rs7124433,111795148,-0.0142,0.0123,0.248,-0.0158335,0.00858682,0.0651929,rsid,0.9999525487719931,1.5843942849790738e-05,3.1114288750814716e-05,0.0,4.929964060646659e-07
rs35964014,111795318,0.0518,0.0253,0.0406,-0.0100942,0.0142839,0.479763,rsid,0.999858660718213,0.0001276485299542042,1.2140780036611467e-05,0.0,1.54997179607125e-06
rs145331459,111795727,0.0671,0.0642,0.296,0.00833654,0.0675887,0.901836,rsid,0.9998936465180122,6.243061537458931e-05,4.1341609938740956e-05,0.0,2.581256674687093e-06
rs189602121,111795977,-0.0417,0.0891,0.64,0.0954108,0.0670854,0.15496,rsid,0.9998445468606628,5.537298312766321e-05,9.482840797391966e-05,0.0,5.2517482355132365e-06
rs11384304,111796137,-0.0172,0.014,0.219,-0.0161364,0.00858286,0.0600994,rsid,0.9999464510104584,1.9638234611313867e-05,3.325759941435308e-05,0.0,6.531555157260411e-07
rs118009277,111796231,0.0685,0.0642,0.286,0.00833289,0.0675888,0.901879,rsid,0.9998923690498935,6.365759586314854e-05,4.1341378214296236e-05,0.0,2.631976028871888e-06
rs587642593,111796535,0.0071,0.1148,0.951,-0.244246,0.233235,0.295002,rsid,0.9998344078349525,6.084580019694956e-05,9.873760147528744e-05,0.0,6.0087633754279666e-06
rs587726693,111796537,-0.0945,0.1338,0.48,0.244246,0.233235,0.295002,rsid,0.9998172331012415,7.647844453511398e-05,9.873590540241845e-05,0.0,7.552548820868834e-06
rs147007936,111796618,-0.0668,0.0643,0.299,-0.00828855,0.0675884,0.902398,rsid,0.9998939381990807,6.21537173143042e-05,4.133847140176968e-05,0.0,2.569612203409e-06
rs117666512,111796689,0.0681,0.0642,0.289,0.00828855,0.0675884,0.902398,rsid,0.9998927424985761,6.330199420594836e-05,4.1338421968095546e-05,0.0,2.617085249932354e-06
rs185774654,111797501,0.0082,0.1024,0.936,-0.00148678,0.0686342,0.982717,rsid,0.9998995278533866,5.650492687491498e-05,4.161550252895915e-05,0.0,2.351717209337926e-06
rs75121207,111797541,0.0701,0.0648,0.279,0.0082255,0.0675877,0.903136,rsid,0.9998910467552955,6.493484343480171e-05,4.1334086377480026e-05,0.0,2.684314892259556e-06
rs56305040,111797668,-0.0496,0.0255,0.0518,0.0100999,0.0142837,0.47951,rsid,0.9998812015652059,0.00010537421514333797,1.2144364706614199e-05,0.0,1.2798549441380525e-06
rs587645495,111797878,-0.0223,0.0742,0.764,-0.223276,0.103151,0.0304215,rsid,0.9996633201468117,4.5965930742943076e-05,0.00027793411926575816,0.0,1.2779803179528981e-05
rs186257603,111798123,-0.1172,0.1505,0.436,0.146408,0.146996,0.319252,rsid,0.9998200627633167,8.23749425631948e-05,9.013600926866192e-05,0.0,7.4262848515566325e-06
rs73560049,111798209,-0.046,0.0626,0.462,-0.00817709,0.0675873,0.903703,rsid,0.9999081938618188,4.847096213078947e-05,4.1331609244106195e-05,0.0,2.003566806206725e-06
rs185249617,111798552,-0.0691,0.0642,0.282,-0.00817762,0.0675873,0.903696,rsid,0.999891816656849,6.419869709078277e-05,4.133096488136435e-05,0.0,2.6536811789900903e-06
rs117375298,111800030,-0.0673,0.0642,0.295,-0.00833727,0.0675791,0.901814,rsid,0.9998934721635627,6.260289963998751e-05,4.133685416197774e-05,0.0,2.588082635378761e-06
rs148804082,111800518,-0.0678,0.0642,0.291,-0.00827722,0.067569,0.902503,rsid,0.999893028494205,6.30379548145382e-05,4.1328037315833435e-05,0.0,2.6055136646091297e-06
rs1320664,111800849,-0.0148,0.0123,0.229,-0.0158974,0.00858581,0.0640841,rsid,0.9999511427633261,1.6775294450471968e-05,3.155261200486239e-05,0.0,5.293302186748358e-07
rs118101219,111802458,0.0909,0.116,0.433,-0.0404293,0.0947363,0.669558,rsid,0.9998646555170687,7.41306006905192e-05,5.698870355876946e-05,0.0,4.225178682009519e-06
rs143098130,111804039,-0.064,0.053,0.227,0.0052664,0.0543254,0.922773,rsid,0.9998999284001091,6.369904748718156e-05,3.419419665568561e-05,0.0,2.178355748101387e-06
rs73560056,111804106,0.1651,0.1055,0.118,-0.15875,0.123081,0.197122,rsid,0.9997516235559251,0.00013050128454984028,0.00010426505542863978,0.0,1.3610104096356733e-05
rs140079026,111804519,-0.091,0.1152,0.43,-0.0442434,0.084158,0.599083,rsid,0.9998675059034166,7.41140827737809e-05,5.435128443345382e-05,0.0,4.028729376221388e-06
rs117455217,111805355,-0.0771,0.0776,0.32,0.133987,0.105863,0.205635,rsid,0.9998270950763397,6.781765333798764e-05,9.841204236894358e-05,0.0,6.675227953440072e-06
rs139599485,111806315,0.0008,0.056,0.989,0.0329637,0.0660768,0.617871,rsid,0.9999187138301184,3.49792036794665e-05,4.4741806223371176e-05,0.0,1.5651599787344455e-06
rs187410335,111806553,0.1234,0.1406,0.38,-0.249955,0.153053,0.102443,rsid,0.9997672923154985,8.393810307738192e-05,0.0001372466744482109,0.0,1.1522906975862883e-05
rs184583568,111807414,-0.0171,0.0659,0.795,0.00323612,0.0245137,0.894974,rsid,0.999941684597893,4.137566706000789e-05,1.6266652209963076e-05,0.0,6.730828371166718e-07
rs189804158,111807521,-0.0127,0.0812,0.876,-0.00595919,0.323797,0.985316,rsid,0.999856847523172,4.805602135767043e-05,9.073544662047479e-05,0.0,4.361008849909634e-06
rs138804798,111807660,0.0409,0.0475,0.389,-0.0147513,0.0486766,0.761854,rsid,0.9999241779082797,4.2284798750237464e-05,3.217660838974397e-05,0.0,1.360684580176567e-06
rs587731947,111807967,0.0231,0.1087,0.832,-0.00765538,0.0443243,0.862877,rsid,0.9999100040446575,5.9554898884272584e-05,2.8729896386442716e-05,0.0,1.7111600717356243e-06
rs148194371,111807989,0.0565,0.0638,0.376,0.00821985,0.0675274,0.903116,rsid,0.9999018877760535,5.455462112789025e-05,4.130405466478774e-05,0.0,2.2535481539043133e-06
rs35759638,111808876,-0.0183,0.012,0.127,-0.0194471,0.00856882,0.023237,rsid,0.9998985037793998,2.532186034050373e-05,7.429293400303088e-05,0.0,1.8814262567654087e-06
rs118001259,111808917,-0.0686,0.0639,0.283,-0.00822591,0.0675259,0.903043,rsid,0.9998922310713918,6.382901527456167e-05,4.1303281406911995e-05,0.0,2.636631926809191e-06
rs10891301,111809489,0.018,0.012,0.134,0.0195065,0.00856851,0.0228139,rsid,0.9998982905244632,2.4388112367181567e-05,7.548035260065252e-05,0.0,1.841010568958626e-06
rs72991425,111809507,0.1045,0.0454,0.0213,0.0120973,0.0388134,0.755285,rsid,0.9996372930188655,0.0003278990674071883,2.6210422321683556e-05,0.0,8.597491405781712e-06
rs35529010,111809647,-0.0157,0.061,0.797,-0.0264201,0.0201155,0.189042,rsid,0.9999290258298159,3.875796810674423e-05,3.101407425627605e-05,0.0,1.2021278209094887e-06
rs186977301,111809971,-0.0606,0.0634,0.339,-0.00822591,0.0675259,0.903043,rsid,0.9998989646768491,5.736225872092588e-05,4.130355955688902e-05,0.0,2.369504873087998e-06
rs79405694,111809981,-0.0232,0.0809,0.774,0.0262986,0.114683,0.818624,rsid,0.9998862154845897,4.9005209139011924e-05,6.17527552126237e-05,0.0,3.026551058750418e-06
rs78002394,111810230,-0.0375,0.0654,0.566,0.019363,0.027377,0.479398,rsid,0.9999301898317128,4.5887951703389107e-05,2.2872568011475488e-05,0.0,1.0496485723865508e-06
rs72991426,111810269,0.1073,0.0455,0.0184,0.0111825,0.0386382,0.772263,rsid,0.9995941653814935,0.0003702911444169087,2.5935783866826237e-05,0.0,9.607690222692943e-06
rs76780627,111810846,0.0683,0.0641,0.287,0.00822591,0.0675259,0.903043,rsid,0.9998925683240986,6.350512769814925e-05,4.130329533805679e-05,0.0,2.6232528652492966e-06
rs144077550,111811842,0.0097,0.0361,0.788,0.024119,0.0335043,0.4716,rsid,0.9999472100891733,2.4211925780837244e-05,2.7902379049904774e-05,0.0,6.756059958453572e-07
rs182237453,111812760,-0.0824,0.0549,0.133,0.102595,0.0436602,0.0187806,rsid,0.9995180863057362,9.276942411530815e-05,0.00035609373217661223,0.0,3.305053797194656e-05
rs117014792,111813571,0.0711,0.0646,0.271,0.00822376,0.0675259,0.903068,rsid,0.9998900439637408,6.592958544819475e-05,4.130305787399783e-05,0.0,2.7233929368679875e-06
rs118050512,111813952,-0.0361,0.0276,0.191,-0.0303044,0.0197478,0.124889,rsid,0.9999153592340402,4.1392533280237047e-05,4.152909281401344e-05,0.0,1.7191398657171312e-06
rs181165888,111814134,-0.0369,0.0976,0.705,-0.0699776,0.0688527,0.309469,rsid,0.9998750798953786,5.734505827135823e-05,6.390968392373778e-05,0.0,3.665362426168582e-06
rs587637237,111814223,-0.0501,0.1244,0.687,0.00764141,0.0443241,0.863124,rsid,0.999902368623529,6.697888615635047e-05,2.872812464603015e-05,0.0,1.9243656686209613e-06
rs189686001,111814612,0.01,0.1238,0.936,-0.100367,0.0880266,0.254207,rsid,0.999848913826877,6.377397291714099e-05,8.207703089835242e-05,0.0,5.2351693073271665e-06
rs12225443,111814931,-0.0182,0.012,0.129,-0.0195082,0.00856951,0.0228181,rsid,0.9998976301258878,2.5004959324830657e-05,7.547741194833494e-05,0.0,1.8875028391396314e-06
rs117437978,111815498,-0.063,0.064,0.325,-0.00822376,0.0675259,0.903068,rsid,0.9998971281627338,5.912612830949685e-05,4.13033505052554e-05,0.0,2.4423584514870197e-06
rs192910580,111815911,0.1243,0.0663,0.0608,0.0402428,0.029617,0.174218,rsid,0.9997687800233709,0.0001758440174813554,4.709301841334375e-05,0.0,8.28294073448886e-06
rs11214049,111816143,-0.018,0.012,0.134,-0.0195127,0.00856951,0.0227866,rsid,0.9998982013026274,2.438811019100807e-05,7.55674522016845e-05,0.0,1.8431349798884517e-06
rs146674845,111816179,-0.0108,0.0361,0.765,-0.0127365,0.0240738,0.596762,rsid,0.999956981656169,2.4410982241625216e-05,1.8163942828426624e-05,0.0,4.4341876096333834e-07
rs191876263,111817005,-0.1163,0.0831,0.162,0.0958096,0.0796172,0.22883,rsid,0.9998065571151371,0.00010251328786267434,8.247334721489837e-05,0.0,8.456249785392777e-06
rs143329923,111817249,0.0584,0.0746,0.434,0.00822376,0.0675259,0.903068,rsid,0.999899414631558,5.693027064653943e-05,4.1303444953794764e-05,0.0,2.3516528417215118e-06
rs61625528,111817442,-0.0102,0.0532,0.848,0.0112448,0.0668545,0.866428,rsid,0.9999234290817153,3.397759373009221e-05,4.1193559349431854e-05,0.0,1.3997652051785806e-06
rs150847546,111817511,-0.0372,0.0778,0.633,-0.104584,0.0427163,0.0143509,rsid,0.9994896373980006,5.03614298824397e-05,0.0004379348833857929,0.0,2.2066288731241368e-05
rs7945387,111817682,0.0188,0.0119,0.114,0.0196746,0.00855541,0.0214669,rsid,0.9998910463120403,2.733195906684029e-05,7.944996897187025e-05,0.0,2.171759921053651e-06
rs587768021,111817764,0.0186,0.0413,0.652,-0.0560543,0.0357354,0.116743,rsid,0.9998944297934982,2.9169477209523086e-05,7.423510156335855e-05,0.0,2.165627728965572e-06
rs35440570,111817914,-0.0181,0.0119,0.128,-0.019386,0.00855495,0.0234482,rsid,0.9998996016879939,2.496399181428224e-05,7.359686419890817e-05,0.0,1.8374559928984584e-06
rs78042392,111818408,0.0671,0.0641,0.295,0.00822376,0.0675259,0.903068,rsid,0.9998936647599858,6.245227882747228e-05,4.130320744040041e-05,0.0,2.579753746270602e-06
rs139364164,111819066,0.0296,0.078,0.704,-0.112105,0.0633136,0.0766214,rsid,0.9997969021499203,4.882067555370787e-05,0.00014709446460078703,0.0,7.182709924964898e-06
rs184689111,111819174,0.0655,0.0641,0.307,0.00822376,0.0675259,0.903068,rsid,0.9998950689450377,6.110374064756976e-05,4.130326544391472e-05,0.0,2.524048870693474e-06
rs374112501,111819423,-0.0516,0.0746,0.489,-0.00822376,0.0675259,0.903068,rsid,0.9999025237840969,5.394433164927892e-05,4.1303573385423845e-05,0.0,2.2283108683149336e-06
rs587726870,111819438,0.085,0.047,0.0705,0.0114377,0.0381371,0.764246,rsid,0.9998383417899164,0.0001325484557912334,2.5702391200359703e-05,0.0,3.4073630919684172e-06
rs113890495,111820156,0.0183,0.0738,0.804,0.0072093,0.0264186,0.784939,rsid,0.9999359480107408,4.52541606613747e-05,1.798392885987304e-05,0.0,8.138997378446943e-07
rs117978300,111820440,0.0108,0.0359,0.764,0.0235077,0.0334546,0.482259,rsid,0.9999474948677421,2.4294965848993508e-05,2.754102306085005e-05,0.0,6.691433481696898e-07
rs491535,111820482,0.0187,0.0119,0.116,0.0196726,0.00855544,0.0214803,rsid,0.9998914768607388,2.697469843519762e-05,7.940624873505247e-05,0.0,2.142192090908939e-06
rs34390484,111820560,-0.0152,0.06,0.8,-0.0261469,0.0200225,0.191594,rsid,0.9999300711989162,3.8181929752267044e-05,3.057921619422854e-05,0.0,1.167655137331254e-06
rs112622111,111820567,0.0076,0.0573,0.894,-0.00823592,0.0675258,0.902925,rsid,0.9999212487591561,3.59607140756679e-05,4.130505066815405e-05,0.0,1.4854761000445858e-06
rs111332504,111820596,0.0133,0.0579,0.818,-0.00823592,0.0675258,0.902925,rsid,0.9999203253055912,3.684757122265528e-05,4.130501252185369e-05,0.0,1.5221106644537193e-06
rs182209686,111820612,-0.1948,0.2053,0.343,0.133723,0.116825,0.252357,rsid,0.9998044729323903,9.44304903844866e-05,9.237212618534829e-05,0.0,8.724451039868445e-06
rs79864540,111820752,0.0395,0.0625,0.527,0.0103436,0.067483,0.878179,rsid,0.9999110827320136,4.559684973947983e-05,4.143112162851348e-05,0.0,1.8892966185271775e-06
rs35155467,111822593,0.025,0.0194,0.198,0.02052,0.018802,0.27511,rsid,0.9999479683193978,2.9026906063079887e-05,2.2355820472117054e-05,0.0,6.489540669779586e-07
rs141989379,111822801,0.1143,0.049,0.0197,-0.062237,0.0593863,0.294637,rsid,0.9995566597914254,0.0003627166533292816,5.915685993793737e-05,0.0,2.1466695307332656e-05
rs191902959,111824228,-0.2199,0.1559,0.158,0.237553,0.168841,0.159437,rsid,0.9997546535772307,0.00011623113326968482,0.00011566779169294149,0.0,1.344749780675451e-05
rs58970314,111824653,-0.0136,0.0572,0.812,0.00823592,0.0675258,0.902925,rsid,0.9999206647637929,3.652156573222447e-05,4.1305026544296206e-05,0.0,1.5086439306313796e-06
rs143664704,111824991,-0.0326,0.0809,0.687,0.0262927,0.114683,0.818663,rsid,0.999884575659164,5.055020046737269e-05,6.17521942229256e-05,0.0,3.1219461458450332e-06
rs148262376,111825233,0.1515,0.0837,0.0703,0.0395967,0.128466,0.757909,rsid,0.9997518853715169,0.0001699085803479657,6.684559011951177e-05,0.0,1.1360458015548175e-05
rs2105619,111825253,0.0176,0.012,0.142,0.019345,0.00857034,0.023995,rsid,0.9999028327588261,2.3218986923384068e-05,7.227005375139247e-05,0.0,1.6782004991184816e-06
rs141353007,111825361,-0.0923,0.0508,0.0692,0.102743,0.0436575,0.0186029,rsid,0.9994496403315147,0.00014095885596219257,0.0003587973047879973,0.0,5.060350773497544e-05
rs182556679,111825414,-0.0902,0.2009,0.653,-0.0227917,0.0587034,0.697831,rsid,0.9998747926031227,8.307050973220277e-05,3.89046530828675e-05,0.0,3.2322340621613384e-06
rs144163291,111826397,-0.0298,0.104,0.774,0.325654,0.429242,0.448047,rsid,0.9998383183156428,5.8576142522768757e-05,9.739934153493713e-05,0.0,5.706200299450003e-06
rs61111688,111826661,0.0129,0.0572,0.822,-0.00823592,0.0675258,0.902925,rsid,0.999920758761216,3.643129342215701e-05,4.130503042717031e-05,0.0,1.5049149346270491e-06
rs199586671,111827607,-0.0988,0.0467,0.0344,-0.000887112,0.020493,0.965472,rsid,0.9997547328248896,0.00022862257914784572,1.354674449554444e-05,0.0,3.0978514669064522e-06
rs587728441,111827653,0.0865,0.0843,0.305,-0.0958096,0.0796172,0.22883,rsid,0.99983840483452,7.309004427379407e-05,8.247597431111012e-05,0.0,6.02914689491353e-06
rs181785765,111827736,0.0137,0.0664,0.837,-0.00823592,0.0675258,0.902925,rsid,0.9999157874788587,4.120556411090077e-05,4.1304825071928676e-05,0.0,1.7021319584144321e-06
rs61897190,111828835,-0.0635,0.047,0.177,-0.0509196,0.0774909,0.511114,rsid,0.9998731967030001,6.864316333770403e-05,5.442383564758434e-05,0.0,3.7362980147283326e-06
rs116982533,111829312,0.0269,0.0474,0.57,-0.00627504,0.0263526,0.811789,rsid,0.9999467088072601,3.4883991073811375e-05,1.778669759851168e-05,0.0,6.205040676609292e-07
rs587615554,111829323,-0.1061,0.1392,0.446,-0.00394661,0.0383372,0.918007,rsid,0.9998936235492119,7.95120604450187e-05,2.488548374635602e-05,0.0,1.9789065969040103e-06
rs34551023,111829621,-0.0093,0.0598,0.876,-0.0261512,0.0200225,0.191521,rsid,0.9999308457399935,3.7421865769595256e-05,3.058766748723647e-05,0.0,1.1447267496436578e-06
rs1784678,111830497,0.0358,0.0378,0.344,-0.00549901,0.0268812,0.837911,rsid,0.9999440714544363,3.725599823122138e-05,1.8001833541692882e-05,0.0,6.707137906348514e-07
rs77199272,111831594,-0.0018,0.0872,0.984,-0.156986,0.0804644,0.0510576,rsid,0.9997321337662405,5.0257603434759616e-05,0.00020719282542732898,0.0,1.0415804897283489e-05
rs118187995,111832051,0.0631,0.0637,0.322,0.00822432,0.0675258,0.903061,rsid,0.9998970169395628,5.9232959337609736e-05,4.130333062053004e-05,0.0,2.4467704790658286e-06
rs117183517,111832787,-0.0631,0.0638,0.323,-0.00822432,0.0675258,0.903061,rsid,0.9998970275583129,5.922276140105403e-05,4.130333105916495e-05,0.0,2.4463492269387885e-06
rs71478709,111832866,-0.0442,0.0248,0.0747,0.0113717,0.0142602,0.425194,rsid,0.9999094932055771,7.654408031299256e-05,1.2969858369062807e-05,0.0,9.9285574084011e-07
rs191309830,111832927,0.0858,0.1084,0.429,-0.00764174,0.0443241,0.863118,rsid,0.99989724932553,7.19553173882337e-05,2.872801147683986e-05,0.0,2.0673456049040988e-06
rs181971535,111833084,0.1007,0.0763,0.187,-0.0101923,0.0455244,0.822846,rsid,0.9998770321619911,9.056142697582734e-05,2.9715043352869145e-05,0.0,2.691367680349343e-06
rs510274,111833209,0.0242,0.0136,0.0752,0.0184089,0.00856189,0.0315471,rsid,0.9998970452810714,4.3412755857242204e-05,5.706438574656951e-05,0.0,2.4775773248364168e-06
rs116927592,111833464,0.1092,0.048,0.0229,-0.062237,0.0593863,0.294637,rsid,0.9996033194806042,0.00031866152185705906,5.915962140290332e-05,0.0,1.8859376135857673e-05
rs181104232,111834473,-0.0094,0.1031,0.927,-0.00764174,0.0443241,0.863118,rsid,0.9999128350939368,5.6804401597271605e-05,2.8728459270984677e-05,0.0,1.6320451947659669e-06
rs587750732,111835089,0.0471,0.1945,0.809,-0.00318053,0.131625,0.980722,rsid,0.9998487010112,8.005321623830149e-05,6.59643176943499e-05,0.0,5.281454867178607e-06
rs57903733,111835625,-0.0114,0.0565,0.84,0.00823677,0.0675258,0.902915,rsid,0.9999213287827239,3.588380938029182e-05,4.130510670605992e-05,0.0,1.482301189911848e-06
rs190406639,111836021,-0.2119,0.1662,0.202,0.0215023,0.0309188,0.486777,rsid,0.9998649010199062,0.00010691881706664668,2.54578699120471e-05,0.0,2.7222931150560133e-06
rs117621427,111836105,0.0613,0.0638,0.337,0.00822517,0.0675258,0.903051,rsid,0.9998984471514301,5.7859372253599076e-05,4.130344235500634e-05,0.0,2.3900339613303346e-06
rs144487228,111836754,0.0409,0.0554,0.46,-0.0373144,0.0439797,0.39619,rsid,0.999915045898017,4.4035733624697627e-05,3.919235751108784e-05,0.0,1.7260108471837165e-06
rs7129729,111836762,-0.0117,0.0578,0.84,-0.00866741,0.0675106,0.897843,rsid,0.9999205581232798,3.6604179846180704e-05,4.132491217797061e-05,0.0,1.5127846959453788e-06
rs73560089,111837825,0.0066,0.0567,0.907,-0.00823677,0.0675258,0.902915,rsid,0.9999216563387855,3.556923436457884e-05,4.130512023686249e-05,0.0,1.4693066130215811e-06
rs117729321,111838977,0.0925,0.0419,0.0273,0.0227604,0.0254598,0.371337,rsid,0.999711077581792,0.0002578865601937283,2.4671556408188775e-05,0.0,6.36430160614359e-06
rs117856005,111839382,-0.0628,0.0637,0.324,-0.00822517,0.0675258,0.903051,rsid,0.9998972595851875,5.8999876035227956e-05,4.130339329945076e-05,0.0,2.437145477839212e-06
rs181813114,111839699,0.065,0.0639,0.309,0.00822517,0.0675258,0.903051,rsid,0.999895462825656,6.072543118049182e-05,4.1303319079559785e-05,0.0,2.5084240838574855e-06
rs73560092,111839859,-0.0093,0.0579,0.872,-0.00823677,0.0675258,0.902915,rsid,0.9999207728312477,3.641772850055107e-05,4.1305083740618164e-05,0.0,1.5043565112655404e-06
rs185188716,111840293,-0.06,0.0638,0.347,-0.00822517,0.0675258,0.903051,rsid,0.9998994272476633,5.6918116582741026e-05,4.1303482840466015e-05,0.0,2.351152913506565e-06
rs183642033,111840715,-0.0984,0.0763,0.197,0.0110479,0.0455389,0.808312,rsid,0.999879761599013,8.77758052809649e-05,2.984280450894747e-05,0.0,2.619791197119736e-06
rs137964636,111841722,0.0791,0.0937,0.399,0.118003,0.104545,0.259012,rsid,0.9998377531855914,6.845338377553056e-05,8.778338572980356e-05,0.0,6.0100449031176605e-06
rs188118929,111842540,-0.0993,0.0765,0.194,0.0110479,0.0455389,0.808312,rsid,0.999878854650712,8.865649523239767e-05,2.9842777439811875e-05,0.0,2.6460766156900366e-06
rs192187458,111843335,0.0762,0.1211,0.529,0.0226957,0.0372452,0.542287,rsid,0.9998984486171313,7.081500879326843e-05,2.8703527112197846e-05,0.0,2.0328469632683896e-06
rs60241330,111844280,0.0157,0.0584,0.788,0.00822517,0.0675258,0.903051,rsid,0.9999197113460947,3.743786349168284e-05,4.1304320728646234e-05,0.0,1.54646968502506e-06
rs139802959,111844454,0.0343,0.1319,0.795,0.158971,0.123072,0.196464,rsid,0.9998212475830768,6.730049516595384e-05,0.0001044229491282516,0.0,7.028972628866438e-06
rs80062744,111845098,0.0649,0.0639,0.31,0.00822573,0.0675257,0.903045,rsid,0.9998955479095303,6.064373469173971e-05,4.1303307310092e-05,0.0,2.5050484679538187e-06
rs72991443,111845332,0.0507,0.0211,0.0163,0.0214618,0.0161935,0.185061,rsid,0.9997321968903456,0.0002361951071942626,2.55674728071714e-05,0.0,6.040529653001277e-06
rs3809033,111845933,0.0171,0.012,0.154,0.0193817,0.00856826,0.0236952,rsid,0.9999034891018199,2.186989536735378e-05,7.304339717286662e-05,0.0,1.5976056398018926e-06
rs145374419,111846162,-0.071,0.0474,0.134,0.0859078,0.0598316,0.151051,rsid,0.9998187644671148,8.355225076976836e-05,9.01497059273833e-05,0.0,7.533576188160596e-06
rs118026116,111846411,0.0004,0.063,0.995,-0.0441046,0.128264,0.730954,rsid,0.9998914257125491,3.872357985470249e-05,6.724640336501766e-05,0.0,2.604304231122995e-06
rs1939528,111846715,0.0181,0.012,0.131,0.0193636,0.0085683,0.0238265,rsid,0.9999008159789663,2.4693828432441518e-05,7.269489916879491e-05,0.0,1.7952934324094196e-06
rs35514287,111846908,0.134,0.1291,0.299,0.00906658,0.0553893,0.869976,rsid,0.9998729452004793,8.888901851088764e-05,3.5049839300071814e-05,0.0,3.1159417096969642e-06
rs76279410,111847065,0.0406,0.0569,0.476,0.0150419,0.0593043,0.799774,rsid,0.9999162119118041,4.430818191029495e-05,3.7804708042940745e-05,0.0,1.6751982426903133e-06
rs111579151,111848073,-0.046,0.0346,0.184,-0.0650932,0.0362093,0.0722254,rsid,0.9998343434266586,5.201408180810587e-05,0.00010802285118437436,0.0,5.619640349012523e-06
rs75508818,111848135,0.0373,0.0301,0.215,0.00364495,0.0159396,0.819124,rsid,0.9999475497534811,4.115970263398208e-05,1.0844177357486448e-05,0.0,4.463665273787027e-07
rs184397849,111848209,-0.0462,0.0569,0.417,-0.0147545,0.0592613,0.803382,rsid,0.999913158038217,4.73132805381736e-05,3.774279090040878e-05,0.0,1.7858903443857026e-06
rs10891303,111848531,0.0173,0.012,0.149,0.0193751,0.00856827,0.0237432,rsid,0.9999030553550328,2.2395221021720892e-05,7.291628920881021e-05,0.0,1.6331347365822486e-06
rs587712831,111848687,-0.0261,0.0695,0.707,-0.117219,0.0630501,0.0630086,rsid,0.9997796612144566,4.4547422087793806e-05,0.00016829270504431604,0.0,7.498658411193259e-06
rs186266859,111849560,0.0832,0.1702,0.625,-0.193815,0.185368,0.29576,rsid,0.9998168334284427,7.903855433429363e-05,9.649944342108366e-05,0.0,7.628573801775559e-06
rs11821811,111849775,0.0072,0.014,0.607,-0.00094007,0.0104064,0.92802,rsid,0.9999823810433586,1.059562054638186e-05,6.9496984300602056e-06,0.0,7.363766489552865e-08
rs148767397,111850731,-0.0689,0.0767,0.369,0.0110486,0.0455389,0.808301,rsid,0.999905598302709,6.268703156555104e-05,2.984367754470246e-05,0.0,1.8709881807367633e-06
rs185981704,111850943,0.0313,0.0329,0.341,0.000403438,0.0226823,0.985809,rsid,0.9999515572787827,3.2994633246299605e-05,1.4954641166565161e-05,0.0,4.934468045268189e-07
rs191364649,111851030,-0.0425,0.1058,0.688,0.0547016,0.113153,0.628789,rsid,0.9998703495982793,6.0827185618536165e-05,6.487645239079629e-05,0.0,3.946763711347763e-06
rs501932,111851252,-0.0053,0.0503,0.916,0.0223198,0.0475466,0.638762,rsid,0.9999335800525164,3.1953506269104076e-05,3.339915036441965e-05,0.0,1.0672908499544366e-06
rs117176562,111851400,-0.0327,0.0787,0.678,0.325654,0.429242,0.448047,rsid,0.9998480457295359,4.971134599973224e-05,9.740028913185421e-05,0.0,4.842635332626658e-06
rs587684642,111851847,0.0172,0.1624,0.916,-0.193815,0.185368,0.29576,rsid,0.9998227483414271,7.364376044062812e-05,9.650001431146258e-05,0.0,7.107883820666692e-06
rs61897191,111852600,0.0644,0.047,0.171,0.0534512,0.0783653,0.49519,rsid,0.9998702135358045,7.029101766691828e-05,5.558762837835892e-05,0.0,3.907818150305761e-06
rs10789854,111853865,0.0181,0.0119,0.128,0.0192025,0.00855552,0.0248033,rsid,0.9999031717624146,2.496408094653959e-05,7.011366395917826e-05,0.0,1.750492679656479e-06
rs45447196,111854137,0.0189,0.0366,0.606,0.00416948,0.0159627,0.793937,rsid,0.9999618749507361,2.6885002637130563e-05,1.0945758656543314e-05,0.0,2.942879700899192e-07
rs10891304,111854429,0.0173,0.0214,0.419,0.00942117,0.0138681,0.496921,rsid,0.9999687449046931,1.9456203923416833e-05,1.1573704000135542e-05,0.0,2.2518738342903326e-07
rs6589257,111855514,0.0139,0.0568,0.807,-0.00823733,0.0675257,0.902908,rsid,0.9999208400326531,3.635320544748498e-05,4.130507128328191e-05,0.0,1.5016906161643003e-06
rs143380503,111855677,0.0513,0.0742,0.489,0.00822573,0.0675257,0.903045,rsid,0.9999027525621158,5.372459759853465e-05,4.130360491715748e-05,0.0,2.2192353684967914e-06
rs34966520,111856033,-0.0116,0.0804,0.885,0.01377,0.113433,0.903379,rsid,0.9998888891771424,4.7624688671641886e-05,6.059976837703322e-05,0.0,2.886365809009924e-06
rs7926696,111856361,-0.0152,0.0567,0.789,0.0144262,0.0673825,0.830474,rsid,0.9999202207433081,3.648832477813001e-05,4.1766809413572706e-05,0.0,1.5241225001888714e-06
rs479658,111856412,-0.018,0.0119,0.13,-0.0184345,0.00855562,0.0311882,rsid,0.9999163441414272,2.4650190993257406e-05,5.758604188849283e-05,0.0,1.419625691103111e-06
rs138958014,111856886,-0.0143,0.0893,0.873,0.0317405,0.0983183,0.74682,rsid,0.9998885697440894,5.1640386018673386e-05,5.685360081042334e-05,0.0,2.9362690816170103e-06
rs2851187,111857217,0.0178,0.012,0.138,0.0183686,0.00855579,0.0317995,rsid,0.9999182197711338,2.3793507152816312e-05,5.663897171555211e-05,0.0,1.3477499979454364e-06
rs147514078,111857541,-0.0642,0.0639,0.315,-0.00822573,0.0675257,0.903045,rsid,0.9998961365569792,6.0078414941791826e-05,4.1303331625718295e-05,0.0,2.4816964534265222e-06
rs183580515,111858824,-0.061,0.0639,0.34,-0.00822573,0.0675257,0.903045,rsid,0.9998986808411117,5.7634959062537284e-05,4.1303436724045444e-05,0.0,2.3807631016474297e-06
rs185574443,111860562,-0.0577,0.0621,0.353,0.000843369,0.0315594,0.97868,rsid,0.9999229685072026,5.52961550283931e-05,2.059635101255833e-05,0.0,1.1389867564597532e-06
rs7943207,111860793,-0.0239,0.0616,0.698,0.00823733,0.0675257,0.902908,rsid,0.999916505537564,4.051592456549166e-05,4.1304892232479613e-05,0.0,1.6736456380197616e-06
rs77523010,111861139,0.0462,0.0817,0.572,-0.137314,0.101059,0.174224,rsid,0.9998347693442192,5.410533526311041e-05,0.00010542056301139506,0.0,5.704757506181204e-06
rs76119044,111861160,-0.015,0.0213,0.481,-0.00988203,0.0138657,0.476033,rsid,0.9999700179232078,1.7928574633277107e-05,1.1841199956492587e-05,0.0,2.1230220242847136e-07
rs489417,111861190,-0.0176,0.0119,0.139,-0.0192885,0.00855498,0.0241552,rsid,0.9999031389993591,2.3448510447123704e-05,7.173035722983521e-05,0.0,1.6821329639618067e-06
rs117844095,111861885,-0.0624,0.064,0.33,-0.00822573,0.0675257,0.903045,rsid,0.9998976046283683,5.866852222538123e-05,4.130339226825627e-05,0.0,2.423457138068119e-06
rs117061857,111862102,-0.0633,0.0638,0.321,-0.00822573,0.0675257,0.903045,rsid,0.9998968651570537,5.9378688793630666e-05,4.1303361722454745e-05,0.0,2.4527924302104673e-06
rs117833418,111862526,0.0578,0.0642,0.368,0.00822573,0.0675257,0.903045,rsid,0.999900985600021,5.5421536184531084e-05,4.1303531928155224e-05,0.0,2.289331866126267e-06
rs7935715,111862570,-0.0064,0.0139,0.645,0.00086249,0.0104071,0.933951,rsid,0.9999827325938386,1.0250509640810832e-05,6.945698343277456e-06,0.0,7.11981772377737e-08
rs117622007,111862907,-0.062,0.0638,0.331,-0.00822573,0.0675257,0.903045,rsid,0.9998979038760634,5.838113351339703e-05,4.1303404629466944e-05,0.0,2.4115857937928575e-06
rs75726856,111863504,-0.0635,0.0639,0.32,-0.00822573,0.0675257,0.903045,rsid,0.9998967134226836,5.952441003363487e-05,4.1303355454668745e-05,0.0,2.458811828106662e-06
rs202117762,111864098,-0.0016,0.1005,0.987,-0.0354505,0.0777281,0.64833,rsid,0.9998916144565764,5.56659903951809e-05,4.9939329458368136e-05,0.0,2.78022357001377e-06
rs181156346,111864509,-0.1201,0.063,0.0566,0.0136951,0.0327633,0.675946,rsid,0.9997911551823288,0.00018144363793139585,2.3192219959375005e-05,0.0,4.20895978057209e-06
rs45579845,111864601,-0.0404,0.0276,0.143,-0.0295099,0.0196566,0.133286,rsid,0.9999076441207058,5.100566154667911e-05,3.9343301287387385e-05,0.0,2.006916460127851e-06
rs140140857,111865381,-0.0537,0.032,0.0933,0.00294644,0.0163053,0.856599,rsid,0.9999079155007453,8.022097587840761e-05,1.0982421657481464e-05,0.0,8.811017186818793e-07
rs78043752,111865593,0.041,0.0683,0.548,-0.0138581,0.0374932,0.711667,rsid,0.9999247850008826,4.811045434081796e-05,2.586030038959681e-05,0.0,1.2442443869740023e-06
rs10789855,111866015,-0.0187,0.012,0.119,-0.0198721,0.00857195,0.0204348,rsid,0.9998880554244297,2.664814946591622e-05,8.308219157392032e-05,0.0,2.2142345305624506e-06
rs3839945,111866442,0.0226,0.0136,0.0966,0.0198356,0.00857188,0.0206662,rsid,0.9998792907492401,3.551530898529055e-05,8.227168472749156e-05,0.0,2.9222570472959797e-06
rs77141614,111867617,0.2648,0.1868,0.156,0.0227866,0.0587034,0.697893,rsid,0.9998409944179957,0.00011560536357463543,3.890220021942962e-05,0.0,4.498018210223807e-06
rs113324773,111868123,-0.0165,0.0567,0.771,0.00533905,0.0677117,0.937152,rsid,0.9999205420652155,3.6693536209123614e-05,4.1250646215219546e-05,0.0,1.5137523601842218e-06
rs181930043,111868389,0.0159,0.1117,0.887,0.0837671,0.0473158,0.0766637,rsid,0.9998072608887641,6.0110822115012154e-05,0.00012510658001649836,0.0,7.521709104317011e-06
rs60894038,111869153,-0.0068,0.0567,0.905,0.00533905,0.0677117,0.937152,rsid,0.9999216991898625,3.558221037780011e-05,4.125069395115198e-05,0.0,1.4679058086141563e-06
rs58084586,111869505,-0.0074,0.0569,0.897,0.00533905,0.0677117,0.937152,rsid,0.9999215440027012,3.573125525506054e-05,4.12506875490726e-05,0.0,1.4740544946781135e-06
rs10891306,111869550,0.0195,0.012,0.104,0.0198894,0.00857197,0.0203254,rsid,0.9998844473218099,2.961119265023215e-05,8.346956648929189e-05,0.0,2.4719190506123513e-06
rs113144366,111870415,-0.1562,0.0434,0.000319,-0.0647829,0.0271931,0.0172036,rsid,0.9859222108735541,0.010797791839206395,0.0002744314876745062,0.0,0.0030055657995649875
rs185835617,111870541,-0.0224,0.0696,0.748,0.0211102,0.0273949,0.440952,rsid,0.9999310776151072,4.392361047944432e-05,2.3946868968634415e-05,0.0,1.051905444612515e-06
rs142797842,111870597,0.0145,0.0444,0.744,0.000881778,0.0204888,0.965672,rsid,0.9999562388610537,2.9810683139007257e-05,1.3546604597005006e-05,0.0,4.038512102396603e-07
rs61196156,111870834,0.0063,0.0588,0.915,0.00533905,0.0677117,0.937152,rsid,0.9999205573259419,3.6678879499926646e-05,4.1250646844784394e-05,0.0,1.5131477134144748e-06
rs57441013,111871260,0.01,0.0569,0.86,-0.00533905,0.0677117,0.937152,rsid,0.9999213160839372,3.5950153029343185e-05,4.1250678146529186e-05,0.0,1.4830848868586587e-06
rs587743293,111871313,-0.2211,0.1329,0.0962,0.114665,0.0935697,0.220408,rsid,0.9997520962380854,0.00014396336757378339,9.085706227993028e-05,0.0,1.3083332060916014e-05
rs184902663,111872543,-0.0688,0.0867,0.427,0.0244964,0.0305015,0.421903,rsid,0.9999077554909058,6.336308364813984e-05,2.7160305944747314e-05,0.0,1.7211195013095849e-06
rs57528425,111872624,-0.0079,0.0588,0.893,0.00533905,0.0677117,0.937152,rsid,0.9999204484075833,3.6783486886602355e-05,4.1250642351474684e-05,0.0,1.5174631786116852e-06
rs587718756,111872700,0.5542,0.3043,0.0686,-0.115046,0.0853437,0.177647,rsid,0.9997655651176259,0.00012402427581858117,9.822541407398979e-05,0.0,1.2185192481673003e-05
rs587638080,111873414,0.1208,0.1245,0.332,0.0634876,0.0798682,0.426669,rsid,0.9998504222980518,8.43916009312308e-05,6.0112363506888927e-05,0.0,5.0737375101035025e-06
rs189019179,111873597,0.117,0.0501,0.0195,-0.062234,0.0593863,0.294661,rsid,0.9995508906176839,0.00036816728762269777,5.915381116261548e-05,0.0,2.1788283530843672e-05
rs35823624,111873931,0.0185,0.012,0.123,0.0195762,0.00857174,0.0223831,rsid,0.9998952663269676,2.597300865277607e-05,7.676659606967309e-05,0.0,1.9940683100601746e-06
rs35574414,111874039,0.1397,0.1294,0.28,0.00906658,0.0553893,0.869976,rsid,0.9998705220985755,9.123013903012486e-05,3.504975435994743e-05,0.0,3.1980080345987878e-06
rs117001140,111874041,0.0149,0.0894,0.868,0.153947,0.0804075,0.0555444,rsid,0.9997419819960299,5.171591516354319e-05,0.00019615512871268384,0.0,1.0146960093788818e-05
rs35345409,111874414,0.0187,0.012,0.119,0.0198356,0.00857188,0.0206662,rsid,0.9998888866994341,2.664817162033685e-05,8.227247429778902e-05,0.0,2.1926546478121544e-06
rs138266193,111874522,-0.0071,0.0221,0.748,-0.00181649,0.0170409,0.91511,rsid,0.999973141383161,1.533224341257759e-05,1.1352312335515494e-05,0.0,1.740610910638823e-07
rs10789856,111875773,0.0151,0.0123,0.22,0.0198005,0.00857192,0.0208925,rsid,0.999899817145711,1.7275735708189553e-05,8.149902195010452e-05,0.0,1.4080966308255356e-06
rs59319760,111876254,-0.0033,0.0568,0.954,0.00541053,0.0677053,0.936307,rsid,0.999921820673025,3.5465877074606966e-05,4.1250355479944525e-05,0.0,1.4630944204726458e-06
rs2081510,111876548,0.0331,0.06,0.581,0.005437,0.0677043,0.935995,rsid,0.9999146568836832,4.234555547099281e-05,4.125063087921542e-05,0.0,1.7469299665565987e-06
rs111302548,111876815,0.275,0.1614,0.0884,0.0737213,0.228363,0.746829,rsid,0.9997594053381528,0.00014351532771237927,8.489296103517669e-05,0.0,1.2186373099752709e-05
rs2081508,111876817,0.0175,0.012,0.145,0.0201772,0.00857203,0.0185802,rsid,0.9998847332543399,2.2939085553671127e-05,9.025700819633879e-05,0.0,2.0706519101412887e-06
rs201198738,111878217,0.0212,0.0137,0.122,0.0198356,0.00857188,0.0206662,rsid,0.9998854550816819,2.981915785675528e-05,8.227219193873186e-05,0.0,2.4535685224483062e-06
rs139880680,111878614,-0.0296,0.0639,0.643,0.00541053,0.0677053,0.936307,rsid,0.9999140612955733,4.291814201566794e-05,4.1250035377840956e-05,0.0,1.7705270332968992e-06
rs181789219,111879348,0.0654,0.064,0.307,0.00539886,0.0677053,0.936444,rsid,0.9998951953208293,6.103789081060008e-05,4.1248785590724074e-05,0.0,2.518002769428872e-06
rs57473722,111879549,0.0066,0.0568,0.907,-0.00541053,0.0677053,0.936307,rsid,0.9999216567938438,3.5623269994759244e-05,4.12503487193415e-05,0.0,1.4695874419990067e-06
rs587713431,111880064,0.0582,0.0993,0.558,-0.0211102,0.0273949,0.440952,rsid,0.9999123608911697,6.220301790839777e-05,2.394642073080514e-05,0.0,1.4896701909282841e-06
rs142453701,111880426,0.0109,0.0568,0.848,-0.00541053,0.0677053,0.936307,rsid,0.9999212765529251,3.598846115672655e-05,4.125033303304209e-05,0.0,1.484652885054491e-06
rs113357296,111882532,-0.0256,0.0588,0.663,-0.00541053,0.0677053,0.936307,rsid,0.9999174936934604,3.9621596822776996e-05,4.1250176976544056e-05,0.0,1.634532740292146e-06
rs587628605,111882843,0.2257,0.2149,0.294,-0.0544336,0.215882,0.800929,rsid,0.9998106493966795,9.822964597926151e-05,8.29693627062587e-05,0.0,8.15159463512292e-06
rs34278528,111883314,0.0414,0.0251,0.0991,-0.0106943,0.0142723,0.453674,rsid,0.9999247324852626,6.198133108372167e-05,1.2510695711624668e-05,0.0,7.754879420400116e-07
rs117081299,111883637,-0.0616,0.0641,0.337,-0.00539886,0.0677053,0.936444,rsid,0.9998982902868232,5.8065420770767344e-05,4.124891326769391e-05,0.0,2.395379138550667e-06
rs73561936,111883880,-0.0367,0.0597,0.539,-0.00541053,0.0677053,0.936307,rsid,0.9999134231708459,4.3531010066392104e-05,4.125000905291105e-05,0.0,1.7958100348596177e-06
rs73561938,111884358,0.0293,0.0607,0.629,-0.0318241,0.06675,0.633528,rsid,0.9999119820532423,4.146177924007636e-05,4.470255682408829e-05,0.0,1.853610693514649e-06
rs117708252,111884936,0.0697,0.0826,0.399,-0.00178188,0.0452898,0.968616,rsid,0.9999058509898374,6.339016612272129e-05,2.8925104232734255e-05,0.0,1.8337398072177986e-06
rs186848391,111886390,-0.0234,0.0622,0.707,-0.00539886,0.0677053,0.936444,rsid,0.9999163829058013,4.068889128267808e-05,4.12496596444787e-05,0.0,1.6785432716325278e-06
rs193219451,111886829,-0.0651,0.064,0.309,-0.00539886,0.0677053,0.936444,rsid,0.9998954517342776,6.079162597441876e-05,4.124879616857604e-05,0.0,2.507843579272028e-06
rs192778034,111887873,0.0148,0.0573,0.796,0.0150406,0.0593043,0.799792,rsid,0.9999240662392254,3.673988713463947e-05,3.780482322575552e-05,0.0,1.3890504142811168e-06
rs7123284,111887994,0.007,0.0566,0.902,-0.00757616,0.0676333,0.910809,rsid,0.9999216701527331,3.554157075130051e-05,4.131959805653719e-05,0.0,1.4686784591011011e-06
rs74373890,111889395,-0.0382,0.0296,0.197,-0.00188805,0.0158515,0.905189,rsid,0.9999458049996784,4.3154628150244026e-05,1.0583615429174492e-05,0.0,4.5675674226300443e-07
rs650461,111889635,-0.0184,0.0119,0.122,-0.019736,0.00855863,0.0211115,rsid,0.9998913277061865,2.5941575068660295e-05,8.063859911693707e-05,0.0,2.0921196278625197e-06
rs476581,111889654,0.0153,0.0135,0.257,0.0223672,0.00930841,0.0162656,rsid,0.9998713071439828,1.694926068585259e-05,0.00010988095467772949,0.0,1.8626406537886607e-06
rs117676067,111890045,-0.062,0.0637,0.33,-0.00539886,0.0677053,0.936444,rsid,0.9998979542460433,5.838816136039731e-05,4.1248899404966955e-05,0.0,2.408693191308765e-06
rs116955619,111890812,-0.0641,0.0637,0.314,-0.00539886,0.0677053,0.936444,rsid,0.9998962502417952,6.002472266212992e-05,4.124882910949378e-05,0.0,2.476206433253671e-06
rs80108300,111891195,-0.0142,0.0907,0.876,0.0896331,0.0956878,0.3489,rsid,0.9998704983119899,5.220781241516344e-05,7.345828263885258e-05,0.0,3.835592956111609e-06
rs10891310,111892059,-0.018,0.0119,0.13,-0.0193135,0.00855731,0.0240104,rsid,0.9999014495595353,2.4649823808251827e-05,7.212263128155341e-05,0.0,1.7779853749196417e-06
rs9971485,111892246,0.0169,0.012,0.159,0.0194537,0.00857029,0.0232135,rsid,0.9999026785590267,2.1362761272512978e-05,7.436978118565477e-05,0.0,1.5888985152512344e-06
rs606721,111892515,0.0172,0.0119,0.148,0.0194175,0.00855811,0.0232745,rsid,0.9999019159863757,2.2330737142289417e-05,7.409844135254526e-05,0.0,1.6548351293684118e-06
rs1130025,111892527,0.0171,0.012,0.154,0.0196724,0.00857058,0.021714,rsid,0.9998976029090735,2.1869766624509215e-05,7.880372865591601e-05,0.0,1.7235956460261189e-06
rs200883172,111892572,-0.0136,0.0409,0.739,-0.0198292,0.0335422,0.554405,rsid,0.9999458142997888,2.7696682474653007e-05,2.5775094445358177e-05,0.0,7.139232910407001e-07
rs76749800,111893049,0.0135,0.0571,0.813,0.015387,0.0592857,0.795218,rsid,0.9999243196019468,3.645625724776341e-05,3.784437221513553e-05,0.0,1.3797685902912253e-06
rs192272070,111893717,0.569,0.2101,0.00676,0.0181878,0.0433417,0.67475,rsid,0.9996807848976296,0.00028066157382491,3.010227804651024e-05,0.0,8.451250499041814e-06
rs7940353,111893843,0.0179,0.0119,0.133,0.0195287,0.00855758,0.0224874,rsid,0.9998974664287414,2.434117569785818e-05,7.6334142258886e-05,0.0,1.8582533018161835e-06
rs73561949,111894026,0.0559,0.0618,0.366,0.00539886,0.0677053,0.936444,rsid,0.9999024788899141,5.4042598800388806e-05,4.124908606059424e-05,0.0,2.2294252248781887e-06
rs73561950,111895193,-0.0304,0.0598,0.611,-0.00541053,0.0677053,0.936307,rsid,0.9999156411562213,4.14008115090743e-05,4.125010055274963e-05,0.0,1.7079317168596364e-06
rs2276391,111895253,-0.016,0.012,0.182,-0.0195397,0.00857161,0.0226324,rsid,0.9999032129726833,1.9288154072419108e-05,7.603221030372338e-05,0.0,1.4666629407508993e-06
rs2276390,111895254,0.0161,0.012,0.18,0.0195397,0.00857161,0.0226324,rsid,0.9999029818589228,1.950295224587064e-05,7.603219272993243e-05,0.0,1.482996101485696e-06
rs78298568,111895599,-0.02,0.058,0.73,-0.00533905,0.0677117,0.937152,rsid,0.999919203007647,3.797959408491371e-05,4.1250590973840156e-05,0.0,1.5668072942662283e-06
rs61757217,111896251,-0.0651,0.0638,0.308,-0.00532738,0.0677117,0.937289,rsid,0.9998954182662013,6.082341302933275e-05,4.124914459644987e-05,0.0,2.509176172891107e-06
rs2303436,111896324,0.0185,0.0126,0.142,0.0196319,0.0085713,0.0219968,rsid,0.9998957569439344,2.44112585481598e-05,7.792924816449616e-05,0.0,1.9025493529660928e-06
rs1974426,111897050,-0.0141,0.0131,0.282,-0.0184522,0.00853881,0.0306966,rsid,0.9999253780702858,1.5459725987072805e-05,5.8261430754590495e-05,0.0,9.007729724982278e-07
rs587674248,111897517,0.0305,0.0545,0.576,-0.00621708,0.0263513,0.813487,rsid,0.9999423088714255,3.9217107591793894e-05,1.7776825098155327e-05,0.0,6.971958845322758e-07
rs59151988,111897658,-0.0211,0.0132,0.11,-0.0209508,0.00864122,0.0153289,rsid,0.9998578622608422,3.1143696676625484e-05,0.00010764122040074852,0.0,3.35282208061304e-06
rs4456288,111897741,0.0164,0.0128,0.2,0.0194411,0.00857032,0.0233034,rsid,0.9999052482298791,1.9206038116875618e-05,7.412200701147627e-05,0.0,1.4237249924249328e-06
rs370830942,111898224,0.0155,0.0151,0.305,0.0190572,0.0085779,0.0263063,rsid,0.9999151818816323,1.6873747821234244e-05,6.681682466075107e-05,0.0,1.1275458858615508e-06
rs145275342,111898562,-0.0067,0.0635,0.916,-0.000547688,0.0666271,0.993441,rsid,0.9999186449424377,3.91692120547084e-05,4.059561777354984e-05,0.0,1.590227734132911e-06
rs142286345,111898877,0.0624,0.0639,0.329,0.00539886,0.0677053,0.936444,rsid,0.9998976543618936,5.8676176366835916e-05,4.124888703381341e-05,0.0,2.420574705794576e-06
rs11553595,111899635,0.0239,0.0606,0.693,8.18507e-05,0.0665679,0.999019,rsid,0.9999177616173264,4.00493444509239e-05,4.0564329792932194e-05,0.0,1.6247084296915902e-06
rs587640039,111900382,-0.2652,0.1788,0.138,-0.082436,0.0630145,0.190803,rsid,0.9997895168081147,0.00012066306424949699,8.014727577671146e-05,0.0,9.672851859201449e-06
rs11390768,111901115,0.0215,0.0135,0.111,0.0192848,0.0085591,0.0242505,rsid,0.9998946875548781,3.153731588658424e-05,7.151936293427597e-05,0.0,2.2557663011303212e-06
rs72991458,111901580,0.0816,0.0333,0.0143,0.0510087,0.0253157,0.0439147,rsid,0.9994561357940372,0.00037877028294755336,0.00011972208056383574,0.0,4.5371842451301695e-05
rs183791586,111901930,-0.063,0.1872,0.736,-0.0730841,0.13331,0.583535,rsid,0.9998422107280972,7.978065737140415e-05,7.224402883051674e-05,0.0,5.764585701037888e-06
rs10789858,111902202,-0.0176,0.0119,0.139,-0.0194057,0.00855704,0.0233405,rsid,0.9999009123483082,2.3448458230415512e-05,7.390603905725245e-05,0.0,1.733154404009354e-06
rs188846750,111903259,-0.0889,0.1039,0.392,-0.151683,0.113798,0.182559,rsid,0.9998131323817929,7.291508952188e-05,0.00010620698917140415,0.0,7.745539513802948e-06
rs478941,111903995,-0.0176,0.0119,0.139,-0.0193501,0.00855594,0.0237225,rsid,0.9999019740382573,2.344848312787497e-05,7.286865175420529e-05,0.0,1.708826860605942e-06
rs12098930,111904072,-0.0074,0.0569,0.897,0.000818306,0.0665513,0.99019,rsid,0.9999222607991605,3.5731280869107364e-05,4.055859669130702e-05,0.0,1.4493232792674285e-06
rs694747,111904526,-0.0176,0.0119,0.139,-0.0193702,0.00855636,0.0235841,rsid,0.9999015930651574,2.3448474193757885e-05,7.324090417790252e-05,0.0,1.717556471010773e-06
rs113121298,111904620,-0.0113,0.0586,0.847,-0.000547688,0.0666271,0.993441,rsid,0.9999209219913778,3.698091323879896e-05,4.0595710219279194e-05,0.0,1.5013851640355355e-06
rs58443675,111905173,0.0752,0.0525,0.152,0.0437199,0.0369438,0.236644,rsid,0.9998675217519369,8.238807673513283e-05,4.6276993660066476e-05,0.0,3.8131776678338008e-06
rs185455464,111905461,0.0252,0.1301,0.846,0.00926316,0.0934255,0.921019,rsid,0.9998772063659259,6.622552667306947e-05,5.3054137696678763e-05,0.0,3.513969704258113e-06
rs6589259,111905468,-0.0192,0.012,0.11,-0.0192524,0.00857003,0.0246729,rsid,0.9998989952423978,2.8448937928873985e-05,7.054858462813786e-05,0.0,2.007235045345013e-06
rs148871049,111905744,0.0831,0.1209,0.492,-0.244271,0.233232,0.294948,rsid,0.9998216994722546,7.240961929107334e-05,9.873991385697033e-05,0.0,7.150994597327207e-06
rs146441615,111905941,-0.09,0.0546,0.0993,-0.0847175,0.0328709,0.00995818,rsid,0.9993199649184772,0.00011345055572561946,0.0005088193998124086,0.0,5.7765125984852216e-05
rs57116756,111907191,0.0252,0.0605,0.677,0.000547688,0.0666271,0.993441,rsid,0.9999174644336153,4.030370943520993e-05,4.059556984616578e-05,0.0,1.6362871033194763e-06
rs117235267,111907751,0.0642,0.0641,0.317,0.00557577,0.0676325,0.934295,rsid,0.9998962520604221,6.00528179770128e-05,4.1219516632553435e-05,0.0,2.4756049683498584e-06
rs627441,111908162,-0.0175,0.0119,0.141,-0.0193563,0.00855594,0.0236777,rsid,0.9999021600394623,2.3161474419960982e-05,7.298781528568465e-05,0.0,1.6906708318756952e-06
rs11602350,111908612,0.0151,0.0213,0.478,0.00890005,0.0138611,0.520817,rsid,0.9999705209063642,1.798697648684774e-05,1.1289055192534892e-05,0.0,2.0306195638927778e-07
rs72991467,111909645,-0.0085,0.0482,0.86,0.00747389,0.0319011,0.814765,rsid,0.9999469523256211,3.102838664027422e-05,2.1356591990519885e-05,0.0,6.626957480686905e-07
rs6589260,111909819,0.0192,0.012,0.11,0.0194602,0.00855609,0.0229403,rsid,0.9998944033755438,2.8448807281942913e-05,7.50135458918362e-05,0.0,2.13427128245513e-06
rs76539854,111909910,0.0512,0.0568,0.367,-0.00548638,0.0543208,0.919551,rsid,0.9999135456600273,5.052188033304053e-05,3.4204247337340116e-05,0.0,1.7282123023127466e-06
rs141052831,111910872,0.0316,0.0587,0.59,0.0836958,0.0840394,0.319293,rsid,0.999884443344952,4.1320987741614267e-05,7.128957136118669e-05,0.0,2.9460959453134217e-06
rs118178980,111911215,-0.0644,0.0643,0.317,-0.00532738,0.0677117,0.937289,rsid,0.999896081667174,6.018626908089804e-05,4.1249171964034664e-05,0.0,2.482891781166112e-06
rs587644969,111911647,-0.0282,0.0568,0.62,0.0328243,0.0578899,0.570707,rsid,0.9999175098044264,3.944394157682079e-05,4.1412641430727424e-05,0.0,1.633612566155515e-06
rs143452406,111911789,0.0008,0.0659,0.99,0.101236,0.0609991,0.0969884,rsid,0.9998320366826534,4.022246936004534e-05,0.00012280067195308755,0.0,4.9401760333808865e-06
rs10891313,111912083,-0.0172,0.012,0.152,-0.0195795,0.00857034,0.0223383,rsid,0.9998992809398732,2.213014766196766e-05,7.68872156361838e-05,0.0,1.7016968286514989e-06
rs141101101,111912342,-0.064,0.0642,0.319,-0.00532738,0.0677117,0.937289,rsid,0.9998963976225494,5.988281903508387e-05,4.1249184998286775e-05,0.0,2.4703734171563116e-06
rs117495215,111912900,0.0629,0.0647,0.331,0.00532738,0.0677117,0.937289,rsid,0.9998973241948792,5.899291989859259e-05,4.124922322260035e-05,0.0,2.433661999655235e-06
rs73561976,111913290,0.0055,0.0575,0.924,-0.000477586,0.0666332,0.994281,rsid,0.9999220048508203,3.5937442431198955e-05,4.059858368007037e-05,0.0,1.459123068312127e-06
rs7949136,111913364,0.0174,0.012,0.147,0.0192681,0.00857029,0.0245607,rsid,0.9999048990961656,2.2664989545833134e-05,7.083039151847839e-05,0.0,1.6055227699601303e-06
rs587670012,111913616,-0.0325,0.1247,0.794,-0.0213581,0.11272,0.849717,rsid,0.9998700472495362,6.522252035295888e-05,6.0766378630465625e-05,0.0,3.9638514804034575e-06
rs675283,111914449,0.0394,0.0414,0.341,-0.00386982,0.0273366,0.887426,rsid,0.9999406353611113,4.0526336630241184e-05,1.8104547704490612e-05,0.0,7.337545538845712e-07
rs559170,111914566,-0.0148,0.0122,0.225,-0.0193248,0.00855716,0.023926,rsid,0.9999096001117976,1.6838567107828258e-05,7.234305753463113e-05,0.0,1.2182635599719895e-06
rs73561980,111915596,0.0056,0.0572,0.922,-0.000792594,0.0665523,0.990498,rsid,0.999922208910274,3.578080007055686e-05,4.0558945243026714e-05,0.0,1.4513444124768168e-06
rs7122916,111916124,0.0259,0.0591,0.661,0.000818306,0.0665513,0.99019,rsid,0.9999179904234102,3.9835361154882246e-05,4.0558423477393736e-05,0.0,1.615791957508927e-06
rs646469,111916342,-0.0156,0.0122,0.201,-0.0192721,0.00855665,0.0243036,rsid,0.9999090686593971,1.8262192888015296e-05,7.136573438673134e-05,0.0,1.3034133280866364e-06
rs116892694,111916559,0.0834,0.0677,0.218,0.00564048,0.0676267,0.933529,rsid,0.9998783278574054,7.726828442719307e-05,4.121858152691968e-05,0.0,3.185276640541088e-06
rs10891314,111916647,0.0176,0.012,0.142,0.0194773,0.0085705,0.023051,rsid,0.9999002164687134,2.3218926169874904e-05,7.482702848534588e-05,0.0,1.7375766314445391e-06
rs72991473,111916999,0.0388,0.0283,0.17,0.0291166,0.0197613,0.140639,rsid,0.9999143456202623,4.5946284503342594e-05,3.7963656837633263e-05,0.0,1.74443839663802e-06
rs142003559,111917675,-0.1442,0.066,0.0289,-0.00888597,0.092887,0.923787,rsid,0.9996340785644109,0.0002974023732987277,5.280806842276564e-05,0.0,1.5710993867682696e-05
rs61564685,111918178,0.0217,0.0194,0.263,0.000893489,0.0170409,0.958184,rsid,0.9999646945585191,2.3733101490505573e-05,1.130405034413179e-05,0.0,2.682896461554665e-07
rs148100976,111918591,0.0528,0.0739,0.475,0.0857485,0.0632172,0.174969,rsid,0.9998563112306577,5.426832933720288e-05,8.481690670281588e-05,0.0,4.603533302346063e-06
rs113096735,111918948,-0.0018,0.0574,0.975,-0.00898138,0.0666441,0.892797,rsid,0.9999218692685546,3.575542200652933e-05,4.0912356562935736e-05,0.0,1.462952875767621e-06
rs146021242,111919797,-0.0016,0.0812,0.984,0.0197801,0.113817,0.862032,rsid,0.9998884536679271,4.761224722011284e-05,6.102807681732772e-05,0.0,2.9060080353319605e-06
rs539460,111920691,0.0423,0.0389,0.277,-0.00193756,0.0271527,0.943113,rsid,0.9999376785991692,4.368432560874911e-05,1.78569574601124e-05,0.0,7.801177621008789e-07
rs676922,111920741,-0.013,0.0122,0.287,-0.0197628,0.00854196,0.020689,rsid,0.9999026705029376,1.424875743740614e-05,8.191346097798908e-05,0.0,1.1672786469774418e-06
rs514615,111921108,0.0123,0.0122,0.313,0.0197683,0.00854316,0.0206719,rsid,0.9999034826559743,1.3431034965567245e-05,8.198505858192357e-05,0.0,1.1012504782391611e-06
rs182344273,111921212,-0.0645,0.0649,0.32,0.00110422,0.0682994,0.987101,rsid,0.9998958679714272,6.0193404645825864e-05,4.14437252067663e-05,0.0,2.4948987202661226e-06
rs150967287,111921443,0.0005,0.1197,0.997,0.0441484,0.0841604,0.599878,rsid,0.999879909515286,6.237321657823071e-05,5.432823441366354e-05,0.0,3.3890337220987223e-06
rs193137917,111921893,0.2655,0.1487,0.0742,0.0449379,0.0198371,0.023492,rsid,0.9996538691489092,0.00015725926009322542,0.00016319826609347113,0.0,2.5673324904155995e-05
rs78285712,111921906,0.0652,0.0649,0.315,-0.00446623,0.0676751,0.947382,rsid,0.9998955556574194,6.07423147786795e-05,4.119922981289305e-05,0.0,2.5027979890244824e-06
rs117067819,111922686,0.012,0.1312,0.927,0.0741185,0.0882528,0.400997,rsid,0.9998637662529725,6.599006102246678e-05,6.589469836035311e-05,0.0,4.348987644739362e-06
rs73568032,111923610,-0.0356,0.0611,0.56,0.00602508,0.0672256,0.928586,rsid,0.9999135377042042,4.363635136545072e-05,4.103516472901231e-05,0.0,1.790779701378577e-06
rs112026963,111924209,-0.0032,0.0582,0.956,-0.0061076,0.0672199,0.927604,rsid,0.9999212561525673,3.622095584094746e-05,4.103639701533275e-05,0.0,1.4864945764660948e-06
rs145641782,111924922,0.0437,0.0429,0.308,0.0027841,0.02052,0.892077,rsid,0.9999412932736224,4.4421775970147994e-05,1.3677342875807944e-05,0.0,6.076075317451515e-07
rs182158314,111926027,-0.0633,0.1782,0.722,0.0216407,0.0262578,0.409848,rsid,0.9998956119896876,7.853220589041091e-05,2.3972958558140168e-05,0.0,1.8828458638236015e-06
rs12576402,111926528,-0.0144,0.0123,0.242,-0.019214,0.00857251,0.0250029,rsid,0.9999129654037804,1.6143629538362244e-05,6.976461455741874e-05,0.0,1.1263521239039068e-06
rs60146055,111926784,-0.0054,0.0562,0.923,-0.00630932,0.0671937,0.925191,rsid,0.9999222935857072,3.52280727710418e-05,4.1032725353351266e-05,0.0,1.4456161683909196e-06
rs188613293,111927228,0.0088,0.0705,0.901,-0.00253002,0.0265845,0.924181,rsid,0.9999389109756084,4.281006325461066e-05,1.7528518315378616e-05,0.0,7.504428216607971e-07
rs117133654,111927279,-0.1034,0.0485,0.033,0.0622347,0.0593801,0.294605,rsid,0.9996858558006402,0.00024073328944121356,5.916375008291124e-05,0.0,1.4247159835756851e-05
rs34169957,111927363,0.0176,0.014,0.209,0.0220935,0.00863436,0.0105039,rsid,0.9998264851948424,2.0339442356759654e-05,0.00015012144639564592,0.0,3.053916405187638e-06
rs599982,111927771,0.0155,0.0134,0.247,0.0223473,0.00926463,0.0158606,rsid,0.9998689694985503,1.7278863584524755e-05,0.00011181927467339733,0.0,1.9323631917201304e-06
rs183679297,111927961,-0.1489,0.1176,0.205,0.0851592,0.0598147,0.154529,rsid,0.9998008504648755,0.00010135219061077088,8.879589355034059e-05,0.0,9.001450963342638e-06
rs4937001,111928053,0.0381,0.0297,0.2,0.00215644,0.0158556,0.891817,rsid,0.9999460614343323,4.287477340703478e-05,1.060891298482553e-05,0.0,4.5487927585503537e-07
rs60263509,111928226,0.026,0.0591,0.66,-0.00652709,0.0671805,0.922601,rsid,0.9999174666779275,3.986096741396771e-05,4.103646639369889e-05,0.0,1.6358882649966625e-06
rs117170273,111928269,-0.0636,0.0654,0.331,0.00514654,0.0676153,0.939328,rsid,0.9998968930547122,5.946350921858143e-05,4.11936636807764e-05,0.0,2.4497723885766283e-06
rs73568049,111929798,0.0001,0.0583,0.999,0.0068024,0.0671663,0.919331,rsid,0.9999212421575636,3.6227449559029465e-05,4.104337882721493e-05,0.0,1.4870140502133344e-06
rs3882890,111930576,0.0143,0.0122,0.241,0.0192637,0.00855595,0.0243545,rsid,0.9999115842221815,1.6040505543057322e-05,7.123256488998476e-05,0.0,1.1427073853262837e-06
rs191149587,111932449,-0.0934,0.0893,0.296,0.0244741,0.0305025,0.422342,rsid,0.9998941689611457,7.660642726797144e-05,2.714491642416045e-05,0.0,2.0796951620421104e-06
rs191621037,111932676,-0.0528,0.1385,0.703,0.0408204,0.0947441,0.666578,rsid,0.99986836018205,7.054982132723541e-05,5.706363718567849e-05,0.0,4.026359436955086e-06
rs74369020,111932757,-0.0021,0.0363,0.954,0.021178,0.0335281,0.527616,rsid,0.9999494394934201,2.355943188032225e-05,2.637955592439423e-05,0.0,6.215187751380371e-07
rs10891315,111933088,-0.0139,0.0123,0.258,-0.0194172,0.00855704,0.0232595,rsid,0.9999093150632552,1.541081780314211e-05,7.413158695121116e-05,0.0,1.1425319904041811e-06
rs9371,111933678,-0.0121,0.0122,0.321,-0.0195064,0.00854276,0.0224073,rsid,0.999909335997437,1.3214149857083666e-05,7.643967578827982e-05,0.0,1.0101769175758637e-06
rs9822,111934507,0.0157,0.0123,0.202,0.0192017,0.00856987,0.0250513,rsid,0.9999107378664404,1.835644450142531e-05,6.962746231313735e-05,0.0,1.2782267449726171e-06
rs148798969,111934712,-0.1102,0.1043,0.291,-0.0655705,0.0868206,0.450104,rsid,0.9998496558612017,8.316371182231956e-05,6.202169686617637e-05,0.0,5.158730109745593e-06
rs184244244,111934854,0.0316,0.1189,0.79,0.0433655,0.163472,0.790795,rsid,0.9998568958210812,6.347772761780341e-05,7.487300297401376e-05,0.0,4.7534483270313035e-06
rs180787780,111935605,-0.1152,0.0844,0.172,0.220735,0.125758,0.0792191,rsid,0.9997260084059403,9.9476712479837e-05,0.00015872146479818522,0.0,1.5793416781547272e-05
rs140686705,111935853,-0.0278,0.1439,0.847,-0.00564698,0.0985805,0.95432,rsid,0.9998712712398519,6.99021534848772e-05,5.498270253086173e-05,0.0,3.843904132338727e-06
rs45539731,111935866,0.0644,0.0819,0.432,-0.000928219,0.068805,0.989236,rsid,0.999894959978459,6.080835824179029e-05,4.1695935559546506e-05,0.0,2.5357277396278997e-06
rs183840095,111936461,-0.3437,0.209,0.1,0.0535218,0.215897,0.804208,rsid,0.9997777482014004,0.00012864023867076586,8.293979330364249e-05,0.0,1.0671766625211246e-05
rs78139431,111936774,0.0429,0.0612,0.483,0.00468369,0.0668264,0.944124,rsid,0.9999106851823982,4.663398318319961e-05,4.077897836342902e-05,0.0,1.9018560551548807e-06
rs45454195,111936843,-0.0897,0.0938,0.339,0.093087,0.067109,0.16541,rsid,0.9998286210681595,7.364888119900058e-05,9.102501129589857e-05,0.0,6.705039345550311e-06
rs73568062,111936911,0.0339,0.0619,0.584,0.00468369,0.0668264,0.944124,rsid,0.9999140904314978,4.336203387664269e-05,4.077911723841197e-05,0.0,1.7684173871262638e-06
rs117935865,111937379,-0.0667,0.0649,0.304,0.0172538,0.0693885,0.803628,rsid,0.9998923086907413,6.195574515374216e-05,4.3067026978570575e-05,0.0,2.6685371262705908e-06
rs113725599,111939815,-0.029,0.06,0.629,0.0215835,0.0682361,0.75177,rsid,0.9999139924576992,4.107410563591314e-05,4.316050503625739e-05,0.0,1.7729316286506447e-06
rs111773638,111939888,-0.0064,0.0588,0.913,0.0215835,0.0682361,0.75177,rsid,0.9999185711869432,3.6684646330840644e-05,4.3160702673522274e-05,0.0,1.5834640525670517e-06
rs79404432,111939975,-0.0019,0.0206,0.927,-0.0361558,0.0180463,0.0451232,rsid,0.9998987852387697,1.3662530473242143e-05,8.637205053291723e-05,0.0,1.1801802241019832e-06
rs113831379,111939991,0.0042,0.0582,0.942,-0.021235,0.0677942,0.754107,rsid,0.9999192911249443,3.6255289358448516e-05,4.289817443457858e-05,0.0,1.555411262568096e-06
rs118152655,111940041,-0.0704,0.0654,0.282,0.0141408,0.0691891,0.838057,rsid,0.9998895856989689,6.503075452674636e-05,4.26121408313607e-05,0.0,2.771405673083631e-06
rs141040643,111940774,-0.017,0.0676,0.801,-0.0191235,0.0556121,0.730942,rsid,0.9999196552592398,4.2182035210184415e-05,3.661796130493728e-05,0.0,1.544744245165954e-06
rs146567403,111940864,-0.0132,0.0775,0.865,-0.0512022,0.0381049,0.17904,rsid,0.9998934070536862,4.6430237968513074e-05,5.749300965437349e-05,0.0,2.669698690827806e-06
rs1425917,111941959,-0.0051,0.0209,0.807,-0.0364664,0.0180598,0.043466,rsid,0.9998953593926885,1.4208938239679542e-05,8.916460215990922e-05,0.0,1.2670669119069136e-06
rs11214075,111942256,-0.0149,0.0123,0.226,-0.0192346,0.00857002,0.0248068,rsid,0.9999116487983345,1.69389849266635e-05,7.022261187171309e-05,0.0,1.1896048670253985e-06
rs117706566,111942362,0.0617,0.0644,0.338,-0.0131885,0.0691592,0.848762,rsid,0.9998969026705277,5.812410948476598e-05,4.2502542815304824e-05,0.0,2.4706771721961734e-06
rs60060685,111943618,-0.0059,0.0644,0.927,-0.0125303,0.0653378,0.847917,rsid,0.9999182450160291,3.959183339425349e-05,4.05572821317382e-05,0.0,1.6058684448324797e-06
rs77277636,111943977,0.0291,0.0277,0.293,-0.0244706,0.0278919,0.380304,rsid,0.9999416931264713,3.0965191039374335e-05,2.6520424590569562e-05,0.0,8.212578988727515e-07
rs188851125,111944124,-0.0553,0.1208,0.647,-0.0954955,0.0882478,0.279195,rsid,0.999849595123366,6.683512325837325e-05,7.833353439614829e-05,0.0,5.2362189795002325e-06
rs7924616,111944625,0.0234,0.0584,0.689,-0.0054716,0.0678681,0.935743,rsid,0.9999181569411257,3.8900579591784245e-05,4.133441497394102e-05,0.0,1.6080643084755036e-06
rs2303437,111944901,0.0179,0.0124,0.149,0.0189118,0.00865443,0.0288729,rsid,0.9999131514619323,2.3189122918046778e-05,6.221654278025271e-05,0.0,1.4428723694230987e-06
rs529012116,111945316,0.1368,0.2318,0.555,-0.0177821,0.101045,0.860309,rsid,0.9998501653064077,8.837880403007311e-05,5.6464846157574286e-05,0.0,4.99104340460772e-06
rs59038861,111945610,-0.0077,0.0593,0.897,-0.00143678,0.0681846,0.983188,rsid,0.9999200424722813,3.703440793160488e-05,4.1390137960168214e-05,0.0,1.532981826999199e-06
rs72991495,111945942,0.0215,0.0711,0.762,-0.0174737,0.0668884,0.79391,rsid,0.9999117721705538,4.446170666805493e-05,4.190288462401217e-05,0.0,1.8632381541562608e-06
rs45557133,111946055,0.0087,0.0361,0.81,-0.0219489,0.0335079,0.512445,rsid,0.9999485605560888,2.4050930213122755e-05,2.6745232878462793e-05,0.0,6.432808195012589e-07
rs73568071,111946418,-0.0233,0.0603,0.699,0.00535433,0.0678642,0.937114,rsid,0.9999172528683704,3.977547466595713e-05,4.132769235027408e-05,0.0,1.6439646134370598e-06
rs111798527,111948029,0.1005,0.0516,0.0515,-0.102363,0.0436997,0.0191593,rsid,0.9994100113719557,0.00017726810878847805,0.00035054362937128516,0.0,6.217688988445589e-05
rs186712730,111948426,0.1519,0.1194,0.203,-0.114666,0.0935731,0.220421,rsid,0.9997976580713368,0.00010219477806609764,9.085986740566238e-05,0.0,9.28728319142972e-06
rs59832153,111949735,-0.0192,0.0564,0.734,-0.0174331,0.0632485,0.782833,rsid,0.9999213586826929,3.702804522391869e-05,4.01273190416051e-05,0.0,1.4859530414918069e-06
rs78468878,111949736,0.1179,0.0649,0.0693,-0.0286337,0.0887793,0.747054,rsid,0.999779242752588,0.00015939170480132046,5.2927478774355776e-05,0.0,8.438063836426289e-06
rs12417851,111950136,0.0166,0.0124,0.181,0.0214272,0.00868101,0.0135763,rsid,0.9998572236659181,2.0060909569139958e-05,0.00012030171800678113,0.0,2.413706506112705e-06
rs77892090,111951464,0.0875,0.041,0.0328,0.0309432,0.0306886,0.313313,rsid,0.9997407906305651,0.00021940093309261359,3.2644373372006125e-05,0.0,7.1640629702869314e-06
rs147243898,111952183,0.0108,0.0358,0.763,0.0238259,0.0331613,0.472459,rsid,0.9999474833682088,2.4237060454948588e-05,2.7610342646560883e-05,0.0,6.692286895432142e-07
rs150961853,111952743,0.0507,0.1234,0.681,0.0917853,0.178527,0.607164,rsid,0.9998469275441952,6.68072247254058e-05,8.086222330358996e-05,0.0,5.40300777570784e-06
rs4025979,111952836,-0.0442,0.0579,0.445,-0.0233216,0.0635741,0.713738,rsid,0.9999103638418759,4.6405237898632875e-05,4.1313581772004624e-05,0.0,1.9173384534272865e-06
rs151159451,111952873,0.117,0.1039,0.26,0.00985633,0.0489973,0.840573,rsid,0.9998782170630037,8.739639038768122e-05,3.162251622389585e-05,0.0,2.7640303846825775e-06
rs3839946,111953922,-0.0213,0.0142,0.134,-0.0247967,0.00872646,0.00448942,rsid,0.9996373552712474,2.87334161553103e-05,0.00032458159128436576,0.0,9.329721312981404e-06
rs73568080,111954803,-0.0272,0.056,0.627,-0.00675395,0.0631182,0.914785,rsid,0.9999207218176158,3.879128583553752e-05,3.8974890559522166e-05,0.0,1.5120059891897944e-06
rs181665407,111955064,0.2527,0.1484,0.0886,-0.249742,0.153077,0.102789,rsid,0.9996965865743797,0.000146303562350813,0.00013705250751937207,0.0,2.005735575021278e-05
rs544184,111955483,-0.0151,0.0124,0.223,-0.0247528,0.00873282,0.00459039,rsid,0.9996589569689487,1.72015623574047e-05,0.0003183632550040036,0.0,5.478213689859239e-06
rs10812,111955502,0.0178,0.0125,0.154,0.0253591,0.00875436,0.0037706,rsid,0.999587388849065,2.2723196896912714e-05,0.0003812218002578535,0.0,8.666153780340222e-06
rs7127061,111956291,0.0117,0.0564,0.836,0.0234196,0.0635709,0.712574,rsid,0.9999213201702184,3.586493156690438e-05,4.1332397947835786e-05,0.0,1.4825002667638299e-06
rs117661257,111956817,-0.0675,0.0676,0.318,-0.020045,0.0643643,0.755473,rsid,0.9998941834241211,6.218105279786884e-05,4.108080504219923e-05,0.0,2.554718038823151e-06
rs34677591,111957665,-0.0538,0.065,0.408,0.00895983,0.0627792,0.886512,rsid,0.9999059377622908,5.305191765744192e-05,3.894406819631379e-05,0.0,2.0662518554698386e-06
rs7121782,111957819,0.0156,0.0126,0.216,0.0238321,0.00875166,0.00646621,rsid,0.9997434626359624,1.7914838392066297e-05,0.000234421819004333,0.0,4.200706641245683e-06
rs150493112,111958091,-0.0547,0.1222,0.654,-0.0433716,0.163472,0.790766,rsid,0.9998530263740716,6.707753581980754e-05,7.487305202536934e-05,0.0,5.023038083290304e-06
rs11214077,111958677,-0.017,0.0665,0.798,-0.0051409,0.054106,0.924303,rsid,0.9999228615589029,4.1651991518839294e-05,3.406736645378293e-05,0.0,1.419083124462165e-06
rs11315004,111958932,0.0064,0.0641,0.92,0.0174126,0.0632492,0.783085,rsid,0.9999188295013975,3.9462438731236416e-05,4.012451992524284e-05,0.0,1.5835399458971361e-06
rs9919624,111959562,0.0243,0.0577,0.674,0.0174602,0.0632481,0.782503,rsid,0.9999195260420697,3.878622394076704e-05,4.0131075825202175e-05,0.0,1.5566581643838265e-06
rs9919552,111959625,-0.0278,0.0587,0.636,-0.0235603,0.0635738,0.710937,rsid,0.9999168112057198,4.016511420196999e-05,4.136222343557899e-05,0.0,1.6614566425122692e-06
rs118074328,111959859,0.0632,0.0671,0.346,0.0139438,0.0640261,0.827598,rsid,0.99989848677457,5.90933324810622e-05,4.0052799273353634e-05,0.0,2.3670936755714353e-06
rs35404297,111960377,0.0185,0.0143,0.196,0.0236332,0.00873242,0.00680221,rsid,0.9997498502578299,2.1745818546743678e-05,0.00022354161198533088,0.0,4.862311637882154e-06
rs10789859,111960533,-0.0154,0.0126,0.222,-0.024249,0.00875467,0.00560854,rsid,0.9997112914868478,1.7570258828342266e-05,0.00026645521519348924,0.0,4.6830391303756085e-06
rs186437582,111960662,-0.0056,0.1424,0.969,0.0207491,0.069695,0.765923,rsid,0.9998844127284854,6.887646248740017e-05,4.370052360199339e-05,0.0,3.010285425231226e-06
rs71463403,111960823,0.0171,0.0144,0.235,0.0239864,0.00875613,0.00615545,rsid,0.9997309446811175,1.9214142179665396e-05,0.0002451299474587694,0.0,4.711229244253346e-06
rs66665492,111961062,0.0184,0.0144,0.201,0.0239409,0.00875903,0.00627061,rsid,0.9997322079441091,2.145400953691336e-05,0.0002411627524599853,0.0,5.175293893816465e-06
rs73568088,111962069,-0.0259,0.0574,0.652,-0.0235434,0.0635879,0.711197,rsid,0.9999179601179664,3.905870675547659e-05,4.136536505363404e-05,0.0,1.615810224343325e-06
rs11214078,111962706,-0.0055,0.0235,0.815,-0.0131698,0.0137272,0.337363,rsid,0.9999694876351268,1.5898306763950873e-05,1.4385348448361863e-05,0.0,2.2870966101100844e-07
rs572949497,111962783,-0.0564,0.0763,0.46,0.2074,0.157496,0.187886,rsid,0.999828146927522,5.632401535363345e-05,0.00010936795589315829,0.0,6.161101231098167e-06
rs7935331,111963078,0.0892,0.0456,0.0504,0.0143795,0.0389123,0.711728,rsid,0.999801154308096,0.00016759230583563464,2.6766615142291865e-05,0.0,4.48677092618094e-06
rs117575644,111963328,0.1817,0.0635,0.00422,0.0171242,0.0688685,0.803631,rsid,0.9986502261707817,0.0012533691732650924,4.275031178495199e-05,0.0,5.3654344168312486e-05
rs77223286,111963474,-0.0292,0.0565,0.605,-0.0166241,0.0632628,0.792722,rsid,0.9999187740352287,3.9623103598247057e-05,4.001712950252266e-05,0.0,1.5857316705677344e-06
rs111659413,111963883,-0.024,0.0585,0.682,-0.0264842,0.0634786,0.676521,rsid,0.999917311929824,3.908859717086479e-05,4.195921069071975e-05,0.0,1.64026231442235e-06
rs10749989,111964039,-0.014,0.0125,0.263,-0.0218912,0.00866102,0.011486,rsid,0.9998432502682727,1.5481117268402687e-05,0.00013911462696811493,0.0,2.1539874908048102e-06
rs146786977,111964732,-0.0251,0.0597,0.674,-0.0855041,0.0327908,0.00911885,rsid,0.9993906945808362,3.9890294642871576e-05,0.000547559498057314,0.0,2.185562646365265e-05
rs193205355,111964971,0.0532,0.0648,0.412,0.0204277,0.0643768,0.751005,rsid,0.9999039965221703,5.268317009008617e-05,4.1152077674325666e-05,0.0,2.1682300653039408e-06
rs150440271,111965157,0.0025,0.1085,0.982,0.0333943,0.0983166,0.734113,rsid,0.999880962143903,5.861730488891823e-05,5.707459403271002e-05,0.0,3.345957175395348e-06
rs7122054,111965290,-0.028,0.0579,0.629,-0.0163009,0.0632595,0.796652,rsid,0.9999185671415547,3.98688132357232e-05,3.997034520219644e-05,0.0,1.5937000073808601e-06
rs4151637,111965497,0.0259,0.0587,0.659,0.016268,0.0632587,0.79705,rsid,0.9999187969154896,3.965280020750815e-05,3.996541499084711e-05,0.0,1.5848693121189015e-06
rs183918321,111965880,-0.0966,0.165,0.558,0.556065,0.584175,0.341158,rsid,0.9998124798708848,7.995335590958257e-05,9.9601782818689e-05,0.0,7.964990386957353e-06
rs184654032,111966122,0.0255,0.1065,0.811,0.0041411,0.0448631,0.926456,rsid,0.9999105285691562,5.90066956878747e-05,2.8767129983816775e-05,0.0,1.6976051719323534e-06
rs17113461,111966497,0.0115,0.0573,0.841,0.017133,0.0632325,0.786428,rsid,0.999922150592298,3.631849926574732e-05,4.0075319651993377e-05,0.0,1.4555887840802092e-06
rs557519,111966651,-0.0161,0.0125,0.198,-0.0250009,0.0087341,0.00420378,rsid,0.9996298219841739,1.8921230086968237e-05,0.0003447316238936769,0.0,6.525161845411338e-06
rs10891318,111966715,0.0158,0.0126,0.21,0.0243063,0.00875728,0.00551087,rsid,0.9997060067826234,1.826947378179426e-05,0.00027077536536686904,0.0,4.948378227961811e-06
rs10891319,111967605,-0.0153,0.0126,0.225,-0.0254934,0.00875144,0.00357907,rsid,0.9995761217878383,1.7400022118733578e-05,0.0003995235239577413,0.0,6.954666085245479e-06
rs397768859,111967636,0.0317,0.0234,0.176,0.0137615,0.0145329,0.34368,rsid,0.9999466413051209,3.775440311359408e-05,1.5036564938246736e-05,0.0,5.677268272848541e-07
rs2553932,111968139,0.0107,0.0148,0.47,-0.00343897,0.0103703,0.740179,rsid,0.9999799011128147,1.2720606410408733e-05,7.2856016412585785e-06,0.0,9.267913368893074e-08
rs117794677,111968606,-0.076,0.0625,0.224,-0.012912,0.053679,0.809911,rsid,0.9998907227674924,7.221222951505717e-05,3.4568464299711835e-05,0.0,2.496538692833053e-06
rs10891320,111969774,-0.013,0.0126,0.302,-0.0254258,0.00875015,0.0036637,rsid,0.9995891406923283,1.419551189117299e-05,0.00039110951399547146,0.0,5.55428178504242e-06
rs559147,111969827,0.0136,0.0125,0.277,0.023887,0.0087302,0.00621656,rsid,0.9997391629640692,1.4945833612311517e-05,0.0002422693403525159,0.0,3.6218619660129366e-06
rs10789860,111969965,0.0161,0.0126,0.201,0.0243381,0.00875287,0.005426,rsid,0.9997015695035782,1.8824435493625253e-05,0.00027443837131422373,0.0,5.167689613957027e-06
rs138575385,111970120,-0.2283,0.0514,8.93e-06,-0.0704997,0.0276039,0.01065,rsid,0.7602730699849002,0.16808237139302168,0.0003226046873676791,0.0,0.07132195393471037
rs7941988,111970123,-0.0121,0.0126,0.337,-0.0148209,0.00856604,0.0835969,rsid,0.9999610846171808,1.323217331318477e-05,2.5347790101327157e-05,0.0,3.3541940470152934e-07
rs528791,111970876,0.0127,0.0138,0.357,0.0195541,0.00915932,0.0327703,rsid,0.9999262148357341,1.3942309685929949e-05,5.9019919859280894e-05,0.0,8.229347206904077e-07
rs201649274,111971158,-0.0486,0.1019,0.633,0.0075304,0.0407321,0.853326,rsid,0.9999110144266797,6.0741636055739884e-05,2.6626458670160042e-05,0.0,1.617478594256104e-06
rs184614873,111971266,-0.1385,0.1378,0.315,0.248689,0.153022,0.104124,rsid,0.999762523218674,8.895808320380066e-05,0.00013638340957616342,0.0,1.2135288545958728e-05
rs117205735,111971336,0.0424,0.0644,0.51,0.0122106,0.0640072,0.848706,rsid,0.9999108807088384,4.7374071422429674e-05,3.985686927884949e-05,0.0,1.8883504603451501e-06
rs3891460,111971664,-0.0427,0.0659,0.517,-0.0121773,0.0640079,0.849115,rsid,0.999910272929419,4.796158813044562e-05,3.985385666702352e-05,0.0,1.9116257834551926e-06
rs188966403,111972361,-0.1987,0.2502,0.427,-0.0864075,0.134607,0.520922,rsid,0.9998249452405049,9.321800308269603e-05,7.485747071889624e-05,0.0,6.979285693415407e-06
rs116941713,111972538,0.0354,0.0824,0.667,-0.157008,0.106343,0.139827,rsid,0.9998226985598494,5.168007514841649e-05,0.00011944722857013093,0.0,6.174136432055537e-06
rs498547,111972656,0.0144,0.0125,0.249,0.0241234,0.00872678,0.00570453,rsid,0.9997181470246362,1.6048208226807212e-05,0.0002616052873761526,0.0,4.199479760911831e-06
rs11214081,111973023,0.0177,0.0126,0.16,0.0243742,0.00875137,0.00534971,rsid,0.99969359461323,2.22930379745485e-05,0.00027791488282202266,0.0,6.197465973402122e-06
rs78041628,111973585,0.0264,0.0617,0.669,0.0080911,0.0598562,0.892473,rsid,0.9999199670564707,4.1139699235078754e-05,3.73562945647488e-05,0.0,1.5369497295416847e-06
rs7944155,111973603,0.0139,0.0125,0.266,0.0238315,0.00872885,0.0063298,rsid,0.9997426500260513,1.5342917882847376e-05,0.00023834914336798093,0.0,3.657912697879453e-06
rs12790529,111974107,0.0143,0.0126,0.256,0.0243734,0.00875138,0.00535131,rsid,0.9997018829232944,1.5863612726216746e-05,0.0002778445315546436,0.0,4.408932424725826e-06
rs376975188,111974210,-0.1288,0.1669,0.44,0.52673,0.577205,0.361478,rsid,0.9998072457655536,8.495250193449455e-05,9.935928531621798e-05,0.0,8.442447195482024e-06
rs562682529,111975987,0.2119,0.1868,0.257,-0.52673,0.577205,0.361478,rsid,0.9997903404169759,0.0001003312177393222,9.935760528903292e-05,0.0,9.970759995694723e-06
rs79898363,111976236,-0.0342,0.02,0.0873,-0.0131649,0.0145512,0.365611,rsid,0.9999291216898711,5.558967583994438e-05,1.4483447089817742e-05,0.0,8.05187199075962e-07
rs67280079,111976320,0.0046,0.0152,0.762,-0.00553679,0.0104585,0.596525,rsid,0.9999813685954546,1.0550055763498424e-05,7.996978639376821e-06,0.0,8.437014251918806e-08
rs140538722,111976376,0.0377,0.0618,0.542,-0.204022,0.135674,0.132642,rsid,0.9998248382322094,4.465826495249123e-05,0.00012492365191564317,0.0,5.579850922633199e-06
rs574568,111977919,-0.0138,0.0125,0.27,-0.0236567,0.00862788,0.00610872,rsid,0.999737787899202,1.5208374947437e-05,0.0002433025194087012,0.0,3.7012064419402246e-06
rs10891322,111979564,-0.0137,0.0126,0.277,-0.0240923,0.00864547,0.00532488,rsid,0.9997049892020315,1.5051712177118895e-05,0.0002758065006692553,0.0,4.152585122102486e-06
rs192567854,111979575,-0.0765,0.0667,0.251,-0.0236411,0.063493,0.709638,rsid,0.9998853890483294,7.036187257604447e-05,4.133998679731808e-05,0.0,2.9090922971649314e-06
rs76460663,111979741,-0.0382,0.0299,0.201,-0.00191581,0.0158692,0.903909,rsid,0.9999460905859479,4.285787535934764e-05,1.059733494661979e-05,0.0,4.5420374614130486e-07
rs112006965,111979957,-0.1411,0.0362,9.71e-05,-0.0586376,0.0175777,0.000850237,rsid,0.8927162279307215,0.027452414771393208,0.0025142500896982176,0.0,0.07731710720818717
rs79763567,111980404,-0.0401,0.0278,0.149,0.0296076,0.0278523,0.287772,rsid,0.9999170838216581,4.982318889337204e-05,3.152231686688009e-05,0.0,1.5706725817832025e-06
rs6589261,111981675,0.0473,0.058,0.415,0.0244263,0.0635751,0.700822,rsid,0.9999082923542322,4.8163475859204335e-05,4.154312509487983e-05,0.0,2.0010448137320933e-06
rs530027133,111981684,-0.2502,0.2971,0.4,-0.247241,0.170171,0.146253,rsid,0.9997736653595852,9.592272466984963e-05,0.0001189950064609808,0.0,1.1416909283901063e-05
rs11214086,111981853,-0.0132,0.0126,0.295,-0.0241884,0.00864659,0.00515074,rsid,0.9996972472906469,1.4431614690913592e-05,0.00028421812599486274,0.0,4.102968667411842e-06
rs7104442,111982106,0.0404,0.0579,0.485,0.0244243,0.0635752,0.700845,rsid,0.9999120992408301,4.4508673504891406e-05,4.154290358822289e-05,0.0,1.8491820767617852e-06
rs7123427,111983172,-0.0363,0.0596,0.542,-0.02442,0.0635756,0.700897,rsid,0.9999133161458367,4.334099379886246e-05,4.154222304680081e-05,0.0,1.8006373176449994e-06
rs10219323,111984131,-0.0358,0.0313,0.253,0.00536585,0.0152347,0.724678,rsid,0.9999506110981626,3.823325585011746e-05,1.0744816383045971e-05,0.0,4.108296042585269e-07
rs10219324,111984133,0.1076,0.0904,0.234,-0.034544,0.0324175,0.286606,rsid,0.9998737228560757,8.678768890852221e-05,3.6335576079787535e-05,0.0,3.153878935948857e-06
rs116946231,111984710,-0.2193,0.0872,0.0119,0.0319362,0.0973121,0.742773,rsid,0.9993793931376337,0.0005339246991977398,5.64978389194866e-05,0.0,3.0184324249174163e-05
rs7952282,111984780,-0.0372,0.0618,0.547,-0.005029,0.0643901,0.937747,rsid,0.9999142172399343,4.447545371206048e-05,3.9548229983006057e-05,0.0,1.75907637042933e-06
rs11214088,111985737,-0.0134,0.013,0.303,-0.024609,0.00882334,0.00528579,rsid,0.9996980518552919,1.4626323253821744e-05,0.0002831787071392884,0.0,4.14311431489925e-06
rs185931722,111985766,-0.0306,0.0915,0.738,0.0498613,0.3282,0.879247,rsid,0.9998496891227208,5.4239407320243113e-05,9.112799828423766e-05,0.0,4.943471674781424e-06
rs75652507,111985985,-0.2295,0.2022,0.256,0.0314407,0.223057,0.887907,rsid,0.999807429158899,0.0001009367801567776,8.323133941632269e-05,0.0,8.402721527971681e-06
rs189689155,111986209,-0.0371,0.082,0.651,-0.0107724,0.025967,0.678252,rsid,0.9999285915255217,5.1901436582163376e-05,1.8544483811274444e-05,0.0,9.625540849986285e-07
rs74816612,111986264,-0.0273,0.0211,0.196,-0.00548234,0.0163492,0.737379,rsid,0.9999565292718648,3.165310907605269e-05,1.1455016412440401e-05,0.0,3.626026465720201e-07
rs6589262,111986490,-0.0537,0.0638,0.4,0.00958418,0.0650046,0.882786,rsid,0.9999049193008227,5.283159333456394e-05,4.012883400665121e-05,0.0,2.120271836158245e-06
rs73570125,111986731,-0.0451,0.0675,0.504,0.0114379,0.0650749,0.860478,rsid,0.9999082803133272,4.940698648060434e-05,4.032040762528575e-05,0.0,1.9922925668849448e-06
rs184139092,111987873,-0.1379,0.1203,0.252,0.123093,0.0804764,0.126128,rsid,0.9997785116549298,9.330823782772924e-05,0.00011723837737785498,0.0,1.0941729864549871e-05
rs151034180,111988221,-0.0304,0.1156,0.793,0.0155456,0.123855,0.900116,rsid,0.9998696625432505,6.23793163606669e-05,6.396737887916436e-05,0.0,3.990761509571688e-06
rs143862439,111988246,0.0129,0.0542,0.812,-0.00156412,0.0404245,0.969136,rsid,0.9999382056943731,3.484638831019358e-05,2.6040445755602356e-05,0.0,9.074715611452492e-07
rs150371231,111988344,-0.1051,0.1109,0.343,0.17479,0.104673,0.0949445,rsid,0.9997627841515341,7.94675197988746e-05,0.00014613276488455976,0.0,1.1615563782546128e-05
rs73570129,111988631,0.0101,0.0826,0.903,-0.0272236,0.0648324,0.674553,rsid,0.9999066780007236,4.851452231813812e-05,4.273406091111711e-05,0.0,2.0734160471479163e-06
rs12285804,111988779,-0.0108,0.0132,0.413,-0.0251851,0.00885609,0.00445769,rsid,0.9996523577202044,1.2216476839854455e-05,0.0003313761461095255,0.0,4.0496568461656355e-06
rs12272763,111988926,0.0137,0.0134,0.307,0.025635,0.00895948,0.00422027,rsid,0.9996276964082818,1.49400219934027e-05,0.00035210121069793524,0.0,5.262359026897496e-06
rs117778823,111989063,-0.0935,0.1736,0.59,-0.174794,0.103485,0.0912053,rsid,0.9997582346570172,8.049494671621422e-05,0.00014925335046822233,0.0,1.2017045798355085e-05
rs360726,111989592,-0.0029,0.0152,0.849,0.000937606,0.0112794,0.933752,rsid,0.9999821320784388,1.0265818024082929e-05,7.52485338118818e-06,0.0,7.725015576890688e-08
rs117334584,111989615,0.0437,0.0336,0.193,-0.0166508,0.0208436,0.424381,rsid,0.9999313464606686,4.890978427835544e-05,1.8823060038126064e-05,0.0,9.20695014894696e-07
rs117711499,111989622,0.0238,0.0334,0.476,-0.0083132,0.0190036,0.661782,rsid,0.9999581234718302,2.7683655477062228e-05,1.3810530707581988e-05,0.0,3.8234198521900277e-07
rs919478,111989668,0.0145,0.0151,0.337,-0.00401559,0.0100069,0.688212,rsid,0.9999768625930239,1.5810813507430073e-05,7.212554476337796e-06,0.0,1.1403899230413298e-07
rs149268214,111989691,-0.0422,0.0387,0.276,-0.0517198,0.0178157,0.00369547,rsid,0.9991720967074487,4.359095264590152e-05,0.0007515254837834411,0.0,3.278685612192796e-05
rs12419156,111989862,0.1408,0.0165,1.42e-17,0.0249074,0.0109065,0.0223872,rsid,1.9852062089102593e-11,0.9115268054776922,1.9268499181036416e-15,0.0,0.08847319450245392
rs1811349,111990025,-0.1056,0.017,5.24e-10,-0.0135799,0.0105933,0.199867,rsid,0.0004663379822876045,0.9838335280148113,7.4418741927842555e-09,0.0,0.0157001265610269
rs187099684,111990052,0.0141,0.1959,0.943,0.0607268,0.0368285,0.0991654,rsid,0.9998277634760889,7.946811058092256e-05,8.593791327352018e-05,0.0,6.830500056700177e-06
rs116691483,111990120,-0.0958,0.075,0.201,-0.0493404,0.0309921,0.111377,rsid,0.9998400362381604,8.588622334630087e-05,6.821764521013895e-05,0.0,5.8598932832502736e-06
rs193213471,111990400,0.0283,0.0513,0.581,0.0258344,0.0284112,0.363191,rsid,0.9999341487572417,3.708384620160259e-05,2.773867216152556e-05,0.0,1.0287243950545594e-06
rs11214091,111991712,-0.0414,0.0172,0.0161,-0.0158532,0.00983043,0.106816,rsid,0.9997726551311683,0.00019873263034684652,2.3867841039829645e-05,0.0,4.744397444960569e-06
rs11214092,111991713,-0.0456,0.0177,0.00999,-0.0158522,0.00983042,0.106839,rsid,0.9996595678155937,0.00030919070290922154,2.386128237113175e-05,0.0,7.380199125955446e-06
rs117695734,111992273,-0.1038,0.0318,0.0011,-0.0171447,0.0154594,0.267423,rsid,0.9965333262108312,0.0033841353701172085,1.8776193996691552e-05,0.0,6.376222505472257e-05
rs11214093,111992592,0.1175,0.012,1.22e-22,0.0264943,0.00851892,0.00187051,rsid,1.3035067421749679e-16,0.5870472478334112,9.169393070753454e-20,0.0,0.4129527521665886
rs145273521,111992687,-0.0629,0.0707,0.374,0.0316502,0.0314359,0.314023,rsid,0.9999057645164433,5.8938833143726416e-05,3.33319207503077e-05,0.0,1.9647296627121216e-06
rs10891323,111993125,-0.0178,0.0192,0.354,-0.0118914,0.0151471,0.432419,rsid,0.9999667250535039,1.937920624362247e-05,1.3631562598960827e-05,0.0,2.641776535253988e-07
rs4592454,111993268,-0.0046,0.0159,0.772,0.00339561,0.0108292,0.753854,rsid,0.9999813674372121,1.098722587318958e-05,7.562247247994846e-06,0.0,8.308966679605926e-08
rs7116295,111993398,0.1869,0.0154,6.78e-34,0.046474,0.0102508,5.79562e-06,rsid,0.0,0.005265355175982642,0.0,0.0,0.9947346448240173
rs4400842,111993426,-0.0051,0.0172,0.767,0.00257009,0.0108393,0.812573,rsid,0.9999806012606202,1.1898145869793902e-05,7.412398006313147e-06,0.0,8.819550360567227e-08
rs11270266,111993733,0.114,0.0148,1.33e-14,0.0207339,0.00922669,0.0246292,rsid,1.6466799640945103e-08,0.9294026003530339,1.250817421363626e-12,0.0,0.07059738317891556
rs71478719,111993847,-0.1908,0.0144,4.51e-40,-0.0471302,0.0102475,4.24151e-06,rsid,0.0,0.003916128805648173,0.0,0.0,0.9960838711943519
rs77203424,111994216,-0.1971,0.0165,6.86e-33,-0.0361961,0.0127305,0.0044656,rsid,0.0,0.6812572679020497,0.0,0.0,0.3187427320979504
rs150316041,111995260,0.1193,0.1314,0.364,0.18222,0.0727818,0.0122919,rsid,0.9993194976808674,8.315062465237409e-05,0.0005514657475996799,0.0,4.588594688056967e-05
rs137990526,111995709,0.2738,0.1121,0.0146,-0.0307764,0.11834,0.794811,rsid,0.9995054464713062,0.00040567686436722054,6.321792508588492e-05,0.0,2.565873924067696e-05
rs10891324,111996085,0.0957,0.0163,4.33e-09,0.0217513,0.010826,0.0445195,rsid,0.003502401863935637,0.945784775777288,1.8779750992131789e-07,0.0,0.05071263456126651
rs10891325,111996295,-0.0853,0.0136,3.56e-10,-0.0213711,0.00922614,0.0205381,rsid,0.00034237828505080203,0.9180483356997158,3.04354747818089e-08,0.0,0.08160925557975855
rs10891326,111996341,0.1102,0.0129,1.31e-17,0.0213135,0.00931899,0.0221896,rsid,2.003188639415871e-11,0.9225583386420937,1.6815224545891911e-15,0.0,0.07744166133787277
rs1961459,111997255,0.1116,0.1279,0.383,-0.0975996,0.271866,0.719596,rsid,0.9998230571601396,8.08765538731957e-05,8.887695226785416e-05,0.0,7.1893337193015445e-06
rs146403760,111997423,0.148,0.0751,0.0488,0.129458,0.0856521,0.130677,rsid,0.9996464424719503,0.00021143277111281025,0.00011731231620988792,0.0,2.481244072712722e-05
rs4937075,111997763,-0.0008,0.0135,0.953,-0.0065601,0.00953141,0.491288,rsid,0.9999829184731696,8.980140580907833e-06,8.0292809462652e-06,0.0,7.210530332973961e-08
rs139788116,111998195,-0.0278,0.1251,0.824,-0.0177509,0.0569627,0.755327,rsid,0.9998955644744292,6.498788800386649e-05,3.704022044894431e-05,0.0,2.40741711804651e-06
rs56173594,111998567,-0.0381,0.0962,0.692,-0.182621,0.0726859,0.0119892,rsid,0.9993493429996883,5.703845661467585e-05,0.0005615667862243448,0.0,3.2051757472672126e-05
rs370706830,111999488,0.0844,0.1145,0.461,0.0820909,0.0725535,0.257865,rsid,0.9998495513065848,7.203507579169993e-05,7.314389852716902e-05,0.0,5.269719096457756e-06
rs76452124,111999814,0.0907,0.0537,0.0912,0.0143364,0.046337,0.757023,rsid,0.9998461530621514,0.00011933539316569917,3.083166918161167e-05,0.0,3.679875501319942e-06
rs80263701,112000248,-0.1082,0.0339,0.00141,-0.00680054,0.0268709,0.800205,rsid,0.9971338264357759,0.0027971525327925625,1.813864285927913e-05,0.0,5.088238857226276e-05
rs578784,112000303,0.0039,0.0133,0.769,0.0065179,0.00936259,0.486327,rsid,0.9999827782249933,9.217682494545435e-06,7.930985943003333e-06,0.0,7.310656931619605e-08
rs117776089,112000518,-0.0216,0.0684,0.752,-0.0805977,0.0593716,0.174618,rsid,0.9998716052749973,4.32371906345316e-05,8.162772754271075e-05,0.0,3.5298068254044516e-06
rs111936049,112001826,0.0624,0.0202,0.00201,0.0132506,0.0121545,0.275634,rsid,0.9985189492748943,0.0014454257776380314,1.4555233071195633e-05,0.0,2.1069714396420328e-05
rs575159,112001886,0.0032,0.0131,0.807,0.00793337,0.00909226,0.382913,rsid,0.999982116660792,8.962412256574059e-06,8.841682728636785e-06,0.0,7.924422280719024e-08
rs191647727,112002444,0.0105,0.1206,0.931,0.0195013,0.057235,0.733312,rsid,0.9998973383923184,6.28036479634057e-05,3.750242857351828e-05,0.0,2.3555311445182495e-06
rs145362036,112002536,0.0214,0.0829,0.796,0.214445,0.0992868,0.0307844,rsid,0.9996571603864629,4.96093735516022e-05,0.00027936629975518717,0.0,1.3863940230194579e-05
rs11432815,112004672,-0.0667,0.0217,0.00211,-0.0148449,0.0115856,0.20008,rsid,0.998495734680671,0.0014614207880979367,1.7390867247891788e-05,0.0,2.545366398310024e-05
rs34273854,112004797,-0.189,0.0235,8.8e-16,-0.0428897,0.0198189,0.0304579,rsid,1.115995336652464e-09,0.884289376080643,1.4602970355912613e-13,0.0,0.11571062280321563
rs139307657,112005192,-0.1522,0.0772,0.0487,0.0397449,0.00990508,6.00593e-05,rsid,0.9761758935162349,0.0002076532429403513,0.01947393558250376,0.0,0.004142517658321124
rs80011693,112005483,-0.2009,0.014,1.07e-46,-0.0433489,0.00999462,1.44291e-05,rsid,0.0,0.012731140978378224,0.0,0.0,0.9872688590216218
rs558796390,112005519,0.2138,0.1554,0.169,-0.029272,0.0584061,0.616244,rsid,0.9998413751792911,0.00011356657407597701,4.046234743230826e-05,0.0,4.595899200645853e-06
rs168627,112005681,-0.0034,0.0138,0.805,0.00722763,0.00906939,0.425495,rsid,0.999982197788164,9.441997240844319e-06,8.282014445611763e-06,0.0,7.820014967972926e-08
rs795470,112005820,-0.0045,0.0138,0.744,0.00776716,0.00907028,0.391815,rsid,0.9999815598006505,9.65804248637275e-06,8.698148228762283e-06,0.0,8.400863428211726e-08
rs243908,112005939,-0.0037,0.0129,0.774,-0.0079442,0.00907029,0.381112,rsid,0.9999821489308501,8.926204904129661e-06,8.845902497789323e-06,0.0,7.896174780884022e-08
rs397966307,112006652,-0.0455,0.0219,0.0377,-0.0099207,0.011985,0.407808,rsid,0.9998679261222346,0.00011954132086637694,1.119420954351194e-05,0.0,1.3383473556114723e-06
rs56211451,112006974,-0.0706,0.0194,0.000274,-0.010028,0.011986,0.402796,rsid,0.9913244597642076,0.008567722210901886,1.1181308027871146e-05,0.0,9.663671686272465e-05
rs527587706,112007398,0.3714,0.1268,0.0034,0.0338837,0.0592158,0.567181,rsid,0.9991371118011222,0.0007873023522217058,4.2274382111482736e-05,0.0,3.3311464544732556e-05
rs551233783,112007528,-0.0839,0.2134,0.694,-0.0556926,0.0368198,0.130388,rsid,0.9998400718250903,8.392422051953336e-05,7.01183825239247e-05,0.0,5.8855718661777095e-06
rs144883697,112008272,0.0312,0.1684,0.853,-0.214151,0.30638,0.484568,rsid,0.9998235292062874,7.523578220599374e-05,9.415029050877308e-05,0.0,7.084720997686785e-06
rs636854,112008295,0.0026,0.0129,0.84,0.00760535,0.00907066,0.401774,rsid,0.9999826132468932,8.743605118193593e-06,8.568229471006358e-06,0.0,7.491851764631784e-08
rs545622,112008793,0.0042,0.0129,0.745,0.00764835,0.00907057,0.399114,rsid,0.9999822880154037,9.031988961676954e-06,8.60229839439033e-06,0.0,7.769724031550849e-08
rs543810,112008978,-0.0788,0.0179,1.07e-05,-0.0118864,0.011454,0.299382,rsid,0.8552469683872801,0.14288356788176393,1.1123322465660102e-05,0.0,0.0018583404084902841
rs10891328,112009125,-0.1264,0.0126,1.11e-23,-0.0232138,0.00954174,0.0149799,rsid,0.0,0.8920607449682164,0.0,0.0,0.10793925503178374
rs71478720,112009605,-0.1997,0.0138,1.85e-47,-0.0430763,0.00994143,1.47086e-05,rsid,0.0,0.01302433876910098,0.0,0.0,0.986975661230899
rs10891329,112009892,0.1256,0.0126,2.1e-23,0.0232412,0.00954188,0.0148624,rsid,0.0,0.8913955499924954,0.0,0.0,0.10860445000750465
rs150228487,112009893,-0.0633,0.0663,0.34,-0.00864461,0.0492336,0.860621,rsid,0.9999073128953287,5.919234043603773e-05,3.1622765239502146e-05,0.0,1.8719989957523756e-06
rs11214100,112010790,-0.0715,0.019,0.000168,-0.0101539,0.0119819,0.396755,rsid,0.986657559324643,0.013181243468620294,1.1225829588672712e-05,0.0,0.00014997137714813726
rs10891330,112011167,0.0037,0.0129,0.774,0.00512372,0.00916288,0.576038,rsid,0.999983884686757,8.926220398119133e-06,7.125488142190946e-06,0.0,6.360470261108715e-08
rs184878018,112011363,0.0597,0.1078,0.58,-0.101756,0.194045,0.600004,rsid,0.999846767470896,6.45657702973072e-05,8.328835768971687e-05,0.0,5.3784011170399196e-06
rs141699206,112011674,-0.0058,0.0902,0.949,0.19599,0.229794,0.393716,rsid,0.999850225487548,5.160930389189778e-05,9.334691747171986e-05,0.0,4.818291088368506e-06
rs472997,112011772,0.0033,0.0129,0.798,0.00512756,0.00916273,0.575745,rsid,0.9999839578499655,8.851986881624524e-06,7.127073380675969e-06,0.0,6.308977216570975e-08
rs146242490,112011887,-0.245,0.1361,0.0718,-0.348357,0.156442,0.0259639,rsid,0.9995613812559467,0.0001633575288158428,0.00023659472567328429,0.0,3.866648956393944e-05
rs118054978,112011974,0.1599,0.1027,0.119,-0.151975,0.124052,0.22054,rsid,0.999758745698469,0.00012892350427271728,9.94998344069245e-05,0.0,1.2830962851276447e-05
rs45566337,112012431,-0.0344,0.0934,0.713,0.0326756,0.10885,0.764033,rsid,0.9998806479861315,5.550392818193617e-05,6.049023903761625e-05,0.0,3.3578466490118254e-06
rs544354,112012630,0.0753,0.0179,2.59e-05,0.0122563,0.0114365,0.283864,rsid,0.9312243009069169,0.06785012651602912,1.2531240892604267e-05,0.0,0.0009130413361614217
rs45623040,112013069,0.0899,0.0485,0.0638,-0.0534496,0.0545974,0.327592,rsid,0.9997944681793938,0.00014570838264878745,5.221387471370261e-05,0.0,7.609563243747534e-06
rs4937100,112013786,-0.1248,0.0126,3.97e-23,-0.0246793,0.00938458,0.00854417,rsid,1.8571678601165445e-16,0.8363940482785329,3.632781891337685e-20,0.0,0.16360595172146683
rs150289494,112013842,-0.0534,0.0217,0.0139,-0.0106585,0.0119629,0.372947,rsid,0.999707084482518,0.0002778467984386193,1.1791522364064699e-05,0.0,3.277196679333974e-06
rs360727,112014089,0.106,0.0477,0.0263,0.0242,0.032848,0.461289,rsid,0.9996791080225861,0.0002852760255577323,2.7708767452354057e-05,0.0,7.907184403950176e-06
rs5744292,112014136,0.2012,0.0138,3.78e-48,0.043062,0.00993969,1.47543e-05,rsid,0.0,0.01306417103407777,0.0,0.0,0.9869358289659222
rs360728,112014152,0.1047,0.0475,0.0275,0.0250692,0.032854,0.445435,rsid,0.9996894503490871,0.0002745529781883685,2.824069671869141e-05,0.0,7.755976005872326e-06
rs5744290,112014328,-0.1544,0.0441,0.000463,-0.0943064,0.0449523,0.035912,rsid,0.99021050762784,0.00787271736912889,0.00021415166355323242,0.0,0.0017026233394778593
rs3882891,112014761,-0.0383,0.012,0.00141,-0.0114465,0.00848867,0.177517,rsid,0.9987120167077238,0.0012564439241707893,1.3967435845658e-05,0.0,1.7571932259685768e-05
rs3882892,112014986,-0.1871,0.0146,1.35e-37,-0.043063,0.00993915,1.47316e-05,rsid,0.0,0.01304613681702051,0.0,0.0,0.9869538631829794
rs5744289,112014987,0.085,0.0331,0.0102,0.00352187,0.0323225,0.913234,rsid,0.9994685346889928,0.000499702693735074,2.1175524143563434e-05,0.0,1.0587093128532962e-05
rs5744287,112015141,-0.0133,0.0337,0.693,-0.00726246,0.0230055,0.752243,rsid,0.9999600987202172,2.360851172499606e-05,1.591697692694039e-05,0.0,3.757911309532201e-07
rs181647373,112015480,0.0638,0.0749,0.394,-0.0536653,0.0307638,0.0810849,rsid,0.9998485939822334,5.972279986895734e-05,8.651548828004232e-05,0.0,5.167729617476369e-06
rs5744284,112015853,0.1269,0.0525,0.0156,0.0250552,0.0328519,0.445659,rsid,0.9995134772619589,0.0004457095900815898,2.822629416650313e-05,0.0,1.2586853793045196e-05
rs5744282,112016150,0.0869,0.049,0.0762,-0.0402615,0.0535166,0.451859,rsid,0.9998226779112724,0.00012857928261899012,4.318865496251878e-05,0.0,5.554151146042079e-06
rs117193606,112016189,0.0962,0.1245,0.44,0.165494,0.0752448,0.027849,rsid,0.999590644388256,7.619149330521905e-05,0.0003095680102583718,0.0,2.3596108180409688e-05
rs5744281,112016193,-0.0585,0.0204,0.00414,-0.0106301,0.0119587,0.374059,rsid,0.9992162635399103,0.0007629962700452377,1.1760179210173645e-05,0.0,8.980010834328908e-06
rs546354708,112016463,-0.0291,0.0399,0.466,-0.00708366,0.0230049,0.758143,rsid,0.9999506422596001,3.2955597876007985e-05,1.5878820665220014e-05,0.0,5.233218585726774e-07
rs5744280,112016514,0.124,0.0126,7.48e-23,0.0246819,0.00938277,0.00852452,rsid,9.282999442470922e-17,0.8361382565998512,1.819230803780643e-20,0.0,0.1638617434001486
rs5744276,112016871,0.2031,0.0135,3.75e-51,0.0430579,0.00993873,1.47533e-05,rsid,0.0,0.013064978884721442,0.0,0.0,0.9869350211152786
rs360729,112016921,-0.0026,0.0129,0.84,-0.005167,0.00916034,0.572712,rsid,0.9999840509252582,8.743617688904068e-06,7.143000392278119e-06,0.0,6.245666070772141e-08
rs5744272,112017362,-0.0979,0.0884,0.268,-0.0187997,0.0703574,0.789313,rsid,0.9998727382104383,8.003636642417836e-05,4.3725358868706384e-05,0.0,3.500064268886922e-06
rs143917761,112017517,-0.1608,0.0541,0.00296,-0.00618276,0.0232712,0.790484,rsid,0.9982692910501407,0.0016880769242707703,1.584242631038613e-05,0.0,2.6789599278256973e-05
rs150606567,112017591,-0.0662,0.0206,0.00131,-0.0122333,0.0114321,0.284583,rsid,0.9978008293891005,0.002156808195650868,1.3399205015436781e-05,0.0,2.896321023324251e-05
rs5744267,112018012,0.167,0.0264,2.52e-10,0.0515638,0.0151281,0.000653281,rsid,5.181220138560749e-05,0.24070579645839063,1.6342776863646305e-07,0.0,0.7592422279124552
rs5744265,112018923,0.0041,0.0707,0.954,-0.0262978,0.0431419,0.542149,rsid,0.9999230886615896,4.269456025980226e-05,3.2815621841607913e-05,0.0,1.4011563089864587e-06
rs45497197,112019410,0.0896,0.1339,0.503,0.06735,0.101559,0.507228,rsid,0.999854470734756,7.542677341582647e-05,6.518507622585194e-05,0.0,4.917415602460237e-06
rs5744263,112019541,-0.1907,0.1123,0.0895,0.0738992,0.0713783,0.30052,rsid,0.9997724870323068,0.00015096162718223523,6.650878177943572e-05,0.0,1.0042558731672094e-05
rs10642361,112019705,0.1246,0.0528,0.0183,0.0249958,0.0328502,0.446715,rsid,0.9995653062978964,0.00039535365077599584,2.8190132663687665e-05,0.0,1.1149918663870721e-05
rs145738256,112019795,0.1024,0.0603,0.0895,-0.109884,0.0829416,0.185227,rsid,0.9997639784797502,0.00012904114434807634,9.475074489642936e-05,0.0,1.2229631005369881e-05
rs549908,112020916,-0.0088,0.0137,0.521,-0.00503301,0.00915975,0.582683,rsid,0.9999816747041039,1.1161270355178771e-05,7.084947082002136e-06,0.0,7.907845897052043e-08
rs5744258,112021767,0.2015,0.0135,2.24e-50,0.0430793,0.00993771,1.45808e-05,rsid,0.0,0.01292241751131361,0.0,0.0,0.9870775824886864
rs360720,112021944,-0.0016,0.0129,0.901,-0.00503713,0.00915967,0.582371,rsid,0.9999842173667873,8.63477287024096e-06,7.086667611397783e-06,0.0,6.119273101374176e-08
rs5744257,112021982,-0.0631,0.0449,0.16,-0.050019,0.0341471,0.142973,rsid,0.9998631036763361,7.097470551559416e-05,6.155235942861617e-05,0.0,4.369258719691901e-06
rs5744256,112022848,0.2001,0.0134,2.02e-50,0.0431892,0.00993733,1.38545e-05,rsid,0.0,0.012318474991818271,0.0,0.0,0.9876815250081817
rs5744254,112023436,-0.2036,0.1178,0.0839,0.025512,0.0547317,0.641124,rsid,0.999800845752324,0.00015556232703427259,3.772254486901944e-05,0.0,5.8693757725957435e-06
rs1834481,112023827,0.2005,0.0135,6.77e-50,0.043391,0.00993791,1.26424e-05,rsid,0.0,0.011303402090776907,0.0,0.0,0.988696597909223
rs397829001,112023907,0.0674,0.0205,0.00101,0.0127255,0.0114331,0.26569,rsid,0.9972266641471901,0.0027210171436743,1.40317887907278e-05,0.0,3.828692034487334e-05
rs5744250,112024603,-0.1163,0.0277,2.69e-05,-0.014536,0.0151411,0.337037,rsid,0.9150593609082839,0.0836010639388775,1.4503632388544735e-05,0.0,0.0013250715204499545
rs191259231,112025094,0.0513,0.1693,0.762,0.212114,0.306279,0.48859,rsid,0.9998223811397791,7.636872101320498e-05,9.40652223113279e-05,0.0,7.184916896488841e-06
rs148798796,112025136,-0.1448,0.1114,0.194,0.0999178,0.193965,0.60646,rsid,0.9998055711527747,0.00010276083275746788,8.312441884345806e-05,0.0,8.543595624282695e-06
rs5744249,112025306,0.2039,0.0135,1.53e-51,0.0432815,0.00994051,1.33644e-05,rsid,0.0,0.011905877017876331,0.0,0.0,0.9880941229821236
rs4988359,112025915,0.2013,0.0135,2.79e-50,0.0430873,0.00993768,1.45265e-05,rsid,0.0,0.012877487267442922,0.0,0.0,0.987122512732557
rs360721,112025916,0.002,0.0128,0.876,0.0051942,0.00915981,0.570671,rsid,0.9999841769137459,8.606823619163856e-06,7.154682569825423e-06,0.0,6.158006531627845e-08
rs5744247,112026156,0.0697,0.0191,0.000263,0.0106444,0.0119528,0.373178,rsid,0.9911113718343534,0.00877359330064954,1.1675966317471447e-05,0.0,0.00010335889867955042
rs360722,112026703,0.077,0.0178,1.52e-05,0.0127241,0.0114331,0.265744,rsid,0.8916832097305692,0.10680166276943004,1.2545006751050181e-05,0.0,0.0015025824932497348
rs5744241,112027144,0.1785,0.021,1.9e-17,0.0498827,0.0132846,0.000173384,rsid,2.7821607395807574e-12,0.0941102011408401,2.6780635916323898e-14,0.0,0.9058897988563509
rs5744240,112027364,0.1272,0.0125,2.5399999999999998e-24,0.0245077,0.00938365,0.00900803,rsid,0.0,0.842744773761643,0.0,0.0,0.15725522623835697
rs5744239,112027453,-0.0214,0.0675,0.751,-0.084569,0.0590063,0.151795,rsid,0.9998643129025933,4.278632615281601e-05,8.908848500008146e-05,0.0,3.812286253729995e-06
rs5744237,112028789,0.1157,0.0306,0.000156,0.00348645,0.0323155,0.914085,rsid,0.9808413685349088,0.018740923539118402,2.0774267195534956e-05,0.0,0.0003969336587773417
rs360723,112028843,0.0782,0.0181,1.56e-05,0.0127264,0.0114331,0.265657,rsid,0.892729968830984,0.10576908212817754,1.2562529776130475e-05,0.0,0.0014883865110624302
rs117039933,112028866,-0.001,0.1392,0.994,-0.0677512,0.0626166,0.279252,rsid,0.9998642493619281,6.80211255786562e-05,6.341534377928317e-05,0.0,4.314168713979948e-06
rs5744235,112028901,0.0294,0.0481,0.541,0.0310768,0.0542103,0.566466,rsid,0.9999230999377898,3.617193745047829e-05,3.930623282106481e-05,0.0,1.4218919385960275e-06
rs4937113,112029721,0.0367,0.012,0.00223,0.0114705,0.00848768,0.176559,rsid,0.9991434512990286,0.0008308553123210787,1.4028086533199516e-05,0.0,1.1665302117183517e-05
rs141309870,112029753,-0.067,0.0206,0.00114,-0.0127113,0.0114335,0.26624,rsid,0.9975127563274998,0.0024389565438186415,1.4016428671202384e-05,0.0,3.4270700010349174e-05
rs113387619,112031035,0.04,0.0188,0.0334,0.0413389,0.00999363,3.52598e-05,rsid,0.964123295414472,0.00011134399504016533,0.03206254399388693,0.0,0.003702816596601076
rs5744233,112031403,-0.1046,0.0891,0.24,-0.0287936,0.0231803,0.214179,rsid,0.9998798080196476,8.49906986587794e-05,3.244355023497604e-05,0.0,2.7577314586471152e-06
rs535661434,112031618,0.1075,0.2501,0.667,0.0300029,0.14941,0.840848,rsid,0.9998345762913962,8.787420898161171e-05,7.128440272458654e-05,0.0,6.26509689771327e-06
rs2043055,112031624,-0.1385,0.012,8.13e-31,-0.0261623,0.00925381,0.00469591,rsid,0.0,0.7518734293437082,0.0,0.0,0.24812657065629182
rs360714,112032046,-0.0998,0.0463,0.0311,-0.0249942,0.032849,0.446728,rsid,0.9997189486474393,0.0002459229955476825,2.819308092866488e-05,0.0,6.935276084419415e-06
rs360715,112032249,-0.0149,0.0129,0.248,0.00248838,0.00927513,0.788481,rsid,0.9999768811584566,1.661514502995297e-05,6.397400321937365e-06,0.0,1.0629619160846762e-07
rs360716,112032269,0.0778,0.0179,1.38e-05,0.0127355,0.0114331,0.265315,rsid,0.8824887006582938,0.1158669485492851,1.2429361788901584e-05,0.0,0.0016319214306322863
rs149154794,112032636,-0.0534,0.0217,0.0139,-0.0106185,0.0119581,0.374554,rsid,0.9997071301662152,0.0002778468111354074,1.1755764178512355e-05,0.0,3.267258470904816e-06
rs138159505,112032653,-0.065,0.0735,0.377,0.0536071,0.0307601,0.0813786,rsid,0.9998482228096114,6.0310277791593104e-05,8.626354451156935e-05,0.0,5.20336808536876e-06
rs11606049,112033129,-0.2018,0.0134,2.98e-51,-0.0427451,0.00988708,1.53692e-05,rsid,0.0,0.01363884945203436,0.0,0.0,0.9863611505479657
rs148188574,112033553,-0.0773,0.061,0.205,0.00792971,0.0364236,0.827657,rsid,0.9998990308538477,7.502780266924151e-05,2.4130688153619335e-05,0.0,1.8106553293853391e-06
rs189667,112033604,0.0156,0.0129,0.227,-0.00248838,0.00927326,0.788439,rsid,0.9999757829803594,1.7707554569204267e-05,6.396201245898543e-06,0.0,1.132638255096477e-07
rs7106524,112033636,0.1398,0.012,2.29e-31,0.0267177,0.00929466,0.00404641,rsid,0.0,0.7251118973611138,0.0,0.0,0.27488810263888624
rs141157688,112033925,-0.0907,0.0743,0.222,0.0536073,0.0307601,0.0813767,rsid,0.9998260383827923,8.073355328179912e-05,8.626256852495074e-05,0.0,6.965495401078584e-06
rs5744232,112034046,0.0669,0.044,0.128,0.0537695,0.0338837,0.112539,rsid,0.9998394501631152,8.158991824381754e-05,7.300267955111617e-05,0.0,5.957239089919352e-06
rs397826848,112034062,0.1897,0.0152,9.57e-36,0.0420518,0.00993206,2.29631e-05,rsid,0.0,0.019753334967879982,0.0,0.0,0.9802466650321201
rs34269466,112034316,-0.0341,0.0148,0.0212,0.00251003,0.00927347,0.786647,rsid,0.999856680488668,0.00013604914552991484,6.399583178699098e-06,0.0,8.707826233496835e-07
rs360717,112034725,-0.0201,0.013,0.122,-0.000419599,0.00939724,0.964385,rsid,0.9999652827146654,2.8281073638317855e-05,6.259188966310072e-06,0.0,1.7702272982098367e-07
rs360718,112034739,0.0198,0.013,0.128,0.000429234,0.00939777,0.96357,rsid,0.9999662649554584,2.7304283725900187e-05,6.2598347456296546e-06,0.0,1.7092607017051085e-07
rs187238,112034988,0.0194,0.013,0.136,-0.000143803,0.00939639,0.98779,rsid,0.9999675081792049,2.6075603891027303e-05,6.253156766919173e-06,0.0,1.6306013704343296e-07
rs185641181,112035308,-0.4381,0.2315,0.0584,-0.0300029,0.14941,0.840848,rsid,0.9997760719887795,0.0001424888654374165,7.128023159031318e-05,0.0,1.0158914192871391e-05
rs1946518,112035458,0.0209,0.0118,0.0765,0.00581413,0.00850736,0.494339,rsid,0.9999553045486096,3.728192260845712e-05,7.147060707886485e-06,0.0,2.664680741002218e-07
rs1946519,112035507,0.0214,0.0118,0.0697,0.00548283,0.0085098,0.519383,rsid,0.9999525487394556,4.0204812355419874e-05,6.966353944901388e-06,0.0,2.8009424398114743e-07
rs192374798,112036018,0.0177,0.1145,0.877,-0.0246061,0.0562143,0.66159,rsid,0.9998983625436615,6.113584673848772e-05,3.816794290440942e-05,0.0,2.3336666956742147e-06
rs360719,112036149,0.02,0.013,0.124,0.000344348,0.00939994,0.970778,rsid,0.9999656160924569,2.7950013419577212e-05,6.25895036168637e-06,0.0,1.7494376185173442e-07
rs181720,112036483,-0.0752,0.0705,0.286,-0.0249023,0.03286,0.448553,rsid,0.9999021641607543,6.77831912951141e-05,2.8144722198506608e-05,0.0,1.9079257522464076e-06
rs5744222,112037014,-0.195,0.0134,5.65e-48,-0.0371641,0.00974669,0.000137287,rsid,0.0,0.09969569981979917,0.0,0.0,0.9003043001802008
rs79817562,112037346,0.0106,0.0509,0.835,-0.0369085,0.0559166,0.509212,rsid,0.9999235556284897,3.276541299691168e-05,4.229310163058289e-05,0.0,1.3858568828048166e-06
rs1293344,112037384,0.0195,0.013,0.134,0.000225021,0.0094022,0.980906,rsid,0.9999672017086804,2.6375167161621555e-05,6.25806133053052e-06,0.0,1.65062827479124e-07
rs1290349,112037554,-0.0127,0.0137,0.354,-0.000213041,0.00940229,0.981923,rsid,0.9999797258081198,1.392900786393468e-05,6.258014318278604e-06,0.0,8.716969794710084e-08
rs11214105,112037653,-0.0197,0.013,0.13,-0.000151109,0.00940353,0.987179,rsid,0.9999665837245771,2.6989412367154097e-05,6.257958781235667e-06,0.0,1.689042742751718e-07
rs72992972,112037730,0.0712,0.021,0.000698,-0.0102241,0.0169196,0.545657,rsid,0.9960581275358192,0.0038764622678229706,1.3371387376409792e-05,0.0,5.203880898128904e-05
rs2904613,112038086,0.1341,0.0121,1.52e-28,0.0271264,0.00931246,0.00358072,rsid,0.0,0.7021264144363715,0.0,0.0,0.29787358556362864
rs360713,112038833,0.1101,0.0479,0.0215,0.00716454,0.0333932,0.830118,rsid,0.9996360726290872,0.00033429518360573063,2.2206094358157122e-05,0.0,7.426092949109438e-06
rs141435839,112038968,0.0867,0.051,0.0891,-0.0294049,0.0301299,0.329095,rsid,0.9998476648897209,0.00011755180327340882,3.112406017506077e-05,0.0,3.659246830537951e-06
rs190547735,112039374,0.0557,0.0967,0.565,0.00300043,0.0416017,0.942504,rsid,0.9999106564876968,6.0920720841522465e-05,2.6790546242323542e-05,0.0,1.6322452193413272e-06
rs36077191,112039421,-0.1937,0.0133,4.77e-48,-0.0370384,0.00974701,0.00014471,rsid,0.0,0.10421135314954381,0.0,0.0,0.8957886468504561
rs45542134,112039495,0.0716,0.018,6.96e-05,0.00805098,0.0117641,0.493741,rsid,0.9714863484367413,0.028225514591667743,9.587324908978765e-06,0.0,0.00027854964668199913
rs45551232,112039582,-0.0722,0.0181,6.64e-05,-0.00804481,0.011764,0.494071,rsid,0.9701240603234679,0.029574611118441955,9.570424577424967e-06,0.0,0.0002917581335126852
rs187041355,112039704,0.281,0.1384,0.0423,0.0581121,0.0554384,0.294533,rsid,0.9997257729193298,0.00020641890393687426,5.6203524498945825e-05,0.0,1.1604652234366083e-05
rs191852729,112039803,0.109,0.1229,0.375,-0.0804709,0.187626,0.668004,rsid,0.9998323669678896,8.018668634688553e-05,8.095383743373847e-05,0.0,6.492508329733264e-06
rs360712,112040027,0.0139,0.0135,0.303,7.56435e-05,0.00942952,0.993599,rsid,0.9999784638328686,1.5166345940909228e-05,6.2746555444400335e-06,0.0,9.516564615028235e-08
rs148810701,112040041,-0.2132,0.1384,0.123,-0.0897697,0.0829072,0.278909,rsid,0.999785755912722,0.0001287050996079647,7.578321173749451e-05,0.0,9.75577593259608e-06
rs143442996,112040108,-0.0129,0.0968,0.894,0.00119095,0.0250483,0.962078,rsid,0.9999280453875604,5.456541323477677e-05,1.6489384385911343e-05,0.0,8.998148188308847e-07
rs11214106,112040136,-0.0707,0.018,8.57e-05,-0.0080841,0.0117639,0.491958,rsid,0.9764129035137163,0.023346600607953776,9.65436617187728e-06,0.0,0.00023084151215807053
rs118149647,112040449,-0.0555,0.0475,0.243,-0.0515174,0.0341638,0.131566,rsid,0.9998747354980665,5.6140097876899254e-05,6.54495969547867e-05,0.0,3.6748071019266576e-06
rs730879,112040710,-0.1351,0.0121,6.03e-29,-0.0271362,0.00931162,0.00356574,rsid,0.0,0.701345642534925,0.0,0.0,0.298654357465075
rs149903853,112041128,0.146,0.0137,1.62e-26,0.0271351,0.00931155,0.00356681,rsid,0.0,0.7014056671863309,0.0,0.0,0.2985943328136691
rs113640749,112041221,0.183,0.117,0.118,-0.0238454,0.05467,0.662714,rsid,0.9998262910751121,0.00013156851313444833,3.7239954992777024e-05,0.0,4.900456760668805e-06
rs200180264,112041293,0.037,0.1241,0.766,-0.0841056,0.0935322,0.368538,rsid,0.9998591320990711,6.544686147095452e-05,7.078756292530682e-05,0.0,4.633476532752205e-06
rs11214107,112041597,-0.0717,0.018,6.8e-05,-0.00806368,0.011764,0.493059,rsid,0.9708762166006046,0.028829477222935957,9.588304638828297e-06,0.0,0.00028471787182050894
rs73572017,112041664,0.08,0.0561,0.154,-0.115078,0.0828799,0.164986,rsid,0.9998046813013014,8.546605754826719e-05,0.00010120164576798411,0.0,8.65099538234641e-06
rs45569233,112042071,0.1356,0.0121,3.7800000000000003e-29,0.0270972,0.00931155,0.00361352,rsid,0.0,0.7038726558779141,0.0,0.0,0.29612734412208586
rs795468,112042197,-0.0198,0.013,0.128,0.0014315,0.00940249,0.878992,rsid,0.9999661937940427,2.730428178282315e-05,6.329106621544878e-06,0.0,1.7281755293398074e-07
rs76591574,112042876,-0.1591,0.0608,0.00888,-0.0180605,0.0697032,0.795553,rsid,0.9992153959473025,0.0007105292684605975,4.3291063514770005e-05,0.0,3.078372072206644e-05
rs4937123,112043029,-0.1328,0.0122,1.3600000000000002e-27,-0.0263076,0.00932754,0.00479612,rsid,0.0,0.753990357418894,0.0,0.0,0.24600964258110597
rs45443499,112043476,0.1268,0.0343,0.000218,0.0420265,0.0372683,0.259457,rsid,0.984809997580586,0.014509938778251415,4.3223254697268074e-05,0.0,0.0006368403864653163
rs11214108,112043614,0.0723,0.018,5.9e-05,0.00803449,0.0117635,0.494607,rsid,0.9669223702424262,0.03274525940718909,9.532943584429277e-06,0.0,0.00032283740680027015
rs11214109,112044226,0.0713,0.018,7.46e-05,0.00808606,0.011764,0.491857,rsid,0.9732373123554088,0.026491099551728074,9.62410513947014e-06,0.0,0.0002619639877235789
rs12420476,112044398,0.1924,0.0133,1.98e-47,0.037223,0.00974275,0.000133137,rsid,0.0,0.09717015133610361,0.0,0.0,0.9028298486638964
rs80104315,112044537,0.1201,0.1018,0.238,0.0436541,0.0877492,0.618845,rsid,0.999849197721717,9.042685050584853e-05,5.5367925511232635e-05,0.0,5.007502265773377e-06
rs13328843,112044687,0.1354,0.0121,4.5600000000000004e-29,0.0271143,0.00931102,0.00359054,rsid,0.0,0.7026724861299446,0.0,0.0,0.29732751387005546
rs2553934,112044693,-0.1145,0.0471,0.0151,-0.00745649,0.0333908,0.823295,rsid,0.9995269180098644,0.00044102498332277,2.2242753760298865e-05,0.0,9.814253052554086e-06
rs11214110,112044900,0.1193,0.0313,0.000138,-0.00142632,0.0321842,0.964651,rsid,0.978461491067781,0.02107536797995833,2.0548158646047468e-05,0.0,0.00044259279361461696
rs7131094,112044917,-0.1927,0.0134,6.850000000000001e-47,-0.0370242,0.00974631,0.000145402,rsid,0.0,0.10463657538327675,0.0,0.0,0.8953634246167232
rs56920713,112045019,0.0713,0.018,7.46e-05,0.00811239,0.011764,0.490449,rsid,0.9732369072359147,0.026491088524550312,9.638851880689093e-06,0.0,0.00026236538765423865
rs45439498,112045768,-0.0854,0.0249,0.000604,-0.011278,0.0134982,0.403427,rsid,0.9949371590143167,0.004987036968436481,1.2607917044534893e-05,0.0,6.319610020231558e-05
rs45616732,112046147,0.1739,0.1154,0.132,-0.0261315,0.0547599,0.633219,rsid,0.9998329451068074,0.0001244218753077143,3.791479925787702e-05,0.0,4.7182186270894025e-06
rs201457568,112046568,-0.2014,0.0289,3.2e-12,-0.0405349,0.0229233,0.0770141,rsid,3.353785361277303e-06,0.9349127035650203,2.334737484014738e-10,0.0,0.06508394241614476
rs10431036,112047061,0.0713,0.018,7.46e-05,0.00810361,0.011764,0.490919,rsid,0.9732370425423534,0.026491092207533165,9.633926595516465e-06,0.0,0.0002622313235178021
rs11214112,112047456,0.0196,0.013,0.132,-0.00123553,0.00939614,0.895385,rsid,0.999966845674623,2.667973743752507e-05,6.3063311029858655e-06,0.0,1.682568364636638e-07
rs75939364,112047773,-0.0734,0.0416,0.0777,-0.0302262,0.0261949,0.248543,rsid,0.9998500524704436,0.00011340403821186888,3.282090947988548e-05,0.0,3.722581864759415e-06
rs7121554,112048051,-0.1926,0.0133,1.59e-47,-0.0370112,0.00974972,0.00014697,rsid,0.0,0.10555253492724266,0.0,0.0,0.8944474650727574
rs11480780,112048797,-0.0614,0.0204,0.00261,-0.00893046,0.0116587,0.443681,rsid,0.9988282649003545,0.001149449249061083,1.036166758082898e-05,0.0,1.1924183003564315e-05
rs12796114,112049140,0.1922,0.0134,1.1699999999999999e-46,0.0370919,0.00974677,0.000141485,rsid,0.0,0.10225647220794579,0.0,0.0,0.8977435277920541
rs10891332,112049154,-0.1144,0.0481,0.0174,-0.00740276,0.033386,0.824522,rsid,0.9995722434316826,0.0003966995718448067,2.2233286741690507e-05,0.0,8.823709730925772e-06
rs12797880,112049191,0.1926,0.0134,7.630000000000001e-47,0.0370335,0.00974623,0.000144824,rsid,0.0,0.10428853312318491,0.0,0.0,0.8957114668768151
rs140687377,112049526,-0.0239,0.0329,0.468,-0.00607746,0.0229934,0.791538,rsid,0.9999563302578904,2.755875668845492e-05,1.5678876216283308e-05,0.0,4.3210920489049515e-07
rs113047286,112049529,0.2062,0.0248,9.21e-17,0.0451741,0.0209499,0.0310606,rsid,1.318642463651065e-10,0.8808316880020424,1.7840002634857065e-14,0.0,0.11916831186607559
rs138105322,112049858,0.1479,0.0137,3.61e-27,0.0272011,0.00931217,0.00348875,rsid,0.0,0.6971792045309457,0.0,0.0,0.3028207954690543
rs35361223,112050057,-0.0006,0.0284,0.983,0.0357464,0.0188579,0.0580163,rsid,0.9999069002209711,1.8606976785913426e-05,7.313191176003065e-05,0.0,1.3608904830316122e-06
rs11214115,112050326,0.02,0.013,0.124,-0.00100848,0.00939678,0.914533,rsid,0.9999655855684043,2.7950012566400196e-05,6.2886452657691885e-06,0.0,1.7577376335803732e-07
rs2115763,112051169,-0.1319,0.0122,3.0400000000000004e-27,-0.0241045,0.00928854,0.00945693,rsid,0.0,0.8496547927181054,0.0,0.0,0.15034520728189454
rs75649625,112052194,-0.1794,0.0129,5.75e-44,-0.0347249,0.0093676,0.000209797,rsid,0.0,0.14602687563290317,0.0,0.0,0.8539731243670968
rs138223383,112052506,0.0417,0.0529,0.431,0.0489399,0.0345698,0.156868,rsid,0.9998954468199065,4.384433338720784e-05,5.815865271630042e-05,0.0,2.5501939899358196e-06
rs145556347,112052609,-0.1033,0.1431,0.47,-0.00810555,0.137659,0.953047,rsid,0.9998478595065041,7.911083690763001e-05,6.76750148665128e-05,0.0,5.354641721660157e-06
rs562072480,112052673,0.1585,0.0622,0.0108,0.0788254,0.044511,0.0765738,rsid,0.9991953254737557,0.0006110816134570702,0.00012012662469741315,0.0,7.346628808981076e-05
rs35381587,112052729,-0.1797,0.0148,6.33e-34,-0.0350832,0.00937105,0.000181272,rsid,0.0,0.1297381316151106,0.0,0.0,0.8702618683848894
rs4938031,112053137,0.0637,0.0181,0.000433,0.0103245,0.0112103,0.357062,rsid,0.9945939139475477,0.005334167298572734,1.1302362738164499e-05,0.0,6.0616391141222625e-05
rs7102218,112053797,0.1108,0.0479,0.0207,0.0108026,0.0334336,0.746615,rsid,0.9996245888899593,0.0003446714935449234,2.285811652923231e-05,0.0,7.881499966405575e-06
rs113738273,112055061,-0.149,0.0981,0.129,-0.0717931,0.0231851,0.00195803,rsid,0.9980282045686628,0.00012255011043863135,0.0016470058029021749,0.0,0.00020223951799634932
rs7121458,112055101,0.1398,0.0122,2.12e-30,0.0221818,0.00958436,0.0206471,rsid,0.0,0.9158883582931524,0.0,0.0,0.08411164170684757
rs4463877,112055356,-0.0173,0.012,0.149,-0.0115632,0.00855195,0.176339,rsid,0.9999631283659263,2.2396566500514257e-05,1.4157966052909931e-05,0.0,3.171015202672401e-07
rs181715687,112055582,0.1173,0.1541,0.447,0.201029,0.305761,0.510877,rsid,0.9998161638289709,8.249709086976058e-05,9.361471822591214e-05,0.0,7.724361933351576e-06
rs2059959,112055979,-0.1406,0.0122,9.92e-31,-0.0221821,0.00958436,0.0206457,rsid,0.0,0.9158828000575535,0.0,0.0,0.08411719994244644
rs180684693,112056248,-0.0689,0.1165,0.554,-0.140333,0.142208,0.323734,rsid,0.9998366069648154,6.84048477133231e-05,8.890561833853607e-05,0.0,6.0825691327387045e-06
rs34389688,112056400,0.1786,0.0129,1.36e-43,0.034847,0.00936885,0.00019965,rsid,0.0,0.14032301183468984,0.0,0.0,0.8596769881653101
rs139141855,112056629,-0.1078,0.064,0.0921,0.00453666,0.0364777,0.901024,rsid,0.9998427981165313,0.0001302984882468936,2.3801595678392596e-05,0.0,3.1017995434887306e-06
rs61899684,112056673,-0.0654,0.0179,0.000259,-0.00985743,0.0116709,0.398325,rsid,0.9914231101419404,0.008472229960029847,1.0964290516837799e-05,0.0,9.369560751304772e-05
rs61899685,112056743,0.0645,0.0179,0.000314,0.00985728,0.0116709,0.398332,rsid,0.9928231706428917,0.0070874692077838005,1.0979655515719084e-05,0.0,7.838049380872367e-05
rs143155611,112056790,-0.166,0.1409,0.239,-0.0903871,0.0828952,0.275547,rsid,0.9998172077634327,9.898174391051533e-05,7.62606959369063e-05,0.0,7.549796719892592e-06
rs200320806,112056945,0.047,0.0203,0.0206,0.00985582,0.0116709,0.398402,rsid,0.9998004604697259,0.0001864224400096568,1.10556564715563e-05,0.0,2.061433792866798e-06
rs10891334,112057100,0.1402,0.0122,1.45e-30,0.0221861,0.00958436,0.0206224,rsid,0.0,0.915808651180673,0.0,0.0,0.08419134881932694
rs57830516,112057132,0.0472,0.0203,0.0201,0.00985577,0.0116709,0.398404,rsid,0.9997961824662279,0.00019065374891763626,1.1055569408973834e-05,0.0,2.1082154455127633e-06
rs141324924,112057185,-0.0802,0.0957,0.402,-0.19818,0.228996,0.386803,rsid,0.999830910807262,6.90275419189868e-05,9.359960733805108e-05,0.0,6.462043480843639e-06
rs78174348,112057238,0.1096,0.0902,0.224,0.0253264,0.0229876,0.270573,rsid,0.9998815405830163,8.862159231119115e-05,2.7408547756656496e-05,0.0,2.4292769158593695e-06
rs12283162,112057306,0.0207,0.0135,0.125,-0.00681872,0.00959093,0.477112,rsid,0.999962785249108,2.8770879449844174e-05,8.207719350004815e-06,0.0,2.3615209231843023e-07
rs1835298,112057620,0.0675,0.0179,0.000163,0.00959735,0.0116692,0.410822,rsid,0.9868918582551521,0.012956764628652515,1.071403642506131e-05,0.0,0.00014066307977022395
rs191783360,112057695,0.0731,0.0786,0.352,0.0223864,0.0310946,0.471558,rsid,0.99990711544253,6.516449645685199e-05,2.6024058793604642e-05,0.0,1.696002219464381e-06
rs182154135,112057698,-0.016,0.086,0.852,-0.0223864,0.0310946,0.471558,rsid,0.9999222724092518,5.0391621141286564e-05,2.602445327603907e-05,0.0,1.3115163308999026e-06
rs71478721,112057703,-0.1235,0.1179,0.295,-0.140926,0.0845805,0.0956775,rsid,0.9997602650456701,8.673165366083461e-05,0.0001407894691125666,0.0,1.2213831556514298e-05
rs527416281,112058204,0.1272,0.0394,0.00124,0.0421129,0.0367477,0.251794,rsid,0.996493199504837,0.003316121433468847,4.405920872534647e-05,0.0,0.00014661985296879075
rs146661374,112058407,-0.2917,0.0673,1.46e-05,-0.0453073,0.037914,0.232087,rsid,0.9035202575156768,0.09202400577775663,4.332245297277071e-05,0.0,0.0044124142535937215
rs11600712,112058931,-0.0629,0.0178,0.00041,-0.00884408,0.0115442,0.443612,rsid,0.9944022360831481,0.005530726087270422,1.0216284544070935e-05,0.0,5.682154503738076e-05
rs3929085,112059103,0.1242,0.0167,1.03e-13,0.0181245,0.0118531,0.126242,rsid,1.2068724633444018e-07,0.9754414337845786,3.038512679519466e-12,0.0,0.024558445525136592
rs10891335,112059277,-0.0194,0.0135,0.151,0.00752398,0.00959742,0.433065,rsid,0.9999661459395581,2.4965588333127864e-05,8.671964093491938e-06,0.0,2.1650801527322133e-07
rs11214119,112059285,-0.0638,0.0178,0.000338,-0.00884435,0.0115442,0.443597,rsid,0.993324551785442,0.006597460655639716,1.020539442108326e-05,0.0,6.778216449735462e-05
rs11214120,112059715,0.0195,0.0135,0.149,-0.00743055,0.00959784,0.438819,rsid,0.9999659446924716,2.5231282974349573e-05,8.6068551602926e-06,0.0,2.171693938390764e-07
rs11214121,112059751,-0.0652,0.0178,0.000249,-0.00884445,0.0115442,0.443592,rsid,0.9911806738697123,0.00871955756273515,1.0183435451368657e-05,0.0,8.958513210103072e-05
rs61899686,112060197,0.0565,0.0185,0.00226,0.00898291,0.0115431,0.436445,rsid,0.998768324369747,0.0012087861924518302,1.0355914322490905e-05,0.0,1.253352347867104e-05
rs61899687,112060269,-0.0623,0.0179,0.000501,-0.00884435,0.0115442,0.443597,rsid,0.9953165326321274,0.004625716994048976,1.0225859988135969e-05,0.0,4.75245138356091e-05
rs181071248,112060313,-0.111,0.1548,0.473,-0.201067,0.305752,0.510785,rsid,0.9998174390836568,8.132955710911372e-05,9.361620455013384e-05,0.0,7.615154683915772e-06
rs75992333,112060319,0.0913,0.0565,0.106,0.113198,0.105327,0.282496,rsid,0.9997954686088301,0.00011057849840094654,8.459643259292307e-05,0.0,9.356460176018556e-06
rs144579570,112060326,-0.1551,0.1596,0.331,1.70543,0.762798,0.0253682,rsid,0.9997916068024799,9.0923413666784e-05,0.00010767735086191987,0.0,9.792432991384359e-06
rs11214124,112061361,0.1394,0.0122,3.09e-30,0.0223983,0.00961966,0.0198912,rsid,0.0,0.9130749239002515,0.0,0.0,0.08692507609974859
rs10891336,112061441,-0.0187,0.0135,0.166,0.00775849,0.0096016,0.419067,rsid,0.9999677339253069,2.3217798897572128e-05,8.842955214736445e-06,0.0,2.0532058072518122e-07
rs142626539,112062220,-0.0732,0.0966,0.449,0.0364505,0.108721,0.737424,rsid,0.99986875017369,6.63237798802042e-05,6.088724415847004e-05,0.0,4.038802271175208e-06
rs10891337,112063254,-0.0125,0.0143,0.382,0.00752334,0.00959742,0.433104,rsid,0.9999773489236389,1.3859281586753515e-05,8.671609770357609e-06,0.0,1.2018500393753074e-07
rs117159817,112063262,0.2014,0.1072,0.0603,-0.0601982,0.0608791,0.322753,rsid,0.9997451184660547,0.00018696973565400925,5.721213364122679e-05,0.0,1.0699664650040726e-05
rs113126415,112063404,-0.0217,0.1218,0.859,0.000850307,0.0415178,0.98366,rsid,0.9999079786383904,6.364218082274699e-05,2.668098823882732e-05,0.0,1.698192548015578e-06
rs2884728,112063578,0.1033,0.0488,0.0343,0.0117903,0.0334071,0.724142,rsid,0.9997369453989752,0.00023457890852453966,2.306395218685072e-05,0.0,5.411740313442616e-06
rs11214125,112064139,-0.0154,0.0213,0.47,0.00453249,0.015949,0.776267,rsid,0.9999706298679988,1.8165655305010328e-05,1.1004565677877629e-05,0.0,1.9991101829866833e-07
rs145002872,112064323,0.0974,0.1728,0.573,0.163248,0.180396,0.365497,rsid,0.9998209111232829,8.084560680283032e-05,9.089360501867662e-05,0.0,7.34966489546207e-06
rs7105056,112064431,0.1077,0.048,0.0248,0.0108922,0.0334204,0.74449,rsid,0.9996713786139798,0.00029891238763939565,2.2870481011994344e-05,0.0,6.838517368812754e-06
rs142235291,112064730,-0.0621,0.0633,0.327,0.115168,0.0828649,0.164579,rsid,0.999834238379252,5.849191623599334e-05,0.00010134108738042785,0.0,5.9286171315049806e-06
rs10891338,112065434,0.1058,0.0489,0.0305,0.0108563,0.0334206,0.745303,rsid,0.9997141846806433,0.0002570719931579564,2.2863961605011406e-05,0.0,5.87936459375625e-06
rs7123686,112065483,-0.1406,0.0122,9.92e-31,-0.0223805,0.00961959,0.019989,rsid,0.0,0.9134121969788228,0.0,0.0,0.08658780302117709
rs57726702,112065933,0.1296,0.0488,0.00791,0.0116805,0.0337246,0.72908,rsid,0.9992092604648202,0.0007501087870879942,2.3208255245309015e-05,0.0,1.7422492846382347e-05
rs35331178,112065981,-0.1775,0.0146,5.23e-34,-0.0352314,0.00937392,0.000170966,rsid,0.0,0.12364514237182625,0.0,0.0,0.8763548576281738
rs141708450,112066938,-0.1666,0.0599,0.00541,-0.0969277,0.0469437,0.0389457,rsid,0.9985347030608974,0.0010407798543129179,0.00020786152860627103,0.0,0.00021665555618341029
rs184886258,112067406,0.0373,0.1544,0.809,-0.201067,0.305752,0.510785,rsid,0.9998268282702143,7.274343805772921e-05,9.361708369063985e-05,0.0,6.811208037273058e-06
rs140535105,112068000,-0.0024,0.0456,0.958,-0.0418271,0.0586734,0.47592,rsid,0.9999241437104491,2.912330596017232e-05,4.541038279136147e-05,0.0,1.3226007993905632e-06
rs12795478,112068100,0.1779,0.0129,2.9e-43,0.0350612,0.00937192,0.000183219,rsid,0.0,0.13086673040862845,0.0,0.0,0.8691332695913715
rs11214126,112068219,-0.1237,0.0119,2.61e-25,-0.0243383,0.0085392,0.00436938,rsid,0.0,0.7542509712051823,0.0,0.0,0.24574902879481766
rs10789862,112068285,0.025,0.0147,0.089,-0.00736787,0.00959774,0.442685,rsid,0.9999502304795024,4.085599053288847e-05,8.563636691222069e-06,0.0,3.498932736041179e-07
rs4935983,112068458,-0.1144,0.0483,0.0179,-0.0109635,0.0334328,0.742966,rsid,0.9995791222267142,0.0003890770073271787,2.2890751026581053e-05,0.0,8.910014932138282e-06
rs11214127,112068593,-0.0206,0.0135,0.127,0.0076994,0.00961326,0.423182,rsid,0.9999624970704462,2.844931001425006e-05,8.80316614425846e-06,0.0,2.5045339548100656e-07
rs11214128,112068758,-0.0194,0.0135,0.151,0.00753638,0.00959791,0.432331,rsid,0.9999661367893307,2.4965588104679317e-05,8.680891659975018e-06,0.0,2.1673090476856896e-07
rs4937176,112068973,0.1379,0.0124,9.919999999999999e-29,0.0224242,0.00961989,0.0197524,rsid,0.0,0.9125862972326525,0.0,0.0,0.08741370276734754
rs11214129,112069006,-0.0626,0.0178,0.000437,-0.00884487,0.0115442,0.443574,rsid,0.9947185209442078,0.005217651118119006,1.0220066648652382e-05,0.0,5.3607871024634096e-05
rs12363313,112069946,0.0781,0.0486,0.108,-0.018621,0.0611969,0.760915,rsid,0.9998576375611685,9.916177450105865e-05,3.930277636992512e-05,0.0,3.8978879604964e-06
rs10891339,112070174,-0.0193,0.0135,0.153,0.00751875,0.00959745,0.433386,rsid,0.9999664135240968,2.4704037767270705e-05,8.668289199713037e-06,0.0,2.141489362754236e-07
rs146824071,112070431,0.1907,0.1398,0.173,0.0128016,0.213315,0.952145,rsid,0.9997968168829955,0.00011216099908327935,8.18408958117473e-05,0.0,9.181222109442257e-06
rs2359568,112070713,-0.011,0.1016,0.914,0.0571588,0.0563492,0.310407,rsid,0.9998853887063222,5.6304875595961426e-05,5.51981375689022e-05,0.0,3.108280512996511e-06
rs1864349,112071174,-0.1181,0.0483,0.0145,-0.0109651,0.0334329,0.742932,rsid,0.9995067963119401,0.00045978475917532837,2.2889494851176794e-05,0.0,1.0529434033491745e-05
rs12420140,112071294,-0.1848,0.013,7.35e-46,-0.0395713,0.00951223,3.18193e-05,rsid,0.0,0.02776616331602852,0.0,0.0,0.9722338366839715
rs7948125,112071571,0.0827,0.0448,0.0649,0.0109651,0.0334329,0.742932,rsid,0.999837208523165,0.0001367624472530295,2.2897061551709006e-05,0.0,3.131968030416044e-06
rs7948808,112071924,0.0626,0.0178,0.000437,0.00882207,0.0115454,0.444795,rsid,0.9947186135556064,0.005217651603898609,1.0205160019949077e-05,0.0,5.352968047496246e-05
rs11214130,112071951,-0.0635,0.0179,0.000389,-0.00884256,0.0115443,0.443694,rsid,0.9941019060377099,0.005828011746435933,1.021221104031711e-05,0.0,5.987000481396638e-05
rs67245191,112072161,0.137,0.0124,2.23e-28,0.0224185,0.0096198,0.0197824,rsid,0.0,0.9126926440835724,0.0,0.0,0.08730735591642756
rs10891340,112072301,-0.0628,0.0179,0.000451,-0.0088428,0.0115443,0.443682,rsid,0.9948468714158876,0.00509061287755613,1.0220025708413887e-05,0.0,5.229568084800993e-05
rs34577982,112072365,0.0484,0.0204,0.0177,0.00884292,0.0115443,0.443676,rsid,0.9997739224456402,0.00021361238233815223,1.027072242111502e-05,0.0,2.1944496005071026e-06
rs10749990,112072531,0.1098,0.049,0.025,0.0109501,0.0334331,0.743272,rsid,0.9996701803963142,0.0003000588025684865,2.2890145416110833e-05,0.0,6.870655701117151e-06
rs117564741,112072644,-0.2315,0.0606,0.000133,-0.0184327,0.0696968,0.791418,rsid,0.9796627582534623,0.019451120168685065,4.248982098294094e-05,0.0,0.0008436317568696141
rs143616587,112072789,-0.0642,0.0889,0.47,-0.0523587,0.0373718,0.161208,rsid,0.9998734884431428,6.183554992588332e-05,6.090917787446721e-05,0.0,3.7668290568095175e-06
rs4935984,112072930,0.1384,0.0125,1.72e-28,0.022415,0.0096199,0.019803,rsid,0.0,0.9127635726491109,0.0,0.0,0.08723642735088898
rs11214131,112073016,-0.0639,0.0179,0.000357,-0.00884241,0.0115443,0.443704,rsid,0.9936247392038705,0.006300332169741833,1.0207208211249529e-05,0.0,6.472141817655934e-05
rs45502502,112073352,0.0774,0.0725,0.286,0.00875895,0.0757489,0.907945,rsid,0.9998824846883705,6.906747392621584e-05,4.531750429483094e-05,0.0,3.1303334083904013e-06
rs10891341,112073481,-0.1382,0.0125,2.05e-28,-0.0224121,0.00961985,0.019818,rsid,0.0,0.9128174216321197,0.0,0.0,0.0871825783678803
rs190336445,112074826,0.1103,0.0801,0.169,0.0204009,0.0703482,0.771818,rsid,0.9998532222024743,9.850019229424533e-05,4.3948075832250405e-05,0.0,4.329529399228282e-06
rs71478723,112075085,0.1795,0.0129,5.16e-44,0.0350868,0.00937199,0.000181259,rsid,0.0,0.12972383420157446,0.0,0.0,0.8702761657984256
rs561582690,112075427,0.2749,0.192,0.152,0.0855491,0.128941,0.507027,rsid,0.9998012247618921,0.00011620223125570225,7.397521301389065e-05,0.0,8.597793838347373e-06
rs7935558,112075490,0.114,0.0492,0.0205,0.0109642,0.0334344,0.742964,rsid,0.9996173733321354,0.00035167997809517086,2.289270285912706e-05,0.0,8.05398691021154e-06
rs12796145,112076587,-0.0122,0.014,0.384,0.00599783,0.00962888,0.53335,rsid,0.9999785813677512,1.3541363975532185e-05,7.772022237098587e-06,0.0,1.0524603616462616e-07
rs1469503,112076693,0.1217,0.0371,0.00104,0.021499,0.031509,0.495042,rsid,0.9960690737881538,0.0038075033190717563,2.5592978815697858e-05,0.0,9.7829913958786e-05
rs549017511,112076777,0.3051,0.1582,0.0538,-0.0311307,0.0584389,0.594237,rsid,0.9997767590417963,0.00017499905417267254,4.1055607308033356e-05,0.0,7.186296723156915e-06
rs79919995,112076967,0.1378,0.0124,1.09e-28,0.0223553,0.00962024,0.0201372,rsid,0.0,0.9139142038898291,0.0,0.0,0.08608579611017086
rs10891342,112077198,-0.12,0.0484,0.0132,-0.0109492,0.033435,0.743307,rsid,0.999469125508941,0.0004966162226803111,2.28864493454964e-05,0.0,1.137181903316635e-05
rs10789863,112077378,-0.1379,0.0124,9.919999999999999e-29,-0.0224157,0.00961998,0.0197998,rsid,0.0,0.912753062368675,0.0,0.0,0.08724693763132507
rs141638613,112077797,0.1224,0.1056,0.246,-0.00114509,0.107963,0.991538,rsid,0.9998461152497682,9.019856926237862e-05,5.841630305816706e-05,0.0,5.269877911290313e-06
rs1972421,112078120,0.1377,0.0124,1.19e-28,0.0226083,0.00962151,0.0187849,rsid,0.0,0.90902462408821,0.0,0.0,0.09097537591178995
rs11214133,112078415,0.0621,0.0181,0.000601,0.00884576,0.0115446,0.443541,rsid,0.996002980250382,0.0039462378368965755,1.0234008880722294e-05,0.0,4.054790384069879e-05
rs397723593,112078682,-0.0141,0.0422,0.738,0.0191142,0.0557783,0.731838,rsid,0.9999337325157995,2.8520636618469707e-05,3.670006888601712e-05,0.0,1.0467786959615969e-06
rs1896944,112078789,0.1118,0.0482,0.0204,0.0109019,0.0334366,0.744389,rsid,0.9996188117473098,0.00035028959088564114,2.288072549028773e-05,0.0,8.017936314293376e-06
rs1896943,112078974,0.1394,0.0124,2.54e-29,0.0220438,0.00962024,0.0219402,rsid,0.0,0.9195911613738237,0.0,0.0,0.08040883862617633
rs188863597,112079654,-0.2634,0.1565,0.0924,0.0675658,0.06291,0.28282,rsid,0.9997856383041078,0.00014222326312291598,6.315447188057327e-05,0.0,8.983960888751517e-06
rs117246179,112079871,-0.2753,0.1616,0.0885,-0.0168326,0.0225561,0.455513,rsid,0.9998342245489573,0.00014345155610838778,1.9522847706280426e-05,0.0,2.80104722800061e-06
rs192587691,112079953,-0.0288,0.0863,0.739,-0.0511354,0.0373841,0.171362,rsid,0.9998866193725181,5.1998709421126945e-05,5.83475754059709e-05,0.0,3.034342654636552e-06
rs2564860,112080132,0.1375,0.0125,3.82e-28,0.0225341,0.0096211,0.0191726,rsid,0.0,0.910488100743906,0.0,0.0,0.08951189925609399
rs10891343,112080384,0.1577,0.0115,8.480000000000001e-43,0.0228999,0.00852292,0.00721274,rsid,0.0,0.8283500163099942,0.0,0.0,0.17164998369000586
rs11214134,112080424,0.0098,0.0143,0.493,-0.007519,0.00959827,0.43341,rsid,0.9999792494056822,1.1977897729423296e-05,8.668859718543088e-06,0.0,1.0383686981618712e-07
rs184443426,112081201,-0.1252,0.1558,0.422,0.0422511,0.0444383,0.341716,rsid,0.9998692000930899,8.414101690178706e-05,4.303722077378092e-05,0.0,3.6216692345313785e-06
rs11214135,112081208,0.019,0.0135,0.159,-0.00730896,0.00959944,0.446421,rsid,0.9999673278757468,2.3943532964162713e-05,8.524478488435992e-06,0.0,2.0411280048894237e-07
rs181883190,112081617,0.0844,0.0891,0.344,0.0610233,0.101571,0.547979,rsid,0.9998608832823436,7.114954591905475e-05,6.345196509251289e-05,0.0,4.5152066447319605e-06
rs11214136,112082009,-0.0649,0.0182,0.000363,-0.00888422,0.0115454,0.441596,rsid,0.9936264489860885,0.006298431662968396,1.023587206542085e-05,0.0,6.488347887752635e-05
rs2676376,112082075,0.1886,0.0294,1.41e-10,0.0196338,0.00956327,0.0400682,rsid,0.0001225865492652926,0.950535829590164,6.3633726708602445e-09,0.0,0.04934157749719804
rs2518356,112082493,-0.1373,0.0124,1.7000000000000003e-28,-0.0224433,0.00962117,0.0196639,rsid,0.0,0.9122651096630908,0.0,0.0,0.08773489033690923
rs2518357,112082640,0.1197,0.0486,0.0138,0.0110701,0.0334546,0.74072,rsid,0.9994865635664941,0.00047951417957829674,2.292415143388714e-05,0.0,1.0998102493868812e-05
rs10634064,112082786,0.1195,0.0547,0.0289,0.0108765,0.0334765,0.745259,rsid,0.9996891887877314,0.0002814636037041648,2.29000687275679e-05,0.0,6.4475398368071375e-06
rs143021103,112082931,-0.0314,0.0868,0.718,-0.0506042,0.0374131,0.17619,rsid,0.9998871311216281,5.2601007888880894e-05,5.7255816842457084e-05,0.0,3.012053640530408e-06
rs34006273,112083096,-0.1809,0.0129,1.12e-44,-0.0352692,0.00937731,0.000169157,rsid,0.0,0.12252817222627908,0.0,0.0,0.8774718277737209
rs11214138,112084061,0.019,0.0135,0.159,-0.00731868,0.00960924,0.446282,rsid,0.9999673174650756,2.3943532714886317e-05,8.534645955821742e-06,0.0,2.0435625353358324e-07
rs71466729,112084109,-0.18,0.0129,3e-44,-0.0352641,0.0093839,0.000171325,rsid,0.0,0.1237445353022883,0.0,0.0,0.8762554646977118
rs78467073,112084891,-0.1201,0.0507,0.0178,-0.0129317,0.0587519,0.825788,rsid,0.9995509356476554,0.00039704402508523845,3.7231243307443925e-05,0.0,1.4789083952122113e-05
rs58543066,112084979,0.0642,0.0182,0.00042,0.00921433,0.0115575,0.4253,rsid,0.99442088756524,0.00551056575806029,1.0478768181493803e-05,0.0,5.806790851806509e-05
rs2518366,112085019,-0.0163,0.0145,0.261,0.00380255,0.00970596,0.695224,rsid,0.9999749089441637,1.7995134395879824e-05,6.9704835055712765e-06,0.0,1.254379348572462e-07
rs188159104,112085030,0.2825,0.1582,0.0741,-0.0296354,0.0593562,0.617581,rsid,0.9997983496861509,0.0001543469315825558,4.097737459258426e-05,0.0,6.3260076741072595e-06
rs192741044,112085200,-0.2513,0.1354,0.0635,-0.0930343,0.27132,0.731678,rsid,0.9997228684153568,0.00017306155030310597,8.871297365979968e-05,0.0,1.5357060680125284e-05
rs2250417,112085316,0.1573,0.0115,1.37e-42,0.0240959,0.00853579,0.00475872,rsid,0.0,0.7683246584392531,0.0,0.0,0.23167534156074684
rs11214139,112085877,-0.0508,0.0184,0.00576,-0.0117385,0.0115131,0.307931,rsid,0.999460580548875,0.0005199233667206026,1.282465032768511e-05,0.0,6.67143407669239e-06
rs150120803,112086078,0.0836,0.0967,0.387,-0.0543278,0.0453014,0.230429,rsid,0.9998696268617927,7.055092451109934e-05,5.5879359201224644e-05,0.0,3.94285449504822e-06
rs189501164,112086119,0.0655,0.0687,0.34,-0.0119103,0.0371654,0.748614,rsid,0.9999125977728003,6.062950683793332e-05,2.524216648261707e-05,0.0,1.5305538791799728e-06
rs572125412,112086172,0.0115,0.101,0.909,0.0246956,0.070503,0.726131,rsid,0.9998966591644737,5.610174914716595e-05,4.472942788609546e-05,0.0,2.509658492967526e-06
rs11214140,112086191,-0.063,0.0171,0.000229,-0.0214553,0.0102094,0.0355951,rsid,0.9902722753118365,0.009109900032371459,6.0574672292435846e-05,0.0,0.0005572499834997209
rs140247627,112086237,-0.0864,0.063,0.17,-0.0760508,0.0650783,0.242563,rsid,0.999837084719381,8.612262332883776e-05,7.070257397556768e-05,0.0,6.090083314509279e-06
rs45603439,112086904,0.1833,0.1147,0.11,-0.0242475,0.0537181,0.651712,rsid,0.999822124808318,0.00013595928634252869,3.6898340762068734e-05,0.0,5.017564577495301e-06
rs2676377,112087101,-0.0024,0.0128,0.851,-0.00782868,0.00901243,0.385037,rsid,0.9999825365463293,8.652825869620041e-06,8.735043669350198e-06,0.0,7.5584131794398e-08
rs7938116,112087124,0.0983,0.0738,0.183,0.0859872,0.107957,0.425742,rsid,0.999831357777188,9.016474815116606e-05,7.198579849810285e-05,0.0,6.491676162739892e-06
rs17569036,112087390,0.1086,0.0319,0.000663,0.0312482,0.0321842,0.331589,rsid,0.9945018820385841,0.005291168367043435,3.274300956538208e-05,0.0,0.00017420658480707502
rs139756116,112087786,0.1443,0.1024,0.159,0.116547,0.084435,0.167489,rsid,0.9997766969494496,0.0001109725844822903,0.0001011077695119007,0.0,1.1222696556351771e-05
rs145320380,112087865,0.1014,0.1316,0.441,-0.470675,0.384856,0.221333,rsid,0.9998111712173903,7.798699003681344e-05,0.00010282153601312242,0.0,8.02025655990766e-06
rs561423887,112087973,0.0323,0.1521,0.832,0.20972,0.263409,0.42593,rsid,0.999827343127482,7.199124750071873e-05,9.390417864118773e-05,0.0,6.761446376094446e-06
rs2455,112088766,0.1264,0.0675,0.0611,0.0873105,0.107946,0.418608,rsid,0.9997384476496037,0.00017632811330599486,7.244653433692962e-05,0.0,1.2777702753376586e-05
rs957090,112089218,-0.1083,0.0708,0.126,-0.0861866,0.107949,0.424639,rsid,0.9998088298020701,0.00011110930400188265,7.205354403300691e-05,0.0,8.007349895040731e-06
rs57840282,112089608,0.1163,0.0708,0.1,0.0761043,0.0949002,0.422588,rsid,0.9997954385260611,0.00012864721312788434,6.725971547314559e-05,0.0,8.654545337945224e-06
rs138100828,112089792,0.2171,0.0724,0.00271,-0.00118661,0.0665986,0.985785,rsid,0.9982283782031698,0.0016635824855293743,4.051674293290638e-05,0.0,6.752256836777743e-05
rs146438666,112090093,0.147,0.1019,0.149,0.116404,0.0844105,0.167887,rsid,0.9997729714807586,0.0001145070497682586,0.00010095839622460928,0.0,1.1563073248412372e-05
rs11214144,112090098,-0.1817,0.161,0.259,0.0132971,0.0658843,0.840053,rsid,0.9998567132038898,9.835747604057253e-05,4.090539234626645e-05,0.0,4.023927723339378e-06
rs147689095,112090143,0.1568,0.0769,0.0414,0.0861548,0.107947,0.424799,rsid,0.9996743435820834,0.00023657705115316552,7.203256382566882e-05,0.0,1.7046802937660522e-05
rs57244711,112090205,0.1629,0.0754,0.0307,0.0861783,0.107946,0.424668,rsid,0.999617804137039,0.0002893102726455954,7.203667256493175e-05,0.0,2.084891775035329e-05
rs182174194,112090340,0.0019,0.0814,0.981,0.0164195,0.0314955,0.602138,rsid,0.9999277697330391,4.7707618228058125e-05,2.340592704024541e-05,0.0,1.1167216926157895e-06
rs188567145,112090499,0.0491,0.1196,0.681,-0.0757767,0.0694122,0.274969,rsid,0.9998612576389081,6.563564208022465e-05,6.86032742396043e-05,0.0,4.503444772082891e-06
rs556750546,112090679,-0.2098,0.134,0.117,0.0632569,0.133017,0.634391,rsid,0.999788306903776,0.00013170677980859944,7.067585604519271e-05,0.0,9.310460370111487e-06
rs7118733,112090796,-0.1082,0.0702,0.123,-0.0864479,0.107945,0.423217,rsid,0.9998074522207842,0.00011229924072236949,7.214513438753968e-05,0.0,8.103404105998715e-06
rs138873997,112091063,-0.0924,0.1272,0.468,-0.0275896,0.484251,0.954566,rsid,0.9998218688267462,7.539875508258133e-05,9.552841160323772e-05,0.0,7.204006568042635e-06
rs1367038,112091299,-0.0055,0.0131,0.675,-0.00110896,0.00929064,0.904987,rsid,0.9999842181181531,9.496288279263882e-06,6.226464334327202e-06,0.0,5.9129233449902024e-08
rs2518345,112091394,-0.0008,0.013,0.951,0.000524228,0.00930475,0.955071,rsid,0.9999850934780388,8.651279257617006e-06,6.201590215164766e-06,0.0,5.365248856469461e-08
rs2518346,112091511,-0.0015,0.013,0.908,0.000554882,0.00930509,0.952449,rsid,0.9999850508085517,8.692277266686584e-06,6.202995221063684e-06,0.0,5.391896039027897e-08
rs5794784,112091811,-0.0386,0.0149,0.00958,0.00232621,0.00928595,0.802194,rsid,0.9997177401768444,0.00027413819362020634,6.373826827850219e-06,0.0,1.7478027075180043e-06
rs79429271,112092077,0.1028,0.0558,0.0654,-0.116535,0.0824806,0.157693,rsid,0.9997254888927645,0.00015478848486038914,0.00010367112040779256,0.0,1.605150196727901e-05
rs138401851,112092099,0.0148,0.0717,0.836,-0.0606051,0.0378881,0.109692,rsid,0.9998710251308033,4.387951907329734e-05,8.151792153240513e-05,0.0,3.577428591081322e-06
rs143934028,112092265,0.0162,0.0811,0.842,0.0163934,0.0314943,0.602703,rsid,0.9999271727185345,4.830152944762903e-05,2.3395625232857884e-05,0.0,1.130126785192055e-06
rs2564867,112092440,-0.0014,0.013,0.914,0.000338057,0.00930476,0.971018,rsid,0.9999850654386344,8.684878272969187e-06,6.195871895721243e-06,0.0,5.381119685587143e-08
rs141777301,112092833,-0.0043,0.1164,0.971,0.0574313,0.0382831,0.13357,rsid,0.9998631847837858,6.133036913127498e-05,7.112229369348482e-05,0.0,4.362553389369588e-06
rs116914760,112093152,0.0488,0.0565,0.388,0.0470573,0.0348321,0.176704,rsid,0.9998947374484074,4.886645165436131e-05,5.3768354632874584e-05,0.0,2.6277453053777e-06
rs186731081,112093325,-0.208,0.0836,0.0128,-0.0403522,0.0524127,0.441363,rsid,0.9994187097828983,0.000516177762661884,4.2936630158699754e-05,0.0,2.2175824281269282e-05
rs2518347,112093368,0.0012,0.013,0.926,0.000572548,0.00929724,0.950895,rsid,0.9999850761088792,8.671626744853426e-06,6.198512387800466e-06,0.0,5.3751987989172073e-08
rs117609341,112093650,0.1134,0.098,0.247,-0.0490487,0.0986872,0.61918,rsid,0.99984741566837,8.743775752840721e-05,5.9907589435399206e-05,0.0,5.238984666137509e-06
rs371105944,112093983,0.1072,0.1173,0.361,0.117098,0.0843246,0.164937,rsid,0.9998100979293962,7.981608028875066e-05,0.00010194740270121484,0.0,8.138587613869424e-06
rs149722328,112094108,0.1484,0.1056,0.16,0.117073,0.0843232,0.165019,rsid,0.9997753435050588,0.00011138819094333363,0.00010191376339017601,0.0,1.135454060755321e-05
rs975020,112094487,0.1107,0.0167,3.39e-11,0.0247647,0.0118451,0.0365527,rsid,3.1790574475219963e-05,0.9353436146753226,2.1964686456146457e-09,0.0,0.0646245925537336
rs139197259,112094768,-0.0787,0.1507,0.602,-0.0112466,0.0432387,0.794783,rsid,0.9998934042724626,7.585138673094842e-05,2.857653957353175e-05,0.0,2.1678012329737944e-06
rs112506886,112094999,-0.0865,0.0857,0.313,-0.0504793,0.023655,0.0328443,rsid,0.9997730620702846,7.282379791642967e-05,0.00014365057665627532,0.0,1.0463555142536695e-05
rs1154763,112095039,0.0013,0.013,0.92,-4.25813e-06,0.00929877,0.999635,rsid,0.9999850804763462,8.677995228663488e-06,6.187829667771383e-06,0.0,5.369875749258505e-08
rs2019209,112095118,-0.0014,0.013,0.914,4.04668e-05,0.00929905,0.996528,rsid,0.9999850733052386,8.684878341290707e-06,6.18807295707591e-06,0.0,5.374346301150311e-08
rs187018313,112095585,0.1743,0.0673,0.0096,0.0465927,0.0569636,0.413392,rsid,0.9992535089481415,0.0006672295082962584,4.7526662263972034e-05,0.0,3.1734881298273364e-05
rs2676375,112095619,0.0015,0.013,0.908,5.5834e-05,0.00929884,0.995209,rsid,0.9999850659476498,8.692277398281789e-06,6.18798645378722e-06,0.0,5.378849807337461e-08
rs7945257,112095683,-0.1006,0.0668,0.132,-0.0863925,0.107923,0.423423,rsid,0.9998155193560855,0.00010479602806260272,7.212482593455595e-05,0.0,7.559789917559913e-06
rs2435290,112095684,0.0076,0.0131,0.562,0.00209005,0.00926534,0.821531,rsid,0.9999833285173565,1.0282527453414273e-05,6.3239281411987275e-06,0.0,6.502704882261082e-08
rs2435289,112095699,-0.0005,0.013,0.969,4.10217e-05,0.00929877,0.99648,rsid,0.9999851172607797,8.641377307898965e-06,6.187889231097265e-06,0.0,5.347268140536905e-08
rs11464665,112096361,-0.0103,0.0147,0.484,3.08743e-05,0.00929852,0.997351,rsid,0.9999812964914683,1.2438865588237536e-05,6.187673860408705e-06,0.0,7.696908304537617e-08
rs2564865,112096535,-0.0067,0.0138,0.627,1.56707e-05,0.00929896,0.998655,rsid,0.9999834503993994,1.0297922838696898e-05,6.187953638218586e-06,0.0,6.372412370460469e-08
rs71060235,112096600,-0.0105,0.0147,0.475,0.00421228,0.00917773,0.646257,rsid,0.9999805735236894,1.2558016460091342e-05,6.783273732581292e-06,0.0,8.518611805316546e-08
rs2518348,112096637,0.0071,0.0131,0.588,0.00209713,0.00926502,0.82093,rsid,0.9999835452169427,1.0066303599370058e-05,6.324810943219885e-06,0.0,6.366851481466833e-08
rs113534305,112096915,0.1461,0.0353,3.49e-05,0.0761865,0.0203767,0.000184829,rsid,0.4816324143732834,0.03691674734417432,0.00620033090046004,0.0,0.4752505073820822
rs534068149,112097060,-0.1079,0.1359,0.427,0.0105322,0.0427341,0.805326,rsid,0.9998897407937576,7.982993092770618e-05,2.8179462692004698e-05,0.0,2.249812622836597e-06
rs74660752,112097860,-0.1227,0.0689,0.0749,-0.0861731,0.107919,0.424579,rsid,0.9997622290073823,0.00015458776346137152,7.204353197903338e-05,0.0,1.1139697177351887e-05
rs2676374,112098326,-0.0074,0.013,0.569,-0.00564903,0.00915861,0.537367,rsid,0.9999824171886269,1.0141431555857815e-05,7.36666992473981e-06,0.0,7.470989244629163e-08
rs2518350,112098374,-0.0075,0.013,0.564,-0.0055644,0.00915595,0.543363,rsid,0.9999824155607713,1.0185901776328476e-05,7.323935255461555e-06,0.0,7.460219696611948e-08
rs199522736,112098476,-0.1489,0.0451,0.000962,-0.0642005,0.0594287,0.280011,rsid,0.9954333229979465,0.004246898461199585,6.072073051635109e-05,0.0,0.00025905781033747663
rs45620236,112098517,0.1297,0.103,0.208,0.0218394,0.107808,0.839466,rsid,0.9998380948560178,9.70122890498323e-05,5.9153326102931646e-05,0.0,5.739528829398109e-06
rs34252028,112098592,-0.0017,0.0148,0.909,-0.00546813,0.00915586,0.550356,rsid,0.9999827660819774,9.884167099383642e-06,7.277814548348381e-06,0.0,7.193637485978786e-08
rs201103603,112098599,0.1573,0.0763,0.0392,0.0865814,0.107914,0.42237,rsid,0.9996648861047577,0.00024522733131273407,7.218009755046824e-05,0.0,1.7706466379113425e-05
rs146236877,112098902,0.7001,0.2284,0.00217,-0.0449789,0.15251,0.768053,rsid,0.999557933060843,0.0003441844202741403,7.281101768848638e-05,0.0,2.5071501194474975e-05
rs372064576,112099167,0.0166,0.1307,0.899,0.262728,0.147979,0.0758246,rsid,0.9997676308197568,6.598689016336869e-05,0.000156080621464272,0.0,1.0301668615484562e-05
rs3819331,112099410,-0.113,0.0168,1.74e-11,-0.0232608,0.0120492,0.0535464,rsid,1.696073239914155e-05,0.951457206134019,8.650243544812699e-10,0.0,0.04852583226855754
rs184830375,112099529,-0.1241,0.0984,0.207,0.0571635,0.0382785,0.135344,rsid,0.9998271905061763,9.563717844723182e-05,7.043495110799989e-05,0.0,6.737364268546788e-06
rs201365973,112100113,0.107,0.0635,0.092,0.0292407,0.109621,0.789667,rsid,0.999801843681987,0.0001299274655089922,6.038201538262835e-05,0.0,7.846837121341897e-06
rs548121779,112100116,-0.0071,0.0979,0.942,0.0765429,0.0760337,0.314081,rsid,0.9998738804428592,5.475518458404898e-05,6.765921258947494e-05,0.0,3.705159967282321e-06
rs563962784,112100169,-0.1663,0.1343,0.216,-0.0541902,0.0839509,0.518604,rsid,0.9998348474968706,0.0001020783552450537,5.723112389802717e-05,0.0,5.843023986373696e-06
rs2564862,112100585,0.0051,0.0132,0.699,0.00778608,0.00926065,0.400476,rsid,0.9999817129710271,9.440804756059493e-06,8.763488321668167e-06,0.0,8.273589522058968e-08
rs145480672,112100613,0.156,0.1041,0.134,0.117302,0.0842189,0.163672,rsid,0.9997635750722674,0.00012163377706073166,0.0001023401838465834,0.0,1.2450966825281485e-05
rs2518351,112100615,0.0013,0.0135,0.923,-0.002448,0.00941485,0.794853,rsid,0.9999844564928736,9.00585199508818e-06,6.479302584203703e-06,0.0,5.835254710796273e-08
rs76051337,112100673,0.1528,0.0472,0.00121,0.0997467,0.0853071,0.242296,rsid,0.9961071639944508,0.003518683356306977,8.255003917943207e-05,0.0,0.00029160261006292153
rs2518352,112100683,-0.002,0.0133,0.88,-0.00639287,0.00927958,0.490875,rsid,0.9999831758624393,8.932397683619774e-06,7.82187064227815e-06,0.0,6.986923469627465e-08
rs113410532,112101172,0.1064,0.0978,0.277,-0.0571635,0.0382785,0.135344,rsid,0.9998410091477413,8.27270451716511e-05,7.043592459157012e-05,0.0,5.827882495398637e-06
rs76465815,112101499,0.0841,0.0733,0.251,0.0884488,0.107956,0.412613,rsid,0.9998470054585,7.468587097519145e-05,7.286579260895427e-05,0.0,5.4428779159086026e-06
rs111330439,112101559,0.1227,0.0381,0.00128,-0.0011967,0.0292783,0.967397,rsid,0.996716820551637,0.003202657773951801,1.9111728543918824e-05,0.0,6.140994586703389e-05
rs78675168,112101634,-0.147,0.0828,0.0758,0.0230761,0.0710735,0.745423,rsid,0.999786370140105,0.00016170344306012615,4.469718391992346e-05,0.0,7.229232914958102e-06
rs566700233,112101743,-0.1137,0.1188,0.339,-0.117302,0.0842189,0.163672,rsid,0.9998069751085994,8.225979190000596e-05,0.00010234462646462621,0.0,8.420473035957302e-06
rs147714808,112102272,-0.5868,0.1846,0.00148,0.0441489,0.152494,0.77219,rsid,0.9993067416729712,0.0005784261867341985,7.27325454713818e-05,0.0,4.2099594823158764e-05
rs75151750,112102364,0.0928,0.0732,0.205,0.0884488,0.107956,0.412613,rsid,0.9998370956347319,8.392322669994843e-05,7.28650704112985e-05,0.0,6.116068156836135e-06
rs45504797,112102365,-0.0489,0.0257,0.0571,-0.000396368,0.0169886,0.981386,rsid,0.999889626353827,9.801352241763373e-05,1.1256693759509403e-05,0.0,1.103429995738039e-06
rs56161607,112102696,-0.1405,0.0784,0.0731,-0.0884488,0.107956,0.412613,rsid,0.9997517456350564,0.00016348148389655695,7.285885036428973e-05,0.0,1.1914030682672331e-05
rs75894985,112102894,-0.0105,0.0518,0.839,0.0544677,0.0427203,0.202315,rsid,0.9999067295302534,3.324669341564559e-05,5.8092221883140576e-05,0.0,1.9315544477731178e-06
rs142550197,112103206,0.1457,0.1042,0.162,0.117304,0.0842189,0.163665,rsid,0.9997760623204308,0.00011030232955734284,0.00010234403588650683,0.0,1.12913141252665e-05
rs183228212,112103229,-0.155,0.1052,0.141,-0.117304,0.0842189,0.163665,rsid,0.9997666468665737,0.00011884432875800074,0.00010234307205512122,0.0,1.2165732613248312e-05
rs2518353,112103364,0.0503,0.0737,0.495,0.0642081,0.0509273,0.207389,rsid,0.9998777526178089,5.319701526909336e-05,6.556222577996968e-05,0.0,3.4881411420161187e-06
rs184911842,112103816,0.1197,0.0982,0.223,-0.0571635,0.0382785,0.135344,rsid,0.9998309486566845,9.212610800637516e-05,7.043521585889867e-05,0.0,6.490019450175442e-06
rs189365250,112104152,0.1132,0.0992,0.254,-0.0571635,0.0382785,0.135344,rsid,0.9998366892863803,8.676289671625447e-05,7.043562026975664e-05,0.0,6.112196633804268e-06
rs59731976,112104245,-0.0906,0.0732,0.216,-0.0884488,0.107956,0.412613,rsid,0.9998397919753479,8.140985633050201e-05,7.286526691235821e-05,0.0,5.932901409233994e-06
rs149320135,112104338,0.1112,0.0973,0.253,-0.0571635,0.0382785,0.135344,rsid,0.9998373235658157,8.6170318060335e-05,7.043566495291933e-05,0.0,6.070451171134661e-06
rs201791923,112104668,-0.1188,0.1883,0.528,0.0279709,0.0239416,0.242687,rsid,0.9998822477479733,8.449783764771199e-05,3.066314020766685e-05,0.0,2.5912741714057653e-06
rs146277731,112104718,-0.1096,0.098,0.263,0.0571635,0.0382785,0.135344,rsid,0.9998388172011486,8.477488196612959e-05,7.043577017523442e-05,0.0,5.972146710120816e-06
rs184865385,112104770,-0.102,0.101,0.313,0.0571635,0.0382785,0.135344,rsid,0.9998446528215539,7.932292514225466e-05,7.043618127791479e-05,0.0,5.588072026036514e-06
rs7110251,112105268,-0.1003,0.0982,0.307,0.0571635,0.0382785,0.135344,rsid,0.9998450981859546,7.890684127893858e-05,7.043621265255641e-05,0.0,5.558760114090351e-06
rs137994169,112105432,0.1177,0.0998,0.238,-0.0571635,0.0382785,0.135344,rsid,0.9998335481645828,8.969750507461597e-05,7.043539898675662e-05,0.0,6.318931355769245e-06
rs186534258,112105614,-0.1544,0.1042,0.138,-0.117306,0.0842189,0.16366,rsid,0.999765790035128,0.00011961905927796425,0.00010234555821649883,0.0,1.2245347377514847e-05
rs142565302,112105699,0.1546,0.1053,0.142,0.117306,0.0842189,0.16366,rsid,0.9997672895019108,0.00011825869849502167,0.00010234571171621493,0.0,1.2106087877846232e-05
rs190984214,112105927,0.1111,0.0977,0.255,-0.0571635,0.0382785,0.135344,rsid,0.9998375813731164,8.592946033229379e-05,7.04356831147025e-05,0.0,6.0534834366504885e-06
rs2518355,112106035,0.0047,0.0132,0.722,0.00732029,0.00926123,0.42928,rsid,0.9999821726841746,9.336012887350755e-06,8.412759903032494e-06,0.0,7.85430350843914e-08
rs2163154,112106125,-0.0029,0.0132,0.826,0.00218944,0.00941744,0.816159,rsid,0.9999845253828991,8.979346381871246e-06,6.437465591177492e-06,0.0,5.780512787678063e-08
rs144815390,112106649,-0.1536,0.1043,0.141,-0.117306,0.0842189,0.16366,rsid,0.9997669539920769,0.00011856308297740827,0.00010234567737022951,0.0,1.2137247575520227e-05
rs200438643,112107654,-0.0773,0.137,0.573,0.0139405,0.020219,0.490523,rsid,0.9999083343508341,7.355337648325151e-05,1.68712234694272e-05,0.0,1.241049213161619e-06
rs138135853,112107785,-0.1174,0.0971,0.227,0.0571635,0.0382785,0.135344,rsid,0.9998322088855645,9.094873302920443e-05,7.043530463840016e-05,0.0,6.407076767939708e-06
rs142703306,112108154,-0.1589,0.1043,0.128,-0.117306,0.0842189,0.16366,rsid,0.9997600737120608,0.00012480507727586376,0.00010234497303916923,0.0,1.2776237624216715e-05
rs919479,112108556,-0.0048,0.0132,0.716,-0.00752949,0.00926112,0.416206,rsid,0.9999819926331587,9.361300951017104e-06,8.565876696481614e-06,0.0,8.018919366129555e-08
rs1811350,112108776,-0.0041,0.0132,0.756,0.00192379,0.00941786,0.838143,rsid,0.9999843460830011,9.196715094467695e-06,6.398357115683891e-06,0.0,5.884478861704165e-08
rs148394725,112108781,0.1608,0.1042,0.123,0.117306,0.0842189,0.16366,rsid,0.9997572651699652,0.00012735307004744264,0.00010234468553002316,0.0,1.3037074457341084e-05
rs187410737,112109105,-0.1157,0.0983,0.239,0.0571635,0.0382785,0.135344,rsid,0.9998343158482791,8.898029283742078e-05,7.043545306786597e-05,0.0,6.268405815615323e-06
rs191790620,112109297,0.0915,0.1045,0.381,-0.0571635,0.0382785,0.135344,rsid,0.999850361201367,7.398984346206324e-05,7.043658341686125e-05,0.0,5.212371754063431e-06
rs186985790,112109470,-0.0167,0.0464,0.719,0.0235948,0.0282991,0.404413,rsid,0.9999419002063428,3.135262741063922e-05,2.5934019356738607e-05,0.0,8.131468898186422e-07
rs2904868,112109646,-0.0039,0.0132,0.768,-0.0075864,0.00926152,0.412711,rsid,0.9999821573954301,9.154889340497066e-06,8.608900293645038e-06,0.0,7.881493579542665e-08
rs182805038,112109658,-0.1092,0.0974,0.262,0.0571635,0.0382785,0.135344,rsid,0.9998388638110782,8.473133641193778e-05,7.043577345876994e-05,0.0,5.969079051019729e-06
rs3018471,112109756,-0.0777,0.0166,2.86e-06,-0.0029261,0.0105941,0.782393,rsid,0.6429542711273322,0.3544470211143642,4.705427830788804e-06,0.0,0.002594002330472763
rs191612998,112109807,-0.0021,0.0865,0.981,0.214459,0.176472,0.224268,rsid,0.9998409959630838,4.9963679564091844e-05,0.00010385076580117878,0.0,5.189591550982197e-06
rs78176587,112110043,-0.0852,0.0724,0.239,-0.0884488,0.107956,0.412613,rsid,0.9998453643537087,7.621561248147644e-05,7.286567301025495e-05,0.0,5.554360799523538e-06
rs112949379,112110046,-0.1034,0.1,0.301,0.0571635,0.0382785,0.135344,rsid,0.9998435976088939,8.030876271612271e-05,7.043610694121658e-05,0.0,5.657521448871945e-06
rs35082717,112110091,0.1655,0.0132,4.63e-36,0.0336254,0.00961651,0.000471173,rsid,0.0,0.2618247250583251,0.0,0.0,0.7381752749416749
rs188139777,112111208,0.1178,0.0984,0.231,-0.0571635,0.0382785,0.135344,rsid,0.999832670055705,9.051788257634767e-05,7.043533712651071e-05,0.0,6.376724592213758e-06
rs146801016,112111297,-0.0881,0.144,0.541,-0.209851,0.263359,0.425553,rsid,0.9998225853142876,7.633152682638788e-05,9.391333834899262e-05,0.0,7.169820536998958e-06
rs141091241,112111460,-0.181,0.0362,5.73e-07,0.0180087,0.0225677,0.42488,rsid,0.23648623587275577,0.7483078981673225,4.803960966074936e-06,0.0,0.015201061998955588
rs148237020,112111485,-0.0135,0.0707,0.849,0.060328,0.0378833,0.111279,rsid,0.9998725905445093,4.327442643773532e-05,8.064472992328736e-05,0.0,3.490299129767955e-06
rs187211914,112111623,-0.2584,0.1526,0.0904,-0.534923,0.331982,0.107114,rsid,0.9997258372822785,0.0001442363475550589,0.00011354461792650107,0.0,1.638175223996833e-05
rs141268683,112111732,0.0417,0.0755,0.581,-0.0809694,0.0642087,0.207297,rsid,0.9998682581238182,5.0776032734599776e-05,7.705288798449719e-05,0.0,3.91295546269035e-06
rs137979279,112111986,0.0232,0.1454,0.873,0.209851,0.263359,0.425553,rsid,0.9998294513213318,7.005447806645161e-05,9.391398327305428e-05,0.0,6.580217328706046e-06
rs111537981,112112733,-0.0467,0.1544,0.762,0.209851,0.263359,0.425553,rsid,0.9998258677416233,7.333066237865354e-05,9.391364666740183e-05,0.0,6.887949330687943e-06
rs72999110,112112879,0.1539,0.1969,0.434,0.0547527,0.0774339,0.47951,rsid,0.9998501635912413,8.898528054859175e-05,5.58780583632063e-05,0.0,4.97306984688686e-06
rs77750162,112112918,0.0809,0.0726,0.265,0.0884488,0.107956,0.412613,rsid,0.999849842571519,7.204128083897841e-05,7.286599936907629e-05,0.0,5.250148272924257e-06
rs11214148,112112982,-0.0759,0.0165,4.22e-06,-0.00257954,0.0105965,0.807671,rsid,0.7236751282187533,0.27432844756487645,5.252686423993965e-06,0.0,0.001991171529946227
rs117858826,112113054,-0.0369,0.0489,0.45,0.117006,0.0589543,0.0471791,rsid,0.9997504375509202,4.0085844786378804e-05,0.00020140124975084463,0.0,8.075354542551897e-06
rs193115938,112113365,0.0453,0.1449,0.755,0.209851,0.263359,0.425553,rsid,0.9998281425146932,7.125101675839263e-05,9.39138603368429e-05,0.0,6.692608211523115e-06
rs187292643,112113501,-0.1153,0.0983,0.241,0.0571635,0.0382785,0.135344,rsid,0.9998346338456439,8.868320224841638e-05,7.043547546986607e-05,0.0,6.2474766377435185e-06
rs188571406,112114018,0.199,0.1273,0.118,0.117249,0.0842187,0.163863,rsid,0.9997526347530721,0.00013162891569863734,0.00010227115868823071,0.0,1.3465172541105644e-05
rs79703393,112114357,0.0151,0.1538,0.922,0.137351,0.302072,0.649328,rsid,0.9998302778986735,7.175293903205201e-05,9.140917216206716e-05,0.0,6.559990132425108e-06
rs149737192,112114950,-0.1125,0.0981,0.251,0.0571635,0.0382785,0.135344,rsid,0.9998367067963118,8.674653797732225e-05,7.043562150328098e-05,0.0,6.111044207677211e-06
rs550477113,112115274,0.0813,0.1117,0.467,-0.0571635,0.0382785,0.135344,rsid,0.9998537564960018,7.081777289069934e-05,7.043682260560694e-05,0.0,4.988908501886793e-06
rs118076281,112115696,0.0377,0.0489,0.441,-0.117006,0.0589543,0.0471802,rsid,0.999749891342941,4.054055977281128e-05,0.00020140113971641455,0.0,8.166957569775652e-06
rs1960532,112116083,-0.1505,0.0462,0.00112,-0.0887059,0.0851813,0.2977,rsid,0.9959174423441253,0.003730812416933586,7.41123840694127e-05,0.0,0.0002776328548718955
rs142050390,112116271,0.1212,0.0808,0.134,0.128999,0.102544,0.208395,rsid,0.9997788570177374,0.00011340784328850063,9.675943314311751e-05,0.0,1.0975705830898707e-05
rs117292942,112116476,-0.0444,0.0424,0.295,-0.0198823,0.0447936,0.65714,rsid,0.9999220662009992,4.51950016975634e-05,3.1323042030461764e-05,0.0,1.4157552729264442e-06
rs2518358,112116837,0.0015,0.0142,0.916,-0.00899232,0.00923748,0.330325,rsid,0.9999805736920988,9.477553369567971e-06,9.855348129363352e-06,0.0,9.340640241324629e-08
rs145888824,112116870,0.0381,0.0489,0.436,-0.117006,0.0589543,0.0471802,rsid,0.9997496114768643,4.0773546664483e-05,0.0002014010833369667,0.0,8.213893134288331e-06
rs191133875,112117003,-0.1064,0.1141,0.351,0.028021,0.165029,0.865172,rsid,0.9998398463191509,7.973456351569925e-05,7.447957008168923e-05,0.0,5.939547251655354e-06
rs117989557,112117368,0.0379,0.0489,0.438,-0.117006,0.0589543,0.0471802,rsid,0.9997497519795808,4.0656578964866614e-05,0.00020140111164145314,0.0,8.190329812884912e-06
rs75286210,112117370,-0.0929,0.0728,0.202,-0.0884488,0.107956,0.412613,rsid,0.9998365974923237,8.438756579767598e-05,7.286503410820292e-05,0.0,6.149907770507558e-06
rs563474163,112117773,-0.0276,0.136,0.839,0.0792576,0.087196,0.363372,rsid,0.9998589877393781,6.792954482920505e-05,6.843340980442614e-05,0.0,4.6493059882728545e-06
rs150894094,112117811,0.1092,0.1399,0.435,-0.0643896,0.0970847,0.507182,rsid,0.9998511942252392,8.027018798332226e-05,6.344230325893399e-05,0.0,5.093283518689644e-06
rs191917888,112118003,-0.1147,0.0983,0.243,0.0571635,0.0382785,0.135344,rsid,0.9998351068010483,8.824134135522674e-05,7.043550878821457e-05,0.0,6.216348808150694e-06
rs117733854,112118218,-0.0385,0.0489,0.431,0.117006,0.0589543,0.0471802,rsid,0.9997493270231588,4.101035273061072e-05,0.0002014010260333341,0.0,8.261598077317452e-06
rs113478665,112118276,-0.2029,0.0261,7.61e-15,-0.0413349,0.0223196,0.064031,rsid,9.895909385599814e-09,0.9269585232025155,7.797670766803477e-13,0.0,0.07304146690079526
rs182887435,112118466,0.1143,0.0983,0.245,-0.0571635,0.0382785,0.135344,rsid,0.9998354194319624,8.794926439922125e-05,7.043553081216369e-05,0.0,6.1957728263096654e-06
rs75866166,112118779,-0.054,0.0613,0.378,0.0223841,0.0296589,0.450419,rsid,0.9999203885826224,5.275144010476245e-05,2.5513971382124054e-05,0.0,1.3460058906354923e-06
rs117691921,112119392,-0.0384,0.0489,0.432,0.117006,0.0589543,0.0471802,rsid,0.999749398569999,4.0950790399506403e-05,0.00020140104044655412,0.0,8.249599154914508e-06
rs117053890,112119773,0.0382,0.0489,0.435,-0.117005,0.0589543,0.0471813,rsid,0.9997495469070585,4.083238841141896e-05,0.00020139519749810738,0.0,8.22550703211436e-06
rs190380738,112119931,0.0026,0.131,0.984,0.0561609,0.126978,0.658279,rsid,0.9998613196607518,6.578413844168423e-05,6.839619216931052e-05,0.0,4.5000086372744e-06
rs80223860,112119960,-0.0385,0.0489,0.431,0.1168,0.0589476,0.0475434,rsid,0.999750510491042,4.101040127721538e-05,0.00020026414517852875,0.0,8.214962502170757e-06
rs2564875,112120075,0.0517,0.0723,0.475,0.0701791,0.0507945,0.167086,rsid,0.9998670262222115,5.342839804832017e-05,7.551044128542147e-05,0.0,4.034938454811289e-06
rs186746699,112120466,0.1372,0.0783,0.0797,-0.0022412,0.0626197,0.971449,rsid,0.9998008847844431,0.00015461352191881053,3.854147385496052e-05,0.0,5.960219783104083e-06
rs2564873,112121117,-0.0017,0.0135,0.9,0.00226751,0.00941681,0.809715,rsid,0.9999844567624735,9.035310742514611e-06,6.449651274854156e-06,0.0,5.827550923924489e-08
rs151049738,112121124,-0.0446,0.1504,0.767,-0.209851,0.263359,0.425553,rsid,0.9998269195482855,7.23690784970133e-05,9.391374546360467e-05,0.0,6.797627753886364e-06
rs74330060,112121137,0.0932,0.0729,0.201,0.0884488,0.107956,0.412613,rsid,0.9998363065527985,8.465876253651685e-05,7.28650129054199e-05,0.0,6.1696717596186146e-06
rs76994629,112121348,0.1597,0.1041,0.125,-0.000363933,0.0252104,0.988482,rsid,0.9998551820599446,0.00012615122109288423,1.6575408127797718e-05,0.0,2.091310834761706e-06
rs79420953,112121515,-0.0973,0.0731,0.183,-0.0884488,0.107956,0.412613,rsid,0.999830982717158,8.962132945819666e-05,7.286462492055665e-05,0.0,6.5313284632433425e-06
rs147988404,112122117,0.0958,0.0728,0.188,0.0884488,0.107956,0.412613,rsid,0.999832734906731,8.798804124219785e-05,7.286475261477523e-05,0.0,6.412299412030608e-06
rs150274633,112122261,-0.0388,0.0488,0.427,0.117005,0.0589543,0.0471813,rsid,0.9997491450030118,4.1166972841662586e-05,0.0002013951165362854,0.0,8.292907610206314e-06
rs3018469,112122382,0.1276,0.0157,4.39e-16,0.0251873,0.0116478,0.0305872,rsid,5.772229307479073e-10,0.9266964662600479,4.565948159606661e-14,0.0,0.07330353316268357
rs185804676,112122384,0.1296,0.1459,0.374,0.209851,0.263359,0.425553,rsid,0.9998126809278183,8.538632627593091e-05,9.391240802994274e-05,0.0,8.020337875652496e-06
rs182140720,112122515,-0.0195,0.1135,0.864,-0.0779088,0.123483,0.52809,rsid,0.999863175118671,6.090642291529421e-05,7.155943290630599e-05,0.0,4.359025507317844e-06
rs35294232,112122552,0.0087,0.0149,0.559,-0.00928104,0.00923629,0.314971,rsid,0.9999780142442842,1.1703225388042456e-05,1.0163581032929007e-05,0.0,1.1894929476813889e-07
rs117833696,112122851,0.1467,0.1164,0.208,0.180099,0.180063,0.317214,rsid,0.9997955793754604,0.00010063258181980592,9.429677462151649e-05,0.0,9.491268098395905e-06
rs146319451,112122852,-0.1206,0.0671,0.0723,-0.0257484,0.0343184,0.453085,rsid,0.9998094410290648,0.0001568487524319624,2.9138940880941895e-05,0.0,4.571277622324013e-06
rs2564872,112123095,-0.0006,0.013,0.963,0.009243,0.00923606,0.316947,rsid,0.999981146485854,8.644134750875206e-06,1.0121882826438062e-05,0.0,8.749656870209596e-08
rs191427696,112123551,0.1367,0.0785,0.0816,0.0426543,0.0688708,0.535694,rsid,0.9997912285794304,0.00015243629425823967,4.8882155677313275e-05,0.0,7.452970634070747e-06
rs200778449,112124038,-0.1105,0.078,0.157,-0.0884445,0.107956,0.412634,rsid,0.9998180967632427,0.00010163446731502203,7.286211945082087e-05,0.0,7.406649991434653e-06
rs114155426,112124046,0.0929,0.0729,0.203,0.0884445,0.107956,0.412634,rsid,0.9998366933069073,8.42998361774085e-05,7.286347468092746e-05,0.0,6.143382234356034e-06
rs78315937,112124410,-0.0986,0.0697,0.157,-0.0884445,0.107956,0.412634,rsid,0.999824195170562,9.594988187194575e-05,7.286256387454552e-05,0.0,6.99238369147199e-06
rs148721959,112124456,0.1195,0.0625,0.0559,0.00676489,0.0562338,0.904246,rsid,0.9997756803813644,0.00018254763175863447,3.532250119068007e-05,0.0,6.449485686319744e-06
rs2564871,112124533,0.0025,0.0134,0.852,-0.00548442,0.00929653,0.555229,rsid,0.9999835224689181,9.053619348144312e-06,7.357300438459649e-06,0.0,6.661129518943579e-08
rs79268516,112124719,0.0968,0.0728,0.184,0.0884467,0.107956,0.412623,rsid,0.99983133743654,8.929145759797512e-05,7.286388577089199e-05,0.0,6.50722009115688e-06
rs2564870,112124964,-0.0019,0.0133,0.886,0.00559885,0.00929922,0.547123,rsid,0.9999835985892038,8.922636710337405e-06,7.412632771734661e-06,0.0,6.614131410019296e-08
rs149038195,112126678,-0.0106,0.0745,0.887,0.0603898,0.0378835,0.110916,rsid,0.9998706894490564,4.484368688956778e-05,8.08411787088131e-05,0.0,3.6256853451711404e-06
rs145135569,112126842,0.0226,0.0778,0.771,-0.0604019,0.0378836,0.110845,rsid,0.9998676735083352,4.75970645413787e-05,8.087930036983021e-05,0.0,3.850126753530123e-06
rs2564892,112127209,0.0024,0.0132,0.856,0.00643229,0.00928003,0.488226,rsid,0.9999831732802765,8.911831039912368e-06,7.844974420614953e-06,0.0,6.991426297666267e-08
rs2564891,112127283,0.002,0.0134,0.881,0.0029561,0.0094012,0.753187,rsid,0.9999843718671058,8.997526840450354e-06,6.571478079278732e-06,0.0,5.9127974459584146e-08
rs2518360,112127475,-0.002,0.0132,0.88,-0.00650678,0.00927928,0.483169,rsid,0.9999831742624016,8.86727940697613e-06,7.888507415206337e-06,0.0,6.995077632804498e-08
rs17490906,112127526,0.0826,0.0223,0.000212,0.0100574,0.0192073,0.600539,rsid,0.9878715681096609,0.011940496737806195,1.436034226767511e-05,0.0,0.00017357481026513427
rs11426544,112127613,-0.0061,0.0151,0.686,0.00650762,0.00927928,0.483112,rsid,0.9999811657515199,1.0859585254061877e-05,7.888990448099926e-06,0.0,8.567277792200835e-08
rs141876046,112127650,-0.0111,0.0745,0.882,0.0628346,0.0378714,0.0970845,rsid,0.9998618399101813,4.487846228735201e-05,8.927456855748032e-05,0.0,4.00705897385424e-06
rs11214155,112127930,0.1686,0.0132,2.33e-37,0.0294076,0.00939146,0.00174028,rsid,0.0,0.5478180038382149,0.0,0.0,0.4521819961617851
rs1367037,112128119,0.0017,0.0133,0.898,0.00289911,0.00940153,0.757804,rsid,0.9999844776040879,8.904645344295966e-06,6.559341055268263e-06,0.0,5.840951244502113e-08
rs139668045,112128138,0.1332,0.0998,0.182,-0.0595238,0.0382459,0.119626,rsid,0.9998123673090994,0.00010269318390314139,7.702779317137273e-05,0.0,7.91171382595572e-06
rs116938524,112128178,-0.045,0.049,0.358,0.116468,0.0589408,0.0481526,rsid,0.9997471262760532,4.544688296232083e-05,0.00019840755529965928,0.0,9.019285684902295e-06
rs2564890,112128656,-0.0015,0.0133,0.91,-0.00657641,0.0092792,0.478495,rsid,0.9999831106923694,8.888664380751439e-06,7.93015358573934e-06,0.0,7.048966423307359e-08
rs144544232,112128685,0.0562,0.1508,0.709,0.0110984,0.0432299,0.797387,rsid,0.9998959667229284,7.338964098604472e-05,2.8548270756376465e-05,0.0,2.095365329304738e-06
rs147819994,112129151,0.0299,0.0721,0.678,0.0487113,0.0341529,0.15379,rsid,0.9998924441167052,4.645583286997615e-05,5.838732676164556e-05,0.0,2.7127236631534174e-06
rs188653520,112129581,0.0487,0.059,0.409,-0.0382736,0.0450045,0.395081,rsid,0.9999088228315182,4.916467864146137e-05,4.0043580551322235e-05,0.0,1.968909289033202e-06
rs1469504,112129599,0.0003,0.013,0.982,-0.00938588,0.00923631,0.309537,rsid,0.9999809935050428,8.637282545865707e-06,1.0280415867177646e-05,0.0,8.879654424488475e-08
rs117879354,112129772,-0.1109,0.0511,0.03,-0.0503762,0.0270861,0.0629057,rsid,0.9996140008212353,0.00026593423378921277,9.483526326617315e-05,0.0,2.5229681709308326e-05
rs55764215,112130307,0.0921,0.0726,0.205,0.0883828,0.107955,0.412957,rsid,0.9998374591247855,8.360871914917693e-05,7.284102149804915e-05,0.0,6.0911345673131715e-06
rs2564889,112130420,0.002,0.0135,0.882,-0.00237743,0.00941691,0.800683,rsid,0.9999844104980534,9.062645447216605e-06,6.468236253581322e-06,0.0,5.862024569547454e-08
rs140661702,112130700,-0.2118,0.0894,0.0178,-0.0374467,0.0339301,0.269748,rsid,0.9995387450563165,0.00040590321856474827,3.936569086020241e-05,0.0,1.598603425851269e-05
rs143153305,112130913,-0.1386,0.0995,0.164,0.0572231,0.0382794,0.134946,rsid,0.9998133403122307,0.00010841952981966643,7.058584506426705e-05,0.0,7.654312885444943e-06
rs2518361,112130987,-0.0012,0.0134,0.929,-0.00296182,0.00940118,0.752726,rsid,0.9999844344375514,8.934120482693424e-06,6.572719583314306e-06,0.0,5.872238270320364e-08
rs116883740,112131255,-0.0258,0.0425,0.544,0.0251573,0.0438138,0.56584,rsid,0.9999339758688887,3.2331153653231244e-05,3.2637693500569355e-05,0.0,1.0552839576603547e-06
rs146674321,112131274,0.0464,0.049,0.344,-0.116468,0.0589408,0.0481526,rsid,0.9997457992692461,4.6554364784520084e-05,0.00019840729194488735,0.0,9.23907402447957e-06
rs138258115,112131672,0.0127,0.0746,0.865,0.0603896,0.0378842,0.110923,rsid,0.9998704704238777,4.5049262010582754e-05,8.083814363017309e-05,0.0,3.6421704816434422e-06
rs149192552,112131714,-0.0089,0.0776,0.909,0.0603896,0.0378842,0.110923,rsid,0.9998692415206604,4.6186333894955156e-05,8.083804427504888e-05,0.0,3.7341011696932248e-06
rs2564888,112131913,-0.0013,0.0135,0.923,0.00229879,0.00941693,0.807143,rsid,0.9999844811104851,9.00585221679419e-06,6.4549044800804495e-06,0.0,5.8132817977906664e-08
rs2904873,112132324,0.0021,0.0133,0.875,0.00650029,0.00927926,0.483604,rsid,0.9999831021678703,8.942674048555312e-06,7.884647060942095e-06,0.0,7.051102013728637e-08
rs34196265,112132589,0.0057,0.0152,0.708,-0.00649714,0.00928039,0.483869,rsid,0.9999812222954357,1.0809240220083948e-05,7.883250792494064e-06,0.0,8.521355164613317e-08
rs11214158,112132598,0.0059,0.0146,0.686,-0.00650855,0.00927929,0.48305,rsid,0.9999815230133614,1.0504558870712854e-05,7.889549994241175e-06,0.0,8.287777370945616e-08
rs2564887,112132670,-0.002,0.0133,0.88,-0.00650855,0.00927929,0.48305,rsid,0.9999831075665351,8.932397073563334e-06,7.889562495883651e-06,0.0,7.047389542551565e-08
rs554692059,112132744,0.1293,0.1504,0.39,0.209996,0.263386,0.425281,rsid,0.9998129560493503,8.512506041246118e-05,9.392225673661896e-05,0.0,7.996633500701247e-06
rs184032474,112133323,0.1093,0.0855,0.201,0.0360298,0.0310197,0.245433,rsid,0.9998660299199444,9.175102820951668e-05,3.867051677317741e-05,0.0,3.5485350728601808e-06
rs2195571,112133705,-0.0022,0.0133,0.869,-0.00663323,0.00928018,0.474749,rsid,0.9999830101516323,8.953464269640208e-06,7.965067935267526e-06,0.0,7.13161628144671e-08
rs2195570,112133838,-0.0016,0.0133,0.904,-0.00650855,0.00927929,0.48305,rsid,0.9999831438513803,8.896395979820325e-06,7.88956278216004e-06,0.0,7.018985774842245e-08
rs2195569,112133919,0.0,0.013,1.0,0.00930946,0.00923636,0.313495,rsid,0.9999810819502732,8.635000888872971e-06,1.0195013224272817e-05,0.0,8.803561371578548e-08
rs2195568,112133949,-0.0016,0.0133,0.904,-0.00650953,0.00927929,0.482983,rsid,0.9999831432639411,8.896395974594145e-06,7.890145046504717e-06,0.0,7.019503788991485e-08
rs139120450,112133993,0.0048,0.0751,0.949,0.060389,0.0378842,0.110926,rsid,0.9998706976132025,4.4840904245500754e-05,8.083624354358601e-05,0.0,3.6252390083604118e-06
rs2518362,112134131,-0.002,0.0133,0.88,-0.0065149,0.0092793,0.482623,rsid,0.9999831037533732,8.932397039502079e-06,7.893341931922223e-06,0.0,7.050765541921475e-08
rs117515751,112134200,-0.0492,0.0497,0.322,0.116463,0.0589411,0.0481637,rsid,0.9997430195060965,4.890211121073387e-05,0.00019837493591857346,0.0,9.703446774256905e-06
rs2518363,112134358,0.002,0.0133,0.88,0.00651869,0.0092793,0.482369,rsid,0.9999831014774282,8.932397019172092e-06,7.895597747094423e-06,0.0,7.052780559644294e-08
rs117120584,112134632,-0.0988,0.0507,0.0513,-0.0503271,0.0268946,0.061307,rsid,0.9997108721998083,0.0001759596144018854,9.62305909780638e-05,0.0,1.69375948116941e-05
rs1896945,112134698,-0.0015,0.0133,0.91,-0.00657591,0.00927971,0.478552,rsid,0.9999831107795045,8.888664381525967e-06,7.930067217397127e-06,0.0,7.048889652090042e-08
rs2518364,112135280,-0.0014,0.0133,0.916,-0.00649743,0.00927922,0.483795,rsid,0.9999831656135343,8.881438440967268e-06,7.882935043953205e-06,0.0,7.0012980952593e-08
rs2564884,112135419,0.0014,0.0133,0.916,0.00651754,0.0092793,0.482446,rsid,0.9999831535288345,8.881438333635946e-06,7.894913463639293e-06,0.0,7.011936834062147e-08
rs7113345,112135484,0.0781,0.0717,0.276,0.088304,0.107955,0.413372,rsid,0.9998522014316139,6.989507790891446e-05,7.281343730165652e-05,0.0,5.090053175587503e-06
rs117443762,112135555,-0.1327,0.0493,0.00711,-0.0323288,0.035907,0.367936,rsid,0.9991174383368252,0.0008204068517251337,3.4129775752446314e-05,0.0,2.8025035697264802e-05
rs2564883,112135760,0.0014,0.0133,0.916,0.00619808,0.00927506,0.503973,rsid,0.9999833404626918,8.881439993905441e-06,7.709623614194384e-06,0.0,6.84737002452277e-08
rs2518365,112135797,0.0013,0.0133,0.922,0.00618058,0.00927529,0.505188,rsid,0.9999833568803073,8.87471736615597e-06,7.700065286100483e-06,0.0,6.833704045663447e-08
rs891355,112135968,-0.0014,0.0133,0.916,-0.00619808,0.00927506,0.503973,rsid,0.9999833404626918,8.881439993905441e-06,7.709623614194384e-06,0.0,6.84737002452277e-08
rs891356,112135980,0.0013,0.0133,0.922,0.00624213,0.00927569,0.500976,rsid,0.9999833222317068,8.874717058654316e-06,7.734409394676025e-06,0.0,6.86418397862467e-08
rs2564882,112136297,-0.0007,0.0133,0.958,-0.00619808,0.00927506,0.503973,rsid,0.9999833772840481,8.844900067468423e-06,7.709623898077912e-06,0.0,6.819198647228683e-08
rs891357,112136304,0.0009,0.0133,0.946,0.00619808,0.00927506,0.503973,rsid,0.9999833692814355,8.852841515117298e-06,7.709623836379754e-06,0.0,6.825321306461817e-08
rs891358,112136374,-0.0002,0.0131,0.988,0.00899882,0.00923222,0.329699,rsid,0.9999813504262344,8.701931849161348e-06,9.861823400830748e-06,0.0,8.581851562123132e-08
rs891359,112136525,-0.0015,0.0133,0.91,-0.00619808,0.00927506,0.503973,rsid,0.9999833331806698,8.888666358408672e-06,7.7096235580518e-06,0.0,6.852941372380736e-08
rs891360,112136578,0.0013,0.0133,0.922,0.00638745,0.00927641,0.491094,rsid,0.9999832385630828,8.874716316106567e-06,7.817342739045468e-06,0.0,6.937786202746186e-08
rs117104262,112136746,0.1315,0.0334,8.25e-05,0.0328714,0.0246104,0.181656,rsid,0.964879713872317,0.03377929941985978,3.724050771125458e-05,0.0,0.0013037462001118743
rs891361,112136786,-0.0018,0.0133,0.892,-0.00617334,0.0092753,0.505688,rsid,0.9999833219374331,8.913380119210369e-06,7.696083188628822e-06,0.0,6.859925899204681e-08
rs891362,112136789,-0.0012,0.0133,0.928,-0.00617334,0.0092753,0.505688,rsid,0.9999833671654282,8.868497204438793e-06,7.696083536713043e-06,0.0,6.825383058514006e-08
rs76699055,112136946,-0.0464,0.0487,0.341,0.116447,0.058941,0.0481948,rsid,0.9997459314014293,4.655145926479693e-05,0.00019828436691897303,0.0,9.232772387015916e-06
rs973726,112137106,-0.0009,0.0133,0.946,-0.00619808,0.00927506,0.503973,rsid,0.9999833692814355,8.852841515117298e-06,7.709623836379754e-06,0.0,6.825321306461817e-08
rs75987620,112137292,0.0823,0.0715,0.25,0.088304,0.107955,0.413372,rsid,0.9998479921526015,7.381891328415543e-05,7.281313076427726e-05,0.0,5.375803350131347e-06
rs147066258,112137419,-0.0271,0.0776,0.727,0.060408,0.0378842,0.110815,rsid,0.9998669910582305,4.82115410259721e-05,8.089672609009429e-05,0.0,3.900674653367241e-06
rs2518367,112137714,0.0021,0.0133,0.875,0.00619808,0.00927506,0.503973,rsid,0.9999832787554219,8.942675627746912e-06,7.709623138446633e-06,0.0,6.89458117990821e-08
rs143834317,112137955,0.0428,0.0777,0.582,-0.060408,0.0378842,0.110815,rsid,0.9998630717060721,5.183781738049332e-05,8.089640898515849e-05,0.0,4.1940675622262595e-06
rs199715940,112138130,0.054,0.0552,0.328,-0.116447,0.058941,0.0481948,rsid,0.9997386504175376,5.262858247088642e-05,0.00019828292284679818,0.0,1.0438077144714608e-05
rs2518368,112138161,-0.0014,0.0133,0.916,-0.00610417,0.00927509,0.510458,rsid,0.9999833923035493,8.881440454334577e-06,7.658238675962058e-06,0.0,6.801732039664962e-08
rs55803027,112138563,-0.0043,0.0143,0.764,0.0027206,0.00939598,0.772161,rsid,0.9999834904486036,9.925995010267143e-06,6.518849252932503e-06,0.0,6.470713344303703e-08
rs55710924,112138564,-0.006,0.0143,0.675,0.0027206,0.00939598,0.772161,rsid,0.9999830574472618,1.0356194721076952e-05,6.518846430215429e-06,0.0,6.751158680672827e-08
rs2518369,112138835,0.001,0.0134,0.941,0.00193754,0.00941086,0.836882,rsid,0.9999846239294663,8.923269197095778e-06,6.395729641732383e-06,0.0,5.707169484342838e-08
rs2518370,112139126,-0.001,0.0134,0.941,-0.00184053,0.0094103,0.844934,rsid,0.9999846375822347,8.923269318924976e-06,6.382197504403043e-06,0.0,5.6950942082523634e-08
rs141811283,112139157,0.0917,0.0682,0.179,0.226413,0.156718,0.148537,rsid,0.9997830842277473,8.75313231061844e-05,0.00011896870191940115,0.0,1.0415747227083791e-05
rs2564881,112139158,0.0009,0.0134,0.946,0.001822,0.00941007,0.846471,rsid,0.9999846449025448,8.918586947339015e-06,6.379612505247315e-06,0.0,5.689800249275276e-08
rs1946522,112139224,-0.0035,0.0134,0.794,-0.00184316,0.00941017,0.844713,rsid,0.9999843538464913,9.204943407659092e-06,6.382459007800628e-06,0.0,5.875109319713174e-08
rs1946521,112139252,0.0021,0.0134,0.875,0.00187379,0.0094102,0.842166,rsid,0.9999845481775932,9.007725167128496e-06,6.386567902381299e-06,0.0,5.7529337358959126e-08
rs1946520,112139434,0.001,0.0134,0.941,0.000640485,0.009415,0.945763,rsid,0.9999847413706039,8.923270245070777e-06,6.279326171582693e-06,0.0,5.603297937244425e-08
rs76509001,112139508,0.0162,0.0521,0.756,0.069579,0.0556301,0.211028,rsid,0.9998942138214642,3.425668438630074e-05,6.916004950704344e-05,0.0,2.3694446425977144e-06
rs7930698,112139548,-0.0016,0.0134,0.905,-0.00184334,0.00941017,0.844698,rsid,0.9999845985088218,8.961807312429218e-06,6.3824843895447035e-06,0.0,5.719947623091563e-08
rs7930534,112139566,-0.001,0.0134,0.941,-0.00184334,0.00941017,0.844698,rsid,0.9999846372925424,8.923269316339936e-06,6.382484637085007e-06,0.0,5.695350428413668e-08
rs7930716,112139614,-0.0018,0.0134,0.893,-0.00184334,0.00941017,0.844698,rsid,0.9999845815507211,8.97865797072861e-06,6.382484281308223e-06,0.0,5.7307026950906503e-08
rs7945505,112139632,0.0013,0.0134,0.923,0.00184334,0.00941017,0.844698,rsid,0.9999846201588168,8.940294486699643e-06,6.3824845277275875e-06,0.0,5.7062168841783076e-08
rs181875348,112139671,0.0517,0.0826,0.531,-0.0395525,0.0352863,0.262329,rsid,0.9999000836172416,5.6060062478014606e-05,4.152802402426935e-05,0.0,2.3282962563289535e-06
rs7945608,112139677,0.0005,0.0134,0.97,0.0018446,0.00941017,0.844593,rsid,0.9999846557108605,8.904800465323807e-06,6.382651563479983e-06,0.0,5.6837110737537286e-08
rs2518371,112139862,0.004,0.0143,0.78,-0.00184334,0.00941017,0.844698,rsid,0.9999836882600638,9.86628895141797e-06,6.382478579806736e-06,0.0,6.297240508410396e-08
rs2518372,112139863,-0.004,0.0143,0.78,0.00184334,0.00941017,0.844698,rsid,0.9999836882600638,9.86628895141797e-06,6.382478579806736e-06,0.0,6.297240508410396e-08
rs2853125,112139906,0.0007,0.0134,0.958,0.00184334,0.00941017,0.844698,rsid,0.9999846499356262,8.910706335954872e-06,6.382484717780535e-06,0.0,5.687332002298567e-08
rs2518373,112139976,0.0014,0.0134,0.917,0.00184334,0.00941017,0.844698,rsid,0.9999846134454203,8.946965348694181e-06,6.382484484878778e-06,0.0,5.710474617008237e-08
rs2511522,112140199,-0.001,0.0134,0.941,-0.00184347,0.00941017,0.844687,rsid,0.999984637275184,8.92326931618504e-06,6.382501841934633e-06,0.0,5.695365781000202e-08
rs2427774,112140232,-0.0016,0.0134,0.905,-0.00184334,0.00941017,0.844698,rsid,0.9999845985088218,8.961807312429218e-06,6.3824843895447035e-06,0.0,5.719947623091563e-08
rs148791721,112140306,-0.1724,0.1043,0.0983,0.0572411,0.0382792,0.134821,rsid,0.9997758848045494,0.0001433572800919601,7.06302806722915e-05,0.0,1.0127634686138586e-05
rs2853127,112140332,-0.0166,0.0129,0.198,-0.0130925,0.00901792,0.146549,rsid,0.9999630213167329,1.949225660596969e-05,1.7152081523212258e-05,0.0,3.3434513801992557e-07
rs76002554,112140333,0.0815,0.0491,0.0969,0.0482076,0.0321744,0.13405,rsid,0.9998240957058809,0.000107953574079931,6.132888310417077e-05,0.0,6.621836934977347e-06
rs7111858,112140340,-0.099,0.0726,0.173,-0.088304,0.107955,0.413372,rsid,0.9998279248589786,9.25253844804577e-05,7.28116693796607e-05,0.0,6.738087161315574e-06
rs151291078,112140379,-0.0173,0.0774,0.823,0.0604106,0.0378841,0.110798,rsid,0.9998685429246089,4.676732854427355e-05,8.090551460029141e-05,0.0,3.78423224645907e-06
rs2853128,112140431,0.0007,0.0134,0.958,0.00198656,0.00941212,0.832838,rsid,0.9999846287660125,8.910706147315766e-06,6.403467545460337e-06,0.0,5.706029470861179e-08
rs2518374,112140433,0.0002,0.0134,0.988,0.00198656,0.00941212,0.832838,rsid,0.9999846399071239,8.899635853948362e-06,6.403467616803179e-06,0.0,5.698940535465806e-08
rs2518375,112140453,0.0007,0.0134,0.958,0.00186568,0.00941173,0.842866,rsid,0.999984645912233,8.910706300103047e-06,6.386472611368086e-06,0.0,5.69088555171155e-08
rs35818098,112140593,0.0085,0.0153,0.579,-0.00180502,0.00941053,0.847892,rsid,0.9999817241556885,1.1822757645866602e-05,6.3776834815056935e-06,0.0,7.540318420074361e-08
rs2518376,112140636,-0.1089,0.1022,0.287,-1.26111,0.632426,0.0461424,rsid,0.9997999009567486,8.296572536982354e-05,0.0001081581062136872,0.0,8.975211667912704e-06
rs2904874,112140759,-0.001,0.0134,0.941,-0.00184334,0.00941017,0.844698,rsid,0.9999846372925424,8.923269316339936e-06,6.382484637085007e-06,0.0,5.695350428413668e-08
rs3018466,112140781,-0.1175,0.0845,0.164,-0.0257926,0.126419,0.838334,rsid,0.9998258641889468,0.00010223731271208584,6.522854564452294e-05,0.0,6.669952696436138e-06
rs2564880,112140867,0.0009,0.0134,0.946,0.00177226,0.00941095,0.850626,rsid,0.9999846507936548,8.9185869998802e-06,6.373773419844795e-06,0.0,5.684592530224711e-08
rs2518377,112140945,-0.0015,0.0143,0.916,0.00170662,0.00941254,0.856122,rsid,0.9999840296278315,9.542988620273944e-06,6.36662593889477e-06,0.0,6.07576092060448e-08
rs373354644,112140956,-0.1182,0.0645,0.0669,-0.00349952,0.0362765,0.923149,rsid,0.9998096029087757,0.00016294152302083782,2.3608096462667615e-05,0.0,3.847471740677908e-06
rs2518378,112140968,-0.0043,0.0143,0.764,0.00169317,0.00941202,0.857235,rsid,0.9999836461786697,9.925996556068526e-06,6.364648264317697e-06,0.0,6.317650992956064e-08
rs2518379,112141035,-0.0027,0.0134,0.84,-0.00184334,0.00941017,0.844698,rsid,0.9999844798877277,9.079676851654034e-06,6.382483632435761e-06,0.0,5.795178831174872e-08
rs183434479,112141118,0.0125,0.0961,0.897,-0.0395521,0.0352863,0.262334,rsid,0.9999019486710837,5.4269811331593236e-05,4.15276014874131e-05,0.0,2.2539160972441005e-06
rs201678993,112141389,0.0829,0.0669,0.215,-0.115469,0.0824376,0.161307,rsid,0.9998125215398415,7.727093817797949e-05,0.00010230113502337415,0.0,7.906386957180427e-06
rs2518380,112141462,0.0016,0.0134,0.905,0.00183038,0.00941125,0.845793,rsid,0.9999845995249711,8.961807321535892e-06,6.3814772568051365e-06,0.0,5.7190450362353756e-08
rs2518381,112141470,0.0021,0.0134,0.875,0.00184334,0.00941017,0.844698,rsid,0.9999845522981502,9.007725204245914e-06,6.38248409460127e-06,0.0,5.7492550972424535e-08
rs34499137,112141492,-0.0079,0.0153,0.606,0.00184334,0.00941017,0.844698,rsid,0.9999819642524146,1.15793736990932e-05,6.382467576185356e-06,0.0,7.390631014255054e-08
rs2518382,112141546,-0.0037,0.0143,0.796,0.00184334,0.00941017,0.844698,rsid,0.9999837436812327,9.811218917819546e-06,6.382478933536929e-06,0.0,6.262091604087491e-08
rs2518383,112141547,0.0036,0.0143,0.801,-0.00184334,0.00941017,0.844698,rsid,0.9999837611308752,9.793879831945136e-06,6.3824790449107155e-06,0.0,6.251024789149799e-08
rs2853124,112141578,-0.001,0.0134,0.941,-0.00197693,0.00941262,0.833645,rsid,0.9999846171821785,8.923269136886985e-06,6.4024173130268885e-06,0.0,5.713137165228577e-08
rs2518384,112141694,0.001,0.0134,0.941,0.00184334,0.00941017,0.844698,rsid,0.9999846372925424,8.923269316339936e-06,6.382484637085007e-06,0.0,5.695350428413668e-08
rs2564879,112141896,-0.0026,0.0134,0.846,-0.00184334,0.00941017,0.844698,rsid,0.9999844932565466,9.066392734292203e-06,6.382483717763353e-06,0.0,5.786700133421206e-08
rs2564878,112141912,-0.0026,0.0134,0.846,-0.00135645,0.00940558,0.885328,rsid,0.9999845524789264,9.066393271233881e-06,6.323792923114057e-06,0.0,5.7334879288553805e-08
rs2518385,112142255,-0.001,0.0134,0.941,-0.00184365,0.00941019,0.844672,rsid,0.9999846372380404,8.923269315853594e-06,6.3825386573265806e-06,0.0,5.695398632870629e-08
rs2518386,112142364,-0.001,0.0134,0.941,-0.00165065,0.00941076,0.860765,rsid,0.9999846612414156,8.923269530045464e-06,6.3587473673775075e-06,0.0,5.6741686979614785e-08
rs143197702,112142535,-0.0451,0.0491,0.358,0.116456,0.0589411,0.048177,rsid,0.9997471019457497,4.553011042677826e-05,0.00019833542568436607,0.0,9.03251813921365e-06
rs2564877,112142537,0.0011,0.0134,0.935,0.00184369,0.00941019,0.844669,rsid,0.9999846320215431,8.928447454451517e-06,6.382543918643819e-06,0.0,5.698708377961627e-08
rs67687057,112142593,-0.0007,0.0159,0.965,-0.001787,0.00941532,0.849468,rsid,0.9999830022788501,1.0551928876070409e-05,6.378485801210889e-06,0.0,6.730647256805457e-08
rs79997722,112142715,0.1036,0.074,0.162,0.0883108,0.107955,0.413339,rsid,0.9998228019171066,9.729839659799501e-05,7.281376782466047e-05,0.0,7.085918470766702e-06
rs2518387,112142799,-0.0015,0.0142,0.916,-0.00184369,0.00941019,0.844669,rsid,0.9999840793809708,9.477586595566811e-06,6.382540391336886e-06,0.0,6.049204232935847e-08
rs2518388,112142935,-0.0008,0.0134,0.952,-0.00174667,0.00941022,0.852747,rsid,0.9999846587426326,8.914399604678215e-06,6.370071528311445e-06,0.0,5.6786234285986604e-08
rs2518389,112142982,0.0001,0.0134,0.994,-0.00184369,0.00941019,0.844669,rsid,0.9999846617588968,8.89889851143502e-06,6.382544108446701e-06,0.0,5.6798483454658244e-08
rs2518390,112142996,0.0,0.0134,1.0,-0.00177002,0.00941096,0.850813,rsid,0.9999846711351774,8.89865276279236e-06,6.373495665499911e-06,0.0,5.6716394210386e-08
rs2518391,112143098,-0.0017,0.0134,0.899,-0.00202459,0.00941073,0.829661,rsid,0.9999845644761568,8.969980653019645e-06,6.40806210990439e-06,0.0,5.748108039977769e-08
rs2518392,112143105,-0.0014,0.0134,0.917,-0.00202459,0.00941073,0.829661,rsid,0.9999845876390306,8.946965117801754e-06,6.408062258335817e-06,0.0,5.7333593144065695e-08
rs111398972,112143375,-0.059,0.0992,0.552,-0.049905,0.0236701,0.035001,rsid,0.9997928085105933,6.237795161498504e-05,0.00013630909369245235,0.0,8.504444099469801e-06
rs141697795,112143535,0.0514,0.0933,0.582,-0.016817,0.0371337,0.650637,rsid,0.999913047078718,5.892452071889399e-05,2.6468614511048836e-05,0.0,1.5597860521105216e-06
rs34550321,112144043,0.0858,0.0284,0.00252,0.0116712,0.0144166,0.418188,rsid,0.9984450184380159,0.0015216200686074205,1.3217760541544455e-05,0.0,2.0143732835209617e-05
rs2518396,112144325,0.001,0.0134,0.941,0.00173729,0.00941143,0.853548,rsid,0.9999846502026578,8.923269431542143e-06,6.369688590880903e-06,0.0,5.6839319963492814e-08
rs114281986,112144344,-0.019,0.048,0.692,0.116455,0.058941,0.0481781,rsid,0.9997624579348089,3.271777436132636e-05,0.00019833371142542088,0.0,6.49057940429732e-06
rs2518397,112144346,-0.0007,0.0134,0.958,-0.00184326,0.00941019,0.844705,rsid,0.9999846499332006,8.910706335933257e-06,6.3824871221349586e-06,0.0,5.687334144781074e-08
rs2518398,112144389,0.0004,0.0134,0.976,0.00184326,0.00941019,0.844705,rsid,0.9999846581045329,8.902586775165236e-06,6.382487174289182e-06,0.0,5.6821517660272836e-08
rs2518399,112144447,0.0006,0.0134,0.964,-0.00184322,0.00941019,0.844708,rsid,0.99998465315844,8.907506837490612e-06,6.3824818493900316e-06,0.0,5.685287322563906e-08
rs2518400,112144488,0.0004,0.0134,0.976,0.00184322,0.00941019,0.844708,rsid,0.9999846581098731,8.902586775212778e-06,6.382481880992949e-06,0.0,5.682147053552082e-08
rs7129573,112144629,-0.0019,0.0134,0.887,-0.00160527,0.00941366,0.864597,rsid,0.9999845996790346,8.987840263444978e-06,6.355358871828256e-06,0.0,5.7121830051377166e-08
rs10444328,112144666,0.0007,0.0134,0.958,0.00187473,0.00941176,0.842114,rsid,0.9999846446661618,8.9107062889995e-06,6.3877076881397085e-06,0.0,5.691986109246607e-08
rs2518402,112144789,0.0002,0.0133,0.988,0.00253515,0.00940909,0.787593,rsid,0.9999846174366754,8.833755314063075e-06,6.491463131317691e-06,0.0,5.734487904355541e-08
rs2518403,112144800,0.0006,0.0134,0.964,0.0025488,0.00940893,0.786475,rsid,0.9999845407533943,8.90750583622653e-06,6.4938954634577e-06,0.0,5.784530598544467e-08
rs2518404,112144855,0.0009,0.0134,0.946,0.00230964,0.00940944,0.8061,rsid,0.9999845719592356,8.918586296777783e-06,6.451911648920184e-06,0.0,5.7542818593031446e-08
rs138754196,112144883,-0.1217,0.0515,0.0181,-0.00941443,0.0230816,0.683364,rsid,0.9995824301280025,0.0003945694363716823,1.6490908838067507e-05,0.0,6.50952678776062e-06
rs74894927,112144955,0.0706,0.0691,0.307,0.0884076,0.107959,0.412845,rsid,0.9998581056599113,6.435366722076723e-05,7.285173145129295e-05,0.0,4.6889414165212205e-06
rs61209427,112145102,0.0769,0.0695,0.269,0.0884076,0.107959,0.412845,rsid,0.9998524949920223,6.958367473987426e-05,7.285132264641554e-05,0.0,5.070010591350538e-06
rs57575254,112145141,-0.075,0.0695,0.281,-0.0884076,0.107959,0.412845,rsid,0.9998543084555293,6.789324715364156e-05,7.285145477912081e-05,0.0,4.9468425379508e-06
rs145429885,112145384,0.0249,0.0774,0.748,-0.0601721,0.0378843,0.112216,rsid,0.9998682583061702,4.776647168427986e-05,8.014640666627584e-05,0.0,3.828815479258042e-06
rs7102877,112145410,-0.0716,0.0693,0.302,-0.0884076,0.107959,0.412845,rsid,0.9998572954688957,6.510889016174008e-05,7.285167241909832e-05,0.0,4.7439685234378534e-06
rs7119327,112145444,-0.0767,0.0695,0.27,-0.0884076,0.107959,0.412845,rsid,0.9998526901469116,6.940176029441123e-05,7.285133686580477e-05,0.0,5.0567559282608826e-06
rs372259649,112145450,0.0569,0.0913,0.533,0.0601721,0.0378843,0.112216,rsid,0.9998551474517773,5.990536049731204e-05,8.01453557399571e-05,0.0,4.801831985386669e-06
rs2518405,112145555,-0.0023,0.0135,0.865,0.00164404,0.00942543,0.861531,rsid,0.9999844800341076,9.094517843947181e-06,6.367537466615487e-06,0.0,5.79105818823924e-08
rs7103475,112145738,0.0729,0.0694,0.294,0.0884076,0.107959,0.412845,rsid,0.9998561859224924,6.614315847826231e-05,7.285159157525043e-05,0.0,4.8193274540874464e-06
rs10700929,112145923,-0.1058,0.0756,0.162,-0.0884076,0.107959,0.412845,rsid,0.9998217294980017,9.826185855659013e-05,7.284908100883149e-05,0.0,7.15956243285637e-06
rs111803011,112146017,0.0891,0.0254,0.000452,0.0100879,0.0193722,0.602548,rsid,0.9933234894048716,0.006565865438415466,1.4539447843039553e-05,0.0,9.610570886977911e-05
rs531625092,112148687,0.0634,0.1838,0.73,0.06735,0.101559,0.507228,coord,0.9998503076973335,7.933526954495436e-05,6.518480481844251e-05,0.0,5.172228303271011e-06
rs114799746,112169987,-0.0331,0.0482,0.492,-0.0271362,0.00931162,0.00356574,coord,0.9995203803686128,3.7868021575321645e-05,0.00042562625169139827,0.0,1.612535812039084e-05
rs4936039,112219370,0.0254,0.0713,0.722,0.116404,0.0844105,0.167887,coord,0.9998492601862516,4.520849972742462e-05,0.0001009660999589333,0.0,4.565214061989989e-06
rs940759,112223385,0.0245,0.1608,0.879,0.117073,0.0843232,0.165019,coord,0.9998170746879046,7.351356698168954e-05,0.00010191801732774526,0.0,7.493727785958202e-06
