snp,pos,beta_x,se_x,p_x,beta_y,se_y,p_y,match,pp_h0,pp_h1,pp_h2,pp_h3,pp_h4
rs114436343,6415176,-0.079,0.0746,0.29,0.00342595,0.0278915,0.902241,rsid,0.9999104940085143,6.980544541159248e-05,1.8414966096527146e-05,0.0,1.2855799777179918e-06
rs1616305,6415443,0.0873,0.0541,0.107,0.010575,0.0411827,0.797347,rsid,0.9998623979156132,0.00010737193128497435,2.729864182549537e-05,0.0,2.9315112763222414e-06
rs140018828,6415657,0.0708,0.0548,0.196,0.0152613,0.0452562,0.735951,rsid,0.9998957318070338,7.165755389254661e-05,3.042988086213373e-05,0.0,2.1807582115401344e-06
rs62107578,6415711,-0.0017,0.0332,0.959,0.0157232,0.0172051,0.360787,rsid,0.9999607801211642,2.1638673187513158e-05,1.7208815116858774e-05,0.0,3.723905313695631e-07
rs145698454,6415735,0.013,0.1003,0.897,-0.115832,0.0573779,0.0435131,rsid,0.999720976191107,5.589862915320615e-05,0.00021130994666338233,0.0,1.1815233076256078e-05
rs8103311,6415795,0.0263,0.0144,0.0678,-0.00184566,0.00912885,0.839777,rsid,0.9999435999264847,4.989084246904957e-05,6.199895585524877e-06,0.0,3.0933546052469195e-07
rs189946046,6416113,0.0442,0.0524,0.399,0.0105833,0.0411831,0.797193,rsid,0.9999261773725378,4.5284261898286426e-05,2.7301926688368323e-05,0.0,1.2364388756503839e-06
rs182213090,6416117,0.0483,0.0526,0.358,0.0105833,0.0411831,0.797193,rsid,0.9999232140209912,4.816893150341258e-05,2.7301845777188565e-05,0.0,1.315201728210425e-06
rs2305058,6416123,0.0288,0.0138,0.0369,0.00309365,0.00860755,0.719287,rsid,0.999914011140417,7.939375928912284e-05,6.109965451379411e-06,0.0,4.851348425035247e-07
rs146253337,6416443,0.0162,0.0445,0.716,-0.00704336,0.0239644,0.768828,rsid,0.9999528177322216,3.022910927637956e-05,1.6455694056630372e-05,0.0,4.974644453572205e-07
rs80332810,6416696,0.0894,0.0828,0.28,0.0202772,0.0362989,0.576423,rsid,0.99989514023398,7.554496432339336e-05,2.7255565074505524e-05,0.0,2.0592366222378343e-06
rs201923567,6416724,-0.046,0.0552,0.405,-0.0105893,0.0411834,0.797081,rsid,0.9999245255394564,4.6891091961746956e-05,2.730300426331398e-05,0.0,1.2803643185492668e-06
rs74489818,6416725,-0.0468,0.0523,0.371,-0.0105893,0.0411834,0.797081,rsid,0.9999243646460165,4.704771324067567e-05,2.7302999870108134e-05,0.0,1.2846408727662059e-06
rs77809861,6416916,0.0411,0.0534,0.441,0.0105927,0.0411835,0.797019,rsid,0.9999278820939793,4.362305733905418e-05,2.730369224557278e-05,0.0,1.1911564361044255e-06
rs3786689,6417350,-0.0287,0.0146,0.0493,0.00174266,0.0092145,0.849997,rsid,0.9999276658042097,6.568235505891699e-05,6.241832795909663e-06,0.0,4.100079355136142e-07
rs181107021,6417551,0.2302,0.199,0.247,0.0284314,0.0451726,0.529089,rsid,0.9998601470825677,0.00010175733067923606,3.457666544263056e-05,0.0,3.518921310642581e-06
rs183882319,6417568,-0.0364,0.0523,0.486,-0.0106022,0.0411839,0.796843,rsid,0.9999307190675136,4.085965564747667e-05,2.730550596612154e-05,0.0,1.115770872702348e-06
rs2258496,6417855,-0.0269,0.0143,0.06,0.00134776,0.00921906,0.883769,rsid,0.9999386605042889,5.479933859342392e-05,6.200360613992924e-06,0.0,3.397965036337054e-07
rs150345802,6417860,0.0428,0.0524,0.414,0.0106043,0.041184,0.796804,rsid,0.9999270838521216,4.439794097530417e-05,2.7305797321132597e-05,0.0,1.2124095819836328e-06
rs2860167,6418142,0.0164,0.0205,0.424,-0.00129041,0.0116582,0.911864,rsid,0.9999735191048856,1.8539679184079925e-05,7.796664444986066e-06,0.0,1.445514853686869e-07
rs72983829,6418237,-0.005,0.0304,0.869,-0.0115266,0.0155377,0.45818,rsid,0.9999660755547437,2.0123925086838798e-05,1.3528269060354968e-05,0.0,2.7225110909302885e-07
rs144144696,6418342,0.0478,0.0521,0.359,0.0106218,0.0411846,0.796478,rsid,0.9999236194972482,4.776711239195437e-05,2.730882691211654e-05,0.0,1.3045634476154997e-06
rs117689481,6418350,0.0483,0.0526,0.358,0.0106241,0.0411847,0.796435,rsid,0.9999232062723076,4.816893113013812e-05,2.730923869759905e-05,0.0,1.3155578646335715e-06
rs2860166,6419098,-0.0415,0.0526,0.43,-0.0108032,0.0411865,0.793091,rsid,0.999927806368079,4.3660761297203194e-05,2.7339136913039154e-05,0.0,1.193733710803889e-06
rs2305059,6419275,0.0245,0.0141,0.0823,-0.00195919,0.0091308,0.830103,rsid,0.9999517291109634,4.179379696551841e-05,6.217237563135967e-06,0.0,2.598545078082112e-07
rs151235276,6419286,-0.0438,0.043,0.308,0.0379845,0.0208993,0.0691401,rsid,0.999882646753872,4.4505509831768906e-05,6.974340614510771e-05,0.0,3.10433015111243e-06
rs2860163,6419306,-0.0001,0.0311,0.997,0.000207389,0.0177137,0.990659,rsid,0.9999677295764685,2.0303047386945874e-05,1.172922935981646e-05,0.0,2.3814678460231222e-07
rs5826930,6419751,-0.0092,0.0663,0.89,0.0362587,0.031136,0.244211,rsid,0.99991872394501,4.075474481810309e-05,3.8934418889113904e-05,0.0,1.5868912827301284e-06
rs8105183,6419755,-0.0367,0.0571,0.52,-0.0109934,0.041238,0.789789,rsid,0.9999288216044994,4.2611138527428226e-05,2.739964384502119e-05,0.0,1.1676131283114327e-06
rs184558016,6419761,0.0477,0.0525,0.364,0.0109947,0.041238,0.789765,rsid,0.9999235751819878,4.771755649396416e-05,2.7399714179955334e-05,0.0,1.307547338367867e-06
rs117786289,6420068,0.0495,0.0527,0.348,0.0111604,0.0412688,0.786827,rsid,0.9999221190754227,4.908885303835646e-05,2.7444735995087148e-05,0.0,1.347335543677182e-06
rs117024124,6420301,0.0482,0.0527,0.36,0.0110563,0.0412996,0.788924,rsid,0.9999231349120035,4.8099872106657725e-05,2.7445012806287805e-05,0.0,1.3202030834742115e-06
rs74790427,6420497,0.0477,0.0527,0.365,0.0110172,0.0413155,0.789732,rsid,0.9999235104313222,4.773170526606518e-05,2.7447640506318275e-05,0.0,1.310222905281393e-06
rs117808562,6421150,-0.285,0.2278,0.211,0.0773019,0.0659345,0.241035,rsid,0.9998150327533478,0.00010581568020313018,7.157627322961426e-05,0.0,7.575293219326092e-06
rs181452781,6421373,0.0384,0.0526,0.465,0.0107954,0.0414106,0.794331,rsid,0.9999294268352038,4.195472935953188e-05,2.7466024483671337e-05,0.0,1.1524109530828125e-06
rs75599457,6421529,0.0415,0.0527,0.431,0.01122,0.0414361,0.786562,rsid,0.9999275626004444,4.3683684958334147e-05,2.755013595362248e-05,0.0,1.2035786436644268e-06
rs182620609,6422206,0.0467,0.0528,0.376,0.0114692,0.0414991,0.782262,rsid,0.9999240472854954,4.7025404020448354e-05,2.7627994207671717e-05,0.0,1.2993162764885688e-06
rs149581684,6422306,-0.1492,0.1168,0.201,0.0223992,0.270004,0.933884,rsid,0.9998015009150459,0.00010208839697221869,8.74783866640694e-05,0.0,8.932301317888895e-06
rs61751242,6422423,0.0579,0.0605,0.339,0.00147937,0.0472589,0.975027,rsid,0.99991280666357,5.5462210839576516e-05,3.0063587181402777e-05,0.0,1.667538409086464e-06
rs191130575,6422644,-0.0466,0.0524,0.374,-0.0115538,0.0415399,0.780908,rsid,0.9999241219303546,4.691439354369585e-05,2.7665659952138345e-05,0.0,1.2980161496004845e-06
rs183270676,6422761,-0.0405,0.0529,0.444,-0.0115407,0.0415448,0.781174,rsid,0.9999279755898859,4.316384617438489e-05,2.766629425384805e-05,0.0,1.1942696859580146e-06
rs2075755,6422888,0.0251,0.0141,0.0751,-0.00197301,0.00913237,0.828952,rsid,0.9999484875049831,4.501224111406589e-05,6.220251996467976e-06,0.0,2.800019062520668e-07
rs77618636,6423111,-0.0386,0.0532,0.468,-0.0116477,0.0415823,0.77939,rsid,0.9999288912251054,4.223254634583387e-05,2.7706048366900883e-05,0.0,1.1701801817941898e-06
rs117695053,6423230,-0.0588,0.0319,0.0653,-0.00647749,0.0167141,0.698353,rsid,0.9998811450127452,0.00010566794037010531,1.1926634206318642e-05,0.0,1.260412678462171e-06
rs78225015,6423339,-0.0614,0.0218,0.00485,0.0118279,0.0119543,0.322457,rsid,0.9992790169061254,0.0006990369702086223,1.2912968521780189e-05,0.0,9.033155144007712e-06
rs539466682,6423559,-0.2379,0.1235,0.0541,0.112114,0.107469,0.296846,rsid,0.9997085306880743,0.0001920180292806168,8.34271039916911e-05,0.0,1.6024178653399885e-05
rs188142521,6423617,-0.1018,0.1065,0.339,-0.0120619,0.0564584,0.830827,rsid,0.9998828068658249,7.84370729491141e-05,3.593694228142403e-05,0.0,2.8191189446809e-06
rs144941197,6423633,0.0419,0.0525,0.425,0.0115964,0.0416285,0.780576,rsid,0.9999271864227827,4.3873835186700796e-05,2.7723324872762916e-05,0.0,1.216417157979624e-06
rs536871660,6424336,0.0391,0.0559,0.484,0.0115898,0.0416847,0.780986,rsid,0.9999277554280869,4.328897510339637e-05,2.7754064977748417e-05,0.0,1.201531831992639e-06
rs575138685,6424444,0.0403,0.1449,0.781,-0.00749488,0.0349104,0.83001,rsid,0.9999043069600445,7.0881739164344e-05,2.316889224705044e-05,0.0,1.6424085440486504e-06
rs138801511,6425268,-0.0436,0.053,0.411,-0.0115493,0.0417604,0.782116,rsid,0.9999259509292007,4.5008208666898166e-05,2.778999175882961e-05,0.0,1.250870373721648e-06
rs8107519,6425282,0.0152,0.0515,0.768,-0.00161804,0.0300092,0.957,rsid,0.9999459264240911,3.3764476150954816e-05,1.9645735905976943e-05,0.0,6.633638519209173e-07
rs117888937,6425290,-0.1259,0.1736,0.468,0.240554,0.230187,0.296005,rsid,0.9998084100667314,8.466122921156358e-05,9.858110704217476e-05,0.0,8.347597014782261e-06
rs376957719,6426186,-0.0394,0.0556,0.479,-0.0115775,0.0418256,0.78193,rsid,0.9999276196124757,4.334219476941011e-05,2.7831813552861643e-05,0.0,1.206379201988179e-06
rs78695937,6426217,-0.026,0.0465,0.576,0.00142022,0.0300055,0.962249,rsid,0.9999455420986414,3.4150151774990955e-05,1.9637103013233738e-05,0.0,6.706465703278379e-07
rs189592073,6426692,-0.0413,0.0526,0.432,-0.0116217,0.0418619,0.781304,rsid,0.9999273822823607,4.354454325044518e-05,2.7859938010903873e-05,0.0,1.2132363781272622e-06
rs80016995,6426716,-0.0409,0.0531,0.441,-0.0115892,0.0418622,0.781901,rsid,0.9999274984265019,4.3437018525247584e-05,2.78545486976971e-05,0.0,1.2100062751531714e-06
rs186027551,6427015,0.2309,0.1993,0.247,-0.0140301,0.0360003,0.696742,rsid,0.9998705299623589,0.00010184197899256886,2.507412906557718e-05,0.0,2.553929582912704e-06
rs62107579,6427087,-0.0947,0.0669,0.157,-0.00271725,0.0695577,0.968839,rsid,0.9998600129130782,9.393882013034046e-05,4.209349949713772e-05,0.0,3.954767294271177e-06
rs200181105,6427302,-0.0601,0.1043,0.564,0.0137044,0.0181512,0.450241,rsid,0.9999192243367673,6.385000050072215e-05,1.5909743537504332e-05,0.0,1.0159191943827298e-06
rs3760750,6427408,0.0443,0.0232,0.0562,-0.00540374,0.0121024,0.655236,rsid,0.9998996353535802,9.068000937035362e-05,8.879374469595236e-06,0.0,8.052625799998915e-07
rs191002996,6427481,-0.0088,0.0694,0.899,-0.0738653,0.0415455,0.0754137,rsid,0.9998369943633466,4.226652094376774e-05,0.00011584207593584849,0.0,4.897039773798119e-06
rs183437348,6427496,-0.0233,0.1159,0.841,0.0331088,0.0379444,0.382902,rsid,0.9999008347076053,6.192036362851284e-05,3.507298160964151e-05,0.0,2.1719471565799947e-06
rs183403030,6428161,0.2507,0.2025,0.216,0.0694519,0.10544,0.510096,rsid,0.999821087360826,0.00010541446553760792,6.648811078460117e-05,0.0,7.0100628518095924e-06
rs62107580,6428468,0.0089,0.0244,0.715,0.0148162,0.0154296,0.336933,rsid,0.999966442952388,1.7131762383794115e-05,1.6148621596104496e-05,0.0,2.7666363202494066e-07
rs8102808,6428732,0.0063,0.0165,0.703,-0.00266411,0.00851243,0.754305,rsid,0.999982228754494,1.175154736881456e-05,5.949777798889665e-06,0.0,6.99203382090693e-08
rs12461883,6428759,0.0359,0.0158,0.0231,-0.00227171,0.00914887,0.803898,rsid,0.9998583193617006,0.00013455826779365285,6.277554017197719e-06,0.0,8.448164886745733e-07
rs536956999,6428828,0.0124,0.0614,0.84,0.0117032,0.0419061,0.780035,rsid,0.9999324740325896,3.855123248485274e-05,2.7899116949840103e-05,0.0,1.0756179757997615e-06
rs200863434,6429865,0.0929,0.1038,0.371,-0.00124516,0.0604621,0.98357,rsid,0.9998852166563312,7.460201851608352e-05,3.739152191924535e-05,0.0,2.7898032335074046e-06
rs34488963,6430106,0.0016,0.03,0.957,-0.00363211,0.0243744,0.881543,rsid,0.9999638271388797,1.9639704752204206e-05,1.6214693064060075e-05,0.0,3.184633041546263e-07
rs74640863,6430241,-0.0723,0.1179,0.54,-0.00254635,0.122126,0.983365,rsid,0.9998630636550785,6.940967292653814e-05,6.31433149181325e-05,0.0,4.3833570768615655e-06
rs111919545,6430623,0.029,0.0552,0.599,0.0168454,0.0408419,0.680006,rsid,0.9999314531708647,3.900029369603484e-05,2.8437392742058543e-05,0.0,1.1091426971047177e-06
rs8103638,6430645,0.0284,0.0147,0.0534,0.00370132,0.00880622,0.674261,rsid,0.9999312649130583,6.193843696566781e-05,6.400204088741337e-06,0.0,3.964458872604433e-07
rs183411972,6431177,-0.0281,0.0544,0.605,-0.0168602,0.0408423,0.679743,rsid,0.9999321060035804,3.8361284343788526e-05,2.8441582366382417e-05,0.0,1.091129709500668e-06
rs117023686,6431240,0.1179,0.0742,0.112,-0.032674,0.0499274,0.512835,rsid,0.9998347832510488,0.00012224118479090503,3.8293720836327695e-05,0.0,4.681843324017957e-06
rs182208239,6431649,0.0266,0.0542,0.624,0.0168759,0.0408427,0.679465,rsid,0.9999326745981373,3.7803943294771955e-05,2.844601463876905e-05,0.0,1.075443929060983e-06
rs186568904,6431741,-0.0244,0.0546,0.655,-0.0168776,0.0408427,0.679435,rsid,0.9999331321965285,3.7358530457550644e-05,2.8446483140881762e-05,0.0,1.0627898732532084e-06
rs150991235,6432112,-0.0697,0.0695,0.316,-0.0524774,0.0520134,0.313013,rsid,0.9998815151074976,6.35996553352195e-05,5.160292031583846e-05,0.0,3.2823168513374128e-06
rs61748927,6432213,-0.0258,0.054,0.633,-0.0168714,0.040843,0.679549,rsid,0.9999330144754228,3.747451355668732e-05,2.844497790172939e-05,0.0,1.0660331187857079e-06
rs145678597,6432398,0.0373,0.0626,0.551,-0.111616,0.0836128,0.181903,rsid,0.9998548173887709,4.4797869784529826e-05,9.607993982899756e-05,0.0,4.3048016157042845e-06
rs561768337,6432476,-0.0316,0.0621,0.611,-0.0168847,0.0408433,0.679312,rsid,0.999927613083321,4.272287789213237e-05,2.8448547001367503e-05,0.0,1.2154917854506099e-06
rs138313247,6432776,0.0068,0.039,0.862,-0.0317709,0.0185595,0.0869261,rsid,0.9999211583204228,2.5524765164071303e-05,5.1989782783330146e-05,0.0,1.3271316297622899e-06
rs141562440,6433339,-0.0238,0.0538,0.658,-0.0169361,0.0408441,0.678397,rsid,0.9999336693489871,3.681963987156947e-05,2.8462946194059606e-05,0.0,1.0480649473793973e-06
rs9304938,6433371,0.0266,0.0144,0.0647,0.00293027,0.00872446,0.73697,rsid,0.9999417203870139,5.181879518434978e-05,6.14250218769687e-06,0.0,3.183156140944815e-07
rs117420388,6433629,-0.0324,0.0463,0.484,0.00407681,0.029671,0.890714,rsid,0.9999428114890315,3.688359814318479e-05,1.9582594953996286e-05,0.0,7.223178711674554e-07
rs113937563,6433843,-0.0226,0.0539,0.675,-0.0169404,0.0408692,0.678505,rsid,0.9999339260235213,3.655550145666002e-05,2.8477400575768192e-05,0.0,1.0410744461578536e-06
rs142693265,6433889,-0.1307,0.0965,0.176,0.0160836,0.0331302,0.627346,rsid,0.9998698686752197,0.00010350250482895488,2.413088758347127e-05,0.0,2.4979323678834474e-06
rs187655872,6433896,0.0249,0.0539,0.644,0.0170185,0.0408734,0.677138,rsid,0.9999332706163052,3.7169306102266096e-05,2.850065724477379e-05,0.0,1.0594203477136418e-06
rs181571586,6433977,0.024,0.054,0.657,0.0170898,0.0408832,0.675935,rsid,0.999933452184194,3.6968070731659485e-05,2.852515494790664e-05,0.0,1.0545901264152427e-06
rs3929160,6434023,0.0319,0.0143,0.0257,0.00430056,0.00858739,0.616513,rsid,0.9998810786340714,0.00011172132545560302,6.476402181085791e-06,0.0,7.236382919085749e-07
rs376807051,6434116,-0.0235,0.0568,0.679,-0.0170861,0.0408917,0.676064,rsid,0.9999322159363306,3.8166546730628164e-05,2.852860479955478e-05,0.0,1.0889121391315996e-06
rs141278895,6434832,-0.0305,0.0542,0.574,-0.0403026,0.0299391,0.178253,rsid,0.9999122954211024,3.909203492513126e-05,4.6783520539937335e-05,0.0,1.8290234325977762e-06
rs111987015,6434982,0.0207,0.0537,0.7,0.017502,0.0409714,0.669251,rsid,0.9999342815286085,3.600081522110992e-05,2.8684908219244242e-05,0.0,1.032747951052185e-06
rs111767495,6435119,0.0204,0.0537,0.704,0.0175885,0.0409838,0.667809,rsid,0.9999343199022099,3.593265917485301e-05,2.871554495063916e-05,0.0,1.0318936646082886e-06
rs111861296,6435126,-0.0204,0.0537,0.704,-0.0176362,0.0409843,0.666965,rsid,0.9999343057839626,3.5932658667513504e-05,2.8729173947001936e-05,0.0,1.0323834228568573e-06
rs112907286,6435292,-0.0204,0.0537,0.704,-0.0177133,0.0409988,0.665708,rsid,0.9999342754630457,3.5932657577930774e-05,2.8758444128936452e-05,0.0,1.0334352474122357e-06
rs113905776,6435432,0.0203,0.0537,0.705,0.017726,0.0410135,0.665598,rsid,0.9999342869136971,3.591018829711414e-05,2.876970460206306e-05,0.0,1.0331934038397497e-06
rs111886400,6435603,-0.0171,0.0462,0.711,0.000330612,0.0298862,0.991174,rsid,0.9999485080383186,3.133736642615346e-05,1.9542163772883466e-05,0.0,6.124314822091652e-07
rs113176682,6435626,-0.0175,0.0536,0.744,-0.0177184,0.0410252,0.66582,rsid,0.9999349317593348,3.52793656213255e-05,2.8773691408127966e-05,0.0,1.0151836356756643e-06
rs112299296,6435714,0.0235,0.0536,0.661,0.0178388,0.041034,0.663757,rsid,0.9999334873595207,3.664445468198415e-05,2.8812304385435637e-05,0.0,1.055881411796361e-06
rs111325051,6435883,0.0203,0.0537,0.705,0.0178367,0.0410446,0.663875,rsid,0.9999342376576612,3.591018652820437e-05,2.8817254759424787e-05,0.0,1.0349010511589425e-06
rs113815568,6436025,-0.0202,0.0537,0.707,-0.017899,0.0410517,0.662828,rsid,0.9999342384611463,3.588784122956384e-05,2.8838671881630736e-05,0.0,1.0350257426450406e-06
rs1141221,6436191,-0.0297,0.0143,0.0378,-0.00195195,0.00870545,0.822585,rsid,0.9999131288505809,8.045219391238025e-05,5.940951407207744e-06,0.0,4.780040994022478e-07
rs1141220,6436196,0.0312,0.0144,0.0303,0.00195207,0.00870545,0.822574,rsid,0.9998956746071912,9.78034291142788e-05,5.940866004166265e-06,0.0,5.810976903607113e-07
rs2860185,6436222,-0.0322,0.0144,0.0253,-0.00252912,0.00870423,0.771386,rsid,0.9998794728687054,0.0001137976237610109,6.0418737761362845e-06,0.0,6.876337573124254e-07
rs2860182,6436304,0.0368,0.014,0.00857,0.00192083,0.0087051,0.82536,rsid,0.9997069622211784,0.0002854086454974131,5.934795013159346e-06,0.0,1.6943383111458817e-06
rs2860181,6436305,-0.0343,0.0144,0.0172,-0.00194456,0.00870524,0.823242,rsid,0.9998342553058579,0.00015886179970402644,5.9392224605260324e-06,0.0,9.436719775450304e-07
rs111770937,6436528,0.0161,0.0533,0.763,0.0179962,0.0410864,0.66138,rsid,0.9999352405632859,3.4867713211972415e-05,2.8884521078839823e-05,0.0,1.0072024231037362e-06
rs77227806,6436552,0.0183,0.0535,0.732,0.0180028,0.0410868,0.661266,rsid,0.9999347065757808,3.538461177133961e-05,2.8886604421429184e-05,0.0,1.022208026306836e-06
rs349090,6436857,-0.0274,0.0144,0.0571,-0.00205833,0.00871006,0.813187,rsid,0.9999362440202568,5.745275060463187e-05,5.960746047075511e-06,0.0,3.424830914052126e-07
rs112912665,6436892,0.0225,0.0538,0.676,0.011295,0.0397685,0.776397,rsid,0.9999359349060646,3.648208221541389e-05,2.661208523598441e-05,0.0,9.709264839991873e-07
rs191548,6436984,0.0281,0.0143,0.0494,0.00154392,0.0086622,0.858537,rsid,0.9999294638508872,6.430211700723247e-05,5.857364593324388e-06,0.0,3.766675121097656e-07
rs348338,6437226,0.0286,0.0143,0.0455,0.00166007,0.00866337,0.84804,rsid,0.9999248486533558,6.887425194220299e-05,5.872593798219652e-06,0.0,4.0450090360042343e-07
rs114828078,6437496,-0.0208,0.0531,0.695,-0.0183383,0.041139,0.655768,rsid,0.999934226320936,3.572641607648056e-05,2.9010744869851764e-05,0.0,1.0365181175189537e-06
rs111426488,6437572,-0.0272,0.0553,0.623,-0.0182711,0.0411409,0.656962,rsid,0.9999314133766529,3.847892229598795e-05,2.8992042000366492e-05,0.0,1.1156590506212102e-06
rs372521488,6437777,0.0236,0.0568,0.678,0.0183616,0.0411555,0.655488,rsid,0.9999316744901855,3.819089977804756e-05,2.9026005041116938e-05,0.0,1.1086049954838996e-06
rs348339,6437893,-0.0266,0.0144,0.0647,-0.0015154,0.00871019,0.861881,rsid,0.9999419908212284,5.18188091987417e-05,5.885378571538906e-06,0.0,3.049910015384696e-07
rs114495446,6438078,-0.0124,0.058,0.831,-0.0221342,0.0424699,0.602246,rsid,0.9999311802844473,3.678985007310916e-05,3.089322995828116e-05,0.0,1.136635521372516e-06
rs112833072,6438275,-0.0197,0.0538,0.714,-0.0185372,0.0411792,0.652595,rsid,0.9999340395838031,3.58281641517757e-05,2.9089944004982256e-05,0.0,1.0423080400485948e-06
rs113788047,6438326,0.0197,0.0536,0.713,0.0185147,0.0411811,0.653006,rsid,0.999934148782973,3.572775637254008e-05,2.9084276285554867e-05,0.0,1.0391843689573609e-06
rs79365403,6438442,0.0341,0.0398,0.392,-0.017492,0.0318954,0.583405,rsid,0.9999389768926106,3.613718589261424e-05,2.4017928193278152e-05,0.0,8.679933035245272e-07
rs112460190,6438636,-0.0198,0.0536,0.712,-0.018641,0.0411943,0.650898,rsid,0.9999340805652148,3.574954041168273e-05,2.9128495401447918e-05,0.0,1.0413989719171917e-06
rs113135668,6438856,-0.0196,0.0536,0.715,-0.0149086,0.0458533,0.745077,rsid,0.9999325159965539,3.570603507795601e-05,3.068234938791939e-05,0.0,1.0956189802741922e-06
rs112571896,6438899,0.0196,0.0537,0.715,0.0186597,0.0412034,0.650645,rsid,0.99993406294091,3.5756362691375855e-05,2.9138732603092344e-05,0.0,1.0419637953515322e-06
rs141221380,6439016,-0.0622,0.0623,0.318,0.0229498,0.0483069,0.634729,rsid,0.9999053786893459,5.867434206262713e-05,3.395452089017183e-05,0.0,1.9924477012954674e-06
rs111333245,6439020,-0.0218,0.0534,0.683,0.0101801,0.0470233,0.828605,rsid,0.9999322230653633,3.611369723580742e-05,3.055954445958388e-05,0.0,1.1036929412019433e-06
rs113455655,6439209,-0.0225,0.0534,0.674,-0.00763619,0.0423145,0.85679,rsid,0.9999351475480818,3.628850113883454e-05,2.7563642629969418e-05,0.0,1.0003081494042363e-06
rs193234,6439487,-0.0586,0.043,0.173,0.000634204,0.0237013,0.978653,rsid,0.9999183745930295,6.499754300426035e-05,1.56129760439054e-05,0.0,1.0148879224779295e-06
rs113966950,6439597,-0.0202,0.0537,0.707,-0.0249319,0.0417586,0.550476,rsid,0.9999313320871476,3.5887736919215615e-05,3.1644450240226514e-05,0.0,1.1357256930873756e-06
rs113007336,6440365,-0.0184,0.0537,0.732,-0.00060455,0.0487145,0.990098,rsid,0.9999325050827323,3.550659134257108e-05,3.089140345012186e-05,0.0,1.0969224749936662e-06
rs183518708,6440397,-0.0477,0.07,0.496,-0.0869881,0.0809804,0.282739,rsid,0.9998707712912233,5.116929311394058e-05,7.425913700970476e-05,0.0,3.800278653141194e-06
rs549613288,6440588,0.0296,0.06,0.622,-0.00606373,0.0432243,0.888435,rsid,0.9999296562534937,4.124802879676501e-05,2.794304125547327e-05,0.0,1.1526764539552346e-06
rs138389169,6440884,0.0199,0.0537,0.711,0.0117083,0.0410188,0.775309,rsid,0.999935799565759,3.582160521344661e-05,2.73973489964537e-05,0.0,9.814800310901772e-07
rs111780707,6440913,0.0193,0.0537,0.719,0.000278088,0.0487198,0.995446,rsid,0.9999323123278454,3.569222588863306e-05,3.0892740938500294e-05,0.0,1.1027053274526624e-06
rs11540655,6440965,-0.0174,0.0538,0.746,-0.0163102,0.0402751,0.685499,rsid,0.9999356528176851,3.536333921220915e-05,2.7993824293391734e-05,0.0,9.900188092550075e-07
rs192336449,6441451,0.0225,0.0538,0.676,0.000308653,0.0487265,0.994946,rsid,0.9999314941689647,3.648192019769823e-05,3.08966639848238e-05,0.0,1.1272468528518753e-06
rs349094,6441553,-0.0296,0.0561,0.598,0.0568019,0.0291942,0.0516964,rsid,0.9998373981550103,3.957761401910817e-05,0.00011833985998181492,0.0,4.684370988800971e-06
rs188290935,6441717,0.0192,0.0539,0.722,0.000332101,0.0487268,0.994562,rsid,0.9999322256554571,3.5772074660211575e-05,3.089694707272364e-05,0.0,1.1053228099870308e-06
rs76219436,6442191,-0.0038,0.041,0.926,-0.00543152,0.0243528,0.823508,rsid,0.999956672673923,2.647323361963486e-05,1.6419399036676464e-05,0.0,4.346934206955256e-07
rs73549021,6442353,-0.0001,0.0354,0.998,0.00528791,0.024351,0.828089,rsid,0.999960255243971,2.2970496195825776e-05,1.639758421642204e-05,0.0,3.7667561674454486e-07
rs184809879,6442589,0.0145,0.0542,0.789,0.0151638,0.0410418,0.711775,rsid,0.9999358140494563,3.507705319762805e-05,2.8122383677407336e-05,0.0,9.865136686140684e-07
rs189323676,6442628,0.0103,0.0989,0.917,-0.111221,0.0872367,0.202335,rsid,0.9998473775397956,5.52509994377344e-05,9.22725328927651e-05,0.0,5.098927873893013e-06
rs56266348,6442692,-0.0024,0.0355,0.946,0.00543266,0.0243528,0.823472,rsid,0.9999601196151366,2.308175338522451e-05,1.6419622681809885e-05,0.0,3.790087964366431e-07
rs55732112,6442740,0.0039,0.0355,0.913,0.00129547,0.024657,0.958099,rsid,0.9999602167724466,2.3163850615962898e-05,1.624310901742126e-05,0.0,3.7626791997062727e-07
rs111736649,6442842,0.0066,0.0169,0.696,0.00743324,0.00975356,0.445997,rsid,0.9999791577655232,1.2072410201415152e-05,8.665212100245725e-06,0.0,1.0461217530791942e-07
rs140103270,6442999,0.0644,0.0725,0.374,0.142342,0.0830405,0.0865048,rsid,0.9997820640320888,5.990962978944774e-05,0.00014909232507900232,0.0,8.934013042710818e-06
rs55913254,6443041,-0.001,0.0353,0.977,-0.00125346,0.0247187,0.959558,rsid,0.9999604280285596,2.2917646401631363e-05,1.6281183858278075e-05,0.0,3.73141180596107e-07
rs189956823,6443096,-0.005,0.2357,0.983,0.219318,0.153687,0.153568,rsid,0.999788123699571,8.436070698984407e-05,0.00011759324208828294,0.0,9.922351350891224e-06
rs7250187,6443112,-0.0017,0.0356,0.962,0.0087521,0.0244703,0.720596,rsid,0.9999593488683985,2.311820262610306e-05,1.7136742191592435e-05,0.0,3.9618678377760947e-07
rs7251591,6443139,0.0036,0.0355,0.919,0.00125303,0.0247187,0.959571,rsid,0.9999601977257447,2.3144277304046886e-05,1.6281166128681072e-05,0.0,3.7683082243919287e-07
rs182284149,6443235,0.0194,0.0565,0.731,-0.00166338,0.0423162,0.968645,rsid,0.9999347020916751,3.711784398958528e-05,2.7171452731549947e-05,0.0,1.0086116036880949e-06
rs186564467,6443236,0.0124,0.056,0.825,-0.00209931,0.0423055,0.960423,rsid,0.999936114636753,3.573740667863101e-05,2.717667078144003e-05,0.0,9.712857868328994e-07
rs348341,6443675,0.0205,0.0168,0.222,0.00249543,0.00858386,0.771271,rsid,0.9999706820848159,2.322011173829027e-05,5.959420967885166e-06,0.0,1.3838247785555226e-07
rs60257087,6443850,-0.0013,0.0355,0.971,0.00509684,0.0243452,0.834169,rsid,0.9999602090433466,2.304648783740491e-05,1.6367246263882138e-05,0.0,3.77222551998586e-07
rs60774093,6444148,-0.0067,0.0359,0.852,0.00116044,0.0247722,0.962637,rsid,0.9999596375182964,2.3663969377426986e-05,1.6312478747277606e-05,0.0,3.8603357881876786e-07
rs138598051,6444196,-0.0163,0.0546,0.765,0.00104069,0.0428216,0.980611,rsid,0.9999359849633472,3.5578474022106395e-05,2.7459531845470976e-05,0.0,9.770307850848105e-07
rs141479460,6445156,0.0027,0.0659,0.967,-0.0299419,0.0272783,0.27236,rsid,0.9999264005554169,4.025208960089172e-05,3.205690268637819e-05,0.0,1.2904522958313957e-06
rs34367611,6445410,0.0538,0.0196,0.00605,0.000158788,0.013512,0.990624,rsid,0.9994603913917045,0.0005259210774319302,8.968343482387599e-06,0.0,4.719187381171955e-06
rs79759790,6445609,-0.0337,0.1194,0.778,-0.0571894,0.0462495,0.216258,rsid,0.9998731841876783,6.381392306192761e-05,5.922220848091581e-05,0.0,3.7796807788468842e-06
rs181721618,6446027,0.2856,0.1834,0.119,-0.0142711,0.0368184,0.698306,rsid,0.9998453519429783,0.0001258408690841286,2.5586821997125496e-05,0.0,3.220365940554777e-06
rs10416571,6446115,0.008,0.0434,0.854,-0.00203395,0.023994,0.932445,rsid,0.9999554668408223,2.8234076562998476e-05,1.5851509937616738e-05,0.0,4.475726770430726e-07
rs10408607,6446116,-0.0105,0.0434,0.809,0.00338324,0.0240665,0.888203,rsid,0.9999549915069278,2.8555742675619435e-05,1.5995953504750445e-05,0.0,4.567968918725699e-07
rs186996,6446666,0.0037,0.0362,0.919,-0.00339123,0.0240704,0.887958,rsid,0.999960046198036,2.357732872845272e-05,1.5999238849806358e-05,0.0,3.7723438571485724e-07
rs187010,6448772,-0.0314,0.0154,0.0415,0.00203621,0.00918157,0.824492,rsid,0.999913346768935,7.989174096655223e-05,6.261226466107209e-06,0.0,5.002636324232922e-07
rs148857485,6448822,-0.0296,0.0604,0.624,-0.0331814,0.0742123,0.654791,rsid,0.9999085384047309,4.14185757866712e-05,4.805256848318081e-05,0.0,1.990450999288532e-06
rs142241572,6449422,-0.0607,0.0517,0.24,-0.0439486,0.0350731,0.210185,rsid,0.9998888442510558,6.033455831359326e-05,4.792908875631714e-05,0.0,2.8921018742352567e-06
rs192982726,6449488,-0.1611,0.1258,0.2,0.119305,0.10747,0.266946,rsid,0.9997994158536202,0.000103981304585688,8.750240243104441e-05,0.0,9.10043936302319e-06
rs74585960,6450239,-0.0281,0.0469,0.549,-0.00310346,0.0295585,0.916381,rsid,0.9999447348423238,3.5144411282628994e-05,1.9437586117802235e-05,0.0,6.831602758259234e-07
rs77262233,6450240,0.0353,0.048,0.462,0.00310383,0.0295585,0.916371,rsid,0.9999408532122203,3.895207539944785e-05,1.943753525673643e-05,0.0,7.571771234944584e-07
rs180815767,6450932,0.0176,0.0539,0.744,0.00500698,0.0410425,0.902903,rsid,0.9999370292091252,3.545263761926992e-05,2.657590788976739e-05,0.0,9.422453657548997e-07
rs150415523,6450982,-0.0217,0.0471,0.645,-0.0352527,0.0304231,0.24656,rsid,0.9999278723321148,3.299732509361597e-05,3.788030392597308e-05,0.0,1.2500388656784587e-06
rs28402927,6451245,0.0134,0.0365,0.714,-0.00312882,0.0241503,0.896918,rsid,0.9999583711028291,2.5198032587096916e-05,1.6026998929851077e-05,0.0,4.0386565378952744e-07
rs28645424,6451408,-0.0142,0.0382,0.71,5.83881e-05,0.0241983,0.998075,rsid,0.9999573184943381,2.633479682204036e-05,1.5927250042778686e-05,0.0,4.1945879694342704e-07
rs553243425,6451412,0.0152,0.0587,0.796,0.0049885,0.0410858,0.903361,rsid,0.9999348831255395,3.751864350599144e-05,2.6600163897039396e-05,0.0,9.980670574612489e-07
rs7247153,6451433,0.0279,0.0152,0.0664,-0.00267355,0.00858199,0.755398,rsid,0.9999402626173344,5.342179403333551e-05,5.995290333314587e-06,0.0,3.202982991384421e-07
rs111900510,6451503,0.0183,0.0855,0.831,0.00565407,0.0321038,0.860201,rsid,0.9999273025748335,5.0385254458803596e-05,2.124181846720147e-05,0.0,1.0703522404895642e-06
rs78803389,6452085,-0.0286,0.0471,0.544,0.000623509,0.0301118,0.98348,rsid,0.9999441824657771,3.5433130795938334e-05,1.968679954538678e-05,0.0,6.976038817736543e-07
rs173229,6452305,-0.0392,0.0144,0.00648,0.00323248,0.0087914,0.713107,rsid,0.9996158759122594,0.0003755167951981712,6.2568408523779515e-06,0.0,2.3504516900611855e-06
rs61729423,6452423,0.02,0.054,0.711,0.00477782,0.0411838,0.907643,rsid,0.9999364040875044,3.5993616324282394e-05,2.6643248322070174e-05,0.0,9.590478492602753e-07
rs117811131,6453916,-0.0405,0.047,0.389,-0.0390932,0.0301934,0.195403,rsid,0.9999120583139767,4.192751793184134e-05,4.41623860113397e-05,0.0,1.8517820802416295e-06
rs6510903,6454189,0.0142,0.0366,0.698,-0.00243148,0.0242483,0.920127,rsid,0.9999581030035759,2.5451129309595716e-05,1.603767312000427e-05,0.0,4.0819399450458424e-07
rs10402833,6454367,0.0263,0.0548,0.631,0.012048,0.0412835,0.770412,rsid,0.9999333569839159,3.798613799867092e-05,2.7608083712818023e-05,0.0,1.0487943726142077e-06
rs8103745,6454651,0.0155,0.0371,0.676,-0.00177018,0.0242662,0.941847,rsid,0.9999575008657158,2.606946156185621e-05,1.601222489964875e-05,0.0,4.1744782271226414e-07
rs79101076,6455232,0.0207,0.0382,0.588,0.00653817,0.0208961,0.754364,rsid,0.9999567838712566,2.8328980855420662e-05,1.4477011190583398e-05,0.0,4.1013669738206424e-07
rs182283337,6455334,-0.1624,0.1375,0.238,0.0297553,0.0359841,0.408293,rsid,0.9998658795682861,9.870925358277467e-05,3.222941035187249e-05,0.0,3.1817677793144596e-06
rs348365,6455414,-0.0203,0.0149,0.173,0.0149341,0.00854204,0.0804118,rsid,0.9999484894104521,2.47804731099708e-05,2.608371631093013e-05,0.0,6.464001271027418e-07
rs76569650,6455536,0.0332,0.0658,0.614,0.0316609,0.0288935,0.273176,rsid,0.9999200482341977,4.469793838750143e-05,3.37453588398059e-05,0.0,1.5084685750120004e-06
rs144427278,6455878,-0.0235,0.0431,0.586,0.0161228,0.0475386,0.734495,rsid,0.9999354762260918,3.1681656972932873e-05,3.1833513404570144e-05,0.0,1.0086035308330385e-06
rs4807870,6455890,0.0177,0.0154,0.25,-0.00496931,0.00863755,0.565079,rsid,0.9999734509191563,1.9635659805234223e-05,6.780282189214289e-06,0.0,1.3313884916497043e-07
rs10424879,6456019,-0.0145,0.0231,0.53,0.0158453,0.0164658,0.335892,rsid,0.9999639871152434,1.845167446736522e-05,1.7243035944739302e-05,0.0,3.181743444574065e-07
rs10418566,6456021,0.0111,0.0232,0.632,-0.0158499,0.0164658,0.335752,rsid,0.9999653637382349,1.7093782745187586e-05,1.724764137338895e-05,0.0,2.9483764657752464e-07
rs10418596,6456062,-0.0389,0.0333,0.243,-0.0314187,0.02425,0.195108,rsid,0.9999208103271429,4.152601342777393e-05,3.616188171811208e-05,0.0,1.5017777110855403e-06
rs111282539,6456146,-0.0503,0.0301,0.0947,0.000460472,0.0216432,0.983026,rsid,0.9999093336673089,7.530633539798548e-05,1.4284208368804982e-05,0.0,1.0757889241524418e-06
rs348367,6456218,-0.0037,0.0145,0.799,-0.000467971,0.00914475,0.959187,rsid,0.9999839077214346,9.938061692827706e-06,6.093656761162848e-06,0.0,6.056011137753529e-08
rs10425555,6456324,-0.0167,0.0228,0.464,0.0149998,0.0164528,0.361932,rsid,0.9999637047108326,1.9533422312169465e-05,1.6440711831490692e-05,0.0,3.2115502373164276e-07
rs10425567,6456339,0.0035,0.0209,0.867,0.0199527,0.0152078,0.189517,rsid,0.9999620306546927,1.3992021796041447e-05,2.3646449314019632e-05,0.0,3.308741972774018e-07
rs10418327,6456603,-0.0339,0.0324,0.295,-0.0314036,0.0242391,0.195122,rsid,0.9999269480130039,3.5619329823867374e-05,3.6145098913852844e-05,0.0,1.2875582584179857e-06
rs348368,6456911,0.0077,0.0144,0.593,0.0069013,0.00870204,0.427738,rsid,0.999980977356107,1.1011229198978878e-05,7.92415831094697e-06,0.0,8.725638321793578e-08
rs348369,6456955,-0.0079,0.0144,0.583,-0.00674546,0.00870166,0.438226,rsid,0.9999810057988842,1.1093618851500905e-05,7.813896231205919e-06,0.0,8.668603306612385e-08
rs348370,6457367,0.0075,0.0144,0.602,0.00728528,0.00868159,0.401377,rsid,0.9999807710505091,1.093153874197371e-05,8.20768638195064e-06,0.0,8.972436697158407e-08
rs4807871,6457723,0.0005,0.0145,0.972,-0.000978025,0.00908588,0.91428,rsid,0.9999842314617629,9.62829612647348e-06,6.081684923959455e-06,0.0,5.855718675702942e-08
rs11669819,6457739,0.0365,0.0324,0.26,0.0312064,0.0242009,0.197233,rsid,0.9999240847345143,3.871322188447084e-05,3.581540847911945e-05,0.0,1.3866351221085364e-06
rs140629156,6458102,0.0546,0.0794,0.492,-0.116989,0.142577,0.411913,rsid,0.9998568831823363,5.62706095263382e-05,8.2219030925619e-05,0.0,4.62717721172674e-06
rs2289784,6458240,0.0462,0.03,0.124,0.00305321,0.02195,0.889373,rsid,0.9999231519494723,6.133418646910508e-05,1.4617257555658583e-05,0.0,8.966065030475484e-07
rs150694715,6458351,-0.0979,0.0667,0.142,-0.00821515,0.0340103,0.80913,rsid,0.9998751279822099,9.986752578000106e-05,2.2733836468932375e-05,0.0,2.270655540978541e-06
rs78699598,6458609,0.0722,0.0417,0.0834,0.0462222,0.036422,0.204415,rsid,0.9998364160941141,0.00010767518188298212,5.047313124079023e-05,0.0,5.435592762050537e-06
rs12980141,6458729,-0.0256,0.0295,0.386,0.0291119,0.020401,0.153584,rsid,0.9999346332095861,2.77295811874341e-05,3.662164009965916e-05,0.0,1.015569126854757e-06
rs566340425,6458773,0.1047,0.1058,0.322,-0.0123752,0.0523712,0.813202,rsid,0.9998835753940648,7.993039390390217e-05,3.379282380543272e-05,0.0,2.701388225953085e-06
rs2289783,6459352,0.0334,0.0351,0.341,-0.00655091,0.0283182,0.817057,rsid,0.9999452956053181,3.5000527963719466e-05,1.90375074534616e-05,0.0,6.663592647646202e-07
rs118160965,6459677,0.0497,0.0304,0.102,0.0087938,0.0226571,0.697924,rsid,0.9999110671601701,7.170312656541554e-05,1.6076850305008224e-05,0.0,1.1528629595701735e-06
rs578153465,6459720,-0.0787,0.0466,0.0912,-0.0463363,0.0364167,0.203234,rsid,0.9998348970379046,0.00010891544284673306,5.0668072425243655e-05,0.0,5.519446823405429e-06
rs147147968,6459922,0.0667,0.0423,0.115,0.0463349,0.0364166,0.203247,rsid,0.9998591291471106,8.585325547440905e-05,5.0667053096419935e-05,0.0,4.350544318511071e-06
rs140387606,6459931,-0.0706,0.0425,0.0967,-0.0463361,0.0364165,0.203234,rsid,0.9998466089319352,9.776802903714113e-05,5.066851791719633e-05,0.0,4.954521110282212e-06
rs8111177,6460214,0.0019,0.0143,0.894,-0.00110027,0.00906984,0.903445,rsid,0.9999842868302656,9.574490882686769e-06,6.080460621986115e-06,0.0,5.8218229580665e-08
rs75252567,6460255,-0.0472,0.0302,0.118,-0.00883497,0.0226576,0.696585,rsid,0.9999190496776522,6.383485227359045e-05,1.608838711659838e-05,0.0,1.0270829576048893e-06
rs117088554,6460296,-0.0683,0.0414,0.099,-0.0462797,0.0364163,0.203783,rsid,0.9998504441591217,9.421545393292206e-05,5.0574751085579006e-05,0.0,4.7656358597506934e-06
rs12986054,6460659,-0.0012,0.0143,0.933,0.000969512,0.00906981,0.914873,rsid,0.9999843474186029,9.524280000887187e-06,6.070483506499723e-06,0.0,5.78178896558949e-08
rs148456296,6460919,0.0691,0.1141,0.545,-0.0286047,0.0357625,0.423797,rsid,0.9998984764827553,6.79995468746111e-05,3.138929576177867e-05,0.0,2.1346746081884973e-06
rs348357,6461716,-0.0152,0.0142,0.284,-0.00765409,0.00885442,0.387348,rsid,0.9999746762764906,1.662993177331243e-05,8.551576009076452e-06,0.0,1.4221572701698645e-07
rs168348,6461751,0.0151,0.0142,0.288,0.00768649,0.00885486,0.385366,rsid,0.9999747730990054,1.6506555952738633e-05,8.578736082448383e-06,0.0,1.4160895950391344e-07
rs348358,6461927,0.0149,0.0142,0.294,0.00764495,0.00885462,0.387926,rsid,0.9999750520539085,1.6264943074933832e-05,8.544031365771822e-06,0.0,1.3897165085198156e-07
rs35028797,6461956,-0.0265,0.018,0.141,-0.00738373,0.00886463,0.404877,rsid,0.9999566951577384,3.4679537197135724e-05,8.336197087677095e-06,0.0,2.8910797676008246e-07
rs406974,6462891,0.0161,0.0159,0.311,0.00744568,0.00885548,0.400461,rsid,0.9999739689743228,1.7501783847537358e-05,8.382528803532333e-06,0.0,1.4671302630573383e-07
rs393375,6462892,-0.02,0.0159,0.208,-0.00757971,0.00885555,0.392038,rsid,0.9999682641288349,2.3049715366362856e-05,8.49044719657803e-06,0.0,1.957086021972423e-07
rs168349,6463137,0.0148,0.0142,0.297,0.00746221,0.00885687,0.399489,rsid,0.9999753217167612,1.6146658646643106e-05,8.396053044050701e-06,0.0,1.355715481544599e-07
rs143365603,6463183,-0.0662,0.0414,0.11,-0.0465761,0.0363998,0.200696,rsid,0.9998571799840608,8.727171680779095e-05,5.108903450769921e-05,0.0,4.459264623784031e-06
rs117686951,6463729,-0.0479,0.0527,0.363,-0.027485,0.0436663,0.529066,rsid,0.9999169644126965,4.7877866028414227e-05,3.3551226739932674e-05,0.0,1.6064945351606728e-06
rs142726922,6464001,-0.0304,0.098,0.756,0.0631556,0.0304921,0.0383389,rsid,0.9997783432428455,5.6563737318288645e-05,0.00015625281704682254,0.0,8.840202789361963e-06
rs3833240,6464159,-0.0393,0.0311,0.206,-0.0368575,0.020349,0.0701003,rsid,0.9998861135999187,4.364996044475148e-05,6.729852700634295e-05,0.0,2.9379126301101064e-06
rs348359,6464936,-0.0428,0.0263,0.104,-0.0368761,0.0203453,0.0699069,rsid,0.9998659533458036,6.240303935732472e-05,6.743490748981647e-05,0.0,4.208707349283232e-06
rs348360,6465353,0.0661,0.0425,0.12,0.0492443,0.0364579,0.176786,rsid,0.999855936994815,8.351091712318597e-05,5.5884453650984354e-05,0.0,4.667634410762201e-06
rs74174383,6465933,-0.0274,0.0256,0.284,0.0223913,0.0191843,0.243141,rsid,0.999945121845769,2.9352858593084104e-05,2.4797381654210063e-05,0.0,7.279139837506332e-07
rs12981418,6465974,-0.0006,0.0147,0.967,0.00245548,0.0093365,0.792552,rsid,0.9999837444821361,9.76214460106418e-06,6.4305958357953725e-06,0.0,6.277742689962e-08
rs348361,6466126,0.0025,0.014,0.858,0.00566389,0.00868109,0.514117,rsid,0.9999833471290408,9.441785152717574e-06,7.143636006940143e-06,0.0,6.74497996195554e-08
rs60730900,6466267,-0.0287,0.0325,0.377,-0.0311643,0.024168,0.19723,rsid,0.9999323979593225,3.0731813952236e-05,3.5770849318863934e-05,0.0,1.0993774063369374e-06
rs117422046,6466341,0.0685,0.0414,0.098,0.0486428,0.0362912,0.180133,rsid,0.9998449304740753,9.491628202417731e-05,5.4937931010814645e-05,0.0,5.215312889744641e-06
rs348362,6466482,0.0035,0.014,0.803,0.0057207,0.00867687,0.5097,rsid,0.9999831728084749,9.586145065516346e-06,7.172290683581605e-06,0.0,6.87557759114744e-08
rs140748113,6466638,0.0695,0.0732,0.342,0.00723728,0.0340585,0.83172,rsid,0.9999128331226819,6.311598391008282e-05,2.2622902203037303e-05,0.0,1.4279912049804555e-06
rs348363,6466745,-0.026,0.0323,0.421,-0.0316512,0.0238405,0.184303,rsid,0.9999331655821033,2.8691218576637296e-05,3.7079278528581453e-05,0.0,1.06392079145433e-06
rs375880159,6466816,-0.0224,0.174,0.898,-0.123402,0.141137,0.381935,rsid,0.9998336938395453,7.600400340984796e-05,8.3922639512045e-05,0.0,6.379517532703328e-06
rs145823006,6467374,-0.0685,0.0416,0.0996,-0.0473602,0.0363323,0.192395,rsid,0.9998484316899837,9.410503495878692e-05,5.2520118266116835e-05,0.0,4.943156791393565e-06
rs35173535,6467910,0.0742,0.0413,0.0724,0.0441062,0.0361805,0.222821,rsid,0.9998280687224887,0.00011898139524398101,4.73188511819322e-05,0.0,5.6310310853368014e-06
rs116930831,6468040,0.1413,0.0539,0.00875,-0.0159445,0.0432879,0.712623,rsid,0.9992408080902322,0.0007087683015904927,2.949944862489763e-05,0.0,2.0924159552375545e-05
rs190372897,6468148,-0.1159,0.1088,0.287,-0.0954694,0.076557,0.212384,rsid,0.9998234429625841,8.514840920816482e-05,8.423489437854369e-05,0.0,7.173733829342901e-06
rs62107586,6468331,0.0067,0.0141,0.635,0.00225581,0.00902718,0.802671,rsid,0.9999832697497936,1.0467783324489486e-05,6.197590759504199e-06,0.0,6.487612259811168e-08
rs78367457,6468840,-0.065,0.0417,0.119,-0.047387,0.0363353,0.19218,rsid,0.9998603646209258,8.272128740425374e-05,5.256522160962586e-05,0.0,4.3488700603575735e-06
rs35001260,6468907,0.0499,0.0493,0.311,0.0346453,0.0292475,0.236194,rsid,0.9999109383205375,4.957502529842711e-05,3.7621405892914966e-05,0.0,1.8652482710472884e-06
rs55698874,6469053,0.0022,0.0164,0.893,-0.00102593,0.00912502,0.910482,rsid,0.9999828554562005,1.0966541707693698e-05,6.110984575708782e-06,0.0,6.701751620932522e-08
rs117856097,6469076,-0.0675,0.0414,0.103,-0.0473525,0.0363373,0.192528,rsid,0.9998512138562192,9.148139681942525e-05,5.250115340508565e-05,0.0,4.803593556289691e-06
rs8105046,6469153,-0.0012,0.0143,0.933,-0.00086044,0.00912507,0.924876,rsid,0.9999843180009073,9.524279720700432e-06,6.09962393640817e-06,0.0,5.809543561399987e-08
rs151288904,6469188,-0.0628,0.0407,0.123,-0.0443311,0.0357781,0.215324,rsid,0.9998688667262019,7.936064620248708e-05,4.796555122096728e-05,0.0,3.807076374743077e-06
rs372634707,6469735,0.0549,0.0353,0.12,0.00373215,0.0218686,0.864489,rsid,0.9999122585221151,7.205303893429915e-05,1.4633927479672825e-05,0.0,1.0545114708494755e-06
rs1047598,6470070,0.0179,0.0137,0.191,-0.00639093,0.00855934,0.455268,rsid,0.999971110962498,2.12073677652718e-05,7.522140331648821e-06,0.0,1.595294050462252e-07
rs139392455,6470926,0.115,0.0605,0.0573,0.0599045,0.0668219,0.369996,rsid,0.9997561588716165,0.0001768802769734166,5.6894824570371206e-05,0.0,1.0066026839704136e-05
rs566740516,6470992,0.0001,0.1226,0.999,-0.0786059,0.0428269,0.0664416,rsid,0.9997981717500979,6.327798587035195e-05,0.0001303032710135778,0.0,8.24699301822564e-06
rs11882213,6471170,0.0203,0.0137,0.138,-0.00713509,0.00855943,0.40451,rsid,0.9999647077536931,2.7019377292398573e-05,8.055214454611087e-06,0.0,2.1765456003866228e-07
rs10415980,6471203,0.029,0.0328,0.377,0.0325573,0.0241989,0.178495,rsid,0.9999293059596335,3.1020877997602144e-05,3.84794128079433e-05,0.0,1.1937495611142393e-06
rs8105247,6471567,0.0241,0.014,0.0852,-0.00669676,0.00855831,0.433929,rsid,0.9999515853204591,4.037334755464766e-05,7.729260746891967e-06,0.0,3.120712393038098e-07
rs348364,6471897,-0.0152,0.0161,0.345,0.00849418,0.0090667,0.348833,rsid,0.9999739204249675,1.658148755456445e-05,9.343159947198966e-06,0.0,1.5492753082894957e-07
rs187670589,6471946,-0.0147,0.17,0.931,0.0918293,0.109509,0.40172,rsid,0.9998451670360243,7.510248112782942e-05,7.416001893403475e-05,0.0,5.570463913871322e-06
rs10422083,6472067,-0.0365,0.0328,0.266,-0.0315956,0.0241093,0.190022,rsid,0.9999233600621888,3.857274667024013e-05,3.665326564741296e-05,0.0,1.4139254936165758e-06
rs10421606,6472574,-0.0377,0.0335,0.26,-0.0317494,0.0241154,0.187987,rsid,0.9999217393887765,3.984168901196686e-05,3.694678469544688e-05,0.0,1.472137516209915e-06
rs117816734,6472615,-0.0629,0.0407,0.122,-0.0442919,0.0367235,0.227782,rsid,0.9998693671546264,7.964164184100671e-05,4.7229293616907295e-05,0.0,3.7619099156377955e-06
rs3852880,6472677,0.0137,0.0147,0.351,-0.0144482,0.00853876,0.0906317,rsid,0.9999609708773779,1.499654288964949e-05,2.3677485447344006e-05,0.0,3.550942850485396e-07
rs74800876,6472930,-0.0651,0.0407,0.11,-0.0442804,0.0367275,0.227953,rsid,0.9998625176864163,8.620262131831545e-05,4.7209546069827866e-05,0.0,4.070146195582533e-06
rs117140126,6473016,0.4782,0.1371,0.000487,-0.00766986,0.0180968,0.671695,rsid,0.9981106112902065,0.0018520863032137937,1.3062931773063986e-05,0.0,2.4239474806739268e-05
rs12975346,6473630,0.0137,0.0147,0.351,-0.0131822,0.0085357,0.122502,rsid,0.9999660723270667,1.499661939674455e-05,1.8651337043400088e-05,0.0,2.797164930099628e-07
rs12983782,6474224,-0.0094,0.018,0.602,0.0190117,0.00865737,0.0280905,rsid,0.9999217799899994,1.3629030622707916e-05,6.372243640343635e-05,0.0,8.685429745361461e-07
rs76292398,6474585,0.0812,0.0417,0.0515,0.0377582,0.0451228,0.402711,rsid,0.9997984647588333,0.000155645271457206,3.9708312767808336e-05,0.0,6.181656941575698e-06
rs56928757,6474783,-0.1086,0.1166,0.352,-0.0787123,0.051502,0.12643,rsid,0.9998198518471387,8.04188388731513e-05,9.230492185938688e-05,0.0,7.424392128736966e-06
rs7253943,6474820,-0.006,0.0146,0.681,0.0152994,0.00855681,0.0737802,rsid,0.999961150534133,1.0533430980943412e-05,2.8020867544605347e-05,0.0,2.9516734140081255e-07
rs7252545,6475005,0.0063,0.0146,0.666,-0.0152826,0.0085558,0.0740611,rsid,0.9999611488409709,1.0624135429514752e-05,2.7930277024964415e-05,0.0,2.9674657464544924e-07
rs12976944,6475163,-0.0061,0.0145,0.674,0.0152657,0.00855555,0.0743738,rsid,0.9999613694613461,1.0504093589014024e-05,2.7834062176140777e-05,0.0,2.923828889691122e-07
rs542921322,6475209,0.0406,0.118,0.731,0.0559986,0.128201,0.662255,rsid,0.9998628177295971,6.412856978242393e-05,6.865062988795405e-05,0.0,4.403070732616865e-06
rs3745571,6475613,-0.0053,0.0146,0.717,0.0153153,0.00855134,0.073296,rsid,0.9999612136380843,1.0341595446935863e-05,2.8153602013132046e-05,0.0,2.911644556038028e-07
rs45616634,6476087,-0.0617,0.0408,0.13,-0.0441484,0.0367523,0.229657,rsid,0.9998733093727022,7.611081173589843e-05,4.7002001777704945e-05,0.0,3.5778137839859133e-06
rs146669593,6476250,0.0435,0.1668,0.794,-0.0905007,0.109567,0.408814,rsid,0.9998452711842392,7.549107797194152e-05,7.367506686607133e-05,0.0,5.562670922858959e-06
rs12983560,6476470,0.0061,0.0146,0.676,-0.0148592,0.00854655,0.0821013,rsid,0.9999635037353716,1.056311338074563e-05,2.5662069999050853e-05,0.0,2.710812484375839e-07
rs45515694,6476563,-0.072,0.1052,0.494,0.00207233,0.0723801,0.977159,rsid,0.9998864279051731,6.717897443994493e-05,4.347236010194768e-05,0.0,2.92076028499688e-06
rs11669557,6476565,0.0054,0.015,0.719,-0.0148205,0.00854729,0.0829297,rsid,0.9999636621915592,1.061037196463016e-05,2.5457315078353687e-05,0.0,2.701213978217305e-07
rs11665713,6476686,-0.0126,0.0145,0.385,0.0123697,0.00852146,0.146614,rsid,0.9999695737737248,1.3987412095191603e-05,1.6212042757508844e-05,0.0,2.2677142275276412e-07
rs4807872,6476763,0.005,0.015,0.739,-0.0149371,0.00855098,0.0806659,rsid,0.9999631685292527,1.051369403203336e-05,2.604394852367146e-05,0.0,2.7382819165893966e-07
rs348398,6477256,0.0011,0.0156,0.944,-0.0195705,0.00866018,0.0238325,rsid,0.9999154228144537,1.0369841062043521e-05,7.344566023999284e-05,0.0,7.616842444952495e-07
rs348399,6477324,-0.0004,0.0156,0.98,-0.0197204,0.00866125,0.022795,rsid,0.9999125251075012,1.0347703212922081e-05,7.633720543606758e-05,0.0,7.899838497086186e-07
rs45574631,6477333,-0.0462,0.0523,0.377,-0.00233063,0.0265067,0.929935,rsid,0.9999350958030967,4.66222816216752e-05,1.7467488264663988e-05,0.0,8.144270168299348e-07
rs137981783,6478048,-0.0637,0.0408,0.118,-0.0499845,0.0364147,0.169862,rsid,0.9998562464873313,8.163968380114592e-05,5.742499629186794e-05,0.0,4.688832575703149e-06
rs118114458,6478089,0.1083,0.117,0.355,0.0147463,0.103411,0.886607,rsid,0.9998579918881317,8.027048824784301e-05,5.7149549810346e-05,0.0,4.5880738101197855e-06
rs9653137,6478139,-0.0402,0.0331,0.225,-0.0328083,0.0242402,0.175906,rsid,0.999915817993357,4.353537227380374e-05,3.895075594640989e-05,0.0,1.695878422921694e-06
rs10415417,6478235,0.045,0.0269,0.0944,0.0390183,0.0204068,0.0558727,rsid,0.9998448576704535,6.847135537663993e-05,8.111599054174792e-05,0.0,5.554983628212859e-06
rs149333712,6478509,-0.065,0.0407,0.11,-0.0533332,0.0365753,0.144792,rsid,0.9998439480726821,8.588629946589898e-05,6.461520117871096e-05,0.0,5.550426673263878e-06
rs143124341,6479985,-0.077,0.0726,0.289,-0.0325011,0.0539198,0.546663,rsid,0.9998888247637576,6.871366559779875e-05,3.9731191301241676e-05,0.0,2.7303793434442305e-06
rs140351816,6480397,-0.063,0.0889,0.479,-0.10656,0.108682,0.32685,rsid,0.999853259774825,6.139397079277419e-05,8.040890774157468e-05,0.0,4.9373466407229375e-06
rs543329477,6480425,0.1052,0.1608,0.513,0.00879678,0.0846032,0.917188,rsid,0.9998659108593749,8.077716342237421e-05,4.9326951621877587e-05,0.0,3.98502558094347e-06
rs348394,6480475,0.0026,0.0177,0.883,-0.0129877,0.0101521,0.200788,rsid,0.9999727242668415,1.1844917248380864e-05,1.5250173934644807e-05,0.0,1.8064197542160138e-07
rs1975045,6480501,0.0133,0.0148,0.369,-0.0144628,0.00855081,0.0907612,rsid,0.9999613221262651,1.4647520772389835e-05,2.3683435924699157e-05,0.0,3.469170376819746e-07
rs144687498,6480954,-0.0448,0.0516,0.385,-0.00311199,0.0194466,0.872859,rsid,0.9999408188715089,4.5567530175464057e-05,1.3020262019022572e-05,0.0,5.933362967558764e-07
rs73549066,6481307,-0.0384,0.0222,0.0837,-0.0143245,0.01736,0.40929,rsid,0.9999196047673095,6.329015861607295e-05,1.6086852752117226e-05,0.0,1.0182213224550586e-06
rs3844450,6481459,-0.0212,0.0182,0.244,-0.00138817,0.0108776,0.898451,rsid,0.9999690295598348,2.3506949816670425e-05,7.292070699548184e-06,0.0,1.714196489358725e-07
rs3887594,6481530,-0.0797,0.2071,0.7,-0.241447,0.496279,0.626602,rsid,0.99981222926949,8.307123234306314e-05,9.666768620697261e-05,0.0,8.031811960164823e-06
rs12976486,6482517,0.0223,0.0295,0.45,-0.0303087,0.0210469,0.149853,rsid,0.9999352014069908,2.540798406658884e-05,3.841451042396595e-05,0.0,9.760985185885805e-07
rs34024387,6483380,0.0385,0.0187,0.0395,-0.0065988,0.0118127,0.576423,rsid,0.9998902068054245,9.971138559476226e-05,9.167595005798906e-06,0.0,9.142139750726805e-07
rs3852883,6483465,0.0153,0.0135,0.257,-0.0121021,0.00849972,0.154496,rsid,0.9999672455711083,1.695088698055624e-05,1.55401145572565e-05,0.0,2.634273539374845e-07
rs11881983,6483960,-0.1097,0.1342,0.414,0.000309121,0.0463304,0.994676,rsid,0.9998878481948017,8.027107328399213e-05,2.9511542976439953e-05,0.0,2.3691889378017253e-06
rs8107276,6484073,0.0357,0.0209,0.0876,-0.00563092,0.0126197,0.655452,rsid,0.9999324806038402,5.773022490126639e-05,9.254850576236414e-06,0.0,5.34320682203561e-07
rs397701816,6484641,0.0207,0.0192,0.281,0.00371189,0.0101447,0.714444,rsid,0.999970131714526,2.2492860401416422e-05,7.2131752818581065e-06,0.0,1.6224979078885136e-07
rs142953965,6484961,0.0313,0.1221,0.798,-0.0170008,0.0354498,0.63153,rsid,0.9999083123543634,6.438984346999366e-05,2.564629013593832e-05,0.0,1.6515120306889453e-06
rs60597914,6485497,-0.0155,0.0148,0.295,0.00875909,0.00921219,0.341698,rsid,0.9999733164873884,1.6903484393861912e-05,9.61745537287217e-06,0.0,1.6257284481856316e-07
rs180881132,6485676,0.1177,0.1236,0.341,-0.0258383,0.0357,0.469212,rsid,0.9998845560423425,8.330647540880955e-05,2.966584031581017e-05,0.0,2.4716419328773544e-06
rs58154626,6486163,-0.0583,0.0303,0.0543,-0.0309731,0.0268942,0.249459,rsid,0.9998452859326109,0.00011722875356255468,3.355150419392723e-05,0.0,3.933809632491492e-06
rs201928651,6486300,0.0251,0.0251,0.317,0.0161393,0.0129775,0.21363,rsid,0.9999540858862797,2.684367273486921e-05,1.8571880609383474e-05,0.0,4.985603761071584e-07
rs28840200,6486308,-0.1016,0.0344,0.00314,0.00859534,0.0152893,0.573994,rsid,0.9985644325680455,0.0014070413085400457,1.1841164058604849e-05,0.0,1.668495935591156e-05
rs538268375,6486311,0.0328,0.0233,0.159,0.015911,0.0129732,0.220028,rsid,0.9999406960681457,4.0391080152022186e-05,1.817855661823712e-05,0.0,7.342950840009116e-07
rs143858135,6486433,0.0906,0.0246,0.000231,-0.0085706,0.0152892,0.575094,rsid,0.9880416819127116,0.011806732272986929,1.1705802966455456e-05,0.0,0.00013988001133487168
rs60849443,6486679,0.0934,0.0252,0.00021,-0.00806594,0.0152719,0.597393,rsid,0.9868167651907144,0.013020339967066542,1.147608785548517e-05,0.0,0.00015141875436364605
rs188227369,6486925,-0.1345,0.095,0.157,-0.0118424,0.0702641,0.866157,rsid,0.9998429880328373,0.00010940239511726525,4.291394627017317e-05,0.0,4.695625775330621e-06
rs142081791,6487136,-0.0117,0.0608,0.847,0.0145917,0.0491945,0.766763,rsid,0.9999281675243086,3.816800691249918e-05,3.242671672008176e-05,0.0,1.2377520587164033e-06
rs139585746,6487277,-0.0195,0.0791,0.805,0.127679,0.0585334,0.0291615,rsid,0.9996520804521091,4.775556262131635e-05,0.00028647829174816453,0.0,1.3685693521529791e-05
rs147618952,6487386,-0.2087,0.11,0.0578,0.0542393,0.121687,0.655795,rsid,0.9997297902134067,0.00019058156110727677,6.687889607373014e-05,0.0,1.274932941244256e-05
rs12972418,6487640,-0.0245,0.0164,0.135,-0.0024669,0.0104005,0.812508,rsid,0.9999599122924621,3.2740918363122285e-05,7.113865352711908e-06,0.0,2.3292382214144533e-07
rs149745974,6487754,-0.0605,0.1352,0.655,0.0666669,0.0927777,0.472409,rsid,0.9998613626906974,7.075105167623584e-05,6.340001773529912e-05,0.0,4.486239891291833e-06
rs145686975,6487800,0.0036,0.0789,0.964,0.00914819,0.0292759,0.754675,rsid,0.9999323932574765,4.659223731518844e-05,2.00789201441264e-05,0.0,9.355850642464024e-07
rs72985394,6488531,0.0867,0.0243,0.00036,-0.00835016,0.0153062,0.585382,rsid,0.9920609978927839,0.007835164485819671,1.1669947084893256e-05,0.0,9.216767431152688e-05
rs12608614,6488684,-0.0222,0.0259,0.391,-0.00108405,0.0144707,0.940284,rsid,0.9999658264859453,2.430948744485981e-05,9.62992018572304e-06,0.0,2.3410642408901021e-07
rs34680043,6488778,0.0051,0.026,0.844,-0.0160964,0.0151154,0.286919,rsid,0.9999647157399137,1.7401774769181677e-05,1.7576610310679465e-05,0.0,3.058750064054004e-07
rs141552034,6488850,0.0359,0.041,0.381,-0.00162554,0.0516721,0.974904,rsid,0.999928519576683,3.7667834295697195e-05,3.2585091453876584e-05,0.0,1.2274975674405032e-06
rs10164401,6488994,-0.0161,0.0154,0.296,0.0064461,0.00857184,0.452045,rsid,0.9999747634213632,1.7540666619313086e-05,7.563244322143798e-06,0.0,1.3266769529386184e-07
rs542097632,6489062,-0.0706,0.1122,0.529,-0.0116368,0.0702173,0.868373,rsid,0.9998862042819873,6.800374120476157e-05,4.287592187812238e-05,0.0,2.9160549298799196e-06
rs150210186,6489131,0.005,0.0175,0.775,-0.0123898,0.00914176,0.175323,rsid,0.9999725618467402,1.2065099118977041e-05,1.5189782876138569e-05,0.0,1.8327126462139878e-07
rs57961423,6489154,0.0477,0.0176,0.00672,0.00608592,0.0101319,0.548061,rsid,0.9995522463361353,0.0004361734201400951,8.062165982324883e-06,0.0,3.5180777424467156e-06
rs528476241,6489381,-0.0772,0.1729,0.655,0.02248,0.0916778,0.806297,rsid,0.9998636591182238,7.883652333584211e-05,5.330166730345798e-05,0.0,4.202691136823785e-06
rs60657072,6489489,-0.006,0.027,0.824,-0.0317153,0.0236655,0.180197,rsid,0.9999437450947741,1.814488815248262e-05,3.7430801163577136e-05,0.0,6.792159097975569e-07
rs371164,6489814,-0.0093,0.0171,0.587,0.023718,0.0123152,0.0541153,rsid,0.9999345807550177,1.3107520081833516e-05,5.16348754544465e-05,0.0,6.76849445921849e-07
rs395651,6490179,0.0633,0.0355,0.0746,-0.00820294,0.019108,0.66771,rsid,0.999880955981067,0.00010377242639156268,1.3835661443720587e-05,0.0,1.4359310977558642e-06
rs117027504,6490611,-0.0005,0.0256,0.984,0.0214232,0.0213636,0.315962,rsid,0.9999597023431173,1.6827539452986818e-05,2.3081693666395064e-05,0.0,3.8842376338056076e-07
rs183628347,6490928,-0.0345,0.0675,0.609,-0.12281,0.0874356,0.160146,rsid,0.9998442972717594,4.574245501313269e-05,0.00010514971796711369,0.0,4.810555260332675e-06
rs140538827,6490942,0.0244,0.0532,0.646,0.00496122,0.0375193,0.894801,rsid,0.9999379338361725,3.670143328721353e-05,2.4466711426516567e-05,0.0,8.980191137792388e-07
rs432643,6491170,-0.0144,0.0215,0.503,0.0169699,0.0138881,0.221747,rsid,0.9999626536848379,1.7676946520172795e-05,1.932770114238803e-05,0.0,3.416674994739919e-07
rs151221568,6491471,-0.0119,0.0835,0.887,0.00962637,0.0292745,0.742284,rsid,0.9999298126832873,4.901847418230748e-05,2.0179599901457955e-05,0.0,9.89242629064623e-07
rs10414082,6491876,-0.0527,0.0191,0.00579,-0.0130418,0.0108327,0.228619,rsid,0.9994426962501985,0.0005345789170399786,1.4805637632568861e-05,0.0,7.91919512884573e-06
rs74173094,6491954,-0.0226,0.0194,0.244,-0.00685646,0.0103258,0.50668,rsid,0.9999662306716185,2.50023239033165e-05,8.553148663054839e-06,0.0,2.138558150341598e-07
rs397753235,6492239,-0.0535,0.0194,0.00582,-0.00637828,0.0100723,0.52657,rsid,0.999447691643065,0.00053971692070035,8.176176724821642e-06,0.0,4.4152595097478796e-06
rs13344306,6492822,0.0638,0.0197,0.0012,0.0130382,0.0108469,0.229359,rsid,0.9976996753419586,0.0022522282095483468,1.4765192566215352e-05,0.0,3.3331255926935985e-05
rs412441,6493622,0.0605,0.0356,0.0892,-0.00969089,0.0192275,0.614253,rsid,0.9998936821581471,9.06058473686537e-05,1.4406539015861056e-05,0.0,1.3054554683896956e-06
rs117375300,6493839,0.0919,0.0217,2.29e-05,0.0145162,0.0111518,0.193022,rsid,0.9131556383657873,0.08535883025973323,1.5723775643434147e-05,0.0,0.0014698075988360555
rs1053395,6494371,0.0474,0.0169,0.00504,0.00432712,0.0101077,0.668576,rsid,0.9994445759076103,0.0005440545238995204,7.362008542429885e-06,0.0,4.0075599478426225e-06
rs1053377,6494502,0.065,0.0148,1.12e-05,-0.00865177,0.00866549,0.318077,rsid,0.8776343816970931,0.12120836656991048,8.319085736609482e-06,0.0,0.0011489326472598196
rs3099129,6494915,-0.0184,0.014,0.189,-0.00604932,0.00872256,0.487979,rsid,0.9999705812220243,2.1879300331942643e-05,7.378046401454986e-06,0.0,1.6143124219031463e-07
rs446199,6495064,-0.0048,0.0165,0.771,-0.0022557,0.0108777,0.835721,rsid,0.9999811241742744,1.1401795949354959e-05,7.389771518806572e-06,0.0,8.42582574139703e-08
rs449824,6495079,0.0564,0.0307,0.0662,-0.00161715,0.0180967,0.928795,rsid,0.9998854711391105,0.00010128611997273493,1.2024669313562876e-05,0.0,1.2180716030791765e-06
rs61731566,6495223,-0.0283,0.0591,0.632,0.0379604,0.0225944,0.0929416,rsid,0.999897914085521,4.0481852637746486e-05,5.920700777190812e-05,0.0,2.3970540692010056e-06
rs118102196,6495589,0.0228,0.0546,0.676,-0.0584915,0.0453006,0.196639,rsid,0.999898704270606,3.6941756207744675e-05,6.206109508293048e-05,0.0,2.292878103299165e-06
rs149903666,6495595,0.0818,0.1072,0.445,-0.0494848,0.0312549,0.113361,rsid,0.9998569161001749,7.049849076963802e-05,6.780460283222164e-05,0.0,4.780806223305089e-06
rs144969662,6495604,-0.068,0.1223,0.578,-0.0108856,0.0396132,0.783471,rsid,0.9999023749957956,6.933994258170531e-05,2.6450786532156343e-05,0.0,1.8342750904940866e-06
rs2071347,6495736,0.0091,0.0157,0.562,-0.00263025,0.00987519,0.789971,rsid,0.9999808179208071,1.2292468943354817e-05,6.805946755692593e-06,0.0,8.366349396424448e-08
rs8107114,6496436,0.038,0.0251,0.13,-0.0123758,0.0171045,0.469348,rsid,0.9999342698143896,5.032127285957524e-05,1.4670619953036563e-05,0.0,7.38292797798516e-07
rs111702370,6496498,-0.1069,0.1104,0.333,0.115651,0.0941661,0.219387,rsid,0.9998210068215653,8.033496317576693e-05,9.132066002625995e-05,0.0,7.337555232729371e-06
rs141212922,6496499,-0.1235,0.0936,0.187,0.00518667,0.0712459,0.941966,rsid,0.9998536979631883,9.904833706704043e-05,4.2994539027188365e-05,0.0,4.2591607174950555e-06
rs28483969,6496776,-0.0113,0.0159,0.477,-0.0133173,0.00856904,0.120156,rsid,0.999967202947441,1.3532171753714966e-05,1.9007657483380974e-05,0.0,2.572233218677036e-07
rs3099128,6499117,0.0541,0.0325,0.096,-0.00213957,0.0180823,0.905811,rsid,0.9999074555944404,7.953465510886107e-05,1.2051175641705565e-05,0.0,9.58574809055248e-07
rs66479618,6499231,-0.0348,0.0174,0.0455,-0.0131023,0.0108637,0.227795,rsid,0.9999009617847157,8.291104148996242e-05,1.4892314214291842e-05,0.0,1.2348595799916372e-06
rs348395,6499437,0.0537,0.0307,0.0803,-0.00208079,0.0180663,0.908306,rsid,0.9998998556284483,8.706017863032366e-05,1.2036213108880074e-05,0.0,1.0479798125714715e-06
rs72987303,6499474,0.0335,0.0248,0.177,-0.00772631,0.017845,0.665039,rsid,0.9999468818081936,3.964659451160485e-05,1.2957835937477611e-05,0.0,5.137613572353923e-07
rs114335375,6499835,-0.0511,0.1045,0.625,-0.117392,0.0646207,0.0692724,rsid,0.9997690867808238,6.194578436752485e-05,0.00015910902501692738,0.0,9.858409791766675e-06
rs146884433,6500318,0.0197,0.0301,0.513,-0.0137806,0.0171118,0.420632,rsid,0.9999598373711623,2.4173720043200002e-05,1.561150547427848e-05,0.0,3.774033202975674e-07
rs348396,6500892,-0.0121,0.0197,0.539,0.0141197,0.0128443,0.27164,rsid,0.9999685367083463,1.5675545984144406e-05,1.5544076122817087e-05,0.0,2.4366954669027505e-07
rs79566043,6501184,0.0296,0.0748,0.692,0.0396141,0.075023,0.597481,rsid,0.9999001006589926,4.75137499176301e-05,5.0009227751695624e-05,0.0,2.376363338099344e-06
rs150812047,6501386,0.0908,0.1598,0.57,-0.0108358,0.194524,0.955577,rsid,0.9998359048780239,7.863287855146896e-05,7.92310549922789e-05,0.0,6.231188432338487e-06
rs11672092,6501998,-0.0351,0.0171,0.0401,-0.0170827,0.0105264,0.104622,rsid,0.9998810665152723,9.062768322794718e-05,2.5953423114635126e-05,0.0,2.352378385272793e-06
rs573939463,6502087,-0.074,0.1384,0.593,-0.00384163,0.081199,0.962265,rsid,0.9998756109266348,7.325321514268802e-05,4.764525585212326e-05,0.0,3.490602370258324e-06
rs390530,6502137,0.0635,0.0282,0.0243,-0.00534826,0.0147305,0.716551,rsid,0.9997735343464043,0.00021380359153757116,1.0431306149459812e-05,0.0,2.2307559087773544e-06
rs112569866,6502602,-0.0583,0.0266,0.0284,0.0381207,0.0131744,0.00380917,rsid,0.9991641410017361,0.0001790811671543921,0.0005569543565392516,0.0,9.98234745702301e-05
rs3760749,6502812,-0.0294,0.0175,0.093,0.0156063,0.0105448,0.138871,rsid,0.9999315428187608,4.663062871507474e-05,2.085404855396796e-05,0.0,9.725039702067656e-07
rs117101346,6502850,0.0705,0.0453,0.12,0.0145661,0.0243687,0.550013,rsid,0.9998915355184512,8.770646360232994e-05,1.9084042500576455e-05,0.0,1.6739754458409847e-06
rs147440315,6503205,0.0208,0.0365,0.569,-0.00986732,0.0143435,0.491496,rsid,0.9999600712021225,2.7562059762332742e-05,1.2035015065495673e-05,0.0,3.3172304977837257e-07
rs8100185,6503409,-0.0174,0.0314,0.579,0.00293138,0.023571,0.901027,rsid,0.9999602492966895,2.37373411080817e-05,1.564204684095597e-05,0.0,3.713153615391349e-07
rs75539382,6503893,-0.1059,0.0813,0.193,-0.021893,0.0341047,0.520916,rsid,0.9998787557188764,9.180005031861274e-05,2.6968244411701524e-05,0.0,2.4759863931891613e-06
rs11671437,6504625,0.0221,0.016,0.167,-0.0119292,0.0092479,0.197071,rsid,0.9999582788248774,2.7240898193221412e-05,1.4096265962027535e-05,0.0,3.840109673649829e-07
rs56166152,6505658,0.0337,0.018,0.0612,0.0130833,0.0107929,0.225429,rsid,0.999917039377806,6.70543690943322e-05,1.490661641050589e-05,0.0,9.99636689219397e-07
rs62107618,6506469,-0.0054,0.0148,0.715,0.0247172,0.00861122,0.00410015,rsid,0.9996380722493986,1.0485333819087136e-05,0.0003477943565194431,0.0,3.64806026274592e-06
rs192313202,6506615,0.048,0.0508,0.345,0.0174006,0.0488219,0.721533,rsid,0.9999177739527594,4.787663557270208e-05,3.2779891684295234e-05,0.0,1.5695199837059756e-06
rs35104507,6506875,-0.0204,0.0205,0.32,0.0132492,0.011382,0.244406,rsid,0.9999628151154963,2.201722862748119e-05,1.4840888490233555e-05,0.0,3.267673857319244e-07
rs35490039,6507126,-0.0095,0.0149,0.524,0.0223867,0.00864097,0.00957635,rsid,0.9998228608187214,1.2087601171178224e-05,0.00016307998504237186,0.0,1.971595064929516e-06
rs539121389,6507136,0.1197,0.0755,0.113,-0.0581085,0.0310963,0.0616694,rsid,0.9997559507178319,0.00012253156714095664,0.00010825038751904543,0.0,1.3267327508079128e-05
rs147497831,6507660,-0.0272,0.0677,0.688,-0.0527631,0.0302704,0.0813224,rsid,0.9998671163973023,4.398898877595829e-05,8.514851888552189e-05,0.0,3.7460950361491475e-06
rs541968570,6508030,0.0039,0.0539,0.942,0.0115998,0.0154421,0.452544,rsid,0.9999521051708611,3.389665580765716e-05,1.3539217165534711e-05,0.0,4.589561657923966e-07
rs145406915,6508330,-0.021,0.04,0.6,0.0419948,0.0197944,0.0338758,rsid,0.9998477075018896,2.9302619175228093e-05,0.00011948803329474503,0.0,3.5018456404534706e-06
rs112443126,6508356,-0.0073,0.0406,0.857,-0.0284966,0.0286865,0.320524,rsid,0.9999424377089907,2.6524159146582223e-05,3.0236098604568704e-05,0.0,8.020332582311425e-07
rs547693434,6508403,0.0349,0.0526,0.507,-0.0092157,0.0249867,0.712259,rsid,0.9999414785074607,4.025833855392387e-05,1.75563241779806e-05,0.0,7.068298072548739e-07
rs11671823,6508473,0.0056,0.015,0.709,0.0155379,0.00866302,0.0728786,rsid,0.999960383447991,1.0661820844938631e-05,2.8649265724220215e-05,0.0,3.0546543997816685e-07
rs113088751,6508924,0.0219,0.0171,0.2,0.0123019,0.0107505,0.252497,rsid,0.9999604856944366,2.54520154712586e-05,1.371324653693701e-05,0.0,3.490435552330006e-07
rs113160109,6509114,0.0995,0.0926,0.283,-0.0907912,0.0799345,0.256032,rsid,0.999836298155545,7.978319892487563e-05,7.771711063004755e-05,0.0,6.2015348999652266e-06
rs76140886,6509236,0.0097,0.0585,0.868,-0.0186605,0.0260284,0.473418,rsid,0.9999404787276305,3.677215495311994e-05,2.1942207146795503e-05,0.0,8.069102695413513e-07
rs12460816,6509256,0.0177,0.016,0.269,0.0102491,0.00998608,0.304732,rsid,0.9999691344768363,1.9424726891470527e-05,1.1222789914262656e-05,0.0,2.1800635792519243e-07
rs530848257,6509855,0.2423,0.2079,0.244,-0.0267026,0.080113,0.738899,rsid,0.9998434603471014,0.00010231749477928281,4.918852364476257e-05,0.0,5.033634474617099e-06
rs3865466,6510003,0.0235,0.0136,0.084,0.0202636,0.00855117,0.0178033,rsid,0.9998631336489276,3.969370403713985e-05,9.346227531521532e-05,0.0,3.7103717200382825e-06
rs3865467,6510126,-0.0239,0.0137,0.0811,-0.0196381,0.00855451,0.021696,rsid,0.9998769154321603,4.1134623878743056e-05,7.871176648230094e-05,0.0,3.2381774787564644e-06
rs75094662,6510178,0.0494,0.0527,0.349,-0.0649824,0.0270289,0.0162084,rsid,0.9996454196471516,4.899755218955438e-05,0.00029130452900151055,0.0,1.4278271657407421e-05
rs348348,6510322,0.0194,0.016,0.225,0.024477,0.00851861,0.00406144,rsid,0.9996233137572003,2.1933140343433284e-05,0.00034713644108404045,0.0,7.616661372171181e-06
rs112239954,6511848,-0.0542,0.0529,0.306,0.0649449,0.0272324,0.0170864,rsid,0.9996519132054611,5.3031910649065454e-05,0.00028019066361356133,0.0,1.4864220276246022e-05
rs139956770,6512308,-0.0497,0.087,0.568,0.147719,0.11425,0.196032,rsid,0.9998346564221414,5.6683645748227906e-05,0.00010283017877236414,0.0,5.829753338034579e-06
rs72987307,6512654,-0.0708,0.1829,0.699,-0.417572,0.232833,0.0729038,rsid,0.9997748708372045,7.967727183559265e-05,0.00013471569488702237,0.0,1.0736196072867534e-05
rs35429734,6512810,0.0093,0.0166,0.575,0.0195722,0.00878649,0.0259119,rsid,0.9999169599438621,1.2844354941992713e-05,6.930544355229084e-05,0.0,8.902576434425525e-07
rs238766,6513283,0.0234,0.0145,0.107,0.0087859,0.00892813,0.325081,rsid,0.9999550772544867,3.495973028751513e-05,9.626461605578565e-06,0.0,3.365536202667812e-07
rs77360447,6515032,-0.0298,0.0626,0.634,0.0240218,0.0658141,0.715115,rsid,0.9999132938942179,4.2416319901043286e-05,4.248746759181601e-05,0.0,1.8023182891599097e-06
rs78960558,6515286,0.0092,0.0574,0.873,0.0220128,0.0408157,0.589665,rsid,0.9999327061473143,3.6143165393248985e-05,3.0064005830310138e-05,0.0,1.0866814620907274e-06
rs142998595,6515672,-0.3454,0.1016,0.000675,0.0286284,0.0990963,0.772663,rsid,0.9968401639865925,0.0029366050537822657,5.657269240573333e-05,0.0,0.0001666582672194382
rs4807087,6516194,0.0121,0.0138,0.381,0.0237867,0.00851934,0.00523697,rsid,0.9997068886534864,1.340957737882349e-05,0.00027599964539880804,0.0,3.702123735976373e-06
rs112578061,6516369,-0.0557,0.0525,0.289,0.0625477,0.0271158,0.0210722,rsid,0.9996988858187029,5.453035240232158e-05,0.0002338291996368623,0.0,1.2754629257897649e-05
rs567153684,6516439,0.4126,0.2046,0.0437,0.0812716,0.0930152,0.382257,rsid,0.9997550292385743,0.00016415248163942833,6.942001913005942e-05,0.0,1.139826065624773e-05
rs4807874,6516492,0.0113,0.0138,0.413,0.0263571,0.00852733,0.00199554,rsid,0.9993155799085285,1.2766708081230966e-05,0.0006631809471275022,0.0,8.472436262612933e-06
rs10415368,6516594,0.0022,0.0262,0.933,0.0158743,0.0199438,0.426059,rsid,0.9999644293370115,1.726624850907365e-05,1.799371939718973e-05,0.0,3.106950823444831e-07
rs116485000,6516615,0.0495,0.0525,0.346,-0.0624451,0.0271157,0.0212838,rsid,0.9997076735897573,4.9075431257403466e-05,0.00023186860007178323,0.0,1.1382378913540993e-05
rs552151318,6516618,0.1406,0.0644,0.029,0.0553629,0.0582963,0.342274,rsid,0.999635558951964,0.00029504194862492076,5.358385167313679e-05,0.0,1.581524773793156e-05
rs4807875,6516663,-0.0147,0.0138,0.287,-0.0236852,0.00851676,0.00541901,rsid,0.9997120566693155,1.6076903262638385e-05,0.00026756359442584027,0.0,4.3028329962523645e-06
rs238767,6517122,0.0296,0.0207,0.153,0.0137236,0.0134611,0.307967,rsid,0.9999471901472428,3.7283761294475216e-05,1.4967998699560216e-05,0.0,5.58092763367077e-07
rs7251888,6517163,-0.0143,0.0329,0.664,-0.0591665,0.0215767,0.00610394,rsid,0.9993971321799325,2.343279354258389e-05,0.0005661603060591889,0.0,1.3274720465680229e-05
rs7252374,6517167,0.0074,0.0338,0.827,0.0576386,0.0216058,0.0076366,rsid,0.9995016432443918,2.2480344120086222e-05,0.00046540864823866695,0.0,1.046776324940084e-05
rs28413030,6517237,0.045,0.0527,0.393,-0.0624866,0.0271153,0.0211958,rsid,0.9997108071854649,4.5845355220563426e-05,0.00023267720446310103,0.0,1.0670254851370807e-05
rs7252020,6517259,0.0136,0.0337,0.687,0.0591668,0.0215767,0.00610351,rsid,0.9993967311064978,2.36751495116415e-05,0.0005661812274265826,0.0,1.3412516564035709e-05
rs348350,6517315,0.0371,0.0316,0.24,-0.0240261,0.0197431,0.223627,rsid,0.9999320186338386,3.9881894446186604e-05,2.702172102263929e-05,0.0,1.0777506925436623e-06
rs117779462,6517476,-0.0019,0.0542,0.972,0.0931103,0.0439061,0.0339492,rsid,0.999735578876032,3.399581746717398e-05,0.00022284742245142123,0.0,7.5778840493063404e-06
rs66952611,6517657,-0.0128,0.0257,0.618,0.00299062,0.0169776,0.860175,rsid,0.9999693103962539,1.905102717819373e-05,1.1420988330918119e-05,0.0,2.1758823679092147e-07
rs12974682,6517922,-0.0069,0.0134,0.607,0.0284921,0.00851677,0.000821618,rsid,0.9984773277858323,1.0134199905201408e-05,0.0014973405252589013,0.0,1.5197489003363525e-05
rs192081343,6519083,-0.032,0.1384,0.817,-0.0195456,0.05234,0.708825,rsid,0.9998937324442019,6.879748949172574e-05,3.5057913534686964e-05,0.0,2.412152771583704e-06
rs8099886,6519217,0.0263,0.0327,0.421,0.00578149,0.0272282,0.831846,rsid,0.9999522090098948,2.9006160502326487e-05,1.8255288468219754e-05,0.0,5.295411346205769e-07
rs348351,6519244,0.002,0.0254,0.937,-0.0363657,0.0124411,0.00346649,rsid,0.9993985716979392,1.673765325958817e-05,0.0005750597065087889,0.0,9.630942292374799e-06
rs6510904,6519253,0.0282,0.0335,0.4,0.00578147,0.0272282,0.831847,rsid,0.9999506400328197,3.0547038543828276e-05,1.825525706833694e-05,0.0,5.576715679442732e-07
rs146670592,6519272,-0.0559,0.066,0.397,-0.0297558,0.113848,0.793813,rsid,0.9998804686575267,5.439024560826657e-05,6.178044176037041e-05,0.0,3.360655104750016e-06
rs66831547,6519429,0.012,0.0257,0.641,-0.00303537,0.0169774,0.858103,rsid,0.9999695842478473,1.8775079974768174e-05,1.1426138979655906e-05,0.0,2.1453319833444472e-07
rs149906060,6519709,0.0377,0.0522,0.47,-0.0624934,0.0271146,0.0211787,rsid,0.9997160401066991,4.146735433760667e-05,0.00023283475524237045,0.0,9.657783720980231e-06
rs348352,6519765,-0.0047,0.0255,0.854,0.0366487,0.0124202,0.00317008,rsid,0.9993499146945002,1.7029150164639965e-05,0.0006224494745164354,0.0,1.0606680818782033e-05
rs348353,6520069,0.0436,0.0312,0.162,-0.0230125,0.0197761,0.244564,rsid,0.9999213298376274,5.192077559025923e-05,2.5428990022282505e-05,0.0,1.3203967602613971e-06
rs7256423,6520141,0.0256,0.0325,0.431,0.00577852,0.0272277,0.831928,rsid,0.9999527453093079,2.848019258144986e-05,1.8254579599586816e-05,0.0,5.199185110780646e-07
rs348354,6520150,0.0061,0.0256,0.812,-0.0367042,0.0124294,0.00314695,rsid,0.9993448136334124,1.7284356600108704e-05,0.0006270566337780632,0.0,1.084537620931667e-05
rs7257887,6520223,-0.0023,0.0136,0.866,-0.0219527,0.00859418,0.010638,rsid,0.9998417198626892,9.158082006775056e-06,0.00014776856444232144,0.0,1.353490861905676e-06
rs11085177,6520490,-0.0095,0.0131,0.468,0.0282558,0.00851045,0.000899746,rsid,0.9985972757808095,1.127970208149582e-05,0.0013759029412933773,0.0,1.554157581564412e-05
rs348355,6520832,0.0037,0.0252,0.883,-0.0364289,0.012423,0.0033638,rsid,0.9993832968724269,1.6733763652947197e-05,0.000590088863016531,0.0,9.880500903764302e-06
rs348356,6520861,-0.0013,0.0138,0.925,0.00556941,0.00886188,0.529696,rsid,0.9999835504688723,9.202477133788763e-06,7.180970192891093e-06,0.0,6.608380104604131e-08
rs148087029,6521124,-0.0115,0.0313,0.713,-0.0034479,0.0171167,0.840359,rsid,0.9999663872261444,2.17929978006575e-05,1.1567673302261699e-05,0.0,2.5210275270772887e-07
rs142533342,6521568,-0.0347,0.0518,0.503,0.0630688,0.0271187,0.0200369,rsid,0.9997063714464993,3.987962366267506e-05,0.00024401485120060983,0.0,9.734078637413938e-06
rs12976418,6521758,-0.0087,0.0131,0.507,0.0278981,0.00852081,0.00105994,rsid,0.99879195026735,1.0816785056997206e-05,0.0011844059870049276,0.0,1.2826960587961927e-05
rs145301009,6521836,0.0694,0.0642,0.28,0.0357228,0.0358575,0.319132,rsid,0.9998959515042903,6.447303925664109e-05,3.717821453829124e-05,0.0,2.3972419148341664e-06
rs149137352,6521864,-0.0416,0.0518,0.422,0.0624948,0.0271235,0.0212178,rsid,0.9997138112710986,4.353318745952079e-05,0.00023252987687109284,0.0,1.0125664570841384e-05
rs76274,6521932,0.0383,0.0313,0.221,-0.0226947,0.0197876,0.251416,rsid,0.9999321322946708,4.185819279599422e-05,2.496447384941398e-05,0.0,1.0450386838167773e-06
rs76439627,6522052,0.0312,0.0323,0.334,0.00732023,0.0271108,0.787151,rsid,0.9999480893790896,3.2879133127278584e-05,1.842563734967703e-05,0.0,6.058504334471667e-07
rs11667269,6522134,-0.0089,0.0132,0.5,0.0278436,0.00852077,0.00108415,rsid,0.9988162412106613,1.0972201188477723e-05,0.0011600432749411518,0.0,1.2743313209011359e-05
rs186643398,6522264,-0.0971,0.2571,0.706,-0.152625,0.337206,0.650825,rsid,0.9998109628205147,8.794500971735687e-05,9.291887347997245e-05,0.0,8.173296287999414e-06
rs145768344,6522881,-0.041,0.0759,0.589,-0.0243511,0.0271093,0.369049,rsid,0.9999216694939544,5.071144742220374e-05,2.628595535764846e-05,0.0,1.3331032657151991e-06
rs189863647,6523676,0.1119,0.1353,0.408,0.0367863,0.0526572,0.484803,rsid,0.9998746346604837,8.087659876145124e-05,4.115948428561717e-05,0.0,3.3292564691637116e-06
rs415882,6523817,0.0028,0.0251,0.911,-0.0365819,0.0124141,0.0032107,rsid,0.9993581445733218,1.659506776299567e-05,0.0006150470558814372,0.0,1.0213303033759966e-05
rs12985304,6524091,-0.0032,0.0134,0.811,0.0223886,0.00849834,0.00842714,rsid,0.9998094064801255,9.152371255874904e-06,0.00017979528175832474,0.0,1.6458668602649636e-06
rs12151125,6524406,-0.0028,0.0137,0.838,0.0219399,0.00860269,0.0107612,rsid,0.9998429465731018,9.285302716466543e-06,0.00014640846373635517,0.0,1.3596604453772366e-06
rs62107623,6524661,0.0043,0.0133,0.746,-0.0279499,0.00850813,0.00101951,rsid,0.9987534671347669,9.291430644934267e-06,0.0012258374356136899,0.0,1.1403998974485457e-05
rs184337183,6524863,0.0117,0.066,0.859,0.0895722,0.0446979,0.0450765,rsid,0.9997712909655936,4.080228749599033e-05,0.00018053867100644702,0.0,7.368075904074521e-06
rs188646306,6524882,0.0278,0.0947,0.769,-0.0283807,0.0444732,0.523375,rsid,0.9999087806294809,5.505523237618668e-05,3.42768462499631e-05,0.0,1.887291892993006e-06
rs148629698,6525064,0.0647,0.0638,0.311,0.0874391,0.0447613,0.0507657,rsid,0.9997646821403333,6.0487901867982495e-05,0.00016485582758639288,0.0,9.974130212384391e-06
rs117830789,6525277,-0.2164,0.1062,0.0416,-0.0220965,0.0405882,0.586162,rsid,0.9997328076515345,0.00023030366030316477,2.9981901145098968e-05,0.0,6.906787017207419e-06
rs28534912,6526044,-0.0001,0.0261,0.997,-0.00403497,0.0171565,0.814064,rsid,0.999970977105392,1.71437718177352e-05,1.167889664011388e-05,0.0,2.002261502234824e-07
rs72987325,6526408,-0.0059,0.0149,0.692,0.0283489,0.00851828,0.000874682,rsid,0.9985607440706079,1.0668311600450844e-05,0.001413486370191191,0.0,1.5101247600339845e-05
rs76837402,6526498,-0.0067,0.0155,0.666,0.000184867,0.00992274,0.985136,rsid,0.9999820481975579,1.127494360003752e-05,6.602415641765885e-06,0.0,7.444320037454216e-08
rs62107624,6526518,-0.0102,0.0135,0.45,0.0274617,0.00854083,0.0013029,rsid,0.9989946384017996,1.1886742518243527e-05,0.0009817927928499007,0.0,1.1682062832233266e-05
rs62107625,6526727,0.0073,0.0155,0.638,-0.000291176,0.00992378,0.976593,rsid,0.999981847776682,1.1471661513806504e-05,6.604792485042811e-06,0.0,7.57693191389457e-08
rs7257358,6526812,0.0086,0.0252,0.733,-0.0369866,0.012387,0.00282735,rsid,0.9992816824326691,1.7522362210598885e-05,0.0006887185542805359,0.0,1.207665083971625e-05
rs62109501,6526840,0.0062,0.0156,0.691,-5.69234e-05,0.0099236,0.995423,rsid,0.9999821384374459,1.1185760116204585e-05,6.601953253384121e-06,0.0,7.384918445257888e-08
rs112235685,6527111,-0.0066,0.0262,0.801,0.00391912,0.0171607,0.819353,rsid,0.9999703840603539,1.7745431658809463e-05,1.1663527526828305e-05,0.0,2.069804605488022e-07
rs35409335,6527534,0.0089,0.0168,0.596,-0.000174608,0.0099228,0.985961,rsid,0.9999805273113144,1.2785947865026339e-05,6.6023222290167394e-06,0.0,8.441859166526732e-08
rs189045694,6527589,0.0117,0.047,0.803,-0.0149281,0.0248747,0.54842,rsid,0.9999491488390264,3.075707628911519e-05,1.949446155168161e-05,0.0,5.996231326927384e-07
rs12463252,6527731,-0.0049,0.0156,0.753,-7.15418e-05,0.00992827,0.994251,rsid,0.9999824606921726,1.0862447668801818e-05,6.605111225130137e-06,0.0,7.174893345622178e-08
rs141349423,6527858,0.0748,0.0533,0.161,0.0571653,0.035134,0.103723,rsid,0.9998333394772514,8.026155395157908e-05,7.997868522958485e-05,0.0,6.420283567346213e-06
rs117283551,6527930,0.025,0.0527,0.635,0.0145488,0.0512749,0.776608,rsid,0.9999285975135555,3.663999130403082e-05,3.353373176364058e-05,0.0,1.2287633769718605e-06
rs2355681,6528833,0.126,0.0478,0.00839,0.11518,0.0445367,0.00970443,rsid,0.9982388590305162,0.0007101433601588005,0.0006141170533103443,0.0,0.00043688055601459727
rs139587721,6529614,0.0468,0.1005,0.641,-0.0678234,0.0789145,0.39009,rsid,0.9998741085409976,5.998515168280931e-05,6.217618956732434e-05,0.0,3.7301177522211346e-06
rs62654116,6529885,0.0085,0.0137,0.535,-0.0275333,0.00856446,0.00130518,rsid,0.9989953827639129,1.0998417231381869e-05,0.000982798718436483,0.0,1.0820100419209164e-05
rs348337,6530656,-0.0196,0.0175,0.263,-0.0404018,0.0108892,0.000207048,rsid,0.9930663618645891,2.1368034313792255e-05,0.006766670124141555,0.0,0.0001455999769555033
rs2234171,6530956,0.0817,0.1625,0.615,0.0682317,0.0565885,0.227913,rsid,0.9998502358932931,7.78757759155538e-05,6.669372708096707e-05,0.0,5.1946037103148645e-06
rs2234174,6531171,0.0445,0.0599,0.458,-0.0604805,0.0274127,0.0273634,rsid,0.999754580515843,4.704413665478617e-05,0.0001894601694419285,0.0,8.915178060265746e-06
rs415539,6531719,0.0158,0.0335,0.637,-0.0134738,0.0180596,0.455622,rsid,0.9999596576677547,2.423364854524581e-05,1.5727532820669252e-05,0.0,3.8115087937532856e-07
rs72987334,6531721,-0.0177,0.0421,0.674,0.0296774,0.0354864,0.402984,rsid,0.9999376672487609,2.9330673350909663e-05,3.206163006905872e-05,0.0,9.404478193532417e-07
rs186470493,6531989,0.1379,0.1349,0.307,-0.00874421,0.0615802,0.887082,rsid,0.9998690139227973,8.926089117163472e-05,3.830555052942165e-05,0.0,3.4196355017160937e-06
rs62109503,6532518,-0.0316,0.0783,0.687,0.0809741,0.06634,0.22224,rsid,0.9998715306538962,4.933169900944591e-05,7.54167334751195e-05,0.0,3.720913619409794e-06
rs116068506,6532534,0.0619,0.0517,0.231,-0.0513499,0.0263371,0.0512094,rsid,0.9998221059510292,6.183298006238278e-05,0.00010930143307716924,0.0,6.75963583123806e-06
rs536801434,6532666,0.2174,0.1806,0.229,0.104383,0.0565628,0.0649741,rsid,0.9997237578085255,0.00010338383481160352,0.0001566579788297809,0.0,1.620037783313309e-05
rs76771492,6532953,-0.0118,0.0366,0.747,0.00563087,0.0330069,0.864541,rsid,0.9999527678126341,2.489762205901165e-05,2.1791971411051592e-05,0.0,5.425938960097094e-07
rs4807876,6532982,-0.0428,0.0637,0.502,0.0260003,0.0377791,0.491315,rsid,0.9999207127911058,4.7326703822930113e-05,3.051616122892455e-05,0.0,1.4443438422860336e-06
rs188213194,6533157,-0.03,0.0771,0.697,0.00685283,0.0649906,0.916024,rsid,0.9999095821174662,4.853623457112772e-05,3.994279956686133e-05,0.0,1.93884839577122e-06
rs3097297,6534248,0.0184,0.0326,0.572,-0.0113013,0.0178568,0.52681,rsid,0.9999605132565181,2.4727865362742055e-05,1.4402715642265586e-05,0.0,3.561624769561679e-07
rs61750000,6534728,-0.0308,0.1346,0.819,0.891729,0.381031,0.0192681,rsid,0.9997887865460926,6.775486702507526e-05,0.00013435355642736914,0.0,9.105030455012678e-06
rs75982228,6535078,0.0406,0.1287,0.752,-0.0236051,0.0504473,0.639844,rsid,0.9998954620876671,6.700956016122411e-05,3.517129290192955e-05,0.0,2.3570592697151836e-06
rs2234182,6535080,0.008,0.0141,0.57,-0.0260657,0.00868613,0.0026924,rsid,0.9994696894275106,1.0972899820303354e-05,0.0005136979259723311,0.0,5.63974669689152e-06
rs3865469,6535498,0.02,0.0136,0.141,-0.0216832,0.00857237,0.0114251,rsid,0.9998315834024788,2.6388842899642156e-05,0.00013837556839708777,0.0,3.652186224356857e-06
rs348389,6535637,0.0308,0.0141,0.0289,-0.00394749,0.00894961,0.659156,rsid,0.9998931802362571,9.960411776984027e-05,6.561976289128314e-06,0.0,6.536696839464412e-07
rs62109504,6536245,-0.0315,0.0304,0.3,0.0150937,0.0186706,0.418848,rsid,0.9999491250971623,3.3266773414059945e-05,1.7041195008059368e-05,0.0,5.669344157712381e-07
rs348390,6536662,0.0059,0.0222,0.79,0.041553,0.0126325,0.00100415,rsid,0.9981541668403054,1.5128866632287405e-05,0.0018033708825758385,0.0,2.7333410486483787e-05
rs144195321,6536850,-0.0493,0.083,0.553,-0.0614431,0.0553024,0.266552,rsid,0.9998817254005513,5.5415425977469705e-05,5.9558332689024666e-05,0.0,3.300840782091507e-06
rs348391,6536926,0.0262,0.0136,0.054,-0.0187173,0.00853988,0.0283975,rsid,0.999877284980809,5.68833774526247e-05,6.228805210785338e-05,0.0,3.5435896305092927e-06
rs142352867,6536939,0.0041,0.048,0.932,-0.0190503,0.0264774,0.471837,rsid,0.9999463929525235,3.058001330267981e-05,2.23437261021358e-05,0.0,6.833080715629802e-07
rs74174385,6536988,0.0277,0.029,0.339,0.00598295,0.0235251,0.799247,rsid,0.9999540698455932,2.9467187521589342e-05,1.5991714393631267e-05,0.0,4.712524915285325e-07
rs78831487,6537151,-0.072,0.0336,0.0321,-0.0305969,0.0238651,0.199817,rsid,0.9997636208234404,0.00019454590310839692,3.5018882541210226e-05,0.0,6.814390909938664e-06
rs11670309,6537221,-0.0255,0.0136,0.0608,0.0187221,0.00853933,0.0283465,rsid,0.9998827757395001,5.162336371083836e-05,6.238024136181006e-05,0.0,3.220655427141376e-06
rs11670689,6537665,0.0221,0.0146,0.13,0.00058408,0.00954704,0.951217,rsid,0.9999633058437188,3.013825256828433e-05,6.364094002156825e-06,0.0,1.9180971070080655e-07
rs3865471,6537713,0.0271,0.0136,0.0463,-0.0187303,0.00853841,0.0282605,rsid,0.999868727366926,6.469047559838529e-05,6.253613408719291e-05,0.0,4.046023388328569e-06
rs10414775,6538119,0.0256,0.0136,0.0598,-0.0186949,0.00853743,0.0285417,rsid,0.9998824191162833,5.233551304364553e-05,6.200017797718873e-05,0.0,3.245192695858516e-06
rs11667956,6540364,0.0215,0.0146,0.141,-2.3785e-05,0.00952614,0.998008,rsid,0.999965120931526,2.8360874877653294e-05,6.338424074123916e-06,0.0,1.79769522281211e-07
rs8110208,6540716,-0.0049,0.0217,0.821,-0.0413627,0.0126462,0.00107256,rsid,0.9982612232873798,1.4655596844233042e-05,0.0016991753122495834,0.0,2.494580352625274e-05
rs2162931,6541285,0.0335,0.0138,0.0152,-0.000150831,0.00881918,0.986355,rsid,0.9998229867826847,0.00017014461814473736,5.86972092974989e-06,0.0,9.988782408595889e-07
rs62109506,6541630,0.021,0.022,0.34,-0.00265819,0.0137808,0.847045,rsid,0.9999678003089909,2.2668777243406657e-05,9.319642072852058e-06,0.0,2.1127169302099825e-07
rs76140468,6542060,-0.0105,0.0381,0.783,0.0190557,0.0179373,0.288075,rsid,0.9999532458975916,2.5513707747692217e-05,2.0711931778635422e-05,0.0,5.28462882097952e-07
rs112914484,6542135,-0.0226,0.0136,0.0966,0.0202769,0.00852642,0.0174008,rsid,0.999866030623038,3.551483799095793e-05,9.507742712064586e-05,0.0,3.3771118503573702e-06
rs348373,6543342,-0.0081,0.0218,0.71,-0.0423647,0.0125943,0.000768776,rsid,0.9976508391544762,1.5353484916783045e-05,0.0022984352745673807,0.0,3.5372086039821636e-05
rs8103412,6543496,-0.0226,0.0135,0.0941,0.0202113,0.00851873,0.0176649,rsid,0.9998668859628825,3.598710761525762e-05,9.375259558454659e-05,0.0,3.3743339177211746e-06
rs7254329,6543779,-0.0226,0.0354,0.523,0.0193532,0.0179172,0.280077,rsid,0.9999504695166077,2.786118392753301e-05,2.1081903577728522e-05,0.0,5.873958871238426e-07
rs144673139,6543931,0.0084,0.0271,0.757,-0.0299201,0.0110291,0.00667114,rsid,0.9996911795239628,1.8621565610488733e-05,0.0002848921340198764,0.0,5.306776406779443e-06
rs142601407,6544544,0.0509,0.039,0.192,-0.00828353,0.039932,0.835665,rsid,0.9999164080237803,5.587729762386644e-05,2.6247894567482967e-05,0.0,1.4667840281227109e-06
rs182073079,6544545,0.0512,0.0412,0.214,-0.00827661,0.0399321,0.835801,rsid,0.9999180215295744,5.430586650952031e-05,2.6247114747029188e-05,0.0,1.4254891691339228e-06
rs6510905,6545225,0.0253,0.0217,0.244,-0.00340198,0.0137337,0.804359,rsid,0.9999624756961821,2.7862468419062932e-05,9.399920580338504e-06,0.0,2.6191481848260443e-07
rs6510906,6545409,0.0243,0.0136,0.074,-0.00609115,0.00870097,0.483894,rsid,0.9999482984169458,4.3983238258536946e-05,7.393153165778165e-06,0.0,3.251916300943496e-07
rs6510907,6545437,-0.0014,0.0249,0.955,-0.0362631,0.0130332,0.00539647,rsid,0.9995736738650696,1.6395762739556453e-05,0.0004033148964885252,0.0,6.6154757023415345e-06
rs11669937,6545890,-0.0051,0.025,0.838,-0.0364347,0.013033,0.00518072,rsid,0.999557888986513,1.6770386916527613e-05,0.00041832210012776507,0.0,7.018526442715799e-06
rs173231,6546235,-0.0059,0.025,0.813,-0.0364592,0.0130326,0.00514944,rsid,0.9995554115771377,1.6885612006202757e-05,0.00042059760401141547,0.0,7.105206844780504e-06
rs11085178,6546430,0.0159,0.0143,0.266,-0.00567515,0.00937557,0.544972,rsid,0.9999748685175343,1.7512690534462216e-05,7.487659570824924e-06,0.0,1.3113236044187818e-07
rs28552734,6546524,0.017,0.0135,0.208,-0.0242607,0.00850323,0.00432932,rsid,0.9996467998759557,1.967667561002384e-05,0.000327085224591799,0.0,6.438223842584448e-06
rs62109509,6546782,0.0308,0.0266,0.247,0.0132162,0.0200095,0.508935,rsid,0.9999496221700447,3.3446136782310384e-05,1.6383694285906014e-05,0.0,5.479988870807186e-07
rs10407602,6546785,-0.0209,0.0134,0.119,0.0209712,0.00849653,0.0135791,rsid,0.9998489770115283,2.973927375409941e-05,0.00011778047971924926,0.0,3.503234998278666e-06
rs348374,6547141,-0.0212,0.0135,0.116,0.023172,0.0086682,0.00751277,rsid,0.9997602923545171,3.0452722654889084e-05,0.00020306942328938797,0.0,6.185499538650552e-06
rs348375,6547251,-0.0171,0.0136,0.209,0.0244049,0.00850049,0.00409185,rsid,0.9996293298998246,1.97719392076359e-05,0.0003440922668444297,0.0,6.805894123322169e-06
rs55707625,6547321,-0.0217,0.0162,0.18,0.0242743,0.00850449,0.0043133,rsid,0.9996371618643518,2.6056826926022092e-05,0.0003282256845601128,0.0,8.55562416197822e-06
rs348376,6547397,-0.0199,0.0135,0.14,0.0215324,0.00849834,0.011286,rsid,0.9998313112876528,2.6333446693836326e-05,0.00013870214390017058,0.0,3.6531217531205394e-06
rs12974220,6547882,0.0192,0.0252,0.446,-0.00266759,0.014133,0.85029,rsid,0.9999682690215073,2.1972967249019458e-05,9.54820225098135e-06,0.0,2.0980899279246496e-07
rs4028335,6547914,0.0201,0.0162,0.215,-0.02416,0.00851237,0.00453649,rsid,0.9996559275524626,2.2973653570432117e-05,0.000313885221632909,0.0,7.2135723341612595e-06
rs348377,6548124,0.0191,0.0136,0.16,-0.0241419,0.00851507,0.00457984,rsid,0.9996572071451353,2.4008641549462038e-05,0.00031130757831868063,0.0,7.47663499653953e-06
rs348378,6548175,-0.0216,0.0135,0.11,0.0214793,0.00851036,0.0116062,rsid,0.999828270540697,3.1907288349885064e-05,0.00013549805292890872,0.0,4.3241180241009206e-06
rs184169383,6548371,0.1045,0.1315,0.427,-0.0681827,0.0438319,0.119815,rsid,0.9998289573412152,7.880150412230978e-05,8.550229275471832e-05,0.0,6.738861907835775e-06
rs348379,6548874,-0.0186,0.0136,0.171,0.0240491,0.00852401,0.00478245,rsid,0.9996706444189418,2.2825670043542205e-05,0.00029968709847021005,0.0,6.842812544489219e-06
rs187244330,6549001,-0.3577,0.2398,0.136,0.0108901,0.0482009,0.821255,rsid,0.9998491438905536,0.00011591881022124982,3.130761068322376e-05,0.0,3.629688541961331e-06
rs348380,6549002,-0.0187,0.0136,0.169,0.0241178,0.00852524,0.0046696,rsid,0.9996636267781219,2.3054934161586183e-05,0.0003062552180012232,0.0,7.063069715176869e-06
rs191656415,6549132,0.391,0.1605,0.0148,0.0568543,0.0780129,0.466136,rsid,0.9996352419970731,0.0002913358947038537,5.6852802386622704e-05,0.0,1.6569305836634975e-05
rs59472959,6549350,0.0333,0.0262,0.204,0.0141547,0.0201209,0.481756,rsid,0.999944728042232,3.767931259070142e-05,1.6953802252396644e-05,0.0,6.388429247681493e-07
rs184678988,6549570,-0.0948,0.2216,0.669,-0.130311,0.111415,0.242164,rsid,0.9998142324861773,8.522032487269992e-05,9.265005420060352e-05,0.0,7.897134749537435e-06
rs8100267,6549601,0.0215,0.0141,0.127,-0.00907702,0.00894231,0.310075,rsid,0.9999601330399194,2.9628333159117652e-05,9.943991288623863e-06,0.0,2.94635633057733e-07
rs11667295,6549883,-0.0137,0.0145,0.345,0.0048996,0.00941108,0.60263,rsid,0.9999777511940644,1.4974190389706761e-05,7.167288810643209e-06,0.0,1.0732673512028773e-07
rs11881108,6549921,0.0149,0.0144,0.301,-0.00572839,0.00930604,0.538187,rsid,0.9999761562049467,1.6243436166569625e-05,7.478873387684778e-06,0.0,1.2148549914605759e-07
rs74848833,6550247,0.0312,0.0262,0.234,0.0138202,0.0201385,0.492551,rsid,0.9999484164867143,3.423931600298814e-05,1.676997518274176e-05,0.0,5.742221000374903e-07
rs117695094,6551368,-0.0639,0.0719,0.374,-0.0514423,0.067406,0.445361,rsid,0.9998850694023779,5.9592266129066566e-05,5.222572448685372e-05,0.0,3.1126070061872797e-06
rs139097875,6551679,0.16,0.1342,0.233,0.421696,0.615565,0.493309,rsid,0.9997928874205243,9.893894662707963e-05,9.843277984411705e-05,0.0,9.740853004544242e-06
rs72993046,6551735,-0.0246,0.094,0.794,0.0548915,0.0588747,0.351158,rsid,0.9998894339803657,5.4422679988913404e-05,5.324526898241437e-05,0.0,2.898070662891369e-06
rs534649047,6551736,0.0846,0.1454,0.561,-0.0343849,0.0672582,0.609185,rsid,0.9998749730332471,7.594628762866078e-05,4.561588854044558e-05,0.0,3.464790583786737e-06
rs35930836,6551792,0.0351,0.0257,0.172,0.00185169,0.0148085,0.90049,rsid,0.9999478947190504,4.179007139887146e-05,9.901407464497509e-06,0.0,4.1380208616462684e-07
rs148143679,6551835,0.0764,0.0733,0.297,-0.101066,0.222527,0.649703,rsid,0.9998404762059043,6.806382402106091e-05,8.563068808106929e-05,0.0,5.829281993532721e-06
rs35107059,6551848,0.0237,0.027,0.38,-0.00370823,0.0144902,0.798017,rsid,0.9999640815504895,2.5729788026073445e-05,9.933076355007184e-06,0.0,2.5558512928269893e-07
rs34039661,6551998,-0.0242,0.0138,0.0795,0.0177003,0.00870523,0.0420223,rsid,0.999910534006231,4.208502503658249e-05,4.546730486133015e-05,0.0,1.913663871274992e-06
rs10411474,6552111,0.038,0.0214,0.0758,-0.000771823,0.0133723,0.953973,rsid,0.9999242963383124,6.622006578863577e-05,8.894553395337127e-06,0.0,5.890425036741761e-07
rs117637391,6552206,0.0051,0.0287,0.859,0.0115971,0.0249939,0.642651,rsid,0.9999623176439002,1.9082054137186475e-05,1.8252003126101965e-05,0.0,3.4829883648516e-07
rs348383,6552221,-0.0267,0.0143,0.0619,0.0052132,0.00927579,0.574101,rsid,0.9999389960307908,5.339424592414223e-05,7.223980748636443e-06,0.0,3.857425364697808e-07
rs12611001,6552243,0.0024,0.0293,0.935,0.001682,0.0203626,0.934168,rsid,0.9999670082833757,1.9234359738498134e-05,1.3497728161130865e-05,0.0,2.596287247009609e-07
rs187385113,6552246,-0.0317,0.1071,0.767,0.135869,0.255342,0.594654,rsid,0.9998454280100528,5.9815745618537455e-05,8.940744459196939e-05,0.0,5.34879973673586e-06
rs7507672,6552262,-0.0361,0.0261,0.167,0.00967282,0.0187685,0.606291,rsid,0.99994185425432,4.3381369689445415e-05,1.4150473377918483e-05,0.0,6.139026127133283e-07
rs348384,6552386,0.0328,0.0147,0.0257,-0.00736587,0.0104151,0.479423,rsid,0.9998752913690456,0.00011480460582889586,8.883976496630258e-06,0.0,1.0200486287568114e-06
rs3865472,6552445,-0.0214,0.025,0.392,0.012008,0.0146231,0.411549,rsid,0.9999626487361525,2.348213794914857e-05,1.3550909682123746e-05,0.0,3.1821621626993737e-07
rs147638636,6553418,0.0106,0.1148,0.926,0.479151,0.572979,0.403018,rsid,0.9998341072796508,6.093603233249313e-05,9.892744200408926e-05,0.0,6.029246012554699e-06
rs398059537,6553463,-0.0255,0.0232,0.272,0.00647585,0.0135316,0.632243,rsid,0.9999620825516158,2.7573878117833386e-05,1.0066001055397077e-05,0.0,2.7756921095173057e-07
rs72993048,6553629,0.0227,0.0144,0.115,-0.0189898,0.00855431,0.0264247,rsid,0.9998987184208915,3.2731226601515705e-05,6.637751495536286e-05,0.0,2.172837551667859e-06
rs192720238,6553742,-0.0447,0.0802,0.577,-0.020412,0.0616539,0.740589,rsid,0.9999048342269016,5.320426307878786e-05,3.984156705837466e-05,0.0,2.119942961255766e-06
rs571910698,6553752,-0.2425,0.1753,0.167,-0.0106405,0.0390308,0.785147,rsid,0.9998571089749212,0.00011384949275114205,2.6072739901666168e-05,0.0,2.968792426230185e-06
rs372157746,6554055,0.0084,0.0769,0.913,-0.0368525,0.0270487,0.173056,rsid,0.9999085626601079,4.583725090791242e-05,4.360134063358072e-05,0.0,1.9987483507751057e-06
rs11878279,6554072,0.0116,0.0185,0.531,-0.0207956,0.00902533,0.0212149,rsid,0.9998993063700891,1.4855834242998056e-05,8.458114565128442e-05,0.0,1.2566500165300492e-06
rs348386,6554098,-0.0109,0.015,0.467,-0.0215751,0.00916605,0.0185823,rsid,0.9998894744590484,1.2922985425312777e-05,9.63571952522013e-05,0.0,1.2453602739861771e-06
rs549596639,6554132,-0.0189,0.0469,0.687,0.00455747,0.0242844,0.851135,rsid,0.9999510838850869,3.213465304504205e-05,1.6258960262378242e-05,0.0,5.225016056532352e-07
rs348387,6554160,0.0098,0.0264,0.71,-0.0235497,0.013747,0.0866982,rsid,0.9999416353946571,1.853232858660712e-05,3.910748175179711e-05,0.0,7.24795004393432e-07
rs149612841,6554161,-0.2989,0.127,0.0186,0.086352,0.0905776,0.340414,rsid,0.9995803286785796,0.0003241934876858842,7.209521992799442e-05,0.0,2.338261380637175e-05
rs144343857,6554207,0.0,0.0461,1.0,-0.0458001,0.0403536,0.256389,rsid,0.9999218642750574,2.9377879854295067e-05,4.736621731108908e-05,0.0,1.3916277771628252e-06
rs62106960,6554328,0.0309,0.0303,0.308,-0.0100193,0.0194707,0.606845,rsid,0.9999522243130253,3.263384575936418e-05,1.4663298530149743e-05,0.0,4.785426852619534e-07
rs138991960,6554416,0.0494,0.0833,0.553,0.0393362,0.0461377,0.393891,rsid,0.9999012142196395,5.553329163490019e-05,4.097669325256545e-05,0.0,2.2757954728602915e-06
rs62106961,6554418,-0.004,0.0189,0.832,0.00537783,0.0135941,0.692398,rsid,0.9999773396100594,1.2780803283382018e-05,9.754908268231566e-06,0.0,1.2467838888461369e-07
rs537174703,6554692,-0.1014,0.0751,0.177,0.0155176,0.0336792,0.644981,rsid,0.9998807258498128,9.278865564118514e-05,2.423636642497894e-05,0.0,2.2491281210462523e-06
rs530137665,6554748,0.0226,0.1376,0.87,0.0109349,0.0984791,0.911586,rsid,0.9998730347905016,6.809426555893768e-05,5.5117295593773946e-05,0.0,3.7536483458015162e-06
rs113025152,6554766,-0.0256,0.0464,0.581,-0.0114097,0.0226985,0.615202,rsid,0.9999485382210405,3.395717298024383e-05,1.6929691916250115e-05,0.0,5.749140630027719e-07
rs62106962,6554875,-0.0065,0.0194,0.738,-0.00646762,0.0136132,0.634715,rsid,0.999976197785917,1.355555071897568e-05,1.010961865357302e-05,0.0,1.3704471037554701e-07
rs117261916,6555031,0.1886,0.0815,0.0207,0.082773,0.0936881,0.376968,rsid,0.9995262500896029,0.0003771711669045033,7.011924924806183e-05,0.0,2.6459494244386624e-05
rs10853994,6555363,0.0014,0.0139,0.92,0.0218411,0.00857488,0.0108623,rsid,0.9998446377285283,9.273140965350067e-06,0.00014474666570261414,0.0,1.3424648037060174e-06
rs11382903,6555438,0.0251,0.0391,0.521,-0.0455978,0.0152937,0.00286867,rsid,0.9991196062786881,3.056769953695315e-05,0.0008245977545665256,0.0,2.522826720848573e-05
rs422981,6556778,-0.0047,0.0145,0.746,-0.026674,0.00900673,0.00306077,rsid,0.9995116443016723,1.0131920631145281e-05,0.00047342473224348336,0.0,4.799045453105738e-06
rs143679718,6557153,0.0712,0.1206,0.555,-0.0788009,0.517989,0.879086,rsid,0.9998275197270307,6.965068164534698e-05,9.613272632949506e-05,0.0,6.696864994377196e-06
rs367527,6557255,0.032,0.0311,0.304,-0.046249,0.0151183,0.00221978,rsid,0.9989024307197757,3.369131520392997e-05,0.001029165912967318,0.0,3.47120520529091e-05
rs62123171,6557372,0.0125,0.0195,0.522,0.00348574,0.0136718,0.798756,rsid,0.9999746979936849,1.577911274946471e-05,9.374961252033036e-06,0.0,1.4793231360202512e-07
rs536806433,6557424,0.2144,0.1005,0.0329,-0.00659638,0.0468371,0.887999,rsid,0.9996942447540444,0.0002676351310774196,3.006989357283493e-05,0.0,8.050221305244916e-06
rs10424688,6557546,-0.0217,0.016,0.175,-0.00756837,0.0102169,0.458833,rsid,0.9999644998700163,2.6334816335768462e-05,8.930131915094336e-06,0.0,2.351817328202786e-07
rs11878528,6558069,0.0102,0.0144,0.479,-0.0254829,0.00860311,0.00305598,rsid,0.9995286226643035,1.224823552054053e-05,0.00045357103536371483,0.0,5.558064812213006e-06
rs114990419,6558071,0.0012,0.0199,0.952,-0.0037603,0.0136686,0.783235,rsid,0.9999772772969905,1.317597268597011e-05,9.422575899791546e-06,0.0,1.2415442381123325e-07
rs78565612,6558205,-0.1633,0.0464,0.000433,0.0335885,0.0388199,0.386907,rsid,0.9913198279604248,0.00834782163010507,3.527792701479114e-05,0.0,0.0002970724824552769
rs11878461,6558421,-0.0052,0.0145,0.72,0.024045,0.00861317,0.00524397,rsid,0.9997082685803415,1.025279466182165e-05,0.00027862114598220923,0.0,2.857479014606601e-06
rs34723525,6558662,0.0247,0.0166,0.137,0.011056,0.0109303,0.311777,rsid,0.9999546778441877,3.28355797124204e-05,1.2089589430219942e-05,0.0,3.9698666971812247e-07
rs138502153,6558873,-0.0363,0.054,0.501,0.0390786,0.026785,0.144572,rsid,0.9999072785468792,4.137237267693963e-05,4.9308866472272576e-05,0.0,2.0402139715724362e-06
rs144446290,6558935,-0.0059,0.0373,0.874,0.0120546,0.0216916,0.578397,rsid,0.9999585240019386,2.441917995376986e-05,1.665021660769603e-05,0.0,4.066014998155951e-07
rs141692866,6559207,-0.0974,0.0737,0.186,0.119744,0.0581228,0.0393795,rsid,0.999661916596706,8.908886787081144e-05,0.0002286201379179144,0.0,2.0374397505224397e-05
rs17703837,6559333,0.0061,0.0145,0.674,-0.0228474,0.00861225,0.00798031,rsid,0.9997962859414301,1.0502359469280843e-05,0.00019120320515012644,0.0,2.0084939506195726e-06
rs149609689,6559465,-0.0915,0.0829,0.27,0.0943127,0.068868,0.170852,rsid,0.9998253806122904,7.712492519199488e-05,9.05124754306107e-05,0.0,6.981987086838226e-06
rs12986031,6559777,0.0588,0.0334,0.0783,-0.0449753,0.0150424,0.00279062,rsid,0.9989929472680966,9.505242942567393e-05,0.0008327642431385558,0.0,7.923605933917509e-05
rs144439217,6559840,-0.1417,0.0832,0.0885,0.0602475,0.0817776,0.461291,rsid,0.9997852934858599,0.00014703159944157772,5.899841977459648e-05,0.0,8.676494923964607e-06
rs571886019,6559853,-0.0887,0.0811,0.274,-0.0355608,0.0288994,0.218509,rsid,0.9998822286805779,7.554988282193233e-05,3.925535017439241e-05,0.0,2.9660864257211444e-06
rs368206902,6559868,0.1273,0.0941,0.176,0.217547,0.160279,0.174685,rsid,0.9997738017046655,0.00010246060436499414,0.00011223538390153899,0.0,1.150230706794e-05
rs35354210,6560398,0.0834,0.0418,0.046,0.0440751,0.0212357,0.0379385,rsid,0.9996943373466527,0.00017017782494033537,0.00011577625327020652,0.0,1.9708575136635096e-05
rs11085179,6560446,-0.0093,0.0158,0.556,-0.000913549,0.00997147,0.927003,rsid,0.9999808218219128,1.2434031557290365e-05,6.661317904439313e-06,0.0,8.282862553907305e-08
rs10424742,6560740,-0.0024,0.0151,0.874,-0.00821957,0.008917,0.35664,rsid,0.9999807025444033,1.0142893013005957e-05,9.06263942762478e-06,0.0,9.192315601286916e-08
rs145838464,6560798,0.0245,0.1148,0.831,0.117142,0.0967113,0.225796,rsid,0.9998417650443879,6.165197031194576e-05,9.097340783022694e-05,0.0,5.609577469967649e-06
rs10422845,6560924,0.0045,0.0137,0.743,0.00611667,0.00863495,0.47872,rsid,0.9999829525529249,9.59612289270872e-06,7.380498801484376e-06,0.0,7.082538090046597e-08
rs113762539,6561260,0.0139,0.0178,0.435,0.00213051,0.00986187,0.82896,rsid,0.999977259378376,1.5918571259041484e-05,6.715152303487339e-06,0.0,1.0689806138674608e-07
rs112134181,6561327,0.0228,0.0154,0.139,-0.001603,0.010187,0.874964,rsid,0.999962719925882,3.021262683684793e-05,6.860175627801713e-06,0.0,2.0727165338061274e-07
rs348345,6561352,-0.0142,0.014,0.31,-0.0100126,0.00859687,0.244151,rsid,0.9999730999473601,1.5475748637008837e-05,1.1250194142644146e-05,0.0,1.7410986023351537e-07
rs149466209,6561692,-0.1623,0.0818,0.0472,0.387758,0.152622,0.0110652,rsid,0.9993577820943977,0.00021816456000743357,0.00034806836498111476,0.0,7.598498061371868e-05
rs111908814,6562579,-0.1197,0.0294,4.67e-05,-0.0476076,0.0238718,0.046119,rsid,0.9411209231267263,0.05298373283222788,0.00010288820904790515,0.0,0.005792455831997863
rs8108050,6562850,-0.0082,0.023,0.721,0.000404689,0.0134764,0.976044,rsid,0.9999747743562686,1.6128346445902265e-05,8.952898198921071e-06,0.0,1.443990864070023e-07
rs62123172,6562970,0.008,0.0807,0.921,0.031443,0.0623145,0.61385,rsid,0.9999076421305558,4.755972136116931e-05,4.2764111019361475e-05,0.0,2.0340370636685134e-06
rs142708391,6563124,0.1224,0.0292,2.77e-05,0.0474404,0.0238712,0.0468835,rsid,0.9086335116913585,0.08238294601816802,9.80020744581323e-05,0.0,0.008885540216015326
rs10418885,6563907,0.0284,0.0135,0.0354,-0.000124198,0.00852408,0.988375,rsid,0.9999133728127446,8.049615031242895e-05,5.674242680428695e-06,0.0,4.567942625151042e-07
rs4081854,6564004,-0.033,0.0182,0.0698,-0.0114252,0.0122781,0.352094,rsid,0.9999258298289606,6.086445812153109e-05,1.2542277377393716e-05,0.0,7.634355403296105e-07
rs193104564,6564142,0.0207,0.0649,0.75,-0.120439,0.0566124,0.0333841,rsid,0.9996920505772959,4.1438908327285944e-05,0.00025590291052155807,0.0,1.0607603855272008e-05
rs10427003,6564246,-0.0178,0.023,0.439,0.000391875,0.0134246,0.976712,rsid,0.9999705912099902,2.0309154797411324e-05,8.91850263483593e-06,0.0,1.811325774619382e-07
rs348347,6564402,-0.0008,0.0139,0.954,0.00863448,0.00860912,0.315886,rsid,0.9999812093166675,9.24304935711499e-06,9.460191317018432e-06,0.0,8.744265837825539e-08
rs116365094,6564428,-0.0372,0.0415,0.37,-0.0172352,0.021136,0.414819,rsid,0.9999411913584992,3.8728640871643486e-05,1.9331282307992655e-05,0.0,7.487183212019396e-07
rs200119666,6564557,-0.0031,0.0494,0.95,-0.0196316,0.0209902,0.349647,rsid,0.9999467122518495,3.1337714594472166e-05,2.128303629611335e-05,0.0,6.669972599333966e-07
rs55702428,6564571,0.0135,0.0137,0.324,-0.00522783,0.00892474,0.558031,rsid,0.9999781269921288,1.4722056199536819e-05,7.047200126014846e-06,0.0,1.0375154566294846e-07
rs7508584,6564673,0.004,0.0148,0.787,-0.00668459,0.0100399,0.505536,rsid,0.9999814058700507,1.0181479659194695e-05,8.327858788603453e-06,0.0,8.479150148500905e-08
rs62123174,6564847,-0.0034,0.0148,0.818,0.00664587,0.0100521,0.50852,rsid,0.9999815241261059,1.0079796245570917e-05,8.312289911939855e-06,0.0,8.378773669812547e-08
rs28575337,6565192,-0.0119,0.0138,0.389,0.00528683,0.00893524,0.554063,rsid,0.9999795795680285,1.324665797156528e-05,7.0799859327752335e-06,0.0,9.37880672878149e-08
rs67145602,6565272,0.0367,0.0198,0.0638,0.00647406,0.0144406,0.653921,rsid,0.9999178557842615,7.080828861754195e-05,1.0586269887487763e-05,0.0,7.496572335819523e-07
rs62123175,6565283,0.0243,0.0259,0.348,1.23081e-06,0.0134579,0.999927,rsid,0.9999647404411733,2.6089777766570153e-05,8.93661844945164e-06,0.0,2.3316261054160657e-07
rs28725371,6565327,0.0052,0.0161,0.747,-0.00673509,0.0100641,0.503356,rsid,0.9999803015350462,1.123767094646671e-05,8.366769156473878e-06,0.0,9.402485081072877e-08
rs28733121,6565332,-0.0237,0.015,0.114,0.00263809,0.00858706,0.758679,rsid,0.9999595598858273,3.424399003205506e-05,5.990961420583857e-06,0.0,2.051627199727197e-07
rs345595,6565935,-0.0022,0.0159,0.89,0.0106649,0.00866458,0.218375,rsid,0.9999769571059257,1.0642020219064127e-05,1.2270290170039734e-05,0.0,1.3058368510937048e-07
rs171171,6565945,0.0017,0.0153,0.912,-0.00834199,0.00862412,0.3334,rsid,0.9999805457176602,1.02103552302234e-05,9.150495482635626e-06,0.0,9.343162705551651e-08
rs6510908,6566777,0.0305,0.018,0.0902,0.00712622,0.012113,0.556324,rsid,0.9999409140651192,4.9057404579665845e-05,9.559536538423685e-06,0.0,4.6899376249445925e-07
rs34012748,6566934,0.0403,0.0202,0.046,0.00175085,0.0141084,0.901236,rsid,0.999895430391188,9.42442521449158e-05,9.435977063385875e-06,0.0,8.893796036726221e-07
rs35233543,6567486,0.0067,0.0149,0.653,-0.00606265,0.0100942,0.5481,rsid,0.9999809503326624,1.0926367735544525e-05,8.035499111189185e-06,0.0,8.780049079763602e-08
rs4552114,6568213,0.0543,0.0251,0.0305,-0.0196869,0.0131462,0.134252,rsid,0.9998084247479274,0.00016074195390222611,2.6562734234137778e-05,0.0,4.270563936143418e-06
rs345596,6568338,-0.0043,0.0146,0.768,-0.0276766,0.00896582,0.00202251,rsid,0.9992954243895688,1.0106726113252647e-05,0.00068751545470169,0.0,6.953429616214774e-06
rs546896869,6568709,-0.2015,0.1521,0.185,-0.0624944,0.0481951,0.194735,rsid,0.9998175323707301,0.00010973652204287142,6.553789413427266e-05,0.0,7.1932130928488715e-06
rs58540573,6568764,0.0273,0.0329,0.407,-0.0122204,0.0200531,0.542258,rsid,0.9999538669525921,2.9756277983634658e-05,1.5903518086683516e-05,0.0,4.732513376315112e-07
rs80345212,6568962,-0.0715,0.0342,0.0366,0.0337144,0.0223998,0.132292,rsid,0.9997698918882648,0.0001774509780726121,4.4719744758476884e-05,0.0,7.937388904122128e-06
rs345597,6569189,-0.0179,0.0154,0.245,0.0246793,0.00856892,0.00397558,rsid,0.9996170495281906,1.992240958187591e-05,0.0003559342772045353,0.0,7.0937850230191905e-06
rs143487251,6569350,-0.0149,0.0354,0.674,0.00302961,0.0207197,0.883749,rsid,0.9999608452320139,2.498096726712975e-05,1.3828341837871574e-05,0.0,3.4545888117289175e-07
rs345599,6569366,0.0009,0.0146,0.951,0.0248516,0.0093266,0.00770815,rsid,0.9997751380854821,9.704591238464172e-06,0.00021308891733353994,0.0,2.068405945889881e-06
rs345600,6569473,0.0132,0.0141,0.349,-0.026867,0.00855753,0.00169192,rsid,0.9992004345732692,1.44396870457505e-05,0.0007739413264687914,0.0,1.1184413216108237e-05
rs1812631,6569485,-0.0077,0.0167,0.645,0.011088,0.0115692,0.337859,rsid,0.9999754194352651,1.2290843326162923e-05,1.2140500748196888e-05,0.0,1.4922066052535752e-07
rs139905305,6569512,0.0251,0.0377,0.506,-0.00449545,0.0189294,0.81228,rsid,0.9999567132250007,3.002678145506417e-05,1.2873429166924455e-05,0.0,3.865643772977123e-07
rs345601,6569633,-0.0001,0.0146,0.995,0.0252592,0.00933234,0.00679704,rsid,0.9997494135919702,9.68631875937939e-06,0.0002385884660742197,0.0,2.3116231960596865e-06
rs8104184,6569883,0.0245,0.0327,0.454,-0.00706581,0.0194813,0.71683,rsid,0.9999580303755132,2.784620047466456e-05,1.3740779453244548e-05,0.0,3.8264455878164333e-07
rs35642092,6570056,-0.0091,0.0177,0.607,0.0250302,0.00863218,0.00373594,rsid,0.9996023554763717,1.3346241116806126e-05,0.00037923490855913976,0.0,5.063373952463482e-06
rs35585024,6570147,0.0057,0.0167,0.733,-0.0115613,0.0115809,0.318132,rsid,0.9999754972588479,1.1721154247228524e-05,1.2633504026878205e-05,0.0,1.480828778184464e-07
rs345602,6570174,0.0051,0.0156,0.744,-0.0248574,0.00929622,0.00749687,rsid,0.9997689689322234,1.0904366709142235e-05,0.0002177517078959165,0.0,2.374993171647504e-06
rs186506728,6570199,-0.012,0.0619,0.846,0.108606,0.0452594,0.0164112,rsid,0.9995413854604291,3.8749802247038e-05,0.0004041950718825449,0.0,1.5669665441077416e-05
rs57373144,6570304,-0.0066,0.0168,0.694,0.0106568,0.0115533,0.356317,rsid,0.9999761236867994,1.2012758319502374e-05,1.1722729205978028e-05,0.0,1.4082567519431365e-07
rs180690754,6570471,0.0377,0.145,0.795,-0.0604957,0.0788574,0.44299,rsid,0.9998665338503137,7.072490633721148e-05,5.8596460948845404e-05,0.0,4.144782400447438e-06
rs187217802,6570560,-0.3235,0.294,0.271,0.0791066,0.0977373,0.418297,rsid,0.999823432989914,0.00010093244591335702,6.869934656103912e-05,0.0,6.935217611693043e-06
rs10164301,6570923,0.0064,0.0168,0.703,-0.0132354,0.0116481,0.255844,rsid,0.9999731573148771,1.1958201545491425e-05,1.4708590565448976e-05,0.0,1.7589301187248556e-07
rs345603,6570924,-0.0079,0.014,0.573,0.0264076,0.00853796,0.00198171,rsid,0.9993136318771187,1.0875398286746474e-05,0.0006682205683935965,0.0,7.272156200877371e-06
rs345604,6571531,-0.0051,0.014,0.716,0.0261729,0.00853009,0.00215278,rsid,0.9993649691467217,9.919468409860696e-06,0.0006189676533255419,0.0,6.143731542972367e-06
rs2161486,6571581,-0.0263,0.022,0.232,-0.0109564,0.0151355,0.469136,rsid,0.9999573973196039,2.9209728418397368e-05,1.3012834424174078e-05,0.0,3.801175535103424e-07
rs4807879,6571791,0.0116,0.0166,0.485,-0.0100614,0.0115396,0.383265,rsid,0.9999746489897253,1.4001006060594362e-05,1.1193283017539532e-05,0.0,1.5672119640717934e-07
rs2547448,6572732,0.0012,0.0144,0.934,0.0250611,0.00925991,0.00680158,rsid,0.999751489029296,9.58757682941999e-06,0.00023665389250215825,0.0,2.2695013723347952e-06
rs150307841,6572771,-0.0439,0.083,0.597,-0.0260442,0.0480418,0.587738,rsid,0.9999093827562228,5.3888670005232064e-05,3.485036381837104e-05,0.0,1.878209953579705e-06
rs2642212,6572796,-0.0067,0.0139,0.63,0.0265251,0.00850912,0.00182545,rsid,0.999264206193076,1.0346955476577412e-05,0.0007180121413753525,0.0,7.434710072080091e-06
rs2642213,6572832,-0.0073,0.0139,0.599,0.0261011,0.0085129,0.0021689,rsid,0.9993693837699953,1.0573496046178673e-05,0.0006135512585227177,0.0,6.491475435884451e-06
rs3042435,6573075,-0.0013,0.0169,0.939,0.0244065,0.0092685,0.00845668,rsid,0.9997915784739115,1.1227370896751367e-05,0.00019500431303262947,0.0,2.189842159128236e-06
rs368065,6573206,-0.0005,0.0144,0.972,0.0243809,0.00927212,0.00855145,rsid,0.9997954412575083,9.560776421858452e-06,0.00019315091552055602,0.0,1.84705054930699e-06
rs685587,6573299,-0.0029,0.0145,0.841,-0.0243724,0.00927478,0.0085937,rsid,0.9997959371610357,9.813350714462018e-06,0.00019236139314504776,0.0,1.8880951049022049e-06
rs526768,6573317,-0.002,0.0145,0.89,-0.0247427,0.00927673,0.00764927,rsid,0.999774769854417,9.71170813991277e-06,0.00021344505438269235,0.0,2.07338306044107e-06
rs75350813,6573387,0.021,0.1099,0.848,-0.0426879,0.0618231,0.48989,rsid,0.999890680696903,5.980711032876376e-05,4.671782894060635e-05,0.0,2.7943638276773986e-06
rs72993079,6573511,0.0366,0.0295,0.215,-0.0091286,0.0205045,0.656175,rsid,0.999943980590368,4.0486810927626026e-05,1.4928170815267936e-05,0.0,6.04427888986564e-07
rs11490542,6573967,-0.0142,0.014,0.31,0.0207699,0.00863226,0.016125,rsid,0.9998800683045338,1.5474308863959197e-05,0.00010286542432794278,0.0,1.591962274207473e-06
rs1115478,6574310,-0.052,0.0323,0.107,-0.00952986,0.0269928,0.724049,rsid,0.9999071873700117,7.263310994952281e-05,1.881295012866804e-05,0.0,1.3665699101178562e-06
rs8101594,6574316,0.0075,0.041,0.855,0.00548341,0.0216129,0.79972,rsid,0.9999581054028738,2.6781387004838484e-05,1.4718998413190704e-05,0.0,3.942117081679599e-07
rs1115479,6574327,-0.0105,0.0151,0.487,-0.00651118,0.00995618,0.513122,rsid,0.9999789752617851,1.27254957293928e-05,8.194955422615133e-06,0.0,1.0428706284124868e-07
rs2562020,6574490,-0.013,0.0152,0.392,-0.00639244,0.0101104,0.527213,rsid,0.9999771942642094,1.4480741996685458e-05,8.206159801074975e-06,0.0,1.1883399295958481e-07
rs2642214,6574495,0.0098,0.0153,0.522,0.00639049,0.0101104,0.527339,rsid,0.9999792603014316,1.2432504713718431e-05,8.205180790231461e-06,0.0,1.0201306457167382e-07
rs11878821,6574669,0.0016,0.0142,0.91,0.0180696,0.00858112,0.0352265,rsid,0.9999379648248137,9.484372631398187e-06,5.205704352572484e-05,0.0,4.937590293147722e-07
rs6510910,6574802,-0.079,0.0213,0.000208,-0.0100402,0.0140201,0.473913,rsid,0.9880750896343399,0.011771781248743934,1.1857740550534617e-05,0.0,0.0001412713763656478
rs2642215,6574867,-0.01,0.0144,0.487,0.016661,0.00861066,0.0529993,rsid,0.9999503835426271,1.2135696140289473e-05,3.70313378698515e-05,0.0,4.494233628520377e-07
rs2547430,6574907,-0.0072,0.0155,0.642,0.0169761,0.00860974,0.0486396,rsid,0.9999483299875819,1.1437077052831622e-05,3.9777968170050934e-05,0.0,4.549671951265782e-07
rs111269102,6575028,-0.018,0.0221,0.415,0.0278864,0.0107738,0.00964317,rsid,0.9997751421937787,2.016385610588501e-05,0.00020064721853381028,0.0,4.046731581747652e-06
rs62123177,6575284,0.0456,0.0141,0.00122,-0.0165513,0.00857289,0.0535254,rsid,0.9982362598074748,0.0016662954319258798,3.650656273306309e-05,0.0,6.093819786625537e-05
rs138085782,6575430,-0.0426,0.1235,0.73,-0.130845,0.0752795,0.0821902,rsid,0.999774386596746,6.584753257607269e-05,0.00014989352460015117,0.0,9.872346077647488e-06
rs2547432,6575461,0.0615,0.0222,0.0056,-0.0148035,0.0138134,0.283866,rsid,0.9993483938823498,0.0006252751826668073,1.6196845820028937e-05,0.0,1.013408916324029e-05
rs68037426,6575726,-0.0623,0.0263,0.0178,-0.0046884,0.0181407,0.796062,rsid,0.9997217001035699,0.000262634894550463,1.2405878321231286e-05,0.0,3.2591235584512237e-06
rs140023009,6575854,0.0426,0.0336,0.205,0.0169982,0.0269502,0.52822,rsid,0.9999305598516176,4.699035283376502e-05,2.144215132148766e-05,0.0,1.0076442270763311e-06
rs143950738,6575960,-0.076,0.0899,0.398,0.0113579,0.0319086,0.721877,rsid,0.9999095481537932,6.686638135570234e-05,2.2107108765741385e-05,0.0,1.4783560854393324e-06
rs3097293,6576798,0.0241,0.0138,0.0807,-0.0167829,0.00857969,0.050451,rsid,0.9999183955580259,4.155945750549262e-05,3.8447016902075645e-05,0.0,1.5979675664063186e-06
rs35773426,6577193,0.0736,0.025,0.00324,-0.00433672,0.0130998,0.740604,rsid,0.9988672517166499,0.0011133428942097041,9.176836763461133e-06,0.0,1.0228552377068113e-05
rs140292878,6577260,0.0264,0.0891,0.767,0.0554311,0.121794,0.649023,rsid,0.9998766152388164,5.2752780378312046e-05,6.709224176072216e-05,0.0,3.5397390445486558e-06
rs369958676,6577285,-0.0354,0.1022,0.729,-0.014281,0.0837984,0.864679,rsid,0.9998891332263583,5.8660488975260257e-05,4.931322597376259e-05,0.0,2.8930586926516288e-06
rs113152142,6578121,-0.0348,0.0447,0.436,0.00650392,0.0250728,0.795325,rsid,0.9999445956655238,3.7725846866266575e-05,1.703576339894983e-05,0.0,6.427242109458897e-07
rs2547437,6578286,-0.0534,0.0203,0.00852,0.00552202,0.0130209,0.6715,rsid,0.9995859770687229,0.0004007805246218803,9.452471177490593e-06,0.0,3.7899354776837036e-06
rs186446554,6578367,0.0671,0.166,0.686,0.109532,0.353108,0.756413,rsid,0.9998231858415253,7.69652660070793e-05,9.271202490920198e-05,0.0,7.136867558423181e-06
rs148926687,6578507,-0.0834,0.059,0.157,-0.0693701,0.054915,0.206508,rsid,0.9998375380152238,8.694721052187805e-05,6.947328445302063e-05,0.0,6.041489801407246e-06
rs143926150,6578689,-0.1259,0.1472,0.392,-0.0624799,0.130574,0.632292,rsid,0.9998396320092446,8.43821314016685e-05,7.007207954858417e-05,0.0,5.913779805041901e-06
rs431896,6578806,-0.0608,0.0206,0.00316,0.00541513,0.0130144,0.677345,rsid,0.9990043648061264,0.0009770205897468825,9.410848141752286e-06,0.0,9.203755984847512e-06
rs115010748,6578925,-0.0474,0.0325,0.145,-0.0138653,0.0266701,0.603145,rsid,0.9999203945047866,5.8482245841944356e-05,1.9956080077133492e-05,0.0,1.1671692942021116e-06
rs425787,6578951,0.0625,0.0211,0.00306,-0.00414561,0.0132636,0.754619,rsid,0.9989537277608708,0.001027534586025308,9.236692010646016e-06,0.0,9.500961093239328e-06
rs182078917,6579496,-0.0486,0.1138,0.669,0.0272498,0.0469976,0.562041,rsid,0.999898882173744,6.404236621108765e-05,3.48437576899574e-05,0.0,2.2317023550416464e-06
rs552352222,6579607,0.006,0.0956,0.95,0.0197045,0.0589417,0.738149,rsid,0.9999057260507314,5.38213768406419e-05,3.8386370335579065e-05,0.0,2.0662020924068767e-06
rs192883733,6579752,0.0815,0.0756,0.281,0.0490432,0.0306385,0.109441,rsid,0.9998551184663096,7.153251061025015e-05,6.845178548912874e-05,0.0,4.897237591084713e-06
rs12977027,6579789,-0.0682,0.0268,0.0109,0.00576829,0.0210442,0.784005,rsid,0.9995744258543441,0.00040532083664694137,1.4410106051837987e-05,0.0,5.843202957208535e-06
rs191461188,6580345,-0.0538,0.0887,0.544,-0.0654629,0.121126,0.588883,rsid,0.9998690365761699,5.8330202098970485e-05,6.862952342185226e-05,0.0,4.003698309191225e-06
rs12985242,6580512,-0.0495,0.0233,0.0336,0.00372752,0.0172658,0.829073,rsid,0.9998476663865257,0.00013900645892666084,1.170046635281129e-05,0.0,1.6266881947855476e-06
rs2029743,6580856,-0.0264,0.0134,0.0488,0.0118296,0.00852573,0.165284,rsid,0.999923261586132,6.102094350941027e-05,1.4813469124444852e-05,0.0,9.040012342419933e-07
rs427105,6580869,0.0267,0.0134,0.0463,-0.0120507,0.00852321,0.157399,rsid,0.9999198900885491,6.376605555276012e-05,1.5364071190732858e-05,0.0,9.797847075309942e-07
rs2029745,6580892,0.0535,0.0137,9.42e-05,-0.0149907,0.00858312,0.0807198,rsid,0.982338102591875,0.017187164089155202,2.5666560529420163e-05,0.0,0.00044906675844035135
rs142363206,6581190,0.104,0.1379,0.451,-0.012884,0.0480993,0.788806,rsid,0.9998870093646516,7.895579733643926e-05,3.154397673370095e-05,0.0,2.4908612781698327e-06
rs72994964,6581241,0.0533,0.0138,0.000112,-0.0149076,0.00857842,0.0822451,rsid,0.9848903263378477,0.01470608584331534,2.5332377941464133e-05,0.0,0.0003782554408953417
rs2910434,6581596,-0.0598,0.0208,0.00404,0.0061676,0.0129875,0.634869,rsid,0.9991910865897516,0.0007916345355194809,9.640747486712098e-06,0.0,7.638127242259381e-06
rs7259857,6581715,-0.0299,0.0134,0.0257,0.011858,0.00851335,0.163658,rsid,0.9998783660551784,0.0001051649852430163,1.4901638360816392e-05,0.0,1.567321217774542e-06
rs441751,6581784,0.0217,0.0135,0.108,-0.0134521,0.0085687,0.116435,rsid,0.9999476019365884,3.2289356021828286e-05,1.9479687853971587e-05,0.0,6.290195357164926e-07
rs117350104,6581912,-0.0216,0.0864,0.803,-0.129459,0.110161,0.239922,rsid,0.9998514719059071,5.1094775214164396e-05,9.269631778081704e-05,0.0,4.7370010979363905e-06
rs34886406,6581988,0.0186,0.0159,0.242,-0.0132962,0.00856476,0.12056,rsid,0.9999599207447846,2.0737713258602783e-05,1.8948576069847615e-05,0.0,3.9296588697539746e-07
rs12610000,6582133,-0.0454,0.0146,0.00187,0.0156582,0.00886309,0.0772823,rsid,0.9987761804996995,0.0011634157533150348,2.7902159266413038e-05,0.0,3.250158771889112e-05
rs11085182,6582171,-0.0462,0.0135,0.000621,0.0159852,0.00851578,0.0605006,rsid,0.9968917766230285,0.0029777683234251204,3.271967082105545e-05,0.0,9.773538272517978e-05
rs71225428,6582267,0.0193,0.0135,0.153,-0.013145,0.00857202,0.125159,rsid,0.99995642158265,2.4703790917681026e-05,1.8419573313984104e-05,0.0,4.55053118436272e-07
rs411204,6582275,0.0658,0.021,0.00173,-0.00610508,0.012994,0.638471,rsid,0.9982673785461706,0.0017065724588786896,9.613826868203882e-06,0.0,1.6435168082521786e-05
rs408167,6582292,0.067,0.021,0.00142,-0.00609531,0.012994,0.639009,rsid,0.9979340252643655,0.0020367593197221684,9.607249987653987e-06,0.0,1.9608165924667438e-05
rs408372,6582322,0.0683,0.021,0.00114,-0.0060873,0.0129941,0.639451,rsid,0.997490920212736,0.0024756527390537514,9.600287333448978e-06,0.0,2.382676087686813e-05
rs60362047,6582329,0.0515,0.0322,0.11,0.012916,0.0265733,0.626928,rsid,0.9999077624924089,7.128224046668835e-05,1.9560800796122473e-05,0.0,1.3944663281687211e-06
rs11666089,6582438,0.0119,0.0192,0.535,-0.00405416,0.0144152,0.778524,rsid,0.9999745597417337,1.5338543042334497e-05,9.949106542652998e-06,0.0,1.526086813415218e-07
rs11669728,6582447,-0.0098,0.0195,0.615,0.00404874,0.0144152,0.778814,rsid,0.9999753094786162,1.4597231172785237e-05,9.948072314220508e-06,0.0,1.4521789679984764e-07
rs11670049,6582643,0.0139,0.0147,0.344,-0.0126861,0.00850364,0.135742,rsid,0.9999673892853617,1.5187566129421996e-05,1.716248365301232e-05,0.0,2.6066485589248044e-07
rs445764,6582644,0.0578,0.0232,0.0127,-0.0154556,0.0135276,0.253237,rsid,0.9996608199591828,0.00031658978994271713,1.715675460451884e-05,0.0,5.433496269829947e-06
rs531133805,6582961,-0.3583,0.1611,0.0261,-0.0264413,0.168658,0.875423,rsid,0.9996768081130565,0.00023074178712770104,7.511282830993111e-05,0.0,1.7337271505942142e-05
rs145287959,6582962,0.1541,0.0707,0.0293,0.0227524,0.0850775,0.789136,rsid,0.9996365532499425,0.0002976813276975541,5.067495106352385e-05,0.0,1.5090471296347858e-05
rs62123186,6583122,0.0466,0.0228,0.041,-0.00930105,0.0154586,0.54739,rsid,0.9998705772448588,0.00011574151934503535,1.2261847262815601e-05,0.0,1.4193885333496426e-06
rs16989918,6583279,0.0497,0.0231,0.0314,-0.00925406,0.0154584,0.549411,rsid,0.9998399926211358,0.000145981133534536,1.2239258560377943e-05,0.0,1.7869867693352721e-06
rs7248446,6583675,-0.0081,0.0181,0.655,-0.00300824,0.0124288,0.808751,rsid,0.9999781620994072,1.3223486092041774e-05,8.501986149831925e-06,0.0,1.1242835080618299e-07
rs182883871,6583689,-0.0913,0.1569,0.561,-0.109636,0.200563,0.584624,rsid,0.9998305312627589,7.83632847791063e-05,8.448389480704767e-05,0.0,6.621557655027103e-06
rs2354573,6583690,-0.0105,0.0185,0.57,-0.00304993,0.0124291,0.806158,rsid,0.9999770226151767,1.434623503654825e-05,8.509073808873312e-06,0.0,1.220759777921528e-07
rs2354574,6583710,-0.0103,0.0185,0.578,-0.00259537,0.0124413,0.834753,rsid,0.9999771718863161,1.4260611850254573e-05,8.447039137255767e-06,0.0,1.2046269635644085e-07
rs2883472,6583781,0.01,0.0184,0.587,0.00281397,0.012437,0.821001,rsid,0.9999773209262517,1.4083309870847222e-05,8.476385605164964e-06,0.0,1.1937827245097194e-07
rs2883473,6584085,0.0069,0.0183,0.706,0.00290541,0.0124507,0.815488,rsid,0.999978400331055,1.298984314085918e-05,8.499417321628087e-06,0.0,1.1040848258332285e-07
rs62123187,6584230,-0.0502,0.0227,0.027,0.00965609,0.0154418,0.53176,rsid,0.999822174617876,0.000163369906484167,1.2425209322036821e-05,0.0,2.030266317871145e-06
rs543945514,6584248,0.1475,0.2243,0.511,-0.0437789,0.101284,0.665567,rsid,0.9998461676753077,8.886422845801891e-05,5.966518026432044e-05,0.0,5.30291596988875e-06
rs7252187,6584290,-0.0192,0.0137,0.161,0.0120642,0.00855945,0.158699,rsid,0.9999602075780494,2.4089064432245732e-05,1.533396202020551e-05,0.0,3.6939549824787237e-07
rs112136162,6584375,0.0273,0.0146,0.0615,-0.0133953,0.0085771,0.118346,rsid,0.9999249513988455,5.4743249258333064e-05,1.9251389200173133e-05,0.0,1.0539626959802618e-06
rs7253697,6584377,-0.0128,0.0218,0.557,0.0020167,0.0139341,0.884923,rsid,0.9999734657025743,1.7028321263217608e-05,9.34681143131657e-06,0.0,1.5916473116348973e-07
rs142309647,6584385,-0.0746,0.1192,0.531,-0.0637038,0.0687771,0.354323,rsid,0.9998662788211744,7.01468504950646e-05,5.9406586101523624e-05,0.0,4.167742229089676e-06
rs10419121,6584634,0.0231,0.0138,0.0941,-0.0119759,0.00856232,0.161911,rsid,0.9999475806873951,3.6754873903041993e-05,1.510907735712276e-05,0.0,5.553613447122913e-07
rs62123188,6584651,0.0486,0.023,0.0346,-0.00898894,0.0154537,0.56079,rsid,0.9998520283668992,0.00013423012979876185,1.211505696515017e-05,0.0,1.626446336872119e-06
rs111956974,6584792,-0.0453,0.0781,0.562,-0.0203774,0.0582234,0.726348,rsid,0.9999071075562039,5.271667585916803e-05,3.816371674715617e-05,0.0,2.012051189692988e-06
rs10418808,6584855,0.0187,0.0219,0.393,-0.000967768,0.0139844,0.944828,rsid,0.9999698570724331,2.064541604676409e-05,9.305392038887303e-06,0.0,1.9211948116467972e-07
rs56379641,6584999,-0.0474,0.0229,0.0385,0.00907924,0.015672,0.562366,rsid,0.9998638049245868,0.00012242563466940197,1.226739282062812e-05,0.0,1.502047923334456e-06
rs2059154,6585035,-0.0206,0.0137,0.133,0.0123206,0.00855659,0.149897,rsid,0.9999556380431399,2.790934788523081e-05,1.600587560630497e-05,0.0,4.4673336847051523e-07
rs10424393,6585047,0.0235,0.0138,0.0886,-0.0123197,0.0085566,0.149927,rsid,0.9999447968400254,3.858241523754324e-05,1.6003265996421984e-05,0.0,6.174787406085078e-07
rs10425142,6585091,0.0041,0.0184,0.824,0.00237073,0.0124598,0.849097,rsid,0.9999789881255347,1.2477845986701956e-05,8.428852347335333e-06,0.0,1.0517613138237092e-07
rs10424586,6585142,-0.021,0.0154,0.173,0.00190632,0.0103018,0.853192,rsid,0.9999672209414442,2.563045444322398e-05,6.969955138935387e-06,0.0,1.7864897360496505e-07
rs1808398,6585298,-0.0266,0.0153,0.0821,0.00162584,0.0102819,0.874358,rsid,0.9999474759109839,4.528598013366147e-05,6.924509223663694e-06,0.0,3.1359965867457734e-07
rs432560,6585378,-0.0178,0.0164,0.278,0.00121082,0.0102817,0.906254,rsid,0.9999735267728784,1.9452976865586458e-05,6.886287910258442e-06,0.0,1.3396234582363194e-07
rs427003,6585842,0.0353,0.0136,0.00944,-0.0102159,0.00850316,0.229586,rsid,0.9997303787709184,0.00025503878761560107,1.161847941492224e-05,0.0,2.9639620510097307e-06
rs1862511,6586268,-0.045,0.0146,0.00205,0.00818352,0.00879677,0.352222,rsid,0.9989115558475513,0.0010698012933982601,9.002006898295635e-06,0.0,9.640852152126336e-06
rs3837945,6586473,0.0193,0.0233,0.407,0.00648264,0.0132998,0.625959,rsid,0.9999683910140634,2.145838043873893e-05,9.937359124598811e-06,0.0,2.1324637315362497e-07
rs16994592,6586498,-0.0549,0.0221,0.013,0.0087286,0.0142727,0.540829,rsid,0.9996865863662802,0.00029861026617397684,1.1398570318993397e-05,0.0,3.4047972268283503e-06
rs34786523,6587404,-0.0301,0.0139,0.0304,0.00788568,0.00910947,0.386678,rsid,0.9998960336626439,9.433076858364268e-05,8.804908614799898e-06,0.0,8.306601576369882e-07
rs35792677,6587637,-0.0108,0.0188,0.566,0.00869259,0.00878787,0.322586,rsid,0.9999757058681146,1.4630804121126499e-05,9.523980880372758e-06,0.0,1.3934688402566606e-07
rs72982521,6588070,-0.0032,0.0191,0.867,-0.00646277,0.013183,0.623966,rsid,0.9999772012130311,1.2807991882312398e-05,9.864448430618246e-06,0.0,1.263466559733416e-07
rs344586,6588231,0.013,0.0167,0.436,-0.010025,0.0109454,0.359716,rsid,0.9999738623425327,1.4926457115761046e-05,1.1046313713792945e-05,0.0,1.648866376866303e-07
rs344587,6588267,-0.0139,0.0167,0.405,0.0101269,0.0109437,0.354777,rsid,0.999973105483384,1.5580300429812497e-05,1.1140637045687718e-05,0.0,1.7357914047839119e-07
rs344588,6588404,0.0032,0.0191,0.867,0.00646285,0.0131811,0.623913,rsid,0.9999772022663278,1.2807991895803323e-05,9.863408441080677e-06,0.0,1.2633333549209588e-07
rs190563913,6588661,0.0199,0.2046,0.923,0.0326208,0.0440221,0.458688,rsid,0.9998800324046849,8.077987244751878e-05,3.625842083588348e-05,0.0,2.929302031591806e-06
rs117473400,6588697,-0.0786,0.0541,0.146,0.0358959,0.0645175,0.577955,rsid,0.9998647652527576,8.632443689444125e-05,4.502318369383715e-05,0.0,3.887126654156056e-06
rs75041397,6588903,-0.1429,0.0867,0.0993,0.172034,0.163376,0.292345,rsid,0.9997534427300533,0.00013850034880943422,9.490878020421854e-05,0.0,1.3148140933095535e-05
rs7247830,6589108,-0.0312,0.0139,0.0248,0.00547183,0.00906943,0.546292,rsid,0.9998798071056831,0.00011214635450436101,7.235057009845701e-06,0.0,8.114828027521695e-07
rs117703305,6589986,0.1014,0.0471,0.0313,0.00870086,0.0253154,0.731073,rsid,0.9997311070522026,0.0002469182159605641,1.7622295685514073e-05,0.0,4.352436151183473e-06
rs138374082,6590606,0.0919,0.1201,0.444,-0.0191501,0.0585938,0.743798,rsid,0.9998843358625353,7.470657170180926e-05,3.811015722626172e-05,0.0,2.847408536443323e-06
rs344589,6590789,-0.0056,0.0188,0.766,-0.00308711,0.0130221,0.812605,rsid,0.9999779979965592,1.2992268464085442e-05,8.894176900075842e-06,0.0,1.1555807656205073e-07
rs17703895,6591146,0.0236,0.0148,0.111,-0.0142926,0.00945806,0.130748,rsid,0.99994511077367,3.458678152404262e-05,1.962368736217283e-05,0.0,6.787574439625528e-07
rs344590,6591278,0.0064,0.0188,0.734,0.00284574,0.0130187,0.82697,rsid,0.9999778614596526,1.3167149878975212e-05,8.854795468145633e-06,0.0,1.1659500031986294e-07
rs344591,6591489,-0.0375,0.0136,0.00583,0.0130326,0.00850964,0.125642,rsid,0.9995828530282618,0.0003917784301556734,1.8225287334582864e-05,0.0,7.143254247956842e-06
rs344592,6591680,0.0357,0.0137,0.00916,-0.0118958,0.0085148,0.162393,rsid,0.9997173854925633,0.00026367210878724853,1.498907924935012e-05,0.0,3.9533193998702676e-06
rs201532930,6592114,-0.1604,0.0626,0.0104,0.0138781,0.0368785,0.706679,rsid,0.999328093108251,0.0006303090383856064,2.5508686980550114e-05,0.0,1.6089166382965193e-05
rs554281802,6592122,-0.0297,0.1275,0.816,-0.118923,0.130055,0.360506,rsid,0.9998455766426426,6.578943671062622e-05,8.316190101557197e-05,0.0,5.472019631242317e-06
rs576062357,6592130,0.1496,0.0935,0.11,0.034479,0.0645948,0.593498,rsid,0.9998165016372303,0.00013296865361990762,4.4598427862757074e-05,0.0,5.931281286880652e-06
rs344593,6592171,0.0157,0.0176,0.372,-0.00526571,0.0114634,0.645983,rsid,0.9999741349359725,1.7255668666467848e-05,8.463350806268998e-06,0.0,1.4604455477282143e-07
rs344594,6592207,-0.0145,0.0176,0.41,0.00532745,0.0114518,0.641784,rsid,0.9999750960965867,1.6288171425833456e-05,8.4776432421157e-06,0.0,1.3808874536341603e-07
rs113423173,6592273,-0.0076,0.0778,0.922,0.0346623,0.0182946,0.0581353,rsid,0.9998795302366111,4.621457195732388e-05,7.097472949184761e-05,0.0,3.280461939726274e-06
rs58801959,6592392,-0.0317,0.0149,0.0334,0.00905122,0.00920908,0.325677,rsid,0.9998962160881183,9.294743023676297e-05,9.914828190691076e-06,0.0,9.216534543646431e-07
rs76720433,6592620,-0.1757,0.0776,0.0236,-0.0550882,0.0322019,0.0871345,rsid,0.9995385455676881,0.0003469689212305903,8.49848100040567e-05,0.0,2.95007010773627e-05
rs7250400,6592914,0.0278,0.0143,0.0519,-0.0106532,0.00921087,0.247439,rsid,0.9999255876791358,6.17413286095827e-05,1.193410963673894e-05,0.0,7.368826178904884e-07
rs35388517,6593314,-0.0364,0.0144,0.0115,0.00606734,0.00879024,0.490046,rsid,0.9997644142391799,0.00022648895032196414,7.416629941149897e-06,0.0,1.6801805569123064e-06
rs344595,6593602,-0.0545,0.0217,0.012,0.0120228,0.0131127,0.359205,rsid,0.9996682919054751,0.0003143399033373378,1.3213334651057629e-05,0.0,4.1548565365221066e-06
rs344596,6594274,0.01,0.024,0.677,0.0164476,0.0248794,0.508552,rsid,0.9999622147813748,1.7195553619991925e-05,2.024158656590138e-05,0.0,3.480784393675956e-07
rs11666589,6594602,-0.0055,0.0201,0.784,-0.000606246,0.0190387,0.974598,rsid,0.9999734478901536,1.3779839791198819e-05,1.259865795713474e-05,0.0,1.736120980009257e-07
rs35333884,6594770,0.0251,0.0148,0.0899,-0.0136941,0.00941188,0.145675,rsid,0.9999404958115587,4.079704449053308e-05,1.7973821518736426e-05,0.0,7.33322431920968e-07
rs74796085,6594844,0.0067,0.0201,0.739,0.000331051,0.0190474,0.986133,rsid,0.9999731960504801,1.4027296147698388e-05,1.2599906021481442e-05,0.0,1.7674735072355499e-07
rs191250148,6594882,0.4278,0.2687,0.111,0.0785759,0.0937455,0.401928,coord,0.999805740957391,0.00011798597591699822,6.822223568822587e-05,0.0,8.050831003637767e-06
rs34818197,6594893,0.1701,0.0719,0.018,0.0785759,0.0937455,0.401928,rsid,0.9994825338066449,0.000420568325645453,6.820018148958403e-05,0.0,2.8697686220236857e-05
rs117584240,6595269,-0.0249,0.0379,0.511,-0.0652198,0.0355928,0.0668929,rsid,0.9998534651883311,3.0005024829539515e-05,0.00011313468044240109,0.0,3.3951063970327494e-06
rs12971302,6595460,0.0356,0.0144,0.0134,-0.011537,0.00859502,0.179502,rsid,0.9997858153647828,0.00019737332528042053,1.4039661597152331e-05,0.0,2.771648339730371e-06
rs344597,6595602,-0.0111,0.0241,0.645,-0.015828,0.0248893,0.524817,rsid,0.9999621266580057,1.759234805627819e-05,1.9930358848571295e-05,0.0,3.506350894732489e-07
rs168259,6595779,0.0071,0.0202,0.725,-0.00029777,0.0190607,0.987536,rsid,0.9999730309648807,1.4182018399569546e-05,1.2608202142439081e-05,0.0,1.7881457722617628e-07
rs344598,6596283,-0.0052,0.0202,0.797,-0.000364457,0.0189836,0.984683,rsid,0.9999734793557635,1.378868716413168e-05,1.2558783344968761e-05,0.0,1.7317372738469658e-07
rs143013754,6596453,0.0761,0.068,0.263,-0.0198073,0.0264249,0.453514,rsid,0.9999062232258951,6.941165595690311e-05,2.2783527461956787e-05,0.0,1.5815906861464996e-06
rs75565509,6596601,-0.0387,0.049,0.43,-0.0499097,0.0322051,0.121203,rsid,0.9998899580167505,4.115991013325832e-05,6.615868778579125e-05,0.0,2.723385330520386e-06
rs344599,6596682,-0.0063,0.0202,0.755,-0.000414751,0.0189863,0.982572,rsid,0.9999732627048321,1.4000220730304448e-05,1.2561210022591956e-05,0.0,1.758644150947758e-07
rs344600,6596978,0.0056,0.0202,0.782,-0.000139614,0.0190687,0.994158,rsid,0.9999733523870451,1.3860563741262428e-05,1.2612231910927239e-05,0.0,1.7481730278481346e-07
rs344601,6596993,-0.0125,0.0243,0.607,-0.0162008,0.0249088,0.515432,rsid,0.9999613139065561,1.819308794547645e-05,2.012682228443504e-05,0.0,3.661832140817396e-07
rs344602,6597166,-0.0051,0.0202,0.801,-0.000464073,0.0189887,0.980502,rsid,0.9999734918526829,1.3771604780942083e-05,1.2563518143068349e-05,0.0,1.7302439308063396e-07
rs447196,6597557,-0.0087,0.0204,0.67,-0.000510704,0.0189906,0.978545,rsid,0.9999725137188282,1.473559393337816e-05,1.2565521723112314e-05,0.0,1.8516551518423898e-07
rs398089,6597560,0.0078,0.0204,0.702,0.000515003,0.0189906,0.978365,rsid,0.9999727727362357,1.4479711948845079e-05,1.2565600584440291e-05,0.0,1.8195123096109242e-07
rs191776679,6597715,0.1195,0.0559,0.0325,0.0315555,0.0233971,0.177435,rsid,0.9996932168987787,0.00025961698918694097,3.744243637540792e-05,0.0,9.723675658980936e-06
rs12982243,6597962,-0.034,0.0145,0.019,0.0039329,0.00880459,0.655101,rsid,0.9998459898421972,0.00014658949632702215,6.471815211664338e-06,0.0,9.4884626416231e-07
rs77737996,6598130,0.0624,0.1752,0.722,0.333739,0.493209,0.498616,rsid,0.9998168296452241,7.802135696982671e-05,9.753758860302747e-05,0.0,7.611409202896947e-06
rs344603,6598536,-0.0071,0.0245,0.772,-0.0160427,0.0249792,0.520715,rsid,0.9999627908108838,1.679374444485725e-05,2.0078243238402686e-05,0.0,3.372014328393026e-07
rs4807880,6598674,-0.0101,0.0203,0.619,-0.00202095,0.0189442,0.915044,rsid,0.9999720625012699,1.5145425348399475e-05,1.26012172544373e-05,0.0,1.9085612726885674e-07
rs344604,6599125,-0.012,0.0203,0.554,-0.00207914,0.0189446,0.912609,rsid,0.9999712712596194,1.592243335980791e-05,1.2605589594087376e-05,0.0,2.0071742663178384e-07
rs139948792,6599128,0.0164,0.0783,0.834,-0.0353546,0.0182906,0.0532439,rsid,0.9998730614893101,4.7078099109007465e-05,7.626934017972022e-05,0.0,3.5910714012149254e-06
rs344605,6599487,-0.0124,0.0204,0.543,-0.00213641,0.0189446,0.910211,rsid,0.9999710294041342,1.6157092445946658e-05,1.2609760451926594e-05,0.0,2.0374296789820354e-07
rs147963927,6599506,0.0501,0.0237,0.0345,0.0026972,0.0125017,0.829185,rsid,0.9998522859868727,0.00013804109749094404,8.499466603370168e-06,0.0,1.1734490328826918e-06
rs344606,6599700,-0.0124,0.0203,0.541,-0.00250331,0.0189431,0.894867,rsid,0.9999710494713944,1.6108673949133706e-05,1.2638263102765782e-05,0.0,2.0359155368891986e-07
rs77971773,6600287,0.0608,0.0312,0.0513,0.0194535,0.0151886,0.200266,rsid,0.999848781039761,0.0001256794407652272,2.268770957435533e-05,0.0,2.851809899276637e-06
rs7246454,6600506,-0.0326,0.0152,0.032,0.00177915,0.009954,0.858144,rsid,0.9998943838915311,9.822766315580424e-05,6.727544533161919e-06,0.0,6.60900780037573e-07
rs182255153,6600717,0.0765,0.1331,0.565,0.0278027,0.0469906,0.554076,rsid,0.9998895912936973,7.279639612337629e-05,3.5059801184917974e-05,0.0,2.5525089942799913e-06
rs34799738,6600859,0.0228,0.0148,0.123,-0.013817,0.0094272,0.142742,rsid,0.9999493309797414,3.18029593417211e-05,1.828452930902183e-05,0.0,5.815316078341476e-07
rs148856925,6600875,0.054,0.0994,0.587,-0.0365797,0.0271895,0.178509,rsid,0.9998933376171713,6.12032408393358e-05,4.283709337288236e-05,0.0,2.622048616510965e-06
rs344607,6600954,0.0453,0.0193,0.0189,-0.000582531,0.0110783,0.958064,rsid,0.9997994925777528,0.00019171837560672802,7.374865796034739e-06,0.0,1.4141808444891193e-06
rs141914880,6601788,-0.0982,0.2704,0.716,-0.0998608,0.129331,0.440036,rsid,0.9998268406058601,8.880727956179885e-05,7.747093964316021e-05,0.0,6.88117493488807e-06
rs118089856,6601835,-0.052,0.0819,0.525,-0.0389344,0.0364085,0.2849,rsid,0.9999012872260323,5.5971967164181055e-05,4.047511153650239e-05,0.0,2.2656952669524447e-06
rs2112856,6601994,-0.0317,0.0153,0.0383,0.0011749,0.00996621,0.906156,rsid,0.9999078558176716,8.490176027021426e-05,6.675599666289156e-06,0.0,5.668223919130326e-07
rs72982600,6602338,-0.0048,0.0244,0.844,-0.0165809,0.0249895,0.507,rsid,0.9999629451816565,1.636219675633117e-05,2.035948337005975e-05,0.0,3.331382171342893e-07
rs2547444,6602794,-0.0104,0.0265,0.695,-0.0175409,0.0281861,0.533728,rsid,0.9999585680889189,1.8747305339898204e-05,2.2267139580081463e-05,0.0,4.174661611747891e-07
rs8109079,6602811,-0.0111,0.0142,0.434,-0.00935622,0.00897,0.296922,rsid,0.9999768453298017,1.275851426760261e-05,1.0265184396578653e-05,0.0,1.309715341859999e-07
rs344583,6602948,0.044,0.0188,0.0193,-0.0022874,0.0109082,0.833905,rsid,0.9998068504391331,0.00018436996163531886,7.4126628441267226e-06,0.0,1.366936387350147e-06
rs112114735,6603109,-0.0522,0.0236,0.027,0.00806247,0.0191278,0.673387,rsid,0.9998147508768027,0.00016911059682474402,1.3803735847128766e-05,0.0,2.3347905254167422e-06
rs8111461,6603203,-0.0313,0.0154,0.0421,-0.00827958,0.00937294,0.377047,rsid,0.999911222597334,7.885331166064663e-05,9.19868020802214e-06,0.0,7.254107973962502e-07
rs149899344,6603221,0.027,0.0783,0.73,-0.0353385,0.0182883,0.0533224,rsid,0.9998716518260291,4.848675766701046e-05,7.616781199435219e-05,0.0,3.6936043095650713e-06
rs528817494,6603262,0.0251,0.1697,0.882,0.170128,0.134212,0.20494,rsid,0.9998127081443061,7.52795393911762e-05,0.00010416904927438134,0.0,7.843267028228586e-06
rs344584,6604018,-0.0421,0.0189,0.0259,0.00237129,0.0109098,0.827933,rsid,0.9998477809049516,0.00014372549212228515,7.426117974107019e-06,0.0,1.0674849519800469e-06
rs17516272,6604087,-0.05,0.0241,0.038,0.00808655,0.0191342,0.672571,rsid,0.9998551201242692,0.00012927837049816988,1.3815235326940276e-05,0.0,1.7862699056775465e-06
rs143636027,6605210,-0.0776,0.0674,0.25,0.0199545,0.0264281,0.450219,rsid,0.9999043526795468,7.1142222752908e-05,2.2877393397834113e-05,0.0,1.6277043026696622e-06
rs150639775,6605442,-0.0013,0.0375,0.972,0.0203628,0.0300629,0.49819,rsid,0.9999506356420094,2.4268511715285375e-05,2.4501209042854114e-05,0.0,5.946372325803847e-07
rs143165165,6605653,0.0013,0.0379,0.973,0.020346,0.0300645,0.498568,rsid,0.9999503950546201,2.4511604595359708e-05,2.4492949508417406e-05,0.0,6.00391276100895e-07
rs113782134,6605774,0.0075,0.0793,0.925,0.0359848,0.0182862,0.0490829,rsid,0.9998677295020307,4.689945606063872e-05,8.154606966647475e-05,0.0,3.824972242223815e-06
rs344585,6605821,-0.0352,0.0139,0.0113,0.00960585,0.00849254,0.258016,rsid,0.9997652693067652,0.00022166633375791668,1.0693429609908927e-05,0.0,2.3709298669381387e-06
rs144406459,6606032,0.0001,0.0376,0.998,0.0203599,0.0300643,0.498271,rsid,0.9999505882549803,2.4315730917764176e-05,2.450024333938623e-05,0.0,5.957707625332681e-07
rs148402278,6606119,-0.0012,0.0381,0.975,0.0203963,0.0300646,0.497509,rsid,0.9999502453444576,2.4630986044761656e-05,2.451969517749669e-05,0.0,6.039743202729922e-07
rs66613670,6606136,-0.062,0.0254,0.0146,-0.00670374,0.019959,0.736965,rsid,0.999679677444786,0.0003021710798508346,1.3938357322859699e-05,0.0,4.2131180403314005e-06
rs390518,6606536,-0.0148,0.0173,0.392,-0.01626,0.0123002,0.186193,rsid,0.999963770009263,1.6441804951515593e-05,1.9468083752460276e-05,0.0,3.20102033131417e-07
rs113167711,6606713,-0.0351,0.056,0.531,-0.0385719,0.0178573,0.0307716,rsid,0.9998356188173073,4.15535227818598e-05,0.00011792658906190973,0.0,4.901070848993703e-06
rs114914439,6606719,-0.0278,0.0417,0.505,-0.0215485,0.0325771,0.508316,rsid,0.999940061779153,3.292178607352084e-05,2.6155303841066998e-05,0.0,8.611309323995503e-07
rs12983164,6606747,-0.0087,0.0137,0.525,-0.00130695,0.00854237,0.878402,rsid,0.9999830733860806,1.110980225758568e-05,5.752897031469136e-06,0.0,6.391463028614444e-08
rs192181058,6607372,-0.0292,0.1318,0.825,-0.117922,0.140149,0.400121,rsid,0.9998450882055949,6.692314782603173e-05,8.246872481603678e-05,0.0,5.519921762873223e-06
rs189368,6607409,-0.0143,0.0181,0.429,-0.00710732,0.0127903,0.57843,rsid,0.999973638695419,1.6295799676117082e-05,9.904105333641891e-06,0.0,1.6139957119144647e-07
rs551009049,6607594,-0.0208,0.1544,0.893,-0.0627547,0.108941,0.564587,rsid,0.9998577375637628,7.203895121852413e-05,6.550397588610664e-05,0.0,4.719509132345629e-06
rs344577,6607597,-0.0051,0.0171,0.766,-0.0028092,0.012097,0.816365,rsid,0.9999798088241726,1.1835951882633424e-05,8.25748675544587e-06,0.0,9.77371893377149e-08
rs180764,6607697,0.0107,0.0177,0.545,0.0069706,0.012798,0.585984,rsid,0.9999759772964857,1.4033878977397572e-05,9.85057937711211e-06,0.0,1.3824515985812728e-07
rs533726716,6607952,-0.2995,0.1441,0.0377,-0.175284,0.124973,0.160742,rsid,0.9996483026693705,0.00021296898890408756,0.00011436382468048825,0.0,2.436451704501473e-05
rs56354972,6608068,-0.0573,0.0265,0.0306,0.00286274,0.0140819,0.838907,rsid,0.9998209916541274,0.00016786717849711104,9.539510032134172e-06,0.0,1.60165734337094e-06
rs112103318,6608075,-0.1062,0.0912,0.244,-0.0796155,0.0822048,0.332794,rsid,0.9998399759390216,8.522191048444557e-05,6.892711032047541e-05,0.0,5.875040173470032e-06
rs344578,6608373,-0.0091,0.0176,0.605,-0.00711736,0.0127954,0.578045,rsid,0.9999766602399206,1.3296842826029658e-05,9.911127473115167e-06,0.0,1.3178978018060718e-07
rs344579,6608819,-0.0118,0.0174,0.498,-0.00802651,0.0125473,0.522369,rsid,0.9999751790488678,1.4458682845230316e-05,1.0214575316219619e-05,0.0,1.4769297077594787e-07
rs344580,6609390,-0.0085,0.0163,0.602,0.00333873,0.0113795,0.769217,rsid,0.9999796486102399,1.2357830727488446e-05,7.895979864043764e-06,0.0,9.757916845919984e-08
rs149018252,6609438,-0.0076,0.0388,0.845,0.00394753,0.0167021,0.813162,rsid,0.9999628348820208,2.5498409973582703e-05,1.137661171458653e-05,0.0,2.9009629107167405e-07
rs189682811,6609479,0.0198,0.0449,0.659,0.0234566,0.0327848,0.474317,rsid,0.9999405292648891,3.135405974323765e-05,2.7261854709550408e-05,0.0,8.548206580876328e-07
rs73922419,6609480,-0.0037,0.0232,0.873,0.00179995,0.0130466,0.89027,rsid,0.9999756395670562,1.54771231500086e-05,8.74791395405617e-06,0.0,1.3539583987388416e-07
rs344581,6609669,-0.0105,0.0145,0.469,0.00931311,0.00935335,0.319397,rsid,0.9999771979420965,1.2476798129833564e-05,1.0198018257214965e-05,0.0,1.272415164880549e-07
rs139301103,6610031,-0.0347,0.0942,0.713,0.0100898,0.13804,0.941732,rsid,0.999872568322583,5.583261541990712e-05,6.781243391704583e-05,0.0,3.786628079946268e-06
rs4807089,6610365,0.0372,0.0151,0.0138,0.0105114,0.0104208,0.313123,rsid,0.9997841870158146,0.00020199292455067215,1.149720439290063e-05,0.0,2.322855241800397e-06
rs72984514,6610790,0.0548,0.0166,0.000963,0.00946972,0.0111947,0.397601,rsid,0.9975751589480766,0.0023888641135670313,1.0598063957845397e-05,0.0,2.537887439867857e-05
rs78761965,6610919,-0.0273,0.0419,0.515,-0.0524615,0.0416508,0.20783,rsid,0.9999095320466468,3.275842718096976e-05,5.587885708447597e-05,0.0,1.8306690876432484e-06
rs72984516,6610936,-0.0399,0.0156,0.0105,-0.0135486,0.010763,0.208099,rsid,0.999717124301809,0.00026299616678989455,1.573905026967777e-05,0.0,4.14048113132958e-06
rs6510912,6610981,-0.0186,0.0418,0.656,-0.0226735,0.0325798,0.486469,rsid,0.9999430362815145,2.942805214364598e-05,2.6748466240789424e-05,0.0,7.872001011414586e-07
rs7254538,6611336,-0.0105,0.0137,0.443,0.00523863,0.00857111,0.541069,rsid,0.9999808717461125,1.2171907863247638e-05,6.8726906665913705e-06,0.0,8.365535774727421e-08
rs191308982,6612065,0.0051,0.1733,0.977,-0.192236,0.134114,0.151748,rsid,0.9997975074509331,7.5616913099586e-05,0.0001179544761278994,0.0,8.921159839467086e-06
rs531768097,6612302,-0.0344,0.2103,0.87,-0.43866,0.441737,0.320693,rsid,0.9998104450463379,8.177334036608646e-05,9.963276466479265e-05,0.0,8.148848631172964e-06
rs147062119,6612523,0.0291,0.0473,0.538,0.0258793,0.0328373,0.430636,rsid,0.9999344859221807,3.572370250886966e-05,2.8762794476352124e-05,0.0,1.0275808342077008e-06
rs10084116,6612555,0.0015,0.0152,0.921,0.00962792,0.00857286,0.261408,rsid,0.999979061128643,1.0131213861905005e-05,1.069925874691938e-05,0.0,1.0839874827634344e-07
rs527675523,6612646,0.2552,0.1003,0.0109,1.28175,0.420232,0.0022876,rsid,0.9992378050830609,0.0005201141068453147,0.00015921018391564754,0.0,8.287062617800174e-05
rs547917171,6612648,0.3051,0.0991,0.00208,1.28178,0.420228,0.00228686,rsid,0.9981127940270711,0.0014906504576682432,0.00015903767988140118,0.0,0.00023751783537931121
rs10084113,6612657,-0.0401,0.019,0.0348,-0.0169093,0.0108924,0.120566,rsid,0.9998607840649031,0.00011250160463364742,2.4012508580093502e-05,0.0,2.7018218831996812e-06
rs4807883,6612690,-0.0003,0.0163,0.985,0.00573987,0.00890357,0.519141,rsid,0.9999818263643305,1.0805762862130859e-05,7.289107014171664e-06,0.0,7.876579333266497e-08
rs202177088,6612693,0.0245,0.0471,0.603,0.0164534,0.0294594,0.576494,rsid,0.9999429606928764,3.3885287859269656e-05,2.2395111187403717e-05,0.0,7.589080768163973e-07
rs58668514,6612708,-0.0239,0.0199,0.23,-0.0129649,0.0111142,0.243405,rsid,0.999958356293709,2.6717581626370478e-05,1.453769639874134e-05,0.0,3.884282657853793e-07
rs28429355,6612720,0.0404,0.0528,0.444,0.0330162,0.0158679,0.0374619,rsid,0.9998635938899482,4.308014793303829e-05,8.947101185362702e-05,0.0,3.854950265142987e-06
rs184244449,6612745,0.1421,0.0771,0.0653,0.0694507,0.0938015,0.459057,rsid,0.9997489589305467,0.00017517065063915938,6.455877628147464e-05,0.0,1.1311642532532482e-05
rs28396676,6612750,-0.0651,0.0774,0.4,-0.0403519,0.0179186,0.0243248,rsid,0.9997861316960409,6.062531710223489e-05,0.0001444818548620287,0.0,8.761131994970094e-06
rs4807884,6612778,-0.033,0.0165,0.0455,-0.00043033,0.00919624,0.962677,rsid,0.9999145060480487,7.888455143066758e-05,6.126104218566619e-06,0.0,4.832963022099874e-07
rs4807885,6612779,0.0381,0.0165,0.0209,0.000143201,0.00926302,0.987666,rsid,0.9998405897527339,0.00015230730652864135,6.163972940213825e-06,0.0,9.38967797128113e-07
rs149923944,6612784,-0.1448,0.117,0.216,-0.0126648,0.0563191,0.822076,rsid,0.9998614974098868,9.900770614800785e-05,3.593640962313308e-05,0.0,3.558474341894805e-06
rs116955230,6612878,-0.1986,0.0931,0.0329,-0.0599849,0.0688075,0.383329,rsid,0.9996549168117,0.0002724737721951647,5.705740342412871e-05,0.0,1.5552012680754016e-05
rs141001254,6613474,-0.229,0.1271,0.0716,-0.0246794,0.059312,0.67734,rsid,0.9997875156843021,0.0001662694299225699,3.962505091267761e-05,0.0,6.5898348624550266e-06
rs116285746,6613740,0.0771,0.1124,0.493,0.00472148,0.0615213,0.938826,rsid,0.9998895898266197,6.971579667003958e-05,3.804195841829339e-05,0.0,2.6524182919833372e-06
rs16993685,6613833,0.0917,0.0294,0.00181,-0.00150538,0.0261643,0.954118,rsid,0.9978695519301134,0.002077512246620314,1.7176093800314107e-05,0.0,3.575972946587205e-05
rs181664918,6614467,-0.0151,0.0838,0.857,-0.0669116,0.060867,0.271634,rsid,0.9998843336090949,4.9378114849675296e-05,6.316876090159945e-05,0.0,3.119515153770066e-06
rs28784715,6614637,-0.0058,0.0144,0.687,-0.00530513,0.00929124,0.568011,rsid,0.9999822950369887,1.0356690568386692e-05,7.272947443037222e-06,0.0,7.532499981401124e-08
rs58098714,6614657,0.1057,0.0339,0.00182,-0.015899,0.0283099,0.574386,rsid,0.9976870327269777,0.0022429739398910453,2.154851785869721e-05,0.0,4.84448152726078e-05
rs28807756,6614851,-0.0041,0.0144,0.776,-0.00528351,0.00928482,0.569323,rsid,0.9999827192948356,9.948503663933082e-06,7.259974370705716e-06,0.0,7.222712976276039e-08
rs138082169,6615259,0.0364,0.0166,0.0283,-0.0152922,0.00876454,0.0810233,rsid,0.9998520133323124,0.00011825442269198583,2.658767006598978e-05,0.0,3.1445749295437316e-06
rs8100493,6615474,0.0054,0.0146,0.711,-0.0040969,0.00969184,0.672501,rsid,0.9999825110262713,1.0367560522507989e-05,7.048337858849345e-06,0.0,7.307534734753494e-08
rs8111231,6615552,-0.0065,0.0165,0.694,0.00405186,0.00975203,0.677784,rsid,0.9999810397469945,1.1806250400089442e-05,7.070524638460336e-06,0.0,8.347796710504132e-08
rs113444891,6615889,-0.1033,0.0185,2.35e-08,-0.011989,0.0115889,0.300889,rsid,0.016987932440153047,0.9702878481557674,2.2277347442854272e-07,0.0,0.01272399663060511
rs12986123,6615932,0.0129,0.0156,0.408,-0.00413165,0.00968796,0.669764,rsid,0.9999783322270012,1.450868792981566e-05,7.056699401185561e-06,0.0,1.0238566789572864e-07
rs113369896,6615934,0.1484,0.0227,6.26e-11,0.0117548,0.0115897,0.310466,rsid,5.580495539470854e-05,0.9872613570128481,7.168974715829743e-10,0.0,0.012682837314859636
rs12977103,6616007,0.0055,0.0143,0.701,-0.0042244,0.00974607,0.66469,rsid,0.9999825943064772,1.0212900346403312e-05,7.120075291351299e-06,0.0,7.27178851146813e-08
rs78316821,6616089,-0.1132,0.1326,0.393,0.0348611,0.0417047,0.403209,rsid,0.9998786791562594,8.126258650723287e-05,3.7047330079623634e-05,0.0,3.010927153680152e-06
rs74903693,6616094,0.0359,0.0946,0.704,-0.0327858,0.0853612,0.700916,rsid,0.9998886061591282,5.616363228893961e-05,5.2292921000728495e-05,0.0,2.9372875821450034e-06
rs10406986,6616717,0.0796,0.1139,0.485,0.0047233,0.0612581,0.93854,rsid,0.9998888146585827,7.060535323047024e-05,3.790350055526313e-05,0.0,2.6764876315667936e-06
rs395909,6617161,0.0068,0.0142,0.632,-0.00396913,0.00968066,0.681802,rsid,0.9999823631614034,1.055964495390195e-05,7.0032406039694836e-06,0.0,7.39530386024732e-08
rs6510913,6617500,-0.0075,0.0143,0.6,0.00414509,0.00973814,0.67036,rsid,0.9999819552295058,1.0877008382889858e-05,7.090635814256062e-06,0.0,7.712629691800921e-08
rs411898,6617577,0.0075,0.0142,0.597,-0.00411887,0.00967943,0.670451,rsid,0.999982053364224,1.0822641138533334e-05,7.047718342183946e-06,0.0,7.627629536580722e-08
rs431834,6617602,0.0074,0.0142,0.602,-0.00397797,0.00967842,0.681063,rsid,0.9999821368722089,1.0783083230551223e-05,7.004512964989177e-06,0.0,7.553159552149648e-08
rs418201,6617766,0.0073,0.0142,0.607,-0.00398325,0.00967845,0.680663,rsid,0.9999821744297884,1.0744197512077515e-05,7.006096473498501e-06,0.0,7.5276226141592e-08
rs10426720,6618112,0.0088,0.0143,0.538,-0.0039857,0.00967834,0.680473,rsid,0.9999814629469518,1.1450070913172641e-05,7.006752830974195e-06,0.0,8.022930400059197e-08
rs10421159,6618123,0.0075,0.0143,0.6,-0.00398567,0.00967834,0.680476,rsid,0.9999820400288957,1.0877009305270175e-05,7.006747967447317e-06,0.0,7.621383163982136e-08
rs426352,6618174,-0.0064,0.0143,0.654,0.00398951,0.00967833,0.680185,rsid,0.9999824372555803,1.048140512954564e-05,7.0078855130685094e-06,0.0,7.345377721386073e-08
rs367455,6618180,0.0068,0.0143,0.634,-0.00398891,0.00967833,0.68023,rsid,0.9999823015329711,1.0616363122171639e-05,7.007706236014343e-06,0.0,7.439767077975823e-08
rs407044,6618224,-0.0075,0.0142,0.597,0.00398947,0.00967832,0.680188,rsid,0.9999820936482187,1.0822641574520375e-05,7.007865235223265e-06,0.0,7.584497175010835e-08
rs406060,6618338,0.0078,0.0142,0.583,-0.00377973,0.00967886,0.696157,rsid,0.99998203078388,1.0945417715058208e-05,6.947751001525267e-06,0.0,7.60474034041352e-08
rs112198845,6618513,-0.0842,0.1137,0.459,-0.00454711,0.0612532,0.940824,rsid,0.9998874838612782,7.189756121546561e-05,3.789379917882216e-05,0.0,2.7247783276822304e-06
rs408460,6618677,-0.0072,0.0142,0.612,0.00398291,0.00967828,0.680683,rsid,0.9999822131212969,1.0705978250849475e-05,7.005894167580838e-06,0.0,7.500628471356184e-08
rs422157,6618894,-0.0069,0.0142,0.627,0.00398374,0.00967809,0.680614,rsid,0.9999823244820082,1.0595258467281358e-05,7.00602753995128e-06,0.0,7.423198470345638e-08
rs432686,6619236,-0.0074,0.0142,0.602,0.00397092,0.00967893,0.681612,rsid,0.9999821386722783,1.0783083249961866e-05,7.002732080068262e-06,0.0,7.551239174813076e-08
rs397757461,6619276,0.0016,0.0168,0.924,-0.00407318,0.00967868,0.673871,rsid,0.9999817068076227,1.1181285746753828e-05,7.033264254528487e-06,0.0,7.864237598242543e-08
rs58274744,6619293,-0.0028,0.0168,0.868,0.00406809,0.00967876,0.674258,rsid,0.9999816038282592,1.1285054323912748e-05,7.031762139471367e-06,0.0,7.935527757008205e-08
rs144350331,6619320,0.0047,0.0172,0.785,-0.00398377,0.0096779,0.680606,rsid,0.9999810906693163,1.1820600872498581e-05,7.005914130653528e-06,0.0,8.28156806745449e-08
rs364574,6619342,-0.0122,0.0155,0.431,0.00398438,0.00967788,0.680559,rsid,0.9999789300055758,1.3966077013814806e-05,7.006068062589135e-06,0.0,9.784934781136096e-08
rs8112931,6619427,-0.0067,0.0143,0.639,0.00414391,0.00973758,0.670429,rsid,0.9999822533420042,1.0581691474038072e-05,7.089941615738969e-06,0.0,7.502490618804406e-08
rs397195,6619504,0.0066,0.0143,0.644,-0.00414679,0.00973756,0.670213,rsid,0.999982286743192,1.0547645064014881e-05,7.09081897740716e-06,0.0,7.479276661035403e-08
rs144366961,6619769,0.0885,0.1142,0.438,0.00442211,0.0612435,0.942438,rsid,0.9998860837967474,7.325685835391506e-05,3.788378187452967e-05,0.0,2.7755630242946517e-06
rs35845035,6619783,-0.1577,0.0395,6.54e-05,0.0151823,0.0282578,0.591074,rsid,0.9570462024135011,0.042038677413968946,2.0369753366307974e-05,0.0,0.0008947504191635135
rs11085185,6619809,0.007,0.0142,0.622,-0.0039928,0.00967776,0.679917,rsid,0.999982285450821,1.0631514643513517e-05,7.008522011174874e-06,0.0,7.451252434696948e-08
rs11085186,6619815,0.0076,0.0142,0.593,-0.00399201,0.00967775,0.679978,rsid,0.9999820527101809,1.0862878993525815e-05,7.008279368508477e-06,0.0,7.613145708625579e-08
rs2547445,6619898,-0.0075,0.0142,0.597,0.00398672,0.00967762,0.680374,rsid,0.999982094897331,1.0822641588039316e-05,7.006629483519973e-06,0.0,7.583159741286292e-08
rs441475,6619983,-0.0071,0.0142,0.617,0.0039761,0.0096775,0.681175,rsid,0.9999822534546929,1.0668419330897998e-05,7.0034093424853015e-06,0.0,7.471663357368475e-08
rs12460835,6620066,-0.0897,0.0374,0.0165,-0.029836,0.0145776,0.0406865,rsid,0.999532385476821,0.00036267107269567187,7.700345845716571e-05,0.0,2.7939992025985756e-05
rs403119,6620088,0.0074,0.0142,0.602,-0.00397917,0.00967724,0.680934,rsid,0.9999821372265753,1.0783083234372452e-05,7.004162375399095e-06,0.0,7.552781501723524e-08
rs59764207,6620171,-0.004,0.0169,0.813,0.00391465,0.00967712,0.685826,rsid,0.9999814236917915,1.1510758545269466e-05,6.985143865019406e-06,0.0,8.040579807709554e-08
rs12973043,6620202,0.0035,0.0162,0.829,-0.00391585,0.00967706,0.685733,rsid,0.9999819487234414,1.0989051093679805e-05,6.985460496971957e-06,0.0,7.676496801977448e-08
rs428292,6620314,0.056,0.0132,2.21e-05,0.00350096,0.0085816,0.683302,rsid,0.9375150629499678,0.06209374566500211,5.818506749292816e-06,0.0,0.00038537287828085525
rs419337,6620323,0.0505,0.0143,0.000413,0.00347913,0.00858147,0.685166,rsid,0.9954048220323256,0.004560730855114698,6.171343527109102e-06,0.0,2.827576903247593e-05
rs379172,6620325,0.0509,0.0143,0.000372,0.00347847,0.00858147,0.685223,rsid,0.9949333083388575,0.005029343313639794,6.168228531609325e-06,0.0,3.1180118971236565e-05
rs453686,6620544,-0.0572,0.0131,1.26e-05,-0.00347328,0.00858141,0.685665,rsid,0.8989132824502784,0.10045849515619758,5.571545904443088e-06,0.0,0.0006226508476194285
rs11882880,6620595,-0.0074,0.0143,0.605,0.00367905,0.00967242,0.703675,rsid,0.9999821710754682,1.0837811208800703e-05,6.9161559937308716e-06,0.0,7.495732935923885e-08
rs10424331,6620715,0.0564,0.0132,1.93e-05,0.00350093,0.00858173,0.683309,rsid,0.9295824124269209,0.06997751143632962,5.769338646479977e-06,0.0,0.0004343067981031212
rs2642211,6620870,-0.0585,0.0132,9.34e-06,-0.00347778,0.00858241,0.685315,rsid,0.8691260220123794,0.1300622032022554,5.388584948725257e-06,0.0,0.0008063862004165569
rs7257477,6620910,0.0553,0.0132,2.8e-05,0.00332177,0.00859691,0.699207,rsid,0.9493183091015561,0.05036536291193185,5.852047447854717e-06,0.0,0.0003104759390640982
rs1690638,6620925,-0.0577,0.0132,1.24e-05,-0.00347317,0.00858138,0.685675,rsid,0.8964094668226928,0.10294690809644924,5.555982119059708e-06,0.0,0.0006380690987386564
rs1690637,6620929,0.0489,0.0143,0.000627,0.00347376,0.00858138,0.685622,rsid,0.9968677933741786,0.003106771398667258,6.178798276438814e-06,0.0,1.9256428877494408e-05
rs368152,6621230,-0.0075,0.0142,0.597,0.00409035,0.00967761,0.672543,rsid,0.9999820633161255,1.0822641246241127e-05,7.037872888689853e-06,0.0,7.61697396434778e-08
rs444299,6621249,-0.0078,0.0142,0.583,0.00409046,0.00967761,0.672534,rsid,0.9999819396433912,1.094541671746956e-05,7.037905689680969e-06,0.0,7.703420185696485e-08
rs390815,6621392,0.0574,0.0131,1.18e-05,0.00347212,0.00858137,0.685763,rsid,0.8927302603550641,0.10660350714755218,5.532899803640879e-06,0.0,0.0006606995975800459
rs401284,6621409,0.0604,0.0141,1.84e-05,0.00347208,0.00858136,0.685766,rsid,0.922600497544196,0.07691707465559189,5.718011125165155e-06,0.0,0.00047670978908697644
rs74441035,6621708,0.0099,0.032,0.757,0.00541592,0.0179331,0.762648,rsid,0.9999654686924441,2.184247760233551e-05,1.241758966312941e-05,0.0,2.712402903737856e-07
rs387116,6621739,0.056,0.0131,1.91e-05,0.00346879,0.00858131,0.686047,rsid,0.9294301073633648,0.07012955975717411,5.759420957339387e-06,0.0,0.0004345734585037977
rs366850,6621787,-0.0563,0.0131,1.73e-05,-0.00346891,0.00858131,0.686036,rsid,0.9227677122061753,0.07675096248861259,5.718168157614717e-06,0.0,0.0004756071370544527
rs12610184,6621851,0.0047,0.0143,0.742,-0.00413575,0.00973639,0.671002,rsid,0.9999828293624785,1.001295265465107e-05,7.0867246103568605e-06,0.0,7.096025643289544e-08
rs75565743,6621874,-0.119,0.0663,0.0727,0.0996265,0.0489848,0.0419691,rsid,0.9996120534990134,0.00015551403553486104,0.0002011402013129353,0.0,3.1292264138849544e-05
rs138090082,6621987,-0.0828,0.1136,0.466,-0.00458845,0.0612405,0.940274,rsid,0.9998879279829173,7.147486038686528e-05,3.788875937386427e-05,0.0,2.708397322029424e-06
rs449481,6622131,-0.0637,0.0132,1.39e-06,0.00808509,0.00849323,0.341125,rsid,0.5202823649863939,0.47549001187851025,4.620819737721302e-06,0.0,0.004223002315358153
rs433134,6622232,0.0563,0.0131,1.73e-05,0.00346892,0.00858131,0.686035,rsid,0.922767711997631,0.07675096247126698,5.718170841199733e-06,0.0,0.00047560736026093275
rs364628,6622319,-0.056,0.0131,1.91e-05,-0.00346892,0.00858131,0.686035,rsid,0.9294301048653072,0.07012955956868475,5.759456096560577e-06,0.0,0.0004345761099114643
rs400658,6622352,0.0561,0.0131,1.85e-05,0.00384718,0.0085802,0.65388,rsid,0.927266523018849,0.07227135479299758,5.854077944569099e-06,0.0,0.0004562681102089298
rs423602,6622532,0.0556,0.0131,2.19e-05,0.00352722,0.00858219,0.681078,rsid,0.937439420194101,0.06216841368944384,5.825639916327747e-06,0.0,0.0003863404765387521
rs4807887,6622723,-0.0018,0.0842,0.983,0.0192247,0.0476113,0.686371,rsid,0.9999168670753629,4.895815432460346e-05,3.257960058791193e-05,0.0,1.5951697245414276e-06
rs408453,6622839,0.0552,0.0131,2.51e-05,0.00316817,0.0085782,0.711884,rsid,0.9445517558154957,0.05510568171525242,5.7728213027929495e-06,0.0,0.00033678964794902814
rs389971,6623050,-0.0566,0.0131,1.56e-05,-0.00345423,0.00858137,0.687296,rsid,0.9154935141005948,0.08398076300203983,5.669224091884493e-06,0.0,0.0005200536732734203
rs433288,6623291,0.0568,0.0131,1.45e-05,0.00346176,0.00858136,0.686651,rsid,0.9102798897281222,0.08916213774836927,5.638920109942033e-06,0.0,0.000552333603398476
rs413956,6623791,0.0649,0.0132,8.8e-07,-0.00808398,0.00849484,0.341282,rsid,0.41138177655375896,0.5834334356158474,3.653243405067466e-06,0.0,0.005181134586988484
rs624968,6623888,0.0569,0.0131,1.4e-05,0.0034612,0.00858144,0.686702,rsid,0.9075585529612946,0.09186674770826858,5.621958425110332e-06,0.0,0.0005690773720117343
rs1644752,6623901,-0.0574,0.0131,1.18e-05,-0.00346128,0.00858144,0.686695,rsid,0.8927305587574086,0.1066035427806408,5.530125720135027e-06,0.0,0.0006603683362304797
rs146591026,6623907,0.0849,0.1145,0.458,0.00458993,0.0612408,0.940255,rsid,0.9998871908516206,7.218488221587128e-05,3.788894832267569e-05,0.0,2.73531784083175e-06
rs145842355,6624144,-0.0829,0.115,0.471,-0.00459572,0.0612406,0.94018,rsid,0.9998877357725688,7.165970734402526e-05,3.788909386401735e-05,0.0,2.715426223052864e-06
rs60340561,6624247,-0.1036,0.0182,1.25e-08,-0.0121077,0.0114382,0.289816,rsid,0.009447079328248871,0.9775778107303239,1.253871630692627e-07,0.0,0.012974984554264015
rs417983,6624264,0.065,0.0132,8.47e-07,-0.00810034,0.00849357,0.340234,rsid,0.4024513170999409,0.5922758848315725,3.580432079319686e-06,0.0,0.0052692176364074455
rs376884,6624286,-0.0563,0.0131,1.73e-05,-0.00344067,0.00858162,0.688468,rsid,0.9227682849551052,0.07675101012685465,5.710797927679967e-06,0.0,0.00047499412011229946
rs10424924,6624535,-0.0564,0.0131,1.67e-05,-0.00348732,0.00858145,0.684465,rsid,0.920412821738192,0.07909093069192906,5.708598381364624e-06,0.0,0.0004905389714975036
rs12971915,6624720,0.005,0.0142,0.725,-0.00411437,0.00973659,0.672611,rsid,0.9999828261825132,1.0022572559410231e-05,7.080281077679061e-06,0.0,7.09638495622582e-08
rs440993,6624902,0.1052,0.0182,7.46e-09,0.0118672,0.0114383,0.299507,rsid,0.005770299135984414,0.981485083263896,7.492709245272534e-08,0.0,0.0127445426730271
rs424810,6624903,0.0577,0.0131,1.06e-05,0.00344413,0.00858141,0.688164,rsid,0.8827885756784564,0.1164849604207315,5.464141876824319e-06,0.0,0.0007209997589354569
rs401294,6624930,-0.0571,0.0131,1.31e-05,-0.00343856,0.00858151,0.688646,rsid,0.9018778700379015,0.0975131287668813,5.580903965382884e-06,0.0,0.0006034202912519732
rs376817,6625103,0.0572,0.0131,1.26e-05,0.00348067,0.00858147,0.685034,rsid,0.8989130827293476,0.10045847283628694,5.573515128644029e-06,0.0,0.0006228709192366955
rs111562813,6625211,0.0656,0.1144,0.566,0.0045997,0.0612406,0.940128,rsid,0.999892275882237,6.728502777216996e-05,3.788942436018882e-05,0.0,2.5496656308275096e-06
rs8101829,6625231,0.0563,0.0131,1.73e-05,0.00341883,0.00858157,0.690342,rsid,0.9227687365970234,0.07675104769205277,5.704986123223473e-06,0.0,0.0004745107248006395
rs8104834,6625251,0.0725,0.0134,6.29e-08,0.0050797,0.00862724,0.555998,rsid,0.05226246635905882,0.9413121697774998,3.5672195725239653e-07,0.0,0.006425007141484186
rs8100602,6625277,-0.007,0.0142,0.622,0.00416059,0.00967698,0.667234,rsid,0.9999822342145719,1.0631514098784933e-05,7.059219801106817e-06,0.0,7.505152819123481e-08
rs8101544,6625328,-0.0565,0.0131,1.61e-05,-0.00347905,0.00858148,0.685173,rsid,0.9179887451011812,0.08150027685657245,5.6913608694822435e-06,0.0,0.0005052866813768401
rs8101946,6625352,0.0643,0.0133,1.33e-06,-0.00795701,0.00849344,0.348841,rsid,0.5082111929412362,0.487515571915102,4.450000195170709e-06,0.0,0.004268785143466554
rs149320114,6625430,-0.0252,0.0424,0.552,-0.011204,0.02517,0.656224,rsid,0.9999491570075311,3.203566806771555e-05,1.822349294640005e-05,0.0,5.838314548034873e-07
rs28422003,6625449,0.0462,0.0144,0.00134,0.00343869,0.00858144,0.688632,rsid,0.998419521657843,0.001564618040061038,6.178307906339033e-06,0.0,9.681994189435087e-06
rs28416478,6625461,0.0481,0.0144,0.000837,0.00338634,0.00858208,0.693151,rsid,0.9975804409004719,0.0023985927203268942,6.158593456397718e-06,0.0,1.4807785744710891e-05
rs28502049,6625467,-0.0468,0.0144,0.00115,-0.00338634,0.00858208,0.693151,rsid,0.9981954477115639,0.0017873556035638716,6.16239021981362e-06,0.0,1.1034294652397336e-05
rs144639924,6625594,-0.0854,0.0376,0.0231,-0.0298612,0.0145772,0.0405117,rsid,0.9996261876969632,0.00027524335064922525,7.728799154472348e-05,0.0,2.1280960842702128e-05
rs435546,6625599,0.0496,0.0142,0.000478,0.00333101,0.0085816,0.6979,rsid,0.9960030862454474,0.003966356867708697,6.133120911183075e-06,0.0,2.44237659325526e-05
rs146080233,6625631,0.1151,0.0434,0.008,0.00816081,0.0217553,0.707573,rsid,0.9992608372300704,0.0007128327927996218,1.5367451014074097e-05,0.0,1.0962526115742958e-05
rs437844,6625632,-0.0426,0.0148,0.004,-0.00520659,0.00856827,0.543413,rsid,0.9993953595365371,0.0005937183782238806,6.851664790591472e-06,0.0,4.070420448510109e-06
rs426364,6625639,0.0426,0.0148,0.004,0.00343651,0.00858144,0.688819,rsid,0.9993964236509315,0.0005937190103903866,6.183725806142125e-06,0.0,3.673612871993367e-06
rs426366,6625643,0.0494,0.0142,0.000504,0.00343649,0.00858144,0.68882,rsid,0.9961917704524729,0.003778685212711136,6.163891407287917e-06,0.0,2.3380443408900146e-05
rs399937,6625671,-0.0561,0.0131,1.85e-05,-0.00352989,0.008582,0.680843,rsid,0.9272731861557997,0.07227187411934295,5.763091835165368e-06,0.0,0.0004491766330222592
rs111504377,6625930,-0.0896,0.1139,0.431,-0.00460048,0.0612406,0.940118,rsid,0.9998857355625963,7.358676689965422e-05,3.788920759472762e-05,0.0,2.788462909431397e-06
rs393158,6626017,0.0494,0.0144,0.000602,0.0034845,0.00858137,0.684703,rsid,0.9967295103325349,0.0032441902737997768,6.181060502013751e-06,0.0,2.011833316313764e-05
rs401550,6626032,-0.0388,0.0148,0.00875,-0.00343405,0.00858146,0.68903,rsid,0.9996968540985913,0.0002951350807979341,6.1848892875937824e-06,0.0,1.8259313232171555e-06
rs407686,6626036,-0.0482,0.0142,0.000688,-0.00343405,0.00858146,0.68903,rsid,0.9971400172646698,0.0028362663518187053,6.169070739521522e-06,0.0,1.75473127720738e-05
rs392151,6626057,0.0475,0.0136,0.000478,0.0032837,0.00858494,0.702094,rsid,0.9961568607111504,0.003813575118544429,6.123116882138355e-06,0.0,2.34410534230443e-05
rs12985563,6626476,-0.057,0.0131,1.35e-05,-0.00292111,0.00856001,0.732914,rsid,0.9047718110635873,0.09465117894508787,5.463420862035063e-06,0.0,0.0005715465704627969
rs432958,6626616,0.0564,0.0131,1.67e-05,0.00342749,0.00858148,0.689595,rsid,0.9204140974395912,0.07909104031275198,5.692662286814557e-06,0.0,0.0004891695853701145
rs11671691,6626702,-0.1192,0.0338,0.000421,0.01412,0.0280261,0.614391,rsid,0.9917075351507965,0.008103604563091064,2.059238504467826e-05,0.0,0.00016826790106783725
rs145550016,6626813,0.088,0.1166,0.45,0.0777076,0.0566077,0.169834,rsid,0.9998402628568467,7.329007462308839e-05,8.054311457200088e-05,0.0,5.903953958096479e-06
rs148963073,6626898,-0.0448,0.0155,0.00385,-0.00316139,0.00859678,0.713066,rsid,0.999349386538854,0.000640574953116093,6.117341269250929e-06,0.0,3.921166760623414e-06
rs55691808,6626901,-0.0394,0.0148,0.00776,-0.00340033,0.00859626,0.69243,rsid,0.9996636359799422,0.0003281500702813711,6.183990164107549e-06,0.0,2.029959612346964e-06
rs72986517,6626958,0.1155,0.034,0.000681,-0.0150265,0.0282561,0.594867,rsid,0.9945498338210335,0.005316234802620987,2.1106951949944132e-05,0.0,0.00011282442439554386
rs12979964,6627142,-0.0039,0.0142,0.784,0.00413626,0.00973912,0.671052,rsid,0.9999830578327918,9.784306481789654e-06,7.088503460917535e-06,0.0,6.935726542123171e-08
rs1644753,6627369,0.0565,0.0131,1.61e-05,0.0034823,0.00858263,0.684934,rsid,0.9179886209631828,0.08150026583543381,5.6928662950791006e-06,0.0,0.0005054203350883757
rs9749527,6627432,0.058,0.0131,9.53e-06,0.00341804,0.00858152,0.690407,rsid,0.871999345171061,0.12720883228154944,5.390882726523839e-06,0.0,0.000786431664662942
rs4807888,6627438,0.0807,0.0377,0.0323,0.0298433,0.0145747,0.0405985,rsid,0.9996963838141356,0.00021024851354482647,7.714345057113798e-05,0.0,1.6224221748626493e-05
rs9749457,6627451,-0.0526,0.0132,6.75e-05,-0.00196012,0.00851498,0.817939,rsid,0.9772452869100913,0.022617397334356353,5.68735780770578e-06,0.0,0.00013162839774470057
rs9749004,6627469,0.0513,0.0143,0.000334,0.00341676,0.00858152,0.690518,rsid,0.9944094288182056,0.005550113961774385,6.1472835607307295e-06,0.0,3.430993645941699e-05
rs9749012,6627530,0.0572,0.0143,6.33e-05,-0.00818152,0.00849411,0.335448,rsid,0.9741162788591209,0.0256447314886995,8.745822234679938e-06,0.0,0.00023024382994496842
rs426868,6627574,-0.0542,0.0131,3.51e-05,-0.00333663,0.00859571,0.697887,rsid,0.9589677012798327,0.04077489016426227,5.914777683417268e-06,0.0,0.00025149377822162184
rs372959,6627720,0.0495,0.0142,0.00049,0.00341487,0.00858154,0.69068,rsid,0.9960986196139264,0.003871293499558584,6.157199870516889e-06,0.0,2.392968664433408e-05
rs371172,6627883,-0.0562,0.0131,1.79e-05,-0.00341086,0.00858155,0.691025,rsid,0.925055359436399,0.07447863244848195,5.717005586382465e-06,0.0,0.0004602911095326426
rs72986521,6628103,-0.1209,0.0338,0.000348,0.0149873,0.0282565,0.595835,rsid,0.990185039426889,0.00959056685833749,2.0999575593212182e-05,0.0,0.00020339413918026985
rs451785,6628147,-0.0559,0.0131,1.98e-05,-0.00354062,0.00858281,0.679955,rsid,0.9315214922709368,0.06804953026288513,5.792920219065737e-06,0.0,0.00042318454595907136
rs147424327,6628239,0.201,0.0834,0.0159,-0.0121854,0.0504092,0.80899,rsid,0.9995061636807255,0.00044654184799490607,3.268986587611328e-05,0.0,1.4604605403602219e-05
rs145459677,6628416,-0.1762,0.2435,0.469,0.0867106,0.0494351,0.0794255,rsid,0.9997716914578145,9.148820880143731e-05,0.00012534969543069645,0.0,1.1470637953389206e-05
rs452590,6628492,0.0566,0.0131,1.56e-05,0.00339939,0.00858158,0.692013,rsid,0.9154947269222745,0.08398087425754136,5.6549456758353715e-06,0.0,0.0005187438745082768
rs34761673,6628544,0.0675,0.0155,1.33e-05,0.00205246,0.00854036,0.810078,rsid,0.890643872351311,0.10871483118330671,5.211115292947589e-06,0.0,0.0006360853500893804
rs138105327,6628621,-0.0862,0.0805,0.284,-0.073586,0.0471234,0.118391,rsid,0.9998285840637511,7.379470512188043e-05,9.091130778873399e-05,0.0,6.709923338305332e-06
rs72986525,6628923,0.1279,0.0339,0.000161,-0.017308,0.0282188,0.539644,rsid,0.9806954910049159,0.01886446984607276,2.17455688562521e-05,0.0,0.00041829358015515794
rs112014830,6628939,-0.1362,0.0353,0.000114,0.0173092,0.0282188,0.539616,rsid,0.9736179252594942,0.025788643582110474,2.1589177471502788e-05,0.0,0.0005718419809240105
rs144919635,6629056,0.0035,0.0909,0.969,-0.0193898,0.0483204,0.688218,rsid,0.999913451842387,5.1855184681899775e-05,3.298251070961436e-05,0.0,1.7104622214737252e-06
rs10416950,6629209,0.0058,0.0141,0.681,-0.00392565,0.0096858,0.685258,rsid,0.9999827569658779,1.0178282032133978e-05,6.993568351511172e-06,0.0,7.11837385163192e-08
rs2642201,6629235,-0.0654,0.0133,8.77e-07,0.00859434,0.00849791,0.31185,rsid,0.4090405407326587,0.5854418825168675,3.852366683607474e-06,0.0,0.005513724383790279
rs10410643,6629277,-0.0053,0.0142,0.709,0.00437459,0.00967525,0.651166,rsid,0.9999827019403106,1.0098973594366589e-05,7.127108370732516e-06,0.0,7.197772431518827e-08
rs10417196,6629338,0.0055,0.0142,0.699,-0.00421547,0.00967685,0.663109,rsid,0.999982699005347,1.0152726579292204e-05,7.076421854513537e-06,0.0,7.184621925965908e-08
rs28781354,6629422,-0.0409,0.0517,0.429,0.00900742,0.0252523,0.721318,rsid,0.9999384739858178,4.31033262397224e-05,1.766137700695506e-05,0.0,7.613109354009244e-07
rs75975359,6629512,0.0884,0.0377,0.019,0.0302591,0.0145554,0.037627,rsid,0.9995678667412963,0.00032343726776280524,8.21229010792802e-05,0.0,2.6573089861753307e-05
rs539774589,6629520,0.0927,0.1142,0.417,0.00458816,0.0612404,0.940278,rsid,0.9998846613108292,7.462245349735217e-05,3.7888571378591346e-05,0.0,2.827664294873227e-06
rs72986528,6629597,-0.1246,0.0191,6.87e-11,-0.0152771,0.0117845,0.194846,rsid,6.266870635901821e-05,0.9822026547742849,1.131547709475979e-09,0.0,0.017734675387808332
rs117373273,6629644,0.1584,0.0565,0.00505,0.0099788,0.0284293,0.725586,rsid,0.9988585643993013,0.001099954109119341,1.9741706180301463e-05,0.0,2.1739785399055315e-05
rs28793128,6629742,-0.0112,0.0157,0.476,0.00453753,0.00967999,0.639246,rsid,0.9999793285200019,1.3390189782572592e-05,7.185078659760073e-06,0.0,9.62115556921488e-08
rs28855761,6629778,0.011,0.0157,0.484,-0.00448707,0.00967845,0.642923,rsid,0.9999794666306482,1.3271430181477788e-05,7.1668232232631306e-06,0.0,9.511594708140292e-08
rs28861537,6629799,0.0645,0.0134,1.48e-06,0.00459914,0.00860732,0.593114,rsid,0.5324927283946019,0.4644359629846817,3.5173343204088698e-06,0.0,0.003067791286395949
rs193136810,6629921,0.1962,0.0652,0.00262,-0.0371989,0.0658292,0.572018,rsid,0.9980784711975856,0.0017932724282898444,4.58594889775372e-05,0.0,8.239688514691852e-05
rs62123223,6629973,-0.0569,0.0143,6.92e-05,-0.00511117,0.00860948,0.552735,rsid,0.9761782650494181,0.023653485461577996,6.6684424153850135e-06,0.0,0.00016158104658854953
rs56317719,6630431,0.1594,0.0374,2.03e-05,-0.00895307,0.0278716,0.74804,rsid,0.886885178019954,0.11096673317803164,1.7032154592557958e-05,0.0,0.0021310566474218853
rs12974894,6630611,-0.0563,0.0132,2e-05,-0.00684,0.00859867,0.426339,rsid,0.9315490685390776,0.06791082139088214,7.3085663566904785e-06,0.0,0.0005328015036835355
rs72986530,6630656,-0.0993,0.0185,7.98e-08,-0.0178222,0.011625,0.125253,rsid,0.051983327978413686,0.9250259362247217,1.2919289652609552e-06,0.0,0.0229894438678995
rs12976718,6630675,-0.0069,0.0142,0.627,0.00380869,0.00976411,0.696484,rsid,0.9999823230510412,1.0595258452119626e-05,7.007443519171072e-06,0.0,7.424698763445896e-08
rs8104195,6631291,-0.0461,0.0144,0.00137,-0.00689623,0.00859877,0.422552,rsid,0.998449517339125,0.001530537576968162,7.874361812638135e-06,0.0,1.2070722094197089e-05
rs8104742,6631335,0.055,0.0132,3.09e-05,0.00689353,0.00859881,0.422736,rsid,0.9535869660168018,0.046042487610352345,7.518674583691467e-06,0.0,0.0003630276982621698
rs8108001,6631412,0.0556,0.0132,2.53e-05,0.00689545,0.00859888,0.42261,rsid,0.944470659926092,0.05508746918762937,7.448146337626309e-06,0.0,0.0004344227399409645
rs8103817,6631650,-0.0557,0.0132,2.45e-05,-0.0069052,0.00859954,0.42199,rsid,0.9427846986183155,0.0567598302853255,7.441797575891553e-06,0.0,0.0004480292987830481
rs11667682,6631713,0.12,0.0338,0.000385,-0.00886639,0.0278889,0.750547,rsid,0.99104257887239,0.008770044130966449,1.9024375819517128e-05,0.0,0.00016835262082391287
rs10411947,6631760,-0.0546,0.0132,3.53e-05,-0.00683913,0.00859974,0.426456,rsid,0.9588103154457152,0.040861589650929064,7.522184819745304e-06,0.0,0.0003205727185360917
rs10420047,6631802,0.0984,0.0184,8.9e-08,0.0177985,0.0116268,0.125814,rsid,0.05753413308743707,0.9196833911519822,1.4251513186327964e-06,0.0,0.02278105060926218
rs184021723,6631920,-0.0676,0.0911,0.458,0.137223,0.132511,0.300408,rsid,0.9998413819166008,6.347041158452831e-05,8.946818821617383e-05,0.0,5.679483598605709e-06
rs366273,6631987,-0.0516,0.0132,9.26e-05,-0.00517539,0.00858194,0.546471,rsid,0.982968521183766,0.01690896110203017,6.731026719077079e-06,0.0,0.00011578668748469761
rs449791,6632135,-0.0594,0.0665,0.372,-0.0838289,0.0601575,0.163471,rsid,0.9998526690215424,5.6564104495757664e-05,8.590691047748624e-05,0.0,4.859963484331647e-06
rs59618823,6632171,-0.0746,0.0676,0.27,-0.0838737,0.060158,0.16325,rsid,0.9998400045476444,6.815268823070369e-05,8.598192695626956e-05,0.0,5.860837168619753e-06
rs10417987,6632182,-0.0551,0.0132,2.99e-05,-0.00686635,0.00860008,0.424636,rsid,0.9521806043131057,0.04743879145657378,7.48908216959599e-06,0.0,0.000373115148150807
rs58388800,6632280,-0.0619,0.0155,6.51e-05,-0.00432622,0.00853169,0.612101,rsid,0.9731091620035979,0.02671211181882146,6.282055000172382e-06,0.0,0.0001724441225803305
rs13346525,6632373,0.0669,0.0665,0.314,0.0840019,0.0601601,0.162622,rsid,0.9998466068104661,6.186017873332494e-05,8.619985433477414e-05,0.0,5.333156465816279e-06
rs58627819,6632401,0.0748,0.0676,0.269,0.08397,0.0601611,0.162789,rsid,0.9998396313053779,6.833811343883536e-05,8.614280049542035e-05,0.0,5.8877806878981375e-06
rs1862508,6632418,0.072,0.0132,4.91e-08,0.00444916,0.00852988,0.601951,rsid,0.04214081027609667,0.9516706619263287,2.740212961894173e-07,0.0,0.006188253776278556
rs3859488,6632554,0.0068,0.0143,0.634,-0.00319982,0.00977005,0.743279,rsid,0.999982454128171,1.0616364742206364e-05,6.856712449352438e-06,0.0,7.27946375401328e-08
rs372804,6632752,0.0998,0.0163,9.2e-10,0.0109247,0.0107813,0.310915,rsid,0.0008233788020210761,0.9873787207325366,9.838305046457797e-09,0.0,0.011797890627137259
rs12611077,6632849,0.0068,0.0142,0.632,-0.00314769,0.00977167,0.747359,rsid,0.9999825221606695,1.0559646632907362e-05,6.845901137300321e-06,0.0,7.229156039398753e-08
rs4580308,6632893,-0.0967,0.0184,1.48e-07,-0.0171828,0.0116355,0.139741,rsid,0.09015885387051073,0.8895012133618998,2.061424023888046e-06,0.0,0.020337871343565694
rs113612963,6633035,0.0795,0.0222,0.000342,0.0172951,0.0116378,0.13725,rsid,0.9920858213089666,0.007712356614907987,2.300260144384574e-05,0.0,0.00017881947468160263
rs378303,6633246,0.0676,0.0133,3.72e-07,0.00440525,0.00854475,0.606168,rsid,0.23403903662721,0.7610177909417151,1.5197274648046698e-06,0.0,0.004941652703609876
rs378847,6633254,-0.0022,0.0163,0.893,0.00524627,0.00971128,0.589042,rsid,0.9999815451761058,1.0901648042451073e-05,7.4717202836712185e-06,0.0,8.145556805238993e-08
rs424123,6633255,-0.002,0.0163,0.902,-0.00524646,0.00971128,0.589029,rsid,0.999981562242245,1.0884629436430975e-05,7.471799055170568e-06,0.0,8.132926346826493e-08
rs379134,6633304,-0.001,0.0142,0.944,0.00523447,0.00971131,0.58988,rsid,0.999983014071955,9.448505564126347e-06,7.46687051473106e-06,0.0,7.055196599566522e-08
rs669631,6633620,0.069,0.0132,1.72e-07,0.00447294,0.00853608,0.600276,rsid,0.1279527672378974,0.8664014555132631,8.336622107624331e-07,0.0,0.0056449435866288014
rs4028675,6633958,0.0504,0.0132,0.000134,0.00534134,0.00859033,0.534083,rsid,0.9879169825518362,0.011993018933039785,6.849356785495827e-06,0.0,8.314915833860144e-05
rs4028681,6634064,0.1088,0.0169,1.21e-10,0.00898819,0.0112324,0.423596,rsid,0.00011463147357144384,0.989723037086833,1.1770190742934238e-09,0.0,0.010162330262576484
rs1630632,6634255,0.0525,0.0145,0.000294,-0.00223872,0.00848765,0.791963,rsid,0.9936353929179068,0.006321816768314391,5.812076862464986e-06,0.0,3.697823691642485e-05
rs4419161,6634426,0.0267,0.014,0.0565,-0.00166219,0.00958939,0.862387,rsid,0.9999367745825039,5.638392236283303e-05,6.476312162264807e-06,0.0,3.651829710004142e-07
rs11085191,6634449,-0.0251,0.0141,0.0751,0.00166222,0.00958945,0.862385,rsid,0.9999482198084109,4.50122290638225e-05,6.47642892728215e-06,0.0,2.915335980559524e-07
rs390666,6634454,-0.0531,0.0132,5.75e-05,-0.00548824,0.00859109,0.522934,rsid,0.9736165973495244,0.026193008476323144,6.823480189050342e-06,0.0,0.00018357069396348453
rs10407292,6634499,-0.0666,0.0195,0.000637,-0.0128168,0.0118448,0.279224,rsid,0.9959536401047829,0.003976318032188361,1.402949256209445e-05,0.0,5.6012370466600754e-05
rs404061,6634526,-0.0607,0.0188,0.00124,-0.00935202,0.0115378,0.41762,rsid,0.9978658197679565,0.002101230210644331,1.0609448623800768e-05,0.0,2.2340572775398887e-05
rs4392173,6634565,0.0286,0.0141,0.0425,0.000409755,0.00970645,0.966328,rsid,0.9999211590168101,7.191282006661051e-05,6.4633301755626555e-06,0.0,4.6483294783295765e-07
rs392972,6634609,0.0724,0.0133,5.22e-08,0.00496345,0.00854322,0.561253,rsid,0.0443387724818508,0.9492735808187223,2.9834095391593926e-07,0.0,0.00638734835847299
rs116858845,6634815,0.1125,0.0386,0.00356,0.0023684,0.0442516,0.957317,rsid,0.9985973206021738,0.0013365126650800288,2.829585006210635e-05,0.0,3.7870882684129187e-05
rs4410197,6634824,-0.0279,0.014,0.0463,0.00159898,0.00959047,0.867586,rsid,0.9999265550591376,6.654465753401362e-05,6.469726004798875e-06,0.0,4.3055732358541193e-07
rs74174394,6634858,0.0365,0.0509,0.473,-0.0119921,0.0252376,0.634667,rsid,0.9999402648713797,4.046781884690107e-05,1.8517886529147163e-05,0.0,7.494232443828914e-07
rs57013074,6634860,0.1188,0.0337,0.000423,-0.00857736,0.0282481,0.7614,rsid,0.9917680278406753,0.008056869744028548,1.919194706061033e-05,0.0,0.00015591046823549087
rs399338,6634922,-0.0664,0.0196,0.000705,-0.0129718,0.0118448,0.273453,rsid,0.9962924436512828,0.003641297552456272,1.423436269605581e-05,0.0,5.202443356487476e-05
rs8104977,6635086,-0.0032,0.0559,0.954,0.0413456,0.04307,0.337073,rsid,0.9999213078622984,3.497160401318229e-05,4.224310817516865e-05,0.0,1.4774255131599473e-06
rs117424340,6635091,-0.0293,0.2043,0.886,-0.125825,0.139478,0.366998,rsid,0.9998275605960527,8.089163477487345e-05,8.469543533769353e-05,0.0,6.8523338347977375e-06
rs184843406,6635263,-0.099,0.1144,0.387,-0.00472677,0.0612352,0.938472,rsid,0.9998823569701207,7.683978966835463e-05,3.789133540301568e-05,0.0,2.9119048079251283e-06
rs35530634,6635286,-0.0093,0.0143,0.515,0.0024703,0.00977261,0.80044,rsid,0.9999815055195939,1.1703932395195906e-05,6.711989882302498e-06,0.0,7.855812871147957e-08
rs10414729,6635474,-0.0669,0.0196,0.000642,-0.012976,0.0118465,0.273368,rsid,0.995964912525677,0.003964194755719256,1.4234755533175019e-05,0.0,5.665796307066518e-05
rs60974602,6635633,-0.0008,0.056,0.989,-0.0414439,0.0430727,0.335956,rsid,0.99992121115602,3.4979291041039154e-05,4.2328804693858434e-05,0.0,1.480748245248247e-06
rs180672450,6635782,0.0016,0.1029,0.988,0.0623271,0.0339274,0.0661988,rsid,0.9998273750817126,5.656940108597162e-05,0.00010984081525527959,0.0,6.214701946201665e-06
rs452144,6635858,0.0546,0.0132,3.53e-05,0.00592166,0.00859388,0.490788,rsid,0.9588342842682477,0.040862611129499925,6.949235768481608e-06,0.0,0.0002961553664837798
rs368552,6635988,0.0705,0.0133,1.15e-07,0.00511864,0.00854281,0.549056,rsid,0.09036815182105368,0.9034868578756631,6.145699566902509e-07,0.0,0.006144375733326612
rs181666365,6636112,-0.4278,0.1057,5.18e-05,0.264331,0.151264,0.0805527,rsid,0.9843043081195576,0.013502468995352516,0.00014901860402157083,0.0,0.0020442042810683036
rs76226883,6636337,-0.0308,0.0232,0.184,-0.0122918,0.0116899,0.293033,rsid,0.9999499067499342,3.6146177525477794e-05,1.3460502455057231e-05,0.0,4.865700851995808e-07
rs74174395,6636620,-0.0675,0.0145,3.24e-06,-0.00580065,0.00854917,0.497452,rsid,0.6919445650332645,0.3058610065289784,4.9532155062986846e-06,0.0,0.002189475222250828
rs190818389,6636644,0.1311,0.0498,0.00848,-0.027163,0.0317063,0.391607,rsid,0.9992357916596085,0.000713864404759198,2.936516059139361e-05,0.0,2.0978775041091064e-05
rs182103255,6636697,0.0461,0.0968,0.634,-0.0233249,0.116481,0.841288,rsid,0.9998755069084938,5.874107463299912e-05,6.210353431804985e-05,0.0,3.6484825552221948e-06
rs113567355,6636761,-0.1311,0.0376,0.000489,0.0119561,0.0286243,0.676173,rsid,0.99247724562845,0.007352576617469915,2.023924008251726e-05,0.0,0.0001499385139977163
rs72620532,6636830,0.0673,0.0144,2.96e-06,0.00550816,0.00854442,0.519154,rsid,0.6747304517821149,0.32300492733257175,4.720743600392585e-06,0.0,0.002259900141713048
rs149933701,6636839,0.0964,0.0319,0.00251,-0.0204542,0.0239558,0.3932,rsid,0.9983015168779032,0.0016391299566115237,2.246593161982383e-05,0.0,3.688723386538048e-05
rs28752298,6637075,0.0108,0.0537,0.841,0.041927,0.0430337,0.329916,rsid,0.9999214609266628,3.431560268600588e-05,4.275615227561373e-05,0.0,1.4673183756978448e-06
rs12461340,6637268,0.1008,0.0399,0.0115,0.027143,0.0164215,0.0983535,rsid,0.9994308135154771,0.0005059933691170524,4.195305712993489e-05,0.0,2.124005827603713e-05
rs34251632,6637329,-0.0332,0.0492,0.5,0.0117062,0.0252492,0.642916,rsid,0.9999425851737166,3.8280510188593845e-05,1.8428811290022837e-05,0.0,7.055048047872015e-07
rs112512397,6637385,0.131,0.0338,0.000106,-0.0103752,0.028604,0.716815,rsid,0.9722658059031858,0.027172389592462976,1.9407709970213176e-05,0.0,0.0005423967943810133
rs113535021,6637693,-0.1345,0.0349,0.000116,0.0101277,0.0286095,0.723339,rsid,0.9741561655867208,0.02532044317701718,1.9390476088854933e-05,0.0,0.0005040007601732459
rs115484425,6637804,0.0939,0.0403,0.0198,0.0267527,0.0164096,0.103036,rsid,0.9996201825063745,0.0003262028696823676,4.042338838692956e-05,0.0,1.3191235556128068e-05
rs116871672,6637809,-0.0956,0.0408,0.0191,-0.0267575,0.0164096,0.102975,rsid,0.999607801968606,0.0003380781852615391,4.0441942990926665e-05,0.0,1.3677903141508804e-05
rs150245581,6638086,-0.0989,0.0402,0.0139,-0.0267444,0.0164086,0.103121,rsid,0.9995063631917829,0.0004356425531419476,4.038997369287542e-05,0.0,1.7604281382172797e-05
rs74174397,6638104,0.0047,0.014,0.737,0.00903362,0.00907382,0.31946,rsid,0.9999801808387604,9.827662409371223e-06,9.894259461189644e-06,0.0,9.723936897803163e-08
rs149492824,6638120,0.098,0.0565,0.0828,-0.00378861,0.0246759,0.877977,rsid,0.9998498220166674,0.00013159800293345634,1.641895426850814e-05,0.0,2.1610261305376333e-06
rs80031399,6638222,-0.102,0.0403,0.0114,-0.0286583,0.0163874,0.0803267,rsid,0.9994111214661866,0.0005143679633979429,4.919257604009191e-05,0.0,2.531799437544743e-05
rs12462065,6638300,0.106,0.0406,0.00903,0.026999,0.016408,0.0998711,rsid,0.9993075591064386,0.000625124337274534,4.141136584439841e-05,0.0,2.59051904423306e-05
rs12460469,6638448,-0.1018,0.0405,0.012,-0.0270082,0.0164072,0.0997378,rsid,0.9994429901144958,0.0004950176460641823,4.145824095335619e-05,0.0,2.053399848683816e-05
rs12461982,6638585,0.125,0.0395,0.00155,0.0303175,0.0161518,0.0605132,rsid,0.9970281342888521,0.0027433664552323628,6.090806233388974e-05,0.0,0.0001675911935816907
rs149257157,6638595,-0.0021,0.0807,0.979,-0.0524414,0.0533975,0.326053,rsid,0.9998987182179029,4.739085155128119e-05,5.145231455733828e-05,0.0,2.4386159885298117e-06
rs12462131,6638601,0.0731,0.0269,0.00658,0.0239922,0.0124681,0.0543188,rsid,0.9992839398700177,0.0006311213985731777,5.205939171609199e-05,0.0,3.2879339692983176e-05
rs11671296,6638982,-0.0409,0.0138,0.00304,1.43795e-05,0.00924791,0.998759,rsid,0.9992764743007688,0.0007129880599827948,6.149759447096512e-06,0.0,4.387879801347619e-06
rs57499049,6639040,-0.019,0.014,0.175,-0.00120971,0.00945874,0.898233,rsid,0.9999703509461337,2.3156865604737383e-05,6.345247853126124e-06,0.0,1.469404084076741e-07
rs365135,6639360,0.0556,0.0326,0.0881,0.0112706,0.0202944,0.578653,rsid,0.9998979082954425,8.516344667894971e-05,1.5599606018747087e-05,0.0,1.3286518597233135e-06
rs426374,6639430,0.052,0.0333,0.118,0.0112665,0.0202944,0.578789,rsid,0.9999140505031381,6.927076938299989e-05,1.559813948012868e-05,0.0,1.080587998726665e-06
rs395409,6639498,0.0508,0.0333,0.127,0.0103081,0.0202709,0.61109,rsid,0.9999181007693794,6.569458184747748e-05,1.5205638867867296e-05,0.0,9.990099052909187e-07
rs379194,6639522,0.0546,0.0333,0.101,0.011283,0.0202944,0.578234,rsid,0.999905145509441,7.80317744973622e-05,1.5604920880985167e-05,0.0,1.2177951805756719e-06
rs115063868,6639601,0.0971,0.0399,0.015,0.0272989,0.0164132,0.0962676,rsid,0.9995316878943332,0.0004082381619033956,4.265314420316249e-05,0.0,1.742079956022398e-05
rs201028522,6639661,0.0608,0.0184,0.000952,-0.00180142,0.00986647,0.855128,rsid,0.9973443420494498,0.002631439568438954,6.6562426884784616e-06,0.0,1.756213942278149e-05
rs34262528,6639876,0.0503,0.0311,0.106,0.00674594,0.0187986,0.719706,rsid,0.9999146618724829,7.11462870925191e-05,1.324913333199557e-05,0.0,9.427070926233026e-07
rs567368660,6639991,0.0338,0.1126,0.764,0.0363393,0.0906555,0.68853,rsid,0.9998799637085528,6.178796725574925e-05,5.485833242204208e-05,0.0,3.389991769438183e-06
rs12983648,6640183,0.0518,0.0309,0.0937,0.00674457,0.0187986,0.719759,rsid,0.9999080547748482,7.766743296054793e-05,1.3248704688442428e-05,0.0,1.0290875028858533e-06
rs8104770,6640185,-0.1167,0.0188,5.39e-10,-0.0188199,0.012379,0.128433,rsid,0.00045306749726716606,0.9742912899280551,1.1744439851252622e-08,0.0,0.02525563083023792
rs67978409,6640192,0.0087,0.014,0.534,0.0113244,0.00903549,0.210089,rsid,0.9999754462492962,1.1254299557839759e-05,1.3151437296720383e-05,0.0,1.4801384924859268e-07
rs12985772,6640241,0.0525,0.0306,0.0862,0.0067446,0.0187986,0.719757,rsid,0.9999035468398826,8.211647017383224e-05,1.3248652427075934e-05,0.0,1.0880375165282463e-06
rs12984145,6640323,0.059,0.0323,0.0678,0.0072523,0.0187737,0.699273,rsid,0.999881572531126,0.00010367628771466141,1.3365347432652001e-05,0.0,1.3858337266145636e-06
rs12986028,6640353,0.0516,0.0381,0.176,0.00670342,0.0187988,0.721401,rsid,0.9999277224031086,5.8267271084282513e-05,1.3238876823945386e-05,0.0,7.714489832308832e-07
rs12984171,6640356,0.074,0.0365,0.0426,0.00670583,0.0187988,0.721305,rsid,0.9998200209065922,0.00016456217273598574,1.323804677928347e-05,0.0,2.178873892527333e-06
rs113915490,6640366,0.0634,0.0387,0.101,0.00669041,0.018799,0.721922,rsid,0.999897690215658,8.791074553212115e-05,1.3235387016867699e-05,0.0,1.1636517930229899e-06
rs140045723,6640369,0.0663,0.0374,0.0763,0.00669272,0.0187992,0.721833,rsid,0.9998791560724111,0.00010620225008381036,1.323583243139972e-05,0.0,1.405845073787219e-06
rs150303002,6640371,0.0501,0.0388,0.197,0.00669633,0.0187992,0.721689,rsid,0.9999313325298076,5.4705842264222586e-05,1.3237414299564157e-05,0.0,7.242136285758745e-07
rs12978745,6640505,-0.0528,0.0311,0.0896,-0.00653336,0.0187998,0.728199,rsid,0.9999048945344924,8.084071512354517e-05,1.319773460182583e-05,0.0,1.0670157822550323e-06
rs8108758,6640508,-0.0066,0.014,0.637,-0.0112767,0.0090351,0.211995,rsid,0.999976422905134,1.0375992907868407e-05,1.3065530905811844e-05,0.0,1.3557105238780243e-07
rs12971381,6640533,-0.0471,0.0305,0.123,-0.00651518,0.0187999,0.728927,rsid,0.9999233615788125,6.261851032075737e-05,1.3193679019770936e-05,0.0,8.262318469725734e-07
rs11667690,6640541,-0.1306,0.0336,0.000102,0.00932629,0.02862,0.744526,rsid,0.9711825342054613,0.0282411350539454,1.9160491032620505e-05,0.0,0.0005571702495605925
rs12972533,6640631,-0.0423,0.0307,0.168,-0.00673615,0.0187996,0.720109,rsid,0.9999362232879708,4.986844681383124e-05,1.3247586515906276e-05,0.0,6.606786994952615e-07
rs12972542,6640640,-0.05,0.0312,0.109,-0.0063972,0.0188002,0.733652,rsid,0.9999161849686974,6.973108628044145e-05,1.3165802367196288e-05,0.0,9.181426549735716e-07
rs12979086,6640684,-0.0536,0.0316,0.0898,-0.00634926,0.0188,0.73557,rsid,0.9999040418012819,8.172868956952368e-05,1.3154320591343452e-05,0.0,1.0751885572651395e-06
rs12985265,6640722,0.0534,0.0316,0.0911,0.00629163,0.0188077,0.737984,rsid,0.9999048962942015,8.089450263440323e-05,1.3145688117722744e-05,0.0,1.0635150462922408e-06
rs4807090,6640809,-0.0437,0.0309,0.157,-0.00610079,0.0188018,0.745576,rsid,0.9999335500911462,5.2660790095153704e-05,1.3099255759347489e-05,0.0,6.89862999279155e-07
rs434364,6640827,0.014,0.0135,0.3,0.0116762,0.00873024,0.181077,rsid,0.9999703325281373,1.5281815283398035e-05,1.4169120276400789e-05,0.0,2.1653630287687946e-07
rs11672831,6640922,-0.1407,0.0334,2.52e-05,0.00916413,0.0286253,0.748861,rsid,0.9057717360962856,0.09239057164251688,1.7841317778990853e-05,0.0,0.0018198509434186395
rs11879908,6641021,0.008,0.014,0.568,0.0112683,0.0090412,0.212646,rsid,0.9999758854832188,1.0926453587261775e-05,1.3045518504080411e-05,0.0,1.4254468985291484e-07
rs142845256,6641185,0.0066,0.0166,0.691,0.0111529,0.00903285,0.216941,rsid,0.9999751058307409,1.1893702951270726e-05,1.2847656296035483e-05,0.0,1.528100116833645e-07
rs74174398,6641292,0.0473,0.0308,0.125,0.00574143,0.0187959,0.760015,rsid,0.9999238098025859,6.236023452733083e-05,1.3018089891225627e-05,0.0,8.118729954785056e-07
rs12979435,6641342,0.0081,0.014,0.563,0.0112242,0.00903117,0.213931,rsid,0.9999759118558205,1.0971033529474994e-05,1.2974760686621875e-05,0.0,1.4234996347628673e-07
rs72988314,6641422,0.1319,0.0335,8.24e-05,-0.00943414,0.0286272,0.741739,rsid,0.9654630542498708,0.0338491205641191,1.9074472127966785e-05,0.0,0.0006687507138821866
rs12980563,6641462,0.0619,0.0133,3.25e-06,-0.0027434,0.0085205,0.74747,rsid,0.7078681816145443,0.290393214904132,4.227748216624446e-06,0.0,0.0017343757331069148
rs409662,6641704,-0.042,0.0304,0.167,-0.00535757,0.0187898,0.775543,rsid,0.9999367392031984,4.968060798184313e-05,1.2937409773972246e-05,0.0,6.427790459957981e-07
rs56029314,6641765,-0.4516,0.067,1.58e-11,-0.0313903,0.0562168,0.576586,rsid,0.00014054128052578237,0.9611827195570006,5.655197022447871e-09,0.0,0.03867673350727668
rs12978664,6641766,0.0456,0.0311,0.143,0.00530472,0.018789,0.777689,rsid,0.9999294345529356,5.690317110130322e-05,1.2926656317644278e-05,0.0,7.356196455398117e-07
rs185591940,6642034,0.0547,0.1074,0.611,-0.0743088,0.0729304,0.308251,rsid,0.9998658177973005,6.342574305085057e-05,6.653581011630886e-05,0.0,4.220649532168239e-06
rs67213098,6642149,-0.0491,0.0312,0.116,-0.00524535,0.0187885,0.780108,rsid,0.9999194875801022,6.673553494013364e-05,1.2914930747587511e-05,0.0,8.619542101743351e-07
rs145864294,6642305,0.1545,0.1193,0.195,-0.237512,0.162622,0.144147,rsid,0.9997634866357298,0.00010402481276870137,0.00012000237387907972,0.0,1.2486177622447328e-05
rs407743,6642417,-0.0504,0.0309,0.103,-0.00521861,0.0187881,0.781194,rsid,0.9999138758831022,7.22813448790759e-05,1.2909570527937327e-05,0.0,9.332014907248686e-07
rs447135,6642448,-0.0398,0.0132,0.00257,0.00189556,0.00849211,0.823369,rsid,0.9991926140558276,0.0007969770409639007,5.790376859582963e-06,0.0,4.618526348873144e-06
rs74174399,6642863,0.0556,0.0314,0.0766,0.00521299,0.0187881,0.781424,rsid,0.9998939057524917,9.19983261369919e-05,1.2908257301783725e-05,0.0,1.1876640694354455e-06
rs35638602,6643063,0.054,0.031,0.0815,0.00521044,0.0187881,0.781531,rsid,0.9998992571800551,8.671554814879727e-05,1.2907847914815436e-05,0.0,1.1194238812730436e-06
rs149531866,6643272,0.0511,0.0304,0.0928,0.00561791,0.0187876,0.764923,rsid,0.99990885132615,7.715915817372418e-05,1.2987332672692206e-05,0.0,1.0021830035987671e-06
rs368428090,6643337,-0.0294,0.0325,0.366,-0.00805207,0.0186835,0.666487,rsid,0.999954728608877,3.130286269202873e-05,1.3544526773929864e-05,0.0,4.240016569776832e-07
rs371852355,6643349,-0.0304,0.0919,0.741,0.0499469,0.0467762,0.285618,rsid,0.9998928657943642,5.4361235143000005e-05,5.0051801226678394e-05,0.0,2.721169266121887e-06
rs375041082,6643356,0.0555,0.1016,0.585,0.0532552,0.0441833,0.228078,rsid,0.9998793285455604,6.211792017609266e-05,5.512864425406597e-05,0.0,3.42489000964904e-06
rs74174401,6643545,0.0108,0.015,0.472,0.0108607,0.00903526,0.229351,rsid,0.999974627242826,1.2862527290329553e-05,1.2351356196196396e-05,0.0,1.588736872096441e-07
rs373916,6643700,0.0835,0.0151,3.21e-08,0.0150235,0.00947089,0.112675,rsid,0.02541751340374821,0.95354150731928,5.608514293784467e-07,0.0,0.021040418425542478
rs12461987,6643863,0.0054,0.014,0.7,0.0135767,0.00905815,0.133916,rsid,0.9999713500330686,1.0004872588141814e-05,1.846039515026538e-05,0.0,1.846991930309288e-07
rs8103463,6643872,-0.0064,0.014,0.648,-0.0135479,0.00905802,0.134736,rsid,0.9999711293016188,1.0307936118664681e-05,1.8373365318474254e-05,0.0,1.893969440097666e-07
rs423413,6643942,-0.069,0.0141,9.9e-07,-0.00249192,0.00871661,0.774968,rsid,0.42658444895853204,0.5699686327360904,2.5778647884901747e-06,0.0,0.0034443404405890233
rs12462006,6643962,0.0489,0.0875,0.576,0.0445153,0.0187501,0.0175898,rsid,0.9997332517437839,5.6604138993624026e-05,0.00019888348503783193,0.0,1.1260632184616922e-05
rs139912032,6644004,0.0775,0.1147,0.499,-0.0641605,0.174359,0.712889,rsid,0.9998463576346533,7.015050521165835e-05,7.801801589036942e-05,0.0,5.4738442446979e-06
rs8107099,6644490,0.0065,0.0139,0.64,0.0136085,0.00905918,0.133052,rsid,0.999970969915335,1.0284373182021763e-05,1.8554880626622692e-05,0.0,1.908308565479759e-07
rs76080299,6644520,-0.0053,0.0139,0.703,-0.0136812,0.00906116,0.131076,rsid,0.9999711219445776,9.917428361776116e-06,1.8774427642364896e-05,0.0,1.8619941825362312e-07
rs610999,6644801,-0.0048,0.0139,0.73,-0.0137414,0.00906284,0.129459,rsid,0.9999710657901411,9.789752534279587e-06,1.8958849509220612e-05,0.0,1.8560781544540136e-07
rs610929,6644852,0.0465,0.0167,0.00536,-0.00928827,0.0103565,0.369798,rsid,0.9994755050724367,0.000508988893945991,1.0273958597518974e-05,0.0,5.232075019806608e-06
rs72988321,6644921,-0.1509,0.0316,1.79e-06,-0.0408635,0.0198175,0.0392094,rsid,0.4431043554207633,0.503550229479599,4.6900592102108366e-05,0.0,0.05329851450753554
rs12462627,6644992,0.0041,0.014,0.77,0.0138146,0.00905951,0.127291,rsid,0.9999709149850694,9.697215383300195e-06,1.9201592156489172e-05,0.0,1.8620739068850153e-07
rs392751,6645178,-0.0053,0.0139,0.703,-0.0136696,0.00905654,0.131206,rsid,0.9999711460458259,9.917428600805424e-06,1.875056283937778e-05,0.0,1.8596273394464788e-07
rs447573,6645337,-0.0007,0.0145,0.961,0.0133973,0.00905816,0.139131,rsid,0.9999722677972729,9.633626875333866e-06,1.7925879824918685e-05,0.0,1.726960268865696e-07
rs425796,6645441,-0.0051,0.014,0.716,-0.0136145,0.00905759,0.132811,rsid,0.9999713127080505,9.92548683755009e-06,1.8577409983863518e-05,0.0,1.8439512806748194e-07
rs1494123,6645524,-0.0053,0.014,0.705,-0.0136145,0.00905759,0.132813,rsid,0.9999712593884575,9.977834901876388e-06,1.857740899329516e-05,0.0,1.853676474192798e-07
rs454453,6645695,0.0048,0.0141,0.734,0.0136136,0.00905759,0.132839,rsid,0.99997132849432,9.91272893875482e-06,1.8574646030811517e-05,0.0,1.8413071054146581e-07
rs1494124,6645708,0.0031,0.0141,0.826,0.0136136,0.00905759,0.132838,rsid,0.9999716609328828,9.586346807168659e-06,1.8574652205917198e-05,0.0,1.780681041524176e-07
rs390821,6645759,-0.0035,0.014,0.803,-0.0136137,0.00905759,0.132835,rsid,0.9999716609407246,9.586034709225131e-06,1.8574959315309575e-05,0.0,1.78065250920703e-07
rs438580,6645799,0.0047,0.014,0.737,0.0136137,0.00905759,0.132835,rsid,0.9999714149169929,9.827576259143958e-06,1.857495474529926e-05,0.0,1.8255200253372198e-07
rs2547447,6645927,0.0062,0.0152,0.683,0.0151189,0.00907343,0.0956555,rsid,0.9999647103552883,1.0947712296565123e-05,2.407832058583055e-05,0.0,2.6361182912592593e-07
rs7260400,6646071,0.0044,0.0167,0.792,0.0160027,0.00912933,0.0796214,rsid,0.9999601519280634,1.1451587621858193e-05,2.807496854065813e-05,0.0,3.215157740079503e-07
rs55810426,6646181,0.0053,0.0167,0.751,0.0151188,0.00907344,0.0956599,rsid,0.9999640121015707,1.1630046268714057e-05,2.407781596893257e-05,0.0,2.800361916822907e-07
rs72988324,6646316,-0.0394,0.0234,0.0922,0.00757505,0.0160144,0.636203,rsid,0.9999259075085932,6.150523096426043e-05,1.1857884477796823e-05,0.0,7.293759648368192e-07
rs148768574,6646458,0.1269,0.0418,0.0024,0.00765817,0.0458241,0.867275,rsid,0.9979851860113694,0.00192821316342464,2.953536648276271e-05,0.0,5.7065458723136967e-05
rs409761,6646715,0.0067,0.014,0.632,0.0150995,0.0090736,0.0960882,rsid,0.9999653471010848,1.0410836597590188e-05,2.399227401725312e-05,0.0,2.4978830028695104e-07
rs150893016,6646901,-0.2205,0.2254,0.328,0.12072,0.139451,0.386665,rsid,0.9998123226229388,9.64123216243884e-05,8.323834674708529e-05,0.0,8.026708689695668e-06
rs370582,6647012,0.0061,0.014,0.663,0.0151122,0.00907349,0.0958054,rsid,0.9999654952954544,1.021058317405131e-05,2.404856304537419e-05,0.0,2.455583261087009e-07
rs429407,6647179,0.0057,0.014,0.684,0.0151126,0.0090735,0.0957988,rsid,0.9999656176329327,1.0089426936606634e-05,2.4050278262081303e-05,0.0,2.426618686197682e-07
rs72988325,6647400,0.0525,0.0509,0.302,-0.0203953,0.0406943,0.616242,rsid,0.99991726716279,5.177589362860472e-05,2.9432902656096403e-05,0.0,1.524040925332902e-06
rs2172661,6647423,0.0052,0.014,0.71,0.0151146,0.00907355,0.0957569,rsid,0.9999657504096079,9.951319688009243e-06,2.4058845243554292e-05,0.0,2.394254605669032e-07
rs140388682,6647670,0.0272,0.037,0.462,-0.00306478,0.0195475,0.875413,rsid,0.9999556176295289,3.089794618282356e-05,1.3080253384940278e-05,0.0,4.041709032083403e-07
rs433384,6648194,0.0538,0.0873,0.538,0.0443149,0.0187689,0.0182222,rsid,0.999737751415619,5.7957497401519855e-05,0.00019309674706348716,0.0,1.1194339915970037e-05
rs111768715,6648431,0.1914,0.0394,1.19e-06,-0.00801036,0.0286717,0.779952,rsid,0.38302047313194654,0.6051730698125466,7.467705865659613e-06,0.0,0.011798989349641246
rs139523609,6649070,-0.0426,0.0412,0.301,-0.0543495,0.0432339,0.208716,rsid,0.9998965158834253,4.353924919019888e-05,5.744355910467081e-05,0.0,2.5013082799078073e-06
rs386574,6649564,-0.0088,0.0149,0.555,-0.0167671,0.00917707,0.0676893,rsid,0.9999556624399809,1.1748726837317631e-05,3.2210385383248254e-05,0.0,3.7844779864449886e-07
rs392720,6649632,-0.076,0.0253,0.00266,-0.0268811,0.0181129,0.137785,rsid,0.9985816556239648,0.0013354916273974086,3.544671690884093e-05,0.0,4.7406031728976156e-05
rs377237,6649732,0.0085,0.0149,0.568,0.0167384,0.00917824,0.0681962,rsid,0.9999559964089935,1.1613529540967725e-05,3.201820078174523e-05,0.0,3.718606838328769e-07
rs416956,6649822,-0.008,0.0149,0.591,-0.0167389,0.00917882,0.0682056,rsid,0.9999562164604953,1.1401811840750309e-05,3.201666370488696e-05,0.0,3.650639591239769e-07
rs11669744,6649952,-0.0122,0.015,0.416,-0.0220273,0.00851698,0.00970175,rsid,0.9998250507643563,1.3804791141861787e-05,0.0001589497918703098,0.0,2.1946526316124317e-06
rs368341,6650114,-0.0065,0.0149,0.663,-0.0166945,0.00918071,0.0689986,rsid,0.9999570716375747,1.0861967442423216e-05,3.172181882731986e-05,0.0,3.445761554068786e-07
rs448726,6650403,0.0088,0.015,0.557,0.0162477,0.00918637,0.0769485,rsid,0.999958817012551,1.1799460230367281e-05,2.904084678942641e-05,0.0,3.4268042935184734e-07
rs138473187,6650823,0.2092,0.0459,5.17e-06,-0.0225347,0.0427312,0.597943,rsid,0.7132477352028689,0.27806525723507786,2.2225488546849316e-05,0.0,0.008664782073506506
rs34837190,6650863,-0.006,0.0179,0.737,-0.0166405,0.00918471,0.0700229,rsid,0.999955727643753,1.252479888597667e-05,3.1354827070752344e-05,0.0,3.927302902610695e-07
rs12971703,6651016,0.0626,0.0313,0.0455,0.00903051,0.0188525,0.631933,rsid,0.9998452587308105,0.00013884219567359486,1.3960471077090058e-05,0.0,1.938602438782731e-06
rs382146,6651135,0.0079,0.015,0.598,0.0169292,0.0091886,0.0654139,rsid,0.9999550379590357,1.141559840262537e-05,3.3167795305825546e-05,0.0,3.786472558652167e-07
rs439839,6651168,0.0071,0.015,0.636,0.0165067,0.00918596,0.0723452,rsid,0.9999580071901015,1.1118173593960686e-05,3.053512720263888e-05,0.0,3.395091018937849e-07
rs429682,6651507,0.0072,0.015,0.631,0.0165002,0.00918736,0.0725003,rsid,0.9999580206396167,1.1153210105030855e-05,3.048611792537143e-05,0.0,3.4003235284909724e-07
rs62123250,6651567,-0.2703,0.0249,1.88e-27,-0.0773179,0.018236,2.23666e-05,rsid,0.0,0.011656188184523459,0.0,0.0,0.9883438118154765
rs417329,6651974,0.0236,0.0159,0.138,-0.0158007,0.00901898,0.0797848,rsid,0.9999401072318137,3.1330960958163405e-05,2.7694073326988293e-05,0.0,8.677339011657746e-07
rs72988326,6652123,-0.0639,0.0315,0.0425,-0.0103391,0.0188729,0.583809,rsid,0.9998359407192233,0.00014745547803865836,1.4469801184619587e-05,0.0,2.1340015535624797e-06
rs364611,6652242,0.005,0.0149,0.737,0.0154718,0.00920006,0.0926254,rsid,0.9999642404351146,1.0452117796524719e-05,2.504565756431058e-05,0.0,2.6178952463308697e-07
rs396352,6652550,-0.0221,0.0145,0.127,0.0152304,0.00903305,0.0917825,rsid,0.9999440571020375,3.041154227972607e-05,2.4777782932431347e-05,0.0,7.535727502909878e-07
rs433312,6652640,0.0028,0.0139,0.84,0.0132496,0.00858356,0.122685,rsid,0.9999716753326937,9.415302133042704e-06,1.873298347814701e-05,0.0,1.7638169525288828e-07
rs117567732,6652642,0.0569,0.0355,0.109,0.0232664,0.0219722,0.289644,rsid,0.9998952310854728,7.772629898869285e-05,2.5092095469748273e-05,0.0,1.950520068604831e-06
rs79582406,6652820,-0.0099,0.0232,0.67,0.00364521,0.0128404,0.776499,rsid,0.9999742662807967,1.6707554851467378e-05,8.877833642213594e-06,0.0,1.4833070964031716e-07
rs117981854,6652842,0.0082,0.0628,0.896,0.0274563,0.0259755,0.290508,rsid,0.9999306065288246,3.890099865379719e-05,2.935062467397106e-05,0.0,1.1418478477159623e-06
rs72988328,6653102,-0.1418,0.0351,5.35e-05,-0.0442675,0.0200697,0.0274063,rsid,0.9434838004551616,0.0492524117768223,0.0001365304077206253,0.0,0.007127257360295558
rs438057,6653219,-0.022,0.0146,0.132,0.0150798,0.00903572,0.0951371,rsid,0.999945367021877,2.9830459808862335e-05,2.4084041043162655e-05,0.0,7.18477270926079e-07
rs404410,6653278,0.0093,0.0139,0.503,0.0132363,0.00858612,0.123173,rsid,0.9999695835166814,1.152059469586246e-05,1.8680669652846078e-05,0.0,2.1521896992194587e-07
rs383742,6653336,-0.0075,0.0139,0.589,-0.0131791,0.00859065,0.125,rsid,0.9999706648866872,1.0660515946797194e-05,1.8477610723552997e-05,0.0,1.9698664240262357e-07
rs397191,6653557,0.0082,0.0139,0.555,0.0133193,0.00860694,0.121741,rsid,0.9999699306405749,1.0965396015625656e-05,1.8896746865855494e-05,0.0,2.0721654365986858e-07
rs56756647,6653730,0.0052,0.0245,0.832,0.0120443,0.00917271,0.189164,rsid,0.9999688756321037,1.6478417551484085e-05,1.4408513453774993e-05,0.0,2.3743689106062992e-07
rs575905224,6653799,0.4264,0.1666,0.0105,-0.0450814,0.0737461,0.540997,rsid,0.9996102528288296,0.0003219637790286878,5.1269904010723166e-05,0.0,1.651348813101573e-05
rs13343619,6654011,-0.0251,0.0209,0.23,0.00391563,0.0133368,0.769067,rsid,0.9999624990064753,2.799841409325297e-05,9.243759129505828e-06,0.0,2.588203019046576e-07
rs454919,6654133,-0.0164,0.0143,0.251,-0.00947257,0.00860758,0.271118,rsid,0.9999711209126287,1.8211529287031472e-05,1.0476754846193568e-05,0.0,1.9080323793788218e-07
rs374674925,6654155,0.0405,0.0265,0.126,-0.00122509,0.00961479,0.898611,rsid,0.9999392096572048,5.399321578351802e-05,6.448908533418615e-06,0.0,3.4821847833370754e-07
rs446280,6654399,0.0159,0.0142,0.263,-0.00146589,0.00854964,0.863865,rsid,0.9999765797836252,1.7543946438295202e-05,5.774952112914457e-06,0.0,1.0131782343803852e-07
rs79130107,6655004,0.0292,0.0708,0.68,-0.0421111,0.0790347,0.594159,rsid,0.9998997646776422,4.57587082136423e-05,5.209268138250222e-05,0.0,2.383932761717006e-06
rs12977994,6655261,-0.0106,0.0158,0.502,0.00808964,0.0100304,0.419948,rsid,0.999977567701409,1.3087793111714096e-05,9.223783797156027e-06,0.0,1.2072168210917823e-07
rs2642217,6655695,-0.0713,0.0172,3.39e-05,-0.0358262,0.00986899,0.000283224,rsid,0.7608242115412609,0.04177752004103746,0.0035305883331226175,0.0,0.193867680084579
rs62123251,6655709,0.0034,0.0181,0.851,0.0196101,0.011467,0.0872409,rsid,0.9999547915451242,1.2190581228370756e-05,3.2620196513673114e-05,0.0,3.976771336541007e-07
rs560212524,6655770,-0.0957,0.1225,0.435,-0.232431,0.18915,0.21914,rsid,0.9998112203809826,7.595370361427663e-05,0.00010485991284318758,0.0,7.966002560038725e-06
rs61589029,6655775,0.1891,0.021,2.16e-19,0.0773599,0.0163165,2.12452e-06,rsid,5.372480120156583e-16,0.0013841818917152855,3.875967213970893e-16,0.0,0.9986158181082838
rs111564333,6656039,-0.059,0.0345,0.0872,-0.0200821,0.0213488,0.346875,rsid,0.9998864207989385,8.98853795183115e-05,2.1739533369227663e-05,0.0,1.9542881739334653e-06
rs344576,6656212,0.1588,0.0221,6.7e-13,0.0322328,0.0127497,0.0114675,rsid,6.065376370319519e-07,0.8317987882868065,1.226498511091335e-10,0.0,0.16820060505290652
rs60201275,6656215,-0.0329,0.0311,0.29,-0.0312905,0.0194602,0.107852,rsid,0.9999178175429563,3.47162083070615e-05,4.5873561721272916e-05,0.0,1.5926870154347837e-06
rs57762153,6656234,0.0634,0.0153,3.42e-05,-0.00112617,0.00954249,0.906055,rsid,0.9523295495079042,0.047361548326714346,6.088864585728531e-06,0.0,0.0003028133007957325
rs11882049,6656455,-0.0466,0.0241,0.0532,0.0305532,0.0132584,0.0211982,rsid,0.9997671257578339,9.812595564798932e-05,0.00012270494221582168,0.0,1.2043344302336363e-05
rs173172,6656484,-0.0753,0.0171,1.07e-05,-0.0362372,0.00987128,0.00024163,rsid,0.489581855146839,0.07954776032614976,0.002635598789709195,0.0,0.42823478573730206
rs344575,6656497,-0.1571,0.0221,1.17e-12,-0.0320867,0.0127595,0.0119124,rsid,1.0445081263003962e-06,0.836337169514669,2.0439850270403675e-10,0.0,0.1636617857728061
rs111759466,6656619,0.0681,0.018,0.000155,0.00370386,0.0105176,0.72472,rsid,0.986271996619501,0.013619330497614273,7.338349871110515e-06,0.0,0.00010133453301355052
rs12972736,6656777,-0.0099,0.0156,0.526,0.00716233,0.00990992,0.469838,rsid,0.9999787158054037,1.2625508005035861e-05,8.55072702094374e-06,0.0,1.0795957028430412e-07
rs78969075,6656924,0.0607,0.0153,7.27e-05,0.000134555,0.00952232,0.988726,rsid,0.9759398404783967,0.023902511642412947,6.184261354635212e-06,0.0,0.0001514636178357397
rs344574,6657041,-0.0762,0.0169,6.52e-06,-0.0362989,0.00987236,0.000236162,rsid,0.3745257136872262,0.09590489947552146,0.002060018037730858,0.0,0.5275093687995214
rs577482280,6657090,-0.4703,0.169,0.00539,-0.0306453,0.0727591,0.673617,rsid,0.9995220124063153,0.0004118014167910482,4.687411783397419e-05,0.0,1.9312059059500055e-05
rs113133105,6657167,0.0649,0.0194,0.000822,0.00355795,0.0104522,0.733554,rsid,0.9968291580776538,0.0031403731556585686,7.341230314986581e-06,0.0,2.3127536372581527e-05
rs137883273,6657337,-0.0339,0.0692,0.624,-0.00957374,0.0781689,0.902523,rsid,0.999905115240089,4.624716065169397e-05,4.648748123298456e-05,0.0,2.1501180263071523e-06
rs57094658,6657578,-0.0635,0.0153,3.32e-05,9.36224e-05,0.00951717,0.992151,rsid,0.9510998409950107,0.04858643846654231,6.023302013545599e-06,0.0,0.000307697236433529
rs12973494,6657765,0.0111,0.0156,0.477,-0.00549087,0.00994272,0.580776,rsid,0.9999789096716633,1.328905210591828e-05,7.698962163739175e-06,0.0,1.0231406719269382e-07
rs344571,6658063,0.0367,0.0138,0.00783,0.0318383,0.00855155,0.000196789,rsid,0.9923191467697005,0.00030306801568381816,0.005651682941917651,0.0,0.0017261022726981477
rs147229458,6658467,-0.0631,0.071,0.374,-0.00864582,0.078328,0.912108,rsid,0.999891670396839,5.907239273164896e-05,4.650948613855299e-05,0.0,2.7477242908058047e-06
rs35723914,6658511,-0.0211,0.0184,0.251,0.00346285,0.0102125,0.734549,rsid,0.9999693675837444,2.3271881730547622e-05,7.193131687100101e-06,0.0,1.6740283784785933e-07
rs344570,6658613,-0.1966,0.021,7.83e-21,-0.0776469,0.0163378,2.00826e-06,rsid,2.0377658555353222e-17,0.0013110402210938649,1.552274468619708e-17,0.0,0.9986889597789061
rs344569,6658636,0.0748,0.0169,9.6e-06,0.0371062,0.00987384,0.000171258,rsid,0.39914980357586755,0.07092246326843327,0.0029657286408391035,0.0,0.5269620045148601
rs344568,6658690,-0.0794,0.0172,3.91e-06,-0.0368107,0.00987166,0.000192296,rsid,0.23632135712899122,0.099427863740568,0.001575055727834601,0.0,0.6626757234026062
rs8113119,6658863,-0.1155,0.0314,0.000235,0.033289,0.0161015,0.0386919,rsid,0.9855677509624163,0.01318142550871764,8.701714680022005e-05,0.0,0.0011638063820657502
rs344567,6659591,-0.1601,0.0231,4.19e-12,-0.0719065,0.01618,8.82328e-06,rsid,2.2713432050057647e-08,0.005343223029612671,4.2281724681343925e-09,0.0,0.994656750028783
rs344566,6659597,-0.1602,0.0231,4.06e-12,-0.0725969,0.016179,7.21988e-06,rsid,1.8265757039278633e-08,0.0044247684054401605,4.109804902684897e-09,0.0,0.9955752092189979
rs4807093,6659626,-0.126,0.0196,1.29e-10,-0.0363384,0.0114842,0.00155514,rsid,5.5009355600107135e-05,0.47453002093109603,6.090812863504489e-08,0.0,0.5254149088051753
rs12608923,6659855,-0.0201,0.0159,0.206,-0.00164287,0.0105041,0.875716,rsid,0.9999695328222192,2.323122841089949e-05,7.071660992661578e-06,0.0,1.6428837716816385e-07
rs10410439,6659982,-0.1778,0.0353,4.73e-07,-0.0162597,0.0294094,0.580349,rsid,0.20468259894285426,0.7779696671607189,4.5629610649417376e-06,0.0,0.017343170935361883
rs185271306,6660058,-0.4752,0.0686,4.3e-12,-0.105966,0.0464638,0.0225715,rsid,4.40329992965167e-05,0.7589912683274839,1.3979604554582598e-08,0.0,0.24096468469361504
rs62123253,6660287,-0.068,0.0149,5.02e-06,-0.0112073,0.00919701,0.223003,rsid,0.7684260277771691,0.22863211717251583,9.854370696219686e-06,0.0,0.002932000679618893
rs62123254,6660569,-0.0635,0.0151,2.61e-05,-0.00434105,0.00938396,0.643649,rsid,0.939949022174001,0.059630214773210316,6.529548465013529e-06,0.0,0.0004142335043237754
rs141327716,6660776,0.0769,0.0184,2.92e-05,0.0047145,0.00935026,0.614113,rsid,0.9373117039953821,0.062242125572686255,6.619254394351681e-06,0.0,0.000439551177537438
rs141395077,6661124,0.1699,0.069,0.0138,-0.00555839,0.0267862,0.835612,rsid,0.9994629585850652,0.0005099448132054889,1.7942169265286807e-05,0.0,9.154432463851258e-06
rs344564,6661488,-0.472,0.0267,6.21e-70,-0.0857707,0.0181564,2.3126e-06,rsid,0.0,0.0013920791835667454,0.0,0.0,0.9986079208164332
rs187024605,6661514,0.2155,0.0722,0.00284,0.039705,0.0875256,0.650089,rsid,0.9982469149869857,0.001611074248345509,5.432899932661177e-05,0.0,8.768176534222081e-05
rs344563,6661532,0.4762,0.0267,3.77e-71,0.0900315,0.0180534,6.13381e-07,rsid,0.0,0.00039733607533561907,0.0,0.0,0.9996026639246643
rs113790324,6661535,-0.007,0.0195,0.72,-0.0247131,0.0116688,0.0341853,rsid,0.9999132031565432,1.3734949909939748e-05,7.207190363247291e-05,0.0,9.899899143056358e-07
rs344562,6661549,-0.4782,0.0267,9.83e-72,-0.0857652,0.018155,2.31201e-06,rsid,0.0,0.001391753833469408,0.0,0.0,0.9986082461665307
rs146870009,6661632,-0.0573,0.1219,0.638,-0.00185081,0.0302238,0.951171,rsid,0.9999114711980226,6.740675618657164e-05,1.9788077575724908e-05,0.0,1.3339682151558181e-06
rs182159629,6661752,-0.02,0.1516,0.895,0.166593,0.232213,0.473119,rsid,0.9998315399353893,7.138658977652457e-05,9.060444286576854e-05,0.0,6.469031968332532e-06
rs12461880,6661983,-0.1514,0.0195,8.22e-15,-0.0428035,0.01012,2.34132e-05,rsid,2.0578375141414766e-10,0.01977566756666313,1.0200122935478288e-11,0.0,0.9802243322173531
rs45511297,6662554,-0.0822,0.0317,0.00951,0.0172995,0.0221358,0.434498,rsid,0.9994537979800375,0.0005163608859845229,1.9675778976101085e-05,0.0,1.0165355001970918e-05
rs144648754,6663009,0.1277,0.1405,0.363,-0.0922415,0.154945,0.551631,rsid,0.9998298786868977,8.517939769840046e-05,7.827349205401578e-05,0.0,6.668423349848199e-06
rs148085223,6663092,-0.0345,0.051,0.499,-0.0328983,0.0293589,0.262476,rsid,0.9999239272911964,3.9519146628170996e-05,3.5163812587771236e-05,0.0,1.3897495876773498e-06
rs80196597,6663512,-0.0608,0.0189,0.0013,-0.0244264,0.0133726,0.0677595,rsid,0.9978262698223312,0.0020328713694702737,4.6376325151692285e-05,0.0,9.448248304677927e-05
rs2279627,6663594,-0.0184,0.0155,0.235,0.000840805,0.00992891,0.932514,rsid,0.9999725929800335,2.064126511751791e-05,6.62892176714928e-06,0.0,1.368330818260193e-07
rs146078425,6663670,0.2961,0.0519,1.16e-08,-0.00680704,0.0284744,0.81106,rsid,0.014406909027329206,0.9670512209433041,2.76228445118968e-07,0.0,0.01854159380092159
rs45494896,6663915,0.1325,0.1825,0.468,-0.0904226,0.2411,0.70763,rsid,0.9998200675946254,8.590837160417875e-05,8.658437267170354e-05,0.0,7.439661098712072e-06
rs12609318,6663916,-0.0204,0.0156,0.191,0.000709763,0.00992913,0.943013,rsid,0.9999691141580079,2.4103968716217468e-05,6.6222459366712114e-06,0.0,1.5962733911339462e-07
rs344561,6664054,-0.1065,0.0142,6.38e-14,-0.0164692,0.00866889,0.0574579,rsid,8.031093591726741e-08,0.9663145180563542,2.7996124254539713e-12,0.0,0.03368540162991023
rs113787112,6664711,-0.1683,0.1281,0.189,0.231739,0.121637,0.0567571,rsid,0.9996847086292553,0.00010694798122803347,0.00018820851991159152,0.0,2.0134869605098417e-05
rs344560,6665020,-0.4894,0.0273,7.290000000000002e-72,-0.0782515,0.0185387,2.43232e-05,rsid,0.0,0.012450393053746452,0.0,0.0,0.9875496069462535
rs142044586,6665387,0.3048,0.0299,2.11e-24,-0.0204766,0.0183541,0.264578,rsid,0.0,0.9780662287311274,0.0,0.0,0.021933771268872772
rs8101047,6665481,-0.056,0.0142,8.02e-05,-0.0144661,0.00893054,0.105265,rsid,0.9790033676513544,0.02052421545027084,2.1508302471392976e-05,0.0,0.00045090859590349194
rs148244967,6665491,-0.0112,0.0327,0.732,-0.0331491,0.024694,0.179468,rsid,0.9999375367141621,2.252729130442582e-05,3.905611117930229e-05,0.0,8.798833541596397e-07
rs140343644,6665569,0.3055,0.0297,8.13e-25,-0.0205011,0.0183538,0.263998,rsid,0.0,0.9780346193275884,0.0,0.0,0.02196538067241158
rs72988349,6665989,0.1934,0.0359,7.16e-08,0.058657,0.0353774,0.0973106,rsid,0.04157517877627974,0.8838135742068544,3.509597625361524e-06,0.0,0.07460773741924043
rs187562945,6666014,0.3025,0.0514,3.98e-09,-0.00672844,0.0284709,0.813179,rsid,0.005594787156975933,0.9757114003756455,1.0719081703599416e-07,0.0,0.018693705276561494
rs11882001,6666273,-0.1963,0.0366,8.17e-08,-0.0610553,0.0355227,0.0856564,rsid,0.046785386008752906,0.8718394480942554,4.36658866928106e-06,0.0,0.08137079930832244
rs4533396,6666316,-0.0605,0.0142,2.04e-05,-0.0145583,0.00892796,0.102966,rsid,0.9278497359740844,0.07055262655914833,2.0738075325660897e-05,0.0,0.0015768993914416637
rs184440910,6666787,-0.2516,0.0876,0.00408,0.0334149,0.0446149,0.453879,rsid,0.9988315481134723,0.0010913412160474534,3.6848901532127356e-05,0.0,4.026176894796693e-05
rs2101765,6668037,0.0239,0.0159,0.133,-0.00333213,0.010269,0.745569,rsid,0.9999603531254139,3.2217091253415286e-05,7.197879400933072e-06,0.0,2.319039317570374e-07
rs344559,6668537,0.0472,0.0175,0.00699,0.0152429,0.0127213,0.230834,rsid,0.9995564592065908,0.00041908741553267463,1.722950505132672e-05,0.0,7.2238728251520335e-06
rs112218877,6668545,-0.1807,0.0356,3.86e-07,-0.0718737,0.0355522,0.0432136,rsid,0.1587697488556266,0.7253808723260808,2.5351305033393213e-05,0.0,0.11582402751325908
rs1565827,6668645,-0.0276,0.0157,0.0788,0.00273861,0.0102603,0.789536,rsid,0.9999445867318361,4.800296019361534e-05,7.070866631375803e-06,0.0,3.394413389942393e-07
rs1077667,6668972,0.1281,0.0159,7.84e-16,0.0198718,0.00914195,0.0297283,rsid,1.0278996638659598e-09,0.9398212787131863,6.58185633024291e-14,0.0,0.06017872025884824
rs138811446,6669284,0.1331,0.0336,7.45e-05,0.0362827,0.0234057,0.121102,rsid,0.9612033884867608,0.03690966395823198,4.789276060578375e-05,0.0,0.0018390547944014835
rs2291668,6669934,0.1355,0.0172,3.33e-15,0.0191448,0.00954099,0.044794,rsid,4.1857863435040795e-09,0.9549748540604371,1.9735139900818688e-13,0.0,0.04502514175357902
rs8112236,6670094,-0.1793,0.0357,5.1e-07,-0.0559717,0.0368592,0.128882,rsid,0.2089402262694311,0.7387481603365734,1.4791116197050321e-05,0.0,0.05229682227779838
rs344558,6670253,-0.0782,0.0258,0.00244,-0.0209026,0.0184547,0.257364,rsid,0.998477189147487,0.0014661901026796107,2.2937995456226337e-05,0.0,3.368275437713697e-05
rs3760746,6670529,0.0251,0.0136,0.065,0.00516583,0.00848856,0.542813,rsid,0.9999439725245656,4.8899498209835536e-05,6.795654509926492e-06,0.0,3.323227147455481e-07
rs182667414,6670628,0.2722,0.0746,0.000263,0.0410443,0.105616,0.697557,rsid,0.9902188028135641,0.009166143430486719,5.996613550125734e-05,0.0,0.0005550876204478766
rs62123255,6670713,0.0574,0.0491,0.242,-0.0131996,0.0251092,0.599105,rsid,0.9999223564144479,5.766915102471309e-05,1.8885253427411143e-05,0.0,1.089181099971271e-06
rs11878563,6670910,-0.0152,0.0137,0.267,-0.00137366,0.0084968,0.871567,rsid,0.9999774265238563,1.67474464605914e-05,5.730063583797265e-06,0.0,9.596609937388404e-08
rs8106574,6671142,-0.0067,0.0156,0.668,-0.000716109,0.00905319,0.936953,rsid,0.9999825543201891,1.1333377577248496e-05,6.043804322307454e-06,0.0,6.84979113803465e-08
rs8103562,6671206,-0.0157,0.0137,0.252,-0.00135682,0.00849726,0.873135,rsid,0.9999767263487559,1.7445171338986876e-05,5.728542179314094e-06,0.0,9.993772575652304e-08
rs118016766,6671264,0.2167,0.2304,0.347,-0.0780999,0.218332,0.72056,rsid,0.9998122441374335,9.558965758847258e-05,8.41233706893649e-05,0.0,8.042834288673892e-06
rs12461821,6671369,0.1357,0.0172,3.03e-15,0.0199179,0.00955365,0.0370834,rsid,3.793888463401477e-09,0.9475345138596255,2.1006959143845862e-13,0.0,0.05246548234627591
rs35525345,6671534,-0.0859,0.026,0.000954,-0.0208481,0.018445,0.258357,rsid,0.9964944538791789,0.0034047530859057625,2.2820734206582177e-05,0.0,7.797230070877702e-05
rs11881860,6671609,-0.017,0.0137,0.215,-0.00131574,0.00849715,0.876943,rsid,0.9999746455253637,1.9518626378288347e-05,5.724118494972731e-06,0.0,1.1172976309786753e-07
rs146756921,6671650,-0.1062,0.0326,0.00112,-0.0232202,0.0227603,0.30763,rsid,0.9965327517923248,0.00335857777985535,2.4865876465534163e-05,0.0,8.38045513542492e-05
rs11881912,6671803,0.0152,0.0137,0.267,0.00354446,0.00850028,0.676692,rsid,0.9999769788030292,1.674743896224156e-05,6.170416948367861e-06,0.0,1.0334106024927473e-07
rs72988360,6672104,-0.0743,0.0209,0.000378,-0.0153477,0.0142269,0.280686,rsid,0.993124437650202,0.006745474753177601,1.6694645639756532e-05,0.0,0.00011339295098071972
rs184819043,6672348,-0.117,0.1864,0.53,-0.236355,0.134875,0.0797058,rsid,0.9997464223109453,8.416604137583542e-05,0.00015625679594886722,0.0,1.315485172998938e-05
rs173171,6672594,-0.3692,0.0278,2.9999999999999998e-40,-0.0821498,0.0191356,1.76246e-05,rsid,0.0,0.009032379827306997,0.0,0.0,0.990967620172693
rs77612372,6672763,0.0961,0.04,0.0163,0.0290439,0.0365074,0.426288,rsid,0.9995748454796939,0.00038113059987666785,3.1871536111302026e-05,0.0,1.2152384318216812e-05
rs62123257,6672995,0.0323,0.0137,0.0184,0.006941,0.0084908,0.413659,rsid,0.9998478176481628,0.0001431685835289337,7.884748252551115e-06,0.0,1.1290200557273306e-06
rs183885365,6673129,-0.3868,0.0909,2.09e-05,0.0050637,0.0733919,0.944993,rsid,0.9608944137777863,0.03741555626307233,4.231606410218576e-05,0.0,0.0016477138950390978
rs147524830,6673233,-0.1393,0.078,0.0741,0.158192,0.13286,0.233787,rsid,0.9997235584089871,0.000161852744558735,9.862216458668096e-05,0.0,1.5966681867616277e-05
rs140216203,6673384,-0.1545,0.1177,0.189,-0.172718,0.206375,0.402642,rsid,0.9997938980216385,0.00010520501409849109,9.129074073518887e-05,0.0,9.606223527780899e-06
rs189960010,6673887,-0.122,0.078,0.118,0.15849,0.132743,0.232494,rsid,0.9997684117877327,0.00012081967861851873,9.882568082791755e-05,0.0,1.1942852820819452e-05
rs6510917,6673889,-0.5466,0.0408,6.29e-41,-0.0839889,0.0220917,0.000143628,rsid,0.0,0.054946613129968534,0.0,0.0,0.9450533868700314
rs537228448,6674005,0.0589,0.1441,0.683,0.0354477,0.100779,0.725037,rsid,0.9998652429760162,7.235167045160392e-05,5.8194329142956785e-05,0.0,4.21102438941802e-06
rs12150912,6674374,0.0206,0.0136,0.13,0.00345345,0.00848247,0.683915,rsid,0.999965520878278,2.8173742043490825e-05,6.132595556007081e-06,0.0,1.7278412269679984e-07
rs1862510,6675025,-0.0629,0.0174,0.0003,-0.0272504,0.0104618,0.00919433,rsid,0.991125601708456,0.007205931781015087,0.00020173823324252992,0.0,0.0014667282772862895
rs1862509,6675230,0.0772,0.0173,8.1e-06,0.0315585,0.00960264,0.00101464,rsid,0.6635645105345194,0.14072086551979798,0.000918554317580107,0.0,0.1947960696281026
rs1874072,6675334,0.031,0.0141,0.0279,0.00479873,0.00853093,0.573769,rsid,0.9998899484747859,0.0001027206296004851,6.647939882870085e-06,0.0,6.829557306344006e-07
rs2355313,6675539,0.0155,0.0142,0.275,0.00233921,0.00852012,0.783661,rsid,0.9999770006592882,1.7010680250792376e-05,5.88849092092054e-06,0.0,1.0016954004885379e-07
rs140386736,6675662,-0.4973,0.0581,1.13e-17,-0.0929425,0.0316574,0.00332591,rsid,1.782538614283686e-10,0.43880891922570886,2.279681946571997e-13,0.0,0.5611910805958092
rs118047969,6675852,0.0857,0.0575,0.136,0.0300883,0.044605,0.499961,rsid,0.9998672925837708,9.42672414621546e-05,3.5128288409386074e-05,0.0,3.3118863575211543e-06
rs145191704,6675963,0.061,0.1426,0.669,0.093817,0.11459,0.412948,rsid,0.9998472771669461,7.2288683335397e-05,7.501088346072171e-05,0.0,5.4232662577877755e-06
rs413141,6675989,0.2432,0.0189,6.84e-38,0.0263193,0.0098578,0.00758752,rsid,0.0,0.8142956073038602,0.0,0.0,0.18570439269613973
rs182639512,6676163,0.5216,0.0999,1.78e-07,0.0183505,0.0550882,0.73905,rsid,0.5798811987457653,0.4054196005768836,2.099458371746763e-05,0.0,0.014678206093633637
rs379527,6676442,-0.0593,0.0145,4.32e-05,-0.0199965,0.00907888,0.0276274,rsid,0.9607953539531217,0.036656942681956683,6.507093951079303e-05,0.0,0.0024826324254109498
rs2004270,6676680,-0.0405,0.0224,0.0706,0.0141494,0.016832,0.400557,rsid,0.9999099669102348,7.30701396943396e-05,1.5807770097245145e-05,0.0,1.1551799736839726e-06
rs72990326,6677075,0.256,0.0324,2.76e-15,-0.0281399,0.0184384,0.126971,rsid,5.0924393608153555e-09,0.9629930317885935,1.956979016351237e-13,0.0,0.03700696311877141
rs11569586,6677159,-0.0368,0.0525,0.483,-0.0107613,0.0321663,0.737965,rsid,0.9999358510436904,4.111865320503607e-05,2.2120672491752143e-05,0.0,9.0963061270497e-07
rs149778408,6677587,-0.2099,0.1574,0.182,-0.173171,0.165575,0.295618,rsid,0.9997841816584855,0.00011051728221129445,9.481959344284696e-05,0.0,1.0481465860261925e-05
rs11569585,6677799,0.2537,0.0323,4.01e-15,-0.0282008,0.0184242,0.125858,rsid,7.201049839464018e-09,0.9627780612010713,2.7839955578242293e-13,0.0,0.03722193159760035
rs17030,6677989,-0.0241,0.0131,0.0658,0.00237302,0.0084726,0.779415,rsid,0.9999472047570968,4.665706054935932e-05,5.864545454836689e-06,0.0,2.736368991073411e-07
rs11569565,6678474,0.0498,0.0267,0.0622,0.0385828,0.0189256,0.0414839,rsid,0.9997994664403572,9.458596291341288e-05,9.679071727334028e-05,0.0,9.15687945601133e-06
rs11569562,6678753,0.0254,0.0131,0.0525,-0.00312513,0.00847178,0.712212,rsid,0.9999374278507691,5.619818090771373e-05,6.034802195293721e-06,0.0,3.3916612786695153e-07
rs11569561,6678871,-0.0317,0.0166,0.0562,0.0113205,0.0101073,0.262701,rsid,0.9999199796431503,6.663101785185546e-05,1.2552862084957514e-05,0.0,8.36476912855747e-07
rs344555,6679360,0.1173,0.0162,4.46e-13,0.0302796,0.00977053,0.00194129,rsid,2.9260453352263324e-07,0.5631664776699012,2.2696553934366835e-10,0.0,0.4368332294985996
rs2277984,6679511,-0.0264,0.0132,0.0455,0.00310875,0.00847191,0.713658,rsid,0.9999297973555966,6.37873856812306e-05,6.030558174895072e-06,0.0,3.847005471708449e-07
rs2277983,6679563,0.0323,0.0133,0.0152,-0.00035719,0.00848106,0.966406,rsid,0.999828692789426,0.00016472679435209918,5.649613970028939e-06,0.0,9.308022517470465e-07
rs11569560,6679578,0.2539,0.0323,3.82e-15,-0.0283989,0.0184213,0.123162,rsid,6.869631306717508e-09,0.9621826267959362,2.7000213522028587e-13,0.0,0.037817366334162335
rs2277982,6679645,-0.4013,0.0375,9.999999999999999e-27,-0.0839644,0.0182604,4.26246e-06,rsid,0.0,0.0024690309932471916,0.0,0.0,0.9975309690067528
rs11569558,6679773,0.2464,0.0323,2.38e-14,-0.0284034,0.0184215,0.123107,rsid,3.830905140769312e-08,0.9621696435308904,1.5062246173003741e-12,0.0,0.03783031815855195
rs11569557,6680510,0.2496,0.0325,1.59e-14,-0.0284506,0.018422,0.122497,rsid,2.6530598835336807e-08,0.9620290074405332,1.0471539415994028e-12,0.0,0.03797096602782079
rs62125100,6680729,0.1276,0.0596,0.0323,0.0268713,0.0400662,0.502429,rsid,0.9996924602491133,0.000267205359263197,3.182733964312294e-05,0.0,8.507051980379285e-06
rs344553,6680928,0.0727,0.0151,1.48e-06,0.0235426,0.00919553,0.0104604,rsid,0.47220325177344946,0.4548440025197707,7.565846177201003e-05,0.0,0.0728770872450079
rs344552,6680937,0.0369,0.0136,0.00666,-0.000376674,0.00848622,0.964596,rsid,0.9996447766153185,0.00034760527529958653,5.652553689230796e-06,0.0,1.965555692636683e-06
rs11569556,6681430,0.0524,0.027,0.0523,0.0386793,0.0189389,0.0411197,rsid,0.9997819437719342,0.00010977643793117597,9.75669066514076e-05,0.0,1.0712883483119125e-05
rs117041052,6681518,-0.2197,0.1219,0.0715,-0.00358705,0.0642138,0.955452,rsid,0.9997862795953816,0.00016770877170498401,3.940213642655974e-05,0.0,6.609496486914051e-06
rs11569555,6681551,0.0842,0.0213,7.72e-05,0.0630493,0.0127311,7.33027e-07,rsid,0.01939776339686341,0.0005780369832295142,0.03181983916197629,0.0,0.9482043604579308
rs34081046,6681630,-0.0275,0.0135,0.0416,0.00300891,0.00848174,0.722776,rsid,0.9999233700800311,7.019686730584344e-05,6.0110625647077215e-06,0.0,4.219900982893705e-07
rs344551,6681671,0.0367,0.0137,0.00739,1.77762e-05,0.00849486,0.99833,rsid,0.999673303566825,0.0003192383072584749,5.652910560500078e-06,0.0,1.8052153558354663e-06
rs550359675,6681673,-0.0509,0.0827,0.538,-0.0349676,0.0346511,0.31291,rsid,0.9999056343985836,5.582980045617664e-05,3.649793616296702e-05,0.0,2.0378647973779326e-06
rs7951,6681991,-0.0286,0.0252,0.256,-0.0605351,0.0134238,6.49666e-06,rsid,0.8190611656507804,2.5388855883905203e-05,0.17547418292248104,0.0,0.005439262570854676
rs45532534,6682114,-0.5529,0.1008,4.13e-08,-0.378584,0.134705,0.00494709,rsid,0.26187261335605766,0.4627273363681873,0.00015576978790228488,0.0,0.2752442804878528
rs11569553,6682533,-0.0644,0.017,0.000152,-0.0302111,0.00881854,0.000612844,rsid,0.9589508093224387,0.01288629932769501,0.001950620406677035,0.0,0.026212270943189325
rs11569584,6682556,-0.2475,0.0325,2.63e-14,0.0286248,0.0184231,0.120245,rsid,4.251049551280926e-08,0.9615014736017486,1.7021186877202046e-12,0.0,0.038498483886053834
rs11569551,6682873,0.2584,0.0327,2.74e-15,-0.028705,0.0184256,0.119259,rsid,5.129621650653543e-09,0.961261036308738,2.0672449319653483e-13,0.0,0.038738958561433515
rs344550,6682953,0.0756,0.0143,1.25e-07,0.0299132,0.00883085,0.0007057,rsid,0.03527135074532452,0.34610279185217846,6.303776416458054e-05,0.0,0.6185628196383325
rs11569583,6683144,-0.0751,0.1092,0.492,0.241545,0.169388,0.153872,rsid,0.9998062387584497,6.868706327035273e-05,0.00011703390513966304,0.0,8.040273140410586e-06
rs537779939,6683307,0.5588,0.1371,4.58e-05,-0.0124299,0.0694658,0.857989,rsid,0.993503269845128,0.006190788089836381,4.230820087583784e-05,0.0,0.0002636338641596737
rs76061973,6683318,-0.0025,0.0443,0.955,-0.026639,0.0284629,0.349316,rsid,0.9999423734847706,2.8366638574993193e-05,2.8452722057843263e-05,0.0,8.071545965962298e-07
rs11569547,6683622,-0.0091,0.0315,0.773,-0.0188544,0.0264612,0.476136,rsid,0.9999559105041831,2.139092177750685e-05,2.222317880011727e-05,0.0,4.7539523929727164e-07
rs11569546,6683749,-0.0237,0.0243,0.329,-0.0561243,0.0124153,6.16723e-06,rsid,0.8222781852139456,2.09038350497456e-05,0.17329542027231637,0.0,0.004405490678688388
rs11569545,6683754,0.0755,0.0198,0.000137,0.0602327,0.0119085,4.23731e-07,rsid,0.021189062202607918,0.00035173991357242604,0.055594051826053016,0.0,0.9228651460577667
rs344549,6683846,0.0757,0.0143,1.2e-07,0.0298952,0.00885563,0.000735902,rsid,0.03480966210215599,0.3543272961281119,6.0006235788902415e-05,0.0,0.6108030355339431
rs1389625,6684142,0.0716,0.0199,0.000321,0.0603888,0.0119093,3.96315e-07,rsid,0.039835695594434194,0.00030321792383722855,0.11145993479787751,0.0,0.8484011516838511
rs182584855,6684181,-0.1642,0.2357,0.486,-0.190706,0.193225,0.323661,rsid,0.9998060885103586,9.046869571276679e-05,9.48593296651997e-05,0.0,8.583464263339574e-06
rs1389623,6684197,-0.08,0.022,0.000277,-0.062408,0.0128372,1.16506e-06,rsid,0.0831230904521273,0.0007805088284201119,0.08817270681624301,0.0,0.8279236939032095
rs11569543,6684297,0.1367,0.0961,0.155,-0.0236479,0.0584962,0.686019,rsid,0.999846165806427,0.00011052210719620106,3.900095540364286e-05,0.0,4.311130973232329e-06
rs2241394,6685230,-0.0931,0.02,3.24e-06,-0.0205451,0.0109895,0.0615517,rsid,0.6336482267907828,0.35170865150746894,2.6334016971543185e-05,0.0,0.014616787684776934
rs2241393,6685304,0.0056,0.0141,0.691,-0.00982687,0.00852724,0.249153,rsid,0.9999787652804184,1.0120553447897054e-05,1.1002809249977916e-05,0.0,1.1135688372361695e-07
rs11569538,6685723,0.0006,0.0258,0.981,-0.0178047,0.0175689,0.310857,rsid,0.9999634087857672,1.6956615025225868e-05,1.930720242899584e-05,0.0,3.273967786482549e-07
rs344548,6685817,0.0078,0.018,0.665,-0.00301007,0.0121709,0.804662,rsid,0.9999784825670565,1.3070954647472745e-05,8.33749690718784e-06,0.0,1.0898138894702531e-07
rs11569582,6685930,-0.0025,0.0264,0.925,-0.0186082,0.0176002,0.290386,rsid,0.9999620111539846,1.741021314508651e-05,2.0226472298038585e-05,0.0,3.5216057205578406e-07
rs7257062,6685945,0.0028,0.0136,0.837,-0.0074401,0.00849134,0.380922,rsid,0.9999824142628763,9.222209522132316e-06,8.2871008771147e-06,0.0,7.642672464008701e-08
rs2241392,6685983,0.0011,0.0141,0.938,-0.0121947,0.00858473,0.15546,rsid,0.999974845027511,9.387719477654043e-06,1.5620607441882553e-05,0.0,1.4664556960021747e-07
rs11569536,6686089,-0.0028,0.0262,0.915,0.0183138,0.0176299,0.298901,rsid,0.9999624769292812,1.730286655438537e-05,1.9876274730041834e-05,0.0,3.439294345407105e-07
rs11666133,6686421,-0.1457,0.0344,2.28e-05,-0.0237666,0.0324647,0.464123,rsid,0.8965848331326016,0.1006404634222019,2.4500978393107823e-05,0.0,0.002750202466803323
rs2241391,6686504,-0.3349,0.1033,0.00119,-0.100626,0.0351427,0.0041917,rsid,0.994685532747428,0.0019933698741883706,0.0011055509571394828,0.0,0.0022155464212442193
rs11665922,6686578,-0.1679,0.0354,2.11e-06,-0.0263916,0.0310892,0.395938,rsid,0.49965994829944393,0.4863799786532949,1.4326516913061472e-05,0.0,0.013945746530348153
rs237554,6686659,0.039,0.0192,0.0422,0.00249705,0.0120489,0.835821,rsid,0.9998943847179182,9.664525148450238e-05,8.179442793318422e-06,0.0,7.905878039172806e-07
rs344546,6687132,0.0657,0.0135,1.13e-06,0.00818885,0.00861767,0.34199,rsid,0.4665960656890699,0.528643987635837,4.197558052894842e-06,0.0,0.004755749117040252
rs344545,6687142,0.0662,0.0135,9.4e-07,0.00813827,0.00861779,0.344987,rsid,0.4223232416668951,0.5725506982595193,3.778283140773365e-06,0.0,0.005122281790444812
rs344544,6687148,0.0382,0.0193,0.0478,0.00211516,0.012059,0.860765,rsid,0.9999035045189398,8.764532258411828e-05,8.136926136286001e-06,0.0,7.132323397556623e-07
rs72990368,6687374,-0.0528,0.0587,0.368,-0.0249498,0.04029,0.535747,rsid,0.9999156164284282,5.175705608430418e-05,3.102083300072021e-05,0.0,1.6056824866231417e-06
rs344543,6687414,-0.0661,0.0135,9.77e-07,-0.00801197,0.00861553,0.3524,rsid,0.43116045082874044,0.5638599635260162,3.804774345221842e-06,0.0,0.004975780870898244
rs344542,6687517,-0.0656,0.0135,1.18e-06,-0.00801014,0.00861551,0.352509,rsid,0.475541826835183,0.5198673141361813,4.195590396220172e-06,0.0,0.0045866634382394685
rs344541,6687595,-0.066,0.0135,1.01e-06,-0.00781188,0.00861575,0.364567,rsid,0.4400438691415198,0.5551563730489862,3.8015075927735236e-06,0.0,0.004795956301901368
rs146635917,6687658,0.2727,0.1364,0.0456,0.207244,0.199162,0.298071,rsid,0.9996824822702641,0.00020084998044573611,9.714914742695144e-05,0.0,1.9518601863174345e-05
rs344540,6687768,0.0654,0.0135,1.27e-06,0.00797109,0.0086149,0.354826,rsid,0.4933571421064138,0.5022260751638319,4.334527700394252e-06,0.0,0.004412448202053941
rs344539,6687912,-0.0657,0.0135,1.13e-06,-0.00806682,0.00861648,0.349166,rsid,0.4666254727864649,0.5286773052876023,4.142244245004643e-06,0.0,0.004693079681687824
rs344538,6688014,-0.0654,0.0135,1.27e-06,-0.00806783,0.00861649,0.349107,rsid,0.4933342725306382,0.5022027944685664,4.379818501515266e-06,0.0,0.0044585531822938455
rs11569529,6688146,0.0336,0.0147,0.0223,0.00474841,0.00911463,0.60239,rsid,0.9998624906419123,0.0001296659250556732,6.943034258708795e-06,0.0,9.003987731060191e-07
rs344536,6688268,0.0653,0.0135,1.32e-06,0.00791074,0.008619,0.35871,rsid,0.5022627894686018,0.4934251960379755,4.384782398688328e-06,0.0,0.0043076297110238235
rs344535,6688400,-0.0654,0.0135,1.27e-06,-0.00806739,0.0086165,0.349133,rsid,0.49333437714354456,0.5022029009620675,4.379611326603963e-06,0.0,0.00445834228306143
rs8108377,6688860,-0.078,0.0157,6.76e-07,-0.00894448,0.00852049,0.293828,rsid,0.3219873833647141,0.6714141614551157,3.162877748035701e-06,0.0,0.006595292302422417
rs11569523,6689042,0.1535,0.0291,1.33e-07,0.0168671,0.0152178,0.267699,rsid,0.07192371465956561,0.9111808956878652,1.3335258432784029e-06,0.0,0.01689405612672605
rs11085192,6689065,0.0839,0.0134,3.82e-10,0.00893235,0.00851958,0.294431,rsid,0.00039895923340618853,0.9898917022416437,3.913184325944259e-09,0.0,0.009709334611765864
rs11569580,6689155,-0.2785,0.0564,7.9e-07,-0.022478,0.0184447,0.222969,rsid,0.3888681839724036,0.5960034848275713,9.86418865128028e-06,0.0,0.015118467011373813
rs11569520,6689507,0.0575,0.0196,0.00335,0.0161493,0.0111514,0.147567,rsid,0.9990697783254979,0.0008904706641775259,2.1017826440669004e-05,0.0,1.8733183883871707e-05
rs11569519,6689854,0.0594,0.0195,0.00232,0.0162276,0.01115,0.145561,rsid,0.9987188044238717,0.0012337451430795886,2.122750506980926e-05,0.0,2.622292797889421e-05
rs11569517,6689999,0.0593,0.0193,0.00212,0.0164167,0.0111389,0.14053,rsid,0.9986251807455715,0.001324155745579011,2.17815873673367e-05,0.0,2.888192148204851e-05
rs11569515,6690244,0.0591,0.0195,0.00244,0.0162304,0.0111499,0.14549,rsid,0.9987753258458296,0.0011783819587849727,2.1236638646479147e-05,0.0,2.5055556739003362e-05
rs11569514,6690276,-0.0594,0.0195,0.00232,-0.0162304,0.0111499,0.145489,rsid,0.9987187867164595,0.0012337451212051293,2.1235436473148723e-05,0.0,2.6232725862246884e-05
rs11569513,6690460,0.0606,0.0195,0.00189,0.0162308,0.0111499,0.145481,rsid,0.9984613062260811,0.0014858675448171591,2.1231064353595004e-05,0.0,3.159516474821534e-05
rs6417195,6690461,-0.0246,0.0137,0.0726,0.00631101,0.00886987,0.476768,rsid,0.9999470634394152,4.499781053623882e-05,7.596888597782439e-06,0.0,3.418614507573268e-07
rs11569511,6690571,-0.0582,0.0194,0.0027,-0.0162106,0.0111491,0.145952,rsid,0.9988849709697202,0.0010711244930817173,2.1186174810414784e-05,0.0,2.271836238772892e-05
rs3745568,6690613,-0.0329,0.0208,0.114,-0.000639109,0.0133176,0.961724,rsid,0.9999438624186461,4.686846831045696e-05,8.854111119919125e-06,0.0,4.150019236454449e-07
rs11569510,6690742,0.0572,0.0197,0.00369,0.0162301,0.0111499,0.145498,rsid,0.9991410073521058,0.0008203077996824236,2.1243586553280376e-05,0.0,1.7441261658419132e-05
rs11569509,6690744,0.0557,0.0198,0.00491,0.0162296,0.0111499,0.145509,rsid,0.9993260433663558,0.0006391224484026658,2.1246141509042748e-05,0.0,1.358804373258073e-05
rs11569508,6690746,0.0552,0.0198,0.00531,0.0162296,0.0111499,0.145509,rsid,0.9993698439433761,0.0005962327943705116,2.1247072729902774e-05,0.0,1.2676189523546601e-05
rs3745567,6690771,-0.0586,0.0195,0.00265,-0.0162164,0.0111497,0.145829,rsid,0.9988634859387066,0.0010921336758380497,2.1200385793778282e-05,0.0,2.3179999661700145e-05
rs11569507,6690805,0.0576,0.0194,0.00299,0.0162307,0.0111499,0.145483,rsid,0.9989796999383944,0.0009782570741727705,2.1241811562530946e-05,0.0,2.08011758703128e-05
rs3745566,6690966,-0.0554,0.0195,0.0045,-0.01615,0.0111514,0.14755,rsid,0.9992829289566884,0.0006817042531782632,2.1024211253905066e-05,0.0,1.4342578879506297e-05
rs3745565,6690982,0.0568,0.0195,0.00358,0.01615,0.0111514,0.147549,rsid,0.9991263063007861,0.0008351028064475353,2.1020916023185702e-05,0.0,1.7569976743036065e-05
rs11569505,6691125,-0.0582,0.0194,0.0027,-0.0162368,0.0111506,0.145357,rsid,0.998884828238292,0.0010711243400279293,2.1255123848567848e-05,0.0,2.2792297831435192e-05
rs11569503,6691150,-0.0824,0.1137,0.469,-0.0855286,0.0570945,0.134129,rsid,0.9998270888610337,7.136559313458463e-05,9.478032214213125e-05,0.0,6.765223689693748e-06
rs184735325,6691240,-0.0387,0.133,0.771,-0.0885191,0.0734068,0.227868,rsid,0.9998476778037029,6.793107141483266e-05,7.902224154816613e-05,0.0,5.36888333406974e-06
rs421147,6691424,0.0572,0.0193,0.00304,0.0162101,0.0111368,0.14552,rsid,0.9989994576185426,0.0009589655334410575,2.12134786921055e-05,0.0,2.036336932415354e-05
rs11569502,6691534,-0.0589,0.0194,0.0024,-0.0162456,0.0111515,0.145166,rsid,0.9987612617131493,0.0011920708173539735,2.1274866823870773e-05,0.0,2.5392602672962354e-05
rs11569501,6691631,-0.0586,0.0194,0.00252,-0.0161889,0.0111503,0.146535,rsid,0.9988163287798592,0.0011384724351094391,2.112268837657739e-05,0.0,2.4076096654843578e-05
rs11569500,6691794,0.0584,0.0195,0.00275,0.0162273,0.0111502,0.145578,rsid,0.998896631261319,0.001059618135157148,2.1230030111285154e-05,0.0,2.2520573412530634e-05
rs11569499,6691952,-0.0587,0.0194,0.00248,-0.0162351,0.0111504,0.145389,rsid,0.998798121552795,0.0011560352598332583,2.1249016201643867e-05,0.0,2.459417117012473e-05
rs113707960,6692030,0.047,0.0221,0.0334,0.0161417,0.011151,0.14774,rsid,0.9998428718895235,0.00013331192597540513,2.1014288916053976e-05,0.0,2.8018955849617817e-06
rs77344981,6692145,-0.0588,0.0194,0.00244,-0.0162466,0.0111506,0.145112,rsid,0.9987798094036913,0.0011738995738589052,2.1279963779147873e-05,0.0,2.5011058670668308e-05
rs11569496,6692321,-0.0581,0.0194,0.00275,-0.0162464,0.0111508,0.145124,rsid,0.9989012544833917,0.0010549874661925371,2.1281567503577502e-05,0.0,2.247648291203339e-05
rs11569495,6692443,0.0577,0.0195,0.00309,0.0162558,0.011151,0.144898,rsid,0.9990043216949169,0.0009540191612733403,2.130935191868252e-05,0.0,2.034979189103881e-05
rs11569494,6692512,0.0581,0.0194,0.00275,0.016177,0.0111525,0.146912,rsid,0.9989016533824945,0.0010549878874889886,2.108735949051005e-05,0.0,2.2271370526098624e-05
rs438703,6692790,0.0545,0.0194,0.00497,0.0163762,0.0111417,0.141612,rsid,0.9993433933198382,0.0006214525444290758,2.167518592205331e-05,0.0,1.3478949810720602e-05
rs436041,6692796,-0.0553,0.0194,0.00436,-0.0163771,0.0111417,0.14159,rsid,0.999266223262021,0.0006969817463979227,2.167607150002475e-05,0.0,1.5118920080992287e-05
rs10414623,6693163,0.1529,0.0291,1.49e-07,0.0171602,0.0152421,0.260233,rsid,0.07919898564447746,0.9036910111120708,1.4993799155081603e-06,0.0,0.01710850386353633
rs2241390,6693240,-0.0587,0.0194,0.00248,-0.016197,0.0111523,0.146407,rsid,0.9987983559315889,0.0011560355311094493,2.1140252317075485e-05,0.0,2.446828498467416e-05
rs11569492,6693273,-0.0578,0.0194,0.00289,-0.0162761,0.0111522,0.144441,rsid,0.998948901525628,0.0010081773174160954,2.136190648531467e-05,0.0,2.1559250470536223e-05
rs2241389,6693317,-0.0581,0.0194,0.00275,-0.0162031,0.0111526,0.146265,rsid,0.998901507234588,0.0010549877331351835,2.1158513058776703e-05,0.0,2.2346519218083214e-05
rs389404,6693387,-0.0554,0.0193,0.0041,-0.0164015,0.0111417,0.140998,rsid,0.9992283235613078,0.000733959506053075,2.174480268490502e-05,0.0,1.5972129954195854e-05
rs137880434,6693437,0.2116,0.1233,0.0861,-0.178977,0.210771,0.395796,rsid,0.9997410965061877,0.00015288278232009045,9.195823920258671e-05,0.0,1.4062472289755329e-05
rs11085194,6693571,-0.0263,0.0137,0.0549,0.00667594,0.0088774,0.452042,rsid,0.9999351712675522,5.655468463803344e-05,7.83113190115437e-06,0.0,4.4291590870557106e-07
rs400443,6693636,0.0552,0.0192,0.00404,0.0164317,0.011142,0.140278,rsid,0.9992218639864829,0.0007401353921746476,2.1830507537076432e-05,0.0,1.617011380522018e-05
rs11569491,6693654,0.1084,0.0543,0.0459,-0.038609,0.0455224,0.396365,rsid,0.9997534708297295,0.00019816753737347465,4.036135105124893e-05,0.0,8.000281845737663e-06
rs432001,6693683,0.0542,0.0193,0.00498,0.0177033,0.0111279,0.111632,rsid,0.9993408801368882,0.0006170190587604269,2.6029508565832395e-05,0.0,1.6071295785564586e-05
rs393770,6693885,-0.028,0.0137,0.041,-0.00755576,0.00858028,0.378537,rsid,0.9999188150003079,7.217315263294874e-05,8.40517017610053e-06,0.0,6.06676883088179e-07
rs11570240,6694257,-0.1177,0.061,0.0537,0.0131635,0.0611792,0.82964,rsid,0.9997682498377956,0.0001860641007831303,3.851764850674478e-05,0.0,7.168412914543844e-06
rs385791,6694399,0.0985,0.0546,0.0712,-0.0385016,0.045518,0.397634,rsid,0.9998100080422662,0.0001439040499104644,4.028904879793986e-05,0.0,5.798859025642778e-06
rs10402876,6695001,-0.0289,0.0136,0.0336,-0.00500463,0.00852091,0.556979,rsid,0.9999079251692005,8.476839707305194e-05,6.735429582108718e-06,0.0,5.710041443837521e-07
rs10406463,6695514,0.018,0.0137,0.189,-0.000703163,0.00866495,0.935323,rsid,0.9999726802160162,2.1409500049713945e-05,5.786396689468066e-06,0.0,1.2388724478359702e-07
rs10411974,6696044,0.1199,0.0254,2.35e-06,0.0222457,0.0115925,0.054987,rsid,0.5305630167545241,0.4478888904986892,2.5495372699408616e-05,0.0,0.021522597374087186
rs403897,6696095,-0.0129,0.0148,0.383,0.013218,0.00866283,0.127051,rsid,0.9999670351980197,1.4304653103538294e-05,1.839697781570252e-05,0.0,2.6317106118903327e-07
rs2287848,6696342,0.0008,0.0134,0.952,-0.0107635,0.00855131,0.208142,rsid,0.9999784371109581,8.914344141716404e-06,1.2536785271976817e-05,0.0,1.1175962820566539e-07
rs2287847,6696496,0.0122,0.015,0.416,0.00181846,0.0097526,0.852085,rsid,0.9999795000763719,1.3806923655437787e-05,6.601846907821278e-06,0.0,9.115306487204477e-08
rs2287846,6696557,0.0001,0.0134,0.994,-0.0106667,0.00855145,0.212269,rsid,0.9999786304842769,8.898844838911042e-06,1.2360672823932882e-05,0.0,1.0999806016999942e-07
rs2287845,6696597,-0.0006,0.0134,0.964,0.010709,0.00855016,0.21039,rsid,0.9999785436032774,8.907452415751024e-06,1.243814970304155e-05,0.0,1.1079460387280577e-07
rs2355315,6696691,-0.0006,0.0134,0.964,0.0108045,0.00855082,0.206388,rsid,0.9999783671939079,8.907450844359243e-06,1.2613003112093529e-05,0.0,1.1235213571268918e-07
rs2253756,6696699,-0.0006,0.0134,0.964,0.0108045,0.00855076,0.206384,rsid,0.9999783671403489,8.90745084388216e-06,1.2613056198520824e-05,0.0,1.1235260858766043e-07
rs2355316,6696789,-0.0006,0.0134,0.964,0.0108323,0.0085508,0.205219,rsid,0.9999783148958779,8.907450378507034e-06,1.2664839864689489e-05,0.0,1.128138790271725e-07
rs11569479,6696794,0.0174,0.0188,0.355,0.0197964,0.0109499,0.070622,rsid,0.9999433410904045,1.895983224508518e-05,3.699756988519526e-05,0.0,7.015074651471659e-07
rs408004,6696835,0.0003,0.0146,0.984,0.0109302,0.00855263,0.201251,rsid,0.9999773368219463,9.690328230817909e-06,1.2848342346541049e-05,0.0,1.2450747629500424e-07
rs385421,6696921,-0.0061,0.0152,0.688,0.0108887,0.00855145,0.202905,rsid,0.9999761711209586,1.0919030143071299e-05,1.2770405137009952e-05,0.0,1.394437614187682e-07
rs445954,6696922,0.0021,0.0148,0.887,-0.0108873,0.00855144,0.202963,rsid,0.9999771874557356,9.918134499024223e-06,1.2767774373009102e-05,0.0,1.2663539236019262e-07
rs448260,6697150,-0.0003,0.0146,0.984,-0.0106536,0.00854674,0.212579,rsid,0.9999778491382066,9.690333195443145e-06,1.234093814625863e-05,0.0,1.195904516131661e-07
rs5826946,6697214,-0.0092,0.0159,0.563,0.010759,0.00854847,0.208178,rsid,0.9999748736604279,1.2439546832829644e-05,1.2530909981074268e-05,0.0,1.5588275833066506e-07
rs423490,6697406,0.0112,0.015,0.455,0.00182323,0.00974566,0.851597,rsid,0.9999802014644574,1.3114070442758675e-05,6.597937568746878e-06,0.0,8.652753117187178e-08
rs77063881,6697622,-0.126,0.1229,0.305,0.0297023,0.0321418,0.355434,rsid,0.9998789559232607,8.679347678605018e-05,3.1514974605168606e-05,0.0,2.735625348051222e-06
rs366510,6697829,-0.0003,0.0134,0.982,0.0107475,0.00854781,0.208629,rsid,0.9999784774341688,8.900810365892778e-06,1.2510400367346288e-05,0.0,1.1135509791857027e-07
rs11569577,6698137,0.0388,0.0514,0.45,0.0164432,0.0347441,0.636023,rsid,0.9999320213234517,4.183212369907093e-05,2.5096635899762593e-05,0.0,1.049916949354116e-06
rs594974,6698427,-0.0107,0.015,0.476,-0.00180298,0.00974863,0.853271,rsid,0.9999805163063932,1.280190053247705e-05,6.597333027612552e-06,0.0,8.446004679279531e-08
rs11569470,6698454,-0.0162,0.0188,0.389,-0.0202438,0.0109411,0.0642762,rsid,0.9999414306201593,1.792441046467266e-05,3.992921973107971e-05,0.0,7.157496450068086e-07
rs555249731,6698908,-0.0244,0.1269,0.848,-0.223435,0.175701,0.203488,rsid,0.9998207982293084,6.528184093879645e-05,0.00010693759541206328,0.0,6.982334340745106e-06
rs1895388,6698959,-0.0104,0.015,0.488,-0.00180315,0.00974864,0.853257,rsid,0.999980694504295,1.262484154845824e-05,6.5973618998130395e-06,0.0,8.329225662127751e-08
rs9710242,6699312,0.0241,0.017,0.156,0.00545869,0.0102415,0.594036,rsid,0.9999615421038578,3.037278075627984e-05,7.846777759428537e-06,0.0,2.383376264940622e-07
rs10408682,6699330,-0.0144,0.0187,0.441,-0.0202777,0.0109455,0.0639396,rsid,0.9999426510604212,1.6565854977596084e-05,4.011845005952134e-05,0.0,6.646345416981354e-07
rs11666563,6699344,-0.0102,0.015,0.497,-0.00183728,0.00974838,0.850508,rsid,0.9999808050012273,1.251091706659043e-05,6.601489433991029e-06,0.0,8.259227218319795e-08
rs1833792,6699505,-0.0005,0.0134,0.97,0.010763,0.00854766,0.207967,rsid,0.9999784445823119,8.90474515561473e-06,1.253901340680015e-05,0.0,1.11659125749486e-07
rs10415542,6699569,0.0101,0.0151,0.504,0.00180399,0.00974864,0.853189,rsid,0.9999808201555933,1.2499907633107385e-05,6.597467457930387e-06,0.0,8.246931558520287e-08
rs79434713,6700982,0.0011,0.0343,0.974,0.00473565,0.0173731,0.785172,rsid,0.9999654945858618,2.230366025654372e-05,1.1935538500131546e-05,0.0,2.662153815578221e-07
rs190390055,6701110,-0.0649,0.1682,0.7,0.076337,0.16337,0.640311,rsid,0.9998394689431878,7.713059655751194e-05,7.742747413501378e-05,0.0,5.972986119749067e-06
rs445750,6701513,-0.0001,0.0133,0.994,0.0107679,0.00854542,0.207641,rsid,0.9999785062022943,8.832958118256684e-06,1.2549983723927107e-05,0.0,1.1085586333175212e-07
rs392690,6701635,0.0003,0.0134,0.982,-0.0107643,0.00854767,0.207913,rsid,0.9999784461602196,8.900810087523296e-06,1.2541398678886964e-05,0.0,1.1163101394967764e-07
rs2547436,6701677,-0.0017,0.0136,0.901,0.0107643,0.00854767,0.207913,rsid,0.9999782438858605,9.10058151637752e-06,1.2541396142028906e-05,0.0,1.1413648108602659e-07
rs2642209,6701680,-0.0005,0.0133,0.97,0.0107231,0.00854856,0.209706,rsid,0.9999785857676403,8.838906251405172e-06,1.2465145496403623e-05,0.0,1.1018061188606148e-07
rs2642208,6701738,0.0002,0.0133,0.988,0.0107643,0.00854767,0.207913,rsid,0.9999785141097121,8.83370139793671e-06,1.2541399531087009e-05,0.0,1.107893589778582e-07
rs11569459,6701788,0.0008,0.0133,0.952,-0.0106892,0.00854855,0.211148,rsid,0.9999786380639784,8.848579830588132e-06,1.2403599605096727e-05,0.0,1.0975658590551591e-07
rs11569458,6701816,-0.0009,0.0133,0.946,0.0107642,0.00854768,0.207919,rsid,0.9999784949680012,8.852798362875315e-06,1.2541206476054735e-05,0.0,1.1102715980232296e-07
rs11569457,6701838,-0.001,0.0133,0.94,0.0107644,0.00854767,0.207909,rsid,0.9999784898099765,8.857516944057536e-06,1.2541583402536567e-05,0.0,1.1108967705334149e-07
rs2642207,6701890,0.0002,0.0133,0.988,-0.0107645,0.00854767,0.207906,rsid,0.9999785137381091,8.833701394654011e-06,1.2541767883268638e-05,0.0,1.107926129609547e-07
rs408290,6702022,-0.0003,0.0133,0.982,0.0107645,0.00854767,0.207905,rsid,0.9999785124837766,8.834940205592957e-06,1.254176786753675e-05,0.0,1.1080815017403885e-07
rs433594,6702042,0.0003,0.0133,0.982,-0.01078,0.00854537,0.20713,rsid,0.9999784816023335,8.834939932751391e-06,1.2572379128965751e-05,0.0,1.1107860464977677e-07
rs428453,6702157,0.0004,0.0133,0.976,-0.010358,0.00854558,0.225477,rsid,0.9999792291086953,8.836681181009903e-06,1.1829672904437308e-05,0.0,1.0453721926336255e-07
rs432823,6702246,0.0008,0.0134,0.952,-0.0107058,0.00854628,0.210319,rsid,0.9999785392307039,8.91434505206659e-06,1.2435566930286176e-05,0.0,1.1085731361787182e-07
rs11569450,6702455,0.1339,0.0231,6.77e-09,0.0222327,0.0115881,0.0550377,rsid,0.004656408243405624,0.9497554105194904,2.2350611518232277e-07,0.0,0.04558795773098883
rs406514,6702598,-0.0112,0.0151,0.458,-0.00211423,0.00974652,0.828269,rsid,0.9999801223086882,1.3152139424359086e-05,6.638243053723096e-06,0.0,8.730883367339395e-08
rs11569449,6702752,-0.1072,0.1569,0.494,0.0629051,0.041697,0.131395,rsid,0.9998359590950289,8.079961387383327e-05,7.701730185696717e-05,0.0,6.22398924047495e-06
rs451760,6703072,-0.0103,0.0151,0.495,-0.00211261,0.00974701,0.828408,rsid,0.9999806668447747,1.2611111879784588e-05,6.638325066924794e-06,0.0,8.371827865184347e-08
rs11569576,6703188,-0.2337,0.05,2.95e-06,-0.0404323,0.0393493,0.304175,rsid,0.6200821327138826,0.3647248478928608,2.578637088812038e-05,0.0,0.015167233022368363
rs143310849,6703391,-0.1343,0.2009,0.504,0.0343758,0.0426523,0.420269,rsid,0.9998730587029748,8.679841319232018e-05,3.6936451431026085e-05,0.0,3.2064324018561835e-06
rs11085195,6704670,-0.1339,0.0236,1.4e-08,-0.0224425,0.0115731,0.0524783,rsid,0.009160874641446803,0.9437707571038729,4.568728502743977e-07,0.0,0.0470679113818301
rs576144965,6705012,0.0552,0.0646,0.393,-0.0268257,0.0315585,0.395308,rsid,0.9999155145387356,5.382033335138516e-05,2.9098883953548533e-05,0.0,1.566243959376615e-06
rs542151799,6705013,-0.1273,0.0718,0.0762,0.0268257,0.0315585,0.395308,rsid,0.9998113140111875,0.00015507718300322937,2.9095851578297887e-05,0.0,4.512954231074058e-06
rs142407097,6705200,-0.253,0.0573,1.01e-05,-0.0310195,0.0226168,0.170212,rsid,0.8451887603754517,0.14919929394826245,3.161164825130536e-05,0.0,0.005580334028034685
rs11672613,6705246,0.0178,0.0136,0.191,-0.0143527,0.00868765,0.098519,rsid,0.9999558747283744,2.1117311980365507e-05,2.253212082378033e-05,0.0,4.7583882153230956e-07
rs531737286,6705722,-0.1247,0.1627,0.443,0.207045,0.134993,0.125092,rsid,0.9997769804187944,8.413386322688619e-05,0.0001281053184014291,0.0,1.0780399577221483e-05
rs8107911,6706041,-0.0119,0.0155,0.443,-0.00180928,0.00975031,0.852789,rsid,0.9999795502879251,1.37597007175222e-05,6.599206395534797e-06,0.0,9.080496191104331e-08
rs8112351,6706298,0.0101,0.0155,0.515,0.00181053,0.00975104,0.852699,rsid,0.9999806342237915,1.2682228933368061e-05,6.599844910078571e-06,0.0,8.370236503560979e-08
rs11569438,6706480,-0.0906,0.018,4.82e-07,-0.00874886,0.0133969,0.513723,rsid,0.2385424273616028,0.7531754799236982,2.622237496500425e-06,0.0,0.008279470477202552
rs117793540,6707129,-0.0537,0.1593,0.736,0.0740101,0.164396,0.65257,rsid,0.9998420991012661,7.476977921453394e-05,7.734698891591717e-05,0.0,5.784130603572829e-06
rs402756,6708320,-0.0337,0.015,0.0247,-0.00673217,0.00893299,0.451072,rsid,0.9998700883867573,0.00012106745738518399,7.888938088001257e-06,0.0,9.552177696649026e-07
rs11085196,6708820,-0.0573,0.0159,0.000314,-0.00793414,0.00946559,0.401913,rsid,0.9934935882448057,0.006439977856167736,8.878981135339304e-06,0.0,5.755491789125308e-05
rs144681587,6708840,-0.2244,0.1846,0.224,0.538467,0.45083,0.232325,rsid,0.9997834237380102,0.00010410426396032508,0.00010186510866810011,0.0,1.0606889361580364e-05
rs113252645,6708943,0.0038,0.0764,0.96,0.0429653,0.0473213,0.363907,rsid,0.999908811220923,4.543045655058119e-05,4.3769665305293456e-05,0.0,1.988657221109611e-06
rs4807894,6709050,0.081,0.0575,0.159,-0.0545251,0.0487964,0.263823,rsid,0.9998559584963678,8.501404211464921e-05,5.4401872187667625e-05,0.0,4.625589330120436e-06
rs11569429,6709074,-0.0435,0.0188,0.0207,-0.0060841,0.0112626,0.589055,rsid,0.9998163699210735,0.0001734725570949687,8.655716738810004e-06,0.0,1.5018050927588102e-06
rs11569428,6709089,0.1474,0.0204,4.99e-13,0.00900358,0.0109116,0.409292,rsid,5.433943531126011e-07,0.9899217290253938,5.531932571782334e-12,0.0,0.010077727574721227
rs11569426,6709208,-0.0223,0.1458,0.878,-0.115584,0.191064,0.545215,rsid,0.9998396346376642,7.011587942096749e-05,8.433529136326763e-05,0.0,5.9141915516301345e-06
rs11569424,6709459,0.0189,0.0252,0.453,-0.00582725,0.0129095,0.651706,rsid,0.9999685240507452,2.1781495655958074e-05,9.487788861963036e-06,0.0,2.0666473685026515e-07
rs2230205,6709704,0.1272,0.0198,1.33e-10,0.00819363,0.0106235,0.440543,rsid,0.00011765055944545444,0.990474186127436,1.1175208411976048e-09,0.0,0.009408162195597708
rs2230204,6709848,-0.0296,0.015,0.0485,-0.00147295,0.009295,0.874089,rsid,0.9999249083207545,6.840046429516504e-05,6.262804073692158e-06,0.0,4.284108765223198e-07
rs144643540,6709875,0.1142,0.0427,0.00748,0.0290742,0.0195311,0.13659,rsid,0.9991849526788315,0.0007479771792508996,3.835675885683347e-05,0.0,2.871338306088672e-05
rs2230203,6710782,-0.002,0.018,0.912,0.00317914,0.0119135,0.789583,rsid,0.999979710254089,1.1988201106125369e-05,8.203201184149388e-06,0.0,9.834362087666819e-08
rs10411506,6710948,0.1271,0.0197,1.11e-10,0.00651118,0.0105891,0.538623,rsid,9.908161414052505e-05,0.9914732387112349,8.422093401724548e-10,0.0,0.008427678832415226
rs11569575,6711494,0.075,0.0237,0.00155,0.0132209,0.0124447,0.28807,rsid,0.9978947363482423,0.002060962936177321,1.4452274550499522e-05,0.0,2.984844103000036e-05
rs7258241,6711689,-0.0034,0.0214,0.874,0.00613655,0.0128707,0.633514,rsid,0.9999759916955838,1.4300529025354678e-05,9.570903126716356e-06,0.0,1.3687226403344617e-07
rs4807895,6711958,0.0552,0.0144,0.000126,0.00403049,0.00864506,0.641059,rsid,0.9862280568713805,0.013677905994572357,6.3244143609022895e-06,0.0,8.77127196863215e-05
rs11085197,6713175,0.0062,0.0172,0.718,0.006071,0.0111761,0.586982,rsid,0.9999791430037578,1.214741585400197e-05,8.605049098156977e-06,0.0,1.0453129004814115e-07
rs1047286,6713262,0.0073,0.0174,0.675,0.00540622,0.0111761,0.628576,rsid,0.9999789783921138,1.2569075208827958e-05,8.347608749485975e-06,0.0,1.049239278558288e-07
rs2230201,6713291,0.0861,0.018,1.72e-06,-0.00090932,0.0101607,0.928689,rsid,0.5132825975613025,0.48343334757061324,3.48312832065457e-06,0.0,0.0032805717397635715
rs11569571,6714035,-0.0488,0.046,0.289,-0.0452018,0.0407144,0.266906,rsid,0.9999021757956174,4.903763803822959e-05,4.650580823997165e-05,0.0,2.2807581044940065e-06
rs150007726,6714374,0.003,0.11,0.978,0.00392065,0.15627,0.979984,rsid,0.9998644317165176,5.9148565711683786e-05,7.215148243343084e-05,0.0,4.268235337247353e-06
rs113968853,6714798,0.081,0.0221,0.000247,-0.0115068,0.0121232,0.342543,rsid,0.9895259792723698,0.010331331092646393,1.2472121138200357e-05,0.0,0.00013021751384545947
rs191383686,6714872,0.0439,0.1765,0.804,0.0348494,0.267442,0.896324,rsid,0.9998286753341012,7.718864058006167e-05,8.738940043467305e-05,0.0,6.746624883913244e-06
rs11569570,6715194,-0.1082,0.1574,0.492,0.0775336,0.0969491,0.423864,rsid,0.9998454735073922,8.100349950526805e-05,6.801286182232684e-05,0.0,5.510131280237261e-06
rs11569415,6716279,-0.0012,0.0168,0.943,0.00202041,0.0109358,0.853424,rsid,0.9999813617369214,1.115939310035335e-05,7.396329887032383e-06,0.0,8.254009111321917e-08
rs11569413,6716840,-0.0852,0.0402,0.0341,0.0326996,0.017253,0.0580524,rsid,0.9997082100071668,0.00021038965474834873,6.724793808073196e-05,0.0,1.4152400004039285e-05
rs62125133,6717005,0.0757,0.0697,0.277,0.0047018,0.0995187,0.962318,rsid,0.9998724426297789,6.844403191430491e-05,5.5326112976082264e-05,0.0,3.787225330733037e-06
rs398033801,6717419,-0.0443,0.019,0.0197,0.0016536,0.00963544,0.863739,rsid,0.9998099214579249,0.00018238743740003186,6.5045338694335725e-06,0.0,1.1865708055764958e-06
rs2642196,6717934,-0.0909,0.0251,0.000293,-0.00654614,0.0217616,0.763558,rsid,0.9902078497322928,0.009632706407277843,1.4862452841927023e-05,0.0,0.00014458140758730675
rs11569411,6718042,0.0743,0.0228,0.00112,-0.00931408,0.012534,0.45742,rsid,0.9972700556273812,0.0026895554796439636,1.0925017513928817e-05,0.0,2.9463875460803287e-05
rs2547438,6718078,-0.0186,0.0158,0.239,-0.00326318,0.00926524,0.724691,rsid,0.9999725163736418,2.078880273708452e-05,6.558476989467725e-06,0.0,1.3634663168963303e-07
rs147859257,6718146,-0.0594,0.1068,0.578,-0.0458546,0.102324,0.654058,rsid,0.9998715050855176,6.426783555205785e-05,6.0348136400082214e-05,0.0,3.878942530422371e-06
rs2230199,6718387,-0.0025,0.0169,0.882,0.0021373,0.010987,0.845762,rsid,0.9999811528845381,1.1318370047116927e-05,7.444484397432999e-06,0.0,8.42610172972569e-08
rs2250656,6718534,0.0047,0.0149,0.752,-0.00657792,0.00909494,0.469526,rsid,0.9999816792368176,1.0384687164541747e-05,7.854507916072499e-06,0.0,8.156810192970831e-08
rs117525201,6719527,0.0676,0.0595,0.256,0.0431092,0.0455436,0.343869,rsid,0.9998889974638755,6.439865383118311e-05,4.378394232741443e-05,0.0,2.81993996579557e-06
rs2270520,6719666,-0.0577,0.0182,0.00152,0.00212224,0.0106559,0.842137,rsid,0.9982783946973152,0.0017020870170037221,7.215572682339512e-06,0.0,1.2302712998792938e-05
rs3215059,6719669,0.0462,0.0222,0.0374,-0.00212239,0.0106559,0.842125,rsid,0.9998700413593867,0.00012185080126647076,7.227097290977215e-06,0.0,8.807420557766135e-07
rs35473940,6720076,0.0483,0.0171,0.00473,-0.00232404,0.00875334,0.790622,rsid,0.9994095725553102,0.0005808910840918573,6.030960013197403e-06,0.0,3.5054005848908334e-06
rs11569569,6720720,0.0482,0.1169,0.68,-0.0418211,0.0615469,0.496822,rsid,0.9998859418085647,6.480784853721507e-05,4.625247741602846e-05,0.0,2.9978654819639724e-06
rs117271715,6720723,0.1548,0.0966,0.109,-0.187207,0.0856537,0.028843,rsid,0.9995253493085651,0.00013413434203268394,0.0003002265368356835,0.0,4.028981256659828e-05
rs572775045,6721350,0.02,0.1163,0.863,0.4764,0.170449,0.00519039,rsid,0.9994999452503865,6.181736834191564e-05,0.0004127118562731281,0.0,2.55255249983235e-05
rs11569393,6721640,-0.0171,0.0143,0.232,-0.0054799,0.00853468,0.520825,rsid,0.9999736123313718,1.9276345293885193e-05,6.976831963342786e-06,0.0,1.3449137089653909e-07
rs143225151,6721741,-0.0999,0.0721,0.166,-0.133547,0.0959523,0.163982,rsid,0.9997882705638074,9.447188431111745e-05,0.00010713423538632292,0.0,1.012331649527067e-05
rs339392,6722022,0.0575,0.0162,0.000386,-0.0118831,0.01141,0.297662,rsid,0.9945134066116568,0.005403379655163097,1.2935066663781788e-05,0.0,7.027866651630686e-05
rs17626094,6722044,0.0977,0.0307,0.00146,-0.00335807,0.0167423,0.841031,rsid,0.9973782414401849,0.0025812613523783514,1.1286700568045178e-05,0.0,2.921050686858105e-05
rs34748637,6722106,0.0363,0.0201,0.0709,-0.00915235,0.0113959,0.4219,rsid,0.9999229566185542,6.59157835945003e-05,1.0439422141287857e-05,0.0,6.881757101005004e-07
rs181290250,6722565,0.0798,0.1299,0.539,0.0242789,0.0964658,0.801286,rsid,0.9998677364304552,7.291540469403298e-05,5.531436221902157e-05,0.0,4.033802631727197e-06
rs163913,6722635,0.0617,0.0166,0.000202,-0.00755641,0.0114632,0.509776,rsid,0.9898817233108822,0.010014199310546456,9.36237151842781e-06,0.0,9.471500705289248e-05
rs117550425,6722805,0.1067,0.07,0.127,-0.0653525,0.0619835,0.291721,rsid,0.9998220963814353,0.00010977231638435622,6.139106378996296e-05,0.0,6.740238390323637e-06
rs142089537,6722817,-0.0064,0.0204,0.754,-0.00375334,0.0110549,0.73422,rsid,0.9999779614724499,1.4144168138133101e-05,7.784255171274722e-06,0.0,1.1010424050797958e-07
rs57038171,6722987,0.0411,0.0166,0.0133,-0.00239699,0.00894899,0.788815,rsid,0.9997652602458487,0.000227166218083171,6.1712967609491155e-06,0.0,1.4022393071639588e-06
rs139652996,6723037,0.2754,0.0734,0.000175,0.0159706,0.057321,0.780538,rsid,0.9867990659039559,0.01269564482027772,3.644224595294772e-05,0.0,0.0004688470298135218
rs235774,6723124,-0.0425,0.0139,0.00223,0.00213789,0.0089476,0.811156,rsid,0.9990386836345503,0.0009493786192749776,6.121004061186009e-06,0.0,5.8167421135726835e-06
rs182573416,6724019,0.0918,0.0837,0.273,-0.0759555,0.110385,0.491394,rsid,0.9998484874188746,7.707956701931545e-05,6.910557883742547e-05,0.0,5.327435268876292e-06
rs163494,6724340,0.0107,0.017,0.529,-0.00445996,0.0110404,0.686237,rsid,0.999978234627085,1.3694753119449438e-05,7.961585474750097e-06,0.0,1.0903432068874756e-07
rs562204253,6724399,-0.2531,0.1309,0.0532,-0.0581151,0.100484,0.563027,rsid,0.9997357062082253,0.0001899702891089066,6.245564846942921e-05,0.0,1.1867854196407504e-05
rs62125134,6724444,0.0465,0.0159,0.00345,0.0122124,0.00919028,0.1839,rsid,0.9992515228014314,0.0007230912044370665,1.4728191371321322e-05,0.0,1.0657802760221213e-05
rs339390,6724544,0.0661,0.0167,7.56e-05,-0.00788033,0.0114704,0.492074,rsid,0.9750190955361802,0.024733031577043246,9.400977186135745e-06,0.0,0.00023847190959054462
rs141958977,6724813,0.0657,0.0939,0.484,-0.111258,0.0642848,0.0835045,rsid,0.999788321532452,6.325588271026535e-05,0.0001395907774861489,0.0,8.831807351544436e-06
rs57086167,6724940,-0.0111,0.0141,0.431,0.00960978,0.00869491,0.269065,rsid,0.9999765025182945,1.2724665827218107e-05,1.0637454642042748e-05,0.0,1.3536123622035573e-07
rs62125137,6726674,-0.0844,0.0587,0.15,-0.015479,0.0286155,0.588554,rsid,0.9998871833784432,8.930920907055154e-05,2.1579910310377992e-05,0.0,1.9275021759168294e-06
rs576858259,6727165,0.0361,0.137,0.792,-0.00584191,0.0423584,0.890307,rsid,0.9999019715417943,6.872736954533482e-05,2.741663099961312e-05,0.0,1.884457660877543e-06
rs142194190,6727339,0.1063,0.0946,0.261,-0.199081,0.120787,0.0993139,rsid,0.9997612791845077,8.378901256067125e-05,0.00014295120278709516,0.0,1.1980600144527567e-05
rs171094,6727365,0.0424,0.0143,0.00303,0.00127899,0.00949169,0.892811,rsid,0.9992495886784164,0.0007393310637977672,6.3683804483401745e-06,0.0,4.711877337640322e-06
rs10420527,6727395,-0.0433,0.0144,0.00264,-0.00147026,0.0094877,0.876849,rsid,0.9991460540318602,0.000842181535703766,6.383647489976723e-06,0.0,5.380784946110245e-06
rs75781408,6727498,0.0977,0.0986,0.322,-0.0181001,0.0748037,0.808805,rsid,0.9998733928659118,7.738625563085335e-05,4.5685036854061436e-05,0.0,3.535841603265334e-06
rs140988565,6727728,0.1326,0.0934,0.156,-0.199718,0.120741,0.098107,rsid,0.999731238458974,0.0001092501923640092,0.0001437972482800724,0.0,1.5714100381847568e-05
rs12462822,6727882,0.0411,0.0156,0.00842,0.0105548,0.00907028,0.244561,rsid,0.9996639289742129,0.00032042668553711255,1.1846976615579475e-05,0.0,3.797363634457729e-06
rs344614,6728400,-0.0439,0.0144,0.0023,-0.00124719,0.00948624,0.8954,rsid,0.9990333499847045,0.0009542141697967288,6.36059908570954e-06,0.0,6.075246413018229e-06
rs79681647,6728573,0.0304,0.0392,0.438,-0.0345137,0.0179734,0.0548239,rsid,0.9998907899608268,3.35036527255171e-05,7.325191178057227e-05,0.0,2.454474667051047e-06
rs191270790,6729243,-0.1016,0.1405,0.47,-0.162154,0.22506,0.471222,rsid,0.9998242259129976,7.857145841216189e-05,9.012048573588828e-05,0.0,7.082142854275406e-06
rs344616,6729516,0.0415,0.0145,0.00421,0.00107878,0.00948602,0.909458,rsid,0.9994337828826286,0.0005563336045017881,6.349224656220632e-06,0.0,3.5342882132709295e-06
rs2279624,6731057,-0.0612,0.0181,0.000722,0.00407117,0.010846,0.707392,rsid,0.9966248228477841,0.00334161582235745,7.710050492845598e-06,0.0,2.5851279365537824e-05
rs2279626,6731304,0.0023,0.0142,0.871,-0.00802908,0.00866966,0.354387,rsid,0.9999815188634149,9.548636563883804e-06,8.848012008763554e-06,0.0,8.448801241906e-08
rs149141567,6731684,-0.116,0.0832,0.163,0.0633715,0.0768231,0.409427,rsid,0.9998322405709716,0.00010198909161197976,5.968236582572668e-05,0.0,6.087971590457685e-06
rs143266929,6731746,0.1601,0.1837,0.383,0.0313788,0.0689455,0.649018,rsid,0.9998602456107119,9.0162762100602e-05,4.548958709061409e-05,0.0,4.102040097014249e-06
rs1702375,6731766,0.0558,0.0165,0.00072,-0.00392239,0.0108435,0.717556,rsid,0.996869498461107,0.0030989805986008736,7.671731922686221e-06,0.0,2.384920836957391e-05
rs2291666,6732018,0.0351,0.0146,0.0162,0.000252555,0.0094046,0.978576,rsid,0.9998230666534326,0.00016961230640607385,6.259212773776523e-06,0.0,1.0618273875197458e-06
rs344618,6732241,-0.0215,0.0211,0.308,0.00295409,0.0127897,0.817335,rsid,0.999967896978792,2.317659692652811e-05,8.724220058463108e-06,0.0,2.0220422315979546e-07
rs117899024,6732476,-0.1098,0.0591,0.0632,-0.0778563,0.0709282,0.272345,rsid,0.9997553792543418,0.00016326825424075803,6.993201906474793e-05,0.0,1.1420472352695488e-05
rs191648389,6732550,0.1503,0.231,0.515,0.0203683,0.0562279,0.717168,rsid,0.9998702012389862,8.930076521193406e-05,3.7177578598358597e-05,0.0,3.3204172035993222e-06
rs2047139,6732615,0.0099,0.0143,0.489,0.0116222,0.00853118,0.173096,rsid,0.9999734720691282,1.2035141109602802e-05,1.4320436713461568e-05,0.0,1.723530487674098e-07
rs117789674,6732616,0.0136,0.048,0.777,-0.0234966,0.0265086,0.375414,rsid,0.9999421131168027,3.1609056151055887e-05,2.547261511357998e-05,0.0,8.052119326484787e-07
rs117071236,6732743,0.0068,0.079,0.931,-0.0220771,0.058144,0.704171,rsid,0.9999129862240352,4.6734897612420674e-05,3.8480346788171975e-05,0.0,1.7985315642582556e-06
rs2047140,6732749,0.0077,0.0141,0.585,0.010423,0.008552,0.222927,rsid,0.9999770853698702,1.08503179746839e-05,1.1934812675247328e-05,0.0,1.2949947992740587e-07
rs1690635,6732760,-0.0598,0.0216,0.00563,0.015602,0.0149778,0.297563,rsid,0.9993642052033517,0.0006084559073842552,1.6992888151202213e-05,0.0,1.0346001112792535e-05
rs62125099,6732777,0.026,0.0654,0.691,0.00171231,0.0818033,0.9833,rsid,0.9999073568996267,4.2710689197911465e-05,4.7886937569140694e-05,0.0,2.045473606171966e-06
rs1702376,6732852,0.0057,0.0218,0.794,0.00962611,0.0152971,0.529169,rsid,0.9999726009330315,1.48729217575882e-05,1.2342570101577694e-05,0.0,1.8357510919502312e-07
rs375715188,6732981,0.0632,0.11,0.566,-0.00202661,0.0689634,0.976556,rsid,0.9998896259111926,6.58359936370289e-05,4.178672118018021e-05,0.0,2.7513739901277744e-06
rs2012357,6732982,-0.0071,0.0137,0.604,-0.0111455,0.00854449,0.192096,rsid,0.9999761899296318,1.0391965518808889e-05,1.328009527142091e-05,0.0,1.3800957816487068e-07
rs339395,6733517,-0.0187,0.0144,0.194,0.00910384,0.00864553,0.292336,rsid,0.999967742434454,2.203736522670784e-05,9.999823449123757e-06,0.0,2.2037687037227844e-07
rs339396,6733545,-0.0096,0.0218,0.66,-0.000178488,0.0142362,0.989997,rsid,0.999974584717628,1.5816037333835353e-05,9.449783117027155e-06,0.0,1.494619211924795e-07
rs148633685,6733571,0.0953,0.0926,0.303,-0.205895,0.121495,0.0901364,rsid,0.9997616066671124,7.70685403188811e-05,0.00014977880612383464,0.0,1.154598644485869e-05
rs201134279,6733582,-0.0466,0.092,0.612,0.0366332,0.0585993,0.531874,rsid,0.999897024342722,5.739067198001556e-05,4.3110585049674206e-05,0.0,2.474400248444368e-06
rs339397,6734131,-0.0019,0.0139,0.891,0.0100831,0.00850546,0.235828,rsid,0.9999791738709612,9.313736116439294e-06,1.140615677547876e-05,0.0,1.0623614679724705e-07
rs139348331,6734232,0.1173,0.0923,0.204,-0.181561,0.119121,0.127466,rsid,0.9997671676903381,9.412752767046388e-05,0.00012676950315679934,0.0,1.1935278834700131e-05
rs144129725,6734292,-0.148,0.098,0.131,0.208295,0.12223,0.0883588,rsid,0.9997088627075714,0.00012160710867109024,0.0001511445761272077,0.0,1.838560763017232e-05
rs75358926,6734561,0.0642,0.0627,0.306,-0.0986858,0.0431275,0.0221238,rsid,0.9996110022323866,6.023968267323517e-05,0.0003100721672017532,0.0,1.8685917738321947e-05
rs79284832,6734712,0.0133,0.0225,0.554,-0.000211829,0.0142527,0.988142,rsid,0.9999727732649684,1.7599305785448654e-05,9.460919104234836e-06,0.0,1.665101418543342e-07
rs163915,6734771,-0.0589,0.0176,0.000818,0.00396948,0.0115976,0.73215,rsid,0.9970562253756494,0.002911832314190223,8.147656009060914e-06,0.0,2.3794654151175152e-05
rs543873377,6734785,-0.2276,0.1377,0.0984,-0.0222458,0.0312931,0.477156,rsid,0.9998283800196206,0.00014191171645331794,2.6015697868657357e-05,0.0,3.6925660573864093e-06
rs115183105,6735338,0.0609,0.0626,0.331,-0.101078,0.0427424,0.0180393,rsid,0.9995576455640357,5.76100856630099e-05,0.0003637778051404663,0.0,2.096654516070267e-05
rs163916,6735340,0.0056,0.014,0.689,-0.0100852,0.00850724,0.235828,rsid,0.9999784159548828,1.0060763711470588e-05,1.140850069832283e-05,0.0,1.147807072599373e-07
rs339399,6735348,0.0034,0.014,0.808,-0.010084,0.00850726,0.235881,rsid,0.999978914858387,9.569391051779452e-06,1.1406594100185053e-05,0.0,1.0915646109303129e-07
rs11539588,6735929,0.0607,0.0632,0.337,-0.101695,0.0429474,0.0178896,rsid,0.9995543088071618,5.742495748747612e-05,0.0003671719974884296,0.0,2.109423786239967e-05
rs4807897,6736607,-0.0405,0.0635,0.524,0.023122,0.0789446,0.769607,rsid,0.999903281368973,4.632288697407668e-05,4.816441355621564e-05,0.0,2.2313304965682606e-06
rs339400,6737063,-0.0526,0.0205,0.0103,0.0114806,0.014065,0.414354,rsid,0.9996398499541442,0.00034271290547027125,1.2985305336585256e-05,0.0,4.451835048916763e-06
rs340135,6737239,-0.0555,0.0149,0.000195,-0.00196542,0.00877644,0.822802,rsid,0.990514126078778,0.009423500510263354,5.9325578850788e-06,0.0,5.644085307346808e-05
rs340138,6737481,-0.0577,0.0205,0.00488,0.0134538,0.0140678,0.338891,rsid,0.99931472164934,0.0006608827989264232,1.4684297312787928e-05,0.0,9.711254420755335e-06
rs339401,6737509,0.0578,0.0205,0.00481,-0.0126341,0.0140602,0.36888,rsid,0.9993069009153992,0.0006698531766290946,1.3917057187445008e-05,0.0,9.328850784277773e-06
rs11539591,6737516,-0.0141,0.0185,0.446,-0.00633493,0.011329,0.576039,rsid,0.9999747619822233,1.6296100989143837e-05,8.798531412177742e-06,0.0,1.433853752116513e-07
rs3745556,6737644,-0.0328,0.0177,0.0639,-0.0110786,0.0114184,0.331927,rsid,0.9999233788361132,6.372857911311834e-05,1.212012710800921e-05,0.0,7.724576658692272e-07
rs142588891,6737787,-0.0671,0.0848,0.429,-0.00942141,0.0397477,0.812633,rsid,0.9999096729247792,6.23903755644123e-05,2.629593800325235e-05,0.0,1.64076165304267e-06
rs186010981,6737958,-0.4065,0.1218,0.000846,-0.261961,0.117647,0.0259693,rsid,0.997394245042027,0.0018035093971023681,0.000285677484038797,0.0,0.0005165680768318674
rs340139,6738021,0.068,0.0208,0.00108,-0.0126847,0.0140614,0.367008,rsid,0.9973569272767044,0.002592910488668253,1.3934798274664438e-05,0.0,3.6227436352712485e-05
rs75247649,6738179,0.0229,0.0262,0.382,0.00555649,0.0178532,0.755623,rsid,0.9999623651309543,2.492820757024482e-05,1.239759990015359e-05,0.0,3.0906157517578394e-07
rs3810222,6738183,0.0541,0.0149,0.000282,0.00502193,0.00880353,0.568376,rsid,0.993235848659866,0.006711061167106106,6.844370479866156e-06,0.0,4.624580254799775e-05
rs3810223,6738233,0.0546,0.0149,0.000248,0.00587873,0.00879884,0.504054,rsid,0.9923681381472258,0.00756923119774922,7.259469180899062e-06,0.0,5.537118584414697e-05
rs139257325,6738260,-0.0197,0.1065,0.853,-0.22488,0.186743,0.228504,rsid,0.9998317841111266,5.8550442294351135e-05,0.00010359867765426557,0.0,6.0667689246944175e-06
rs340141,6739278,0.0551,0.0149,0.000217,0.00570024,0.00880268,0.517271,rsid,0.9913854719243543,0.008545666234228021,7.158253017261746e-06,0.0,6.170358840031717e-05
rs2303109,6739710,0.0071,0.0163,0.663,-0.00353104,0.0088908,0.691251,rsid,0.9999816570106186,1.1865927715361166e-05,6.401105220959579e-06,0.0,7.595644511859358e-08
rs344633,6739934,-0.0557,0.0149,0.000185,-0.00592299,0.00880835,0.501311,rsid,0.9900222782947589,0.009897759147504518,7.27096829855959e-06,0.0,7.269158943800764e-05
rs173174,6740026,0.0564,0.0149,0.000154,0.00594859,0.00880911,0.499499,rsid,0.9881379060145626,0.01176822072292999,7.271646379893346e-06,0.0,8.66016161274746e-05
rs75269317,6740167,0.1091,0.0889,0.22,-0.0466532,0.0362059,0.197553,rsid,0.999854998551247,8.901214109991037e-05,5.141232303165925e-05,0.0,4.576984621369245e-06
rs10410021,6740380,0.0564,0.015,0.00017,0.0066124,0.00881502,0.453177,rsid,0.9891270645282434,0.010781525385902584,7.68149346604909e-06,0.0,8.372859238802917e-05
rs192056105,6740701,0.0838,0.1173,0.475,-0.0158445,0.118006,0.89319,rsid,0.9998611715450102,7.216775012267628e-05,6.217318312725335e-05,0.0,4.4875217399689074e-06
rs10419080,6741443,0.0576,0.0151,0.000136,0.00694896,0.00882059,0.430807,rsid,0.9866155102202367,0.013270454878788675,7.89142502198124e-06,0.0,0.00010614347595262242
rs11085200,6742311,0.0596,0.015,7.09e-05,0.0101452,0.00872432,0.244884,rsid,0.9756478838679613,0.02406683314410049,1.1114543450169373e-05,0.0,0.00027416844448799327
rs10853997,6742443,0.0579,0.0152,0.000139,0.0148717,0.00874519,0.0890266,rsid,0.9865771254881938,0.0130769985263108,2.4263625694769957e-05,0.0,0.00032161235980051174
rs35071395,6742643,-0.0008,0.015,0.957,0.00935019,0.00906632,0.302395,rsid,0.999979683238239,9.965187371155021e-06,1.024943477667297e-05,0.0,1.0213961314416518e-07
rs144770558,6742713,-0.0656,0.0485,0.176,0.0160891,0.0192681,0.403711,rsid,0.9999103573066123,7.042486370372295e-05,1.7953353836060738e-05,0.0,1.2644758479500231e-06
rs339408,6742864,-0.021,0.0141,0.136,-0.0188035,0.00849848,0.0269271,rsid,0.9999051859824941,2.8098080222330465e-05,6.489241218444478e-05,0.0,1.8235250991197345e-06
rs381897,6743399,-0.0529,0.0158,0.000814,2.0941e-05,0.00965448,0.998269,rsid,0.9973064867468779,0.002669955907080955,6.406384789071509e-06,0.0,1.7150961252051237e-05
rs2277986,6743405,-0.0343,0.0162,0.0342,-0.0160575,0.00906316,0.0764381,rsid,0.9998699267680986,9.842754358280001e-05,2.8809655777106982e-05,0.0,2.836032541525118e-06
rs339406,6744254,-0.0332,0.0146,0.023,0.00543806,0.00871605,0.532684,rsid,0.9998666097009205,0.0001254641156659919,7.04248623015424e-06,0.0,8.836971835878418e-07
rs140892442,6744299,-0.1412,0.1112,0.204,0.123903,0.104088,0.233901,rsid,0.9997986393466195,0.0001001861167881969,9.195960531042157e-05,0.0,9.214931282010191e-06
rs61757561,6744718,-0.0658,0.058,0.257,-0.00281365,0.0461551,0.95139,rsid,0.9999055542205463,6.312649261311046e-05,2.9459440060413152e-05,0.0,1.8598467800388467e-06
rs339405,6744762,-0.0552,0.0192,0.00404,-0.0253728,0.0125128,0.0425863,rsid,0.9991485292359916,0.0007400810722620524,6.399088802566777e-05,0.0,4.7398803720654255e-05
rs62125118,6744903,-0.019,0.0631,0.763,0.0199635,0.075969,0.792717,rsid,0.999911388595897,4.029860328313548e-05,4.644112259236794e-05,0.0,1.8716782274090563e-06
rs62125119,6744909,0.1379,0.0476,0.00377,-0.0145234,0.0209892,0.488971,rsid,0.9985911763144885,0.0013673556272655834,1.7502353392101518e-05,0.0,2.3965704853718776e-05
rs181302951,6745084,-0.0389,0.0941,0.679,0.00463419,0.0584895,0.936849,rsid,0.9999050107356331,5.650261860750032e-05,3.6428163591684955e-05,0.0,2.058482167699426e-06
rs339404,6745105,-0.0383,0.0212,0.0708,-0.0380843,0.0138294,0.00588952,rsid,0.9995092857810554,6.92834153338115e-05,0.0003941119742712969,0.0,2.7318829339468494e-05
rs76722833,6745181,-0.0743,0.0434,0.0869,0.00896528,0.0375653,0.811371,rsid,0.9998649189029731,0.00010744743067329624,2.495224909052402e-05,0.0,2.681417263082383e-06
rs74349758,6746450,0.0137,0.0681,0.841,0.00268792,0.0263853,0.918858,rsid,0.9999398153840725,4.2040221157964653e-05,1.741233240562042e-05,0.0,7.320623641004955e-07
rs192638410,6746844,0.1212,0.1008,0.229,-0.102564,0.091124,0.260361,rsid,0.9998182074077326,9.176618534086255e-05,8.24581602583012e-05,0.0,7.5682466683105664e-06
rs141406814,6747042,0.0218,0.0759,0.774,0.0342725,0.0646461,0.596005,rsid,0.9999067054906917,4.665674383120984e-05,4.455861176883444e-05,0.0,2.079153708397842e-06
rs163912,6747267,-0.0074,0.0142,0.602,0.00538576,0.00871006,0.536353,rsid,0.9999821270494499,1.0783083124629702e-05,7.014231037332888e-06,0.0,7.563638817634382e-08
rs117235543,6747291,0.0868,0.1291,0.501,-0.150431,0.10117,0.137038,rsid,0.9997973196027463,7.426992687520422e-05,0.00011953110432728728,0.0,8.87936605113864e-06
rs184628,6747394,0.0151,0.0179,0.399,0.0119094,0.011095,0.283092,rsid,0.9999698667812623,1.6829772182619937e-05,1.3083251773205965e-05,0.0,2.2019478192844347e-07
rs163365,6748901,0.0042,0.0138,0.761,0.00711857,0.0085246,0.403683,rsid,0.9999822977430612,9.592645256181352e-06,8.032556850160316e-06,0.0,7.705483240813905e-08
rs62125120,6749684,0.0453,0.0223,0.0422,0.0250393,0.0146774,0.0880116,rsid,0.9998435896258824,0.00011069643622922657,4.11572628543005e-05,0.0,4.556675034167418e-06
rs339402,6750204,0.0166,0.0183,0.364,0.0074636,0.0116013,0.520003,rsid,0.9999721896488002,1.816516795002564e-05,9.47309804707636e-06,0.0,1.7208520278212768e-07
rs200006584,6750279,0.039,0.111,0.725,-0.132225,0.0990838,0.182048,rsid,0.9998293149146618,6.190031966375615e-05,0.00010244246199324836,0.0,6.342303681169326e-06
rs182785623,6750739,0.0458,0.0984,0.642,0.0510031,0.0504603,0.312133,rsid,0.9998873988648646,5.916553709230739e-05,5.0450340412862896e-05,0.0,2.9852576304146305e-06
rs111369943,6750879,0.007,0.0217,0.747,-0.0192584,0.0141812,0.174455,rsid,0.9999611024379903,1.5067115712855152e-05,2.3476706286962424e-05,0.0,3.537400098063437e-07
rs1049229,6751279,-0.0036,0.017,0.832,-0.00252679,0.00993249,0.799189,rsid,0.9999815830831005,1.1514260312954272e-05,6.824080895465875e-06,0.0,7.857569094902272e-08
rs1049230,6751281,0.0029,0.0171,0.865,0.00252691,0.00993248,0.79918,rsid,0.9999816079830188,1.1489514442408985e-05,6.824095552394763e-06,0.0,7.840698646824512e-08
rs1049232,6751293,-0.0021,0.0172,0.903,-0.00248321,0.00993218,0.802575,rsid,0.9999816283278691,1.147707028742677e-05,6.8163684663295155e-06,0.0,7.82333772710202e-08
rs111592957,6751348,-0.0843,0.1634,0.606,0.146868,0.194834,0.450963,rsid,0.9998267531080874,7.828371422364021e-05,8.806771522065734e-05,0.0,6.895462468103768e-06
rs12611400,6751707,0.034,0.0222,0.126,0.023751,0.0145484,0.102563,rsid,0.9999160572484639,4.613009782237529e-05,3.6145135118874355e-05,0.0,1.667518594935743e-06
rs148602208,6752017,0.0235,0.0716,0.743,-0.0292058,0.0371335,0.431569,rsid,0.9999213805974052,4.501010101938205e-05,3.216159128456841e-05,0.0,1.4477102907806935e-06
rs1054060,6752434,0.002,0.0168,0.905,-0.00270724,0.0099305,0.785147,rsid,0.9999818582418274,1.1209493280134574e-05,6.855417739363497e-06,0.0,7.684715322438054e-08
rs146101423,6753000,0.0395,0.0793,0.618,-0.0178008,0.0715742,0.80359,rsid,0.9999020661288615,5.14959119070771e-05,4.416349693683028e-05,0.0,2.2744622946647568e-06
rs549985816,6753117,-0.1439,0.1435,0.316,-0.0326375,0.0887892,0.713183,rsid,0.9998517618031634,8.987618837767914e-05,5.354855491259299e-05,0.0,4.813453546350972e-06
rs8106067,6753128,-0.006,0.0145,0.679,-0.0112236,0.0089639,0.210537,rsid,0.9999763610928293,1.0474347284282393e-05,1.3028095860077813e-05,0.0,1.3646402635182785e-07
rs62125121,6753129,-0.0046,0.0725,0.949,-0.0174304,0.0766486,0.820107,rsid,0.9999079415046945,4.358827521224264e-05,4.6445552193920024e-05,0.0,2.0246678992934685e-06
rs2305808,6753769,-0.0062,0.0182,0.733,0.00256539,0.00993132,0.796165,rsid,0.9999803279275702,1.2754857133630797e-05,6.830096675075982e-06,0.0,8.711862110330521e-08
rs189528257,6753800,0.1952,0.1458,0.181,0.00255051,0.121515,0.983254,rsid,0.9998196005684789,0.00011049247944373149,6.295017604632423e-05,0.0,6.956776031219011e-06
rs2305807,6754188,-0.0085,0.0145,0.558,-0.0109115,0.00896437,0.223526,rsid,0.9999759678525763,1.1408258895617951e-05,1.2481493002397813e-05,0.0,1.4239552564546285e-07
rs180742911,6754348,-0.1714,0.1274,0.179,-0.0221147,0.0569341,0.6977,rsid,0.9998484371463661,0.00010950888237543011,3.790266373040701e-05,0.0,4.151307528183907e-06
rs2305806,6755007,-0.0083,0.0145,0.567,-0.00498402,0.00879647,0.570991,rsid,0.9999817335250234,1.131836707808959e-05,6.87034538704323e-06,0.0,7.776251149078503e-08
rs12608960,6755155,-0.0233,0.0213,0.274,-0.0192932,0.0143563,0.178984,rsid,0.999950822926436,2.5274357256251606e-05,2.3313454745390404e-05,0.0,5.892615622716476e-07
rs73500351,6755564,0.0357,0.022,0.105,0.0233877,0.0138947,0.0923336,rsid,0.9999077875724034,5.2659145987059076e-05,3.757446015492304e-05,0.0,1.978821454613137e-06
rs62125122,6755812,0.0315,0.0221,0.154,0.023836,0.0145309,0.100928,rsid,0.9999226017964541,3.9393951857489815e-05,3.656374960449008e-05,0.0,1.4405020839220943e-06
rs139398114,6756178,-0.1603,0.1501,0.286,-0.027751,0.102442,0.786472,rsid,0.9998426892144103,9.404883540175566e-05,5.782291660321521e-05,0.0,5.4390335847112915e-06
rs79325462,6757419,-0.0051,0.021,0.808,0.0141963,0.0139173,0.307706,rsid,0.9999700309480821,1.4272649383056681e-05,1.5475519254773748e-05,0.0,2.2088328000661468e-07
rs150387725,6757910,-0.049,0.1299,0.706,-0.0485445,0.158634,0.759593,rsid,0.9998524769491495,6.817733807528613e-05,7.428070484337906e-05,0.0,5.065007932000309e-06
rs10407462,6758482,-0.0208,0.0215,0.333,-0.0224909,0.0144002,0.118324,rsid,0.9999448365313883,2.2443829858643095e-05,3.2001365918682854e-05,0.0,7.182728343440497e-07
rs10425752,6758503,0.0253,0.0217,0.244,0.0225084,0.0144003,0.11804,rsid,0.9999391837179181,2.7861819422701005e-05,3.206112699888252e-05,0.0,8.933356602846581e-07
rs73920207,6758811,-0.0089,0.0212,0.675,0.0144353,0.0139202,0.299735,rsid,0.9999687529483597,1.5258103520462315e-05,1.5748646137843953e-05,0.0,2.4030198180678685e-07
rs28369630,6759058,0.0016,0.0141,0.91,0.00613249,0.00857552,0.474538,rsid,0.9999831460206184,9.419444927591807e-06,7.365157588361847e-06,0.0,6.937686556287105e-08
rs3865473,6759370,-0.0113,0.0163,0.488,0.00295168,0.00895063,0.741571,rsid,0.999979925087365,1.3700121483720875e-05,6.288634366973151e-06,0.0,8.615678438415371e-08
rs62125124,6759631,-0.0124,0.0351,0.724,0.0152753,0.0183621,0.405469,rsid,0.9999583245968792,2.41745929905575e-05,1.7087704609840266e-05,0.0,4.1310552042485677e-07
rs148876828,6759632,0.0036,0.1535,0.981,0.154959,0.152493,0.309548,rsid,0.9998300099656999,7.152596851456255e-05,9.189039857240832e-05,0.0,6.573667212995697e-06
rs181902143,6759743,-0.0914,0.0913,0.317,0.0499842,0.0379499,0.187801,rsid,0.9998654837450205,7.494159246874159e-05,5.5420782081462906e-05,0.0,4.1538804294869374e-06
rs56408517,6759845,-0.0056,0.0209,0.789,0.0121901,0.0140547,0.385759,rsid,0.9999719652278679,1.4295647928601964e-05,1.3545477398738266e-05,0.0,1.93646804761243e-07
rs10416659,6760251,0.0058,0.0212,0.784,-0.0121646,0.0140544,0.386745,rsid,0.9999717610278046,1.4518303459690757e-05,1.3524313108950252e-05,0.0,1.9635562668069577e-07
rs552913623,6760295,-0.0456,0.145,0.753,0.0347928,0.0889323,0.69563,rsid,0.9998708836467542,7.129970340684436e-05,5.396823387675384e-05,0.0,3.848415962238577e-06
rs10419177,6760366,-0.0243,0.0213,0.254,-0.0211265,0.0143613,0.141273,rsid,0.999944803403014,2.6607846985164853e-05,2.7847740676981566e-05,0.0,7.41009324008697e-07
rs10419354,6760403,-0.0211,0.0214,0.324,-0.0211442,0.0143615,0.140945,rsid,0.9999487244015938,2.274358680523271e-05,2.7897490078336346e-05,0.0,6.345215227155398e-07
rs10417123,6760499,0.0213,0.0214,0.32,0.0211488,0.0143617,0.140865,rsid,0.9999484984486064,2.2950890698398628e-05,2.7910066810751788e-05,0.0,6.405938843374243e-07
rs10419595,6760520,-0.023,0.0214,0.282,-0.0211366,0.0143618,0.141095,rsid,0.9999465544376765,2.487685786881265e-05,2.7875219516873483e-05,0.0,6.934849376756709e-07
rs7258236,6760974,-0.0154,0.0156,0.324,-0.0049058,0.010673,0.645772,rsid,0.9999752308025197,1.6752540517021944e-05,7.884567160784955e-06,0.0,1.3208980257863585e-07
rs7258083,6761008,-0.0101,0.0207,0.626,0.0121072,0.0140538,0.388967,rsid,0.9999709505754892,1.5365378651010882e-05,1.3476961231527e-05,0.0,2.07084628076677e-07
rs7246122,6761011,-0.0156,0.0156,0.317,-0.00469285,0.0106612,0.659806,rsid,0.9999750949800976,1.696499002276908e-05,7.807571212958049e-06,0.0,1.3245866661562075e-07
rs115424370,6761150,-0.0353,0.1425,0.804,0.132703,0.330843,0.688342,rsid,0.9998312191502705,6.998991223675036e-05,9.232782993007842e-05,0.0,6.46310756260211e-06
rs7257763,6761177,0.0163,0.0157,0.299,0.00608433,0.0106895,0.569229,rsid,0.9999737578852261,1.774188394884606e-05,8.35204590706534e-06,0.0,1.4818491790421142e-07
rs184120198,6761237,-0.0133,0.1908,0.944,-0.0565973,0.0671126,0.399051,rsid,0.9998620711699762,7.86846776221292e-05,5.492203373786735e-05,0.0,4.322118663786317e-06
rs62125125,6761283,0.0199,0.0214,0.352,0.0230589,0.0144357,0.110186,rsid,0.9999437803526029,2.1577115914127865e-05,3.391079322855691e-05,0.0,7.317382542992384e-07
rs59615742,6761379,0.0113,0.0208,0.587,-0.0120499,0.0140535,0.391205,rsid,0.9999704804097995,1.5876215550844746e-05,1.3430148423899161e-05,0.0,2.1322622560846088e-07
rs193232537,6761416,0.0108,0.1455,0.941,-0.0398497,0.142691,0.780035,rsid,0.9998550273546687,6.972155020520631e-05,7.034576799290369e-05,0.0,4.90532713309173e-06
rs183577860,6761605,0.1222,0.1692,0.47,0.0236546,0.175017,0.892488,rsid,0.9998334610094572,8.392348259530221e-05,7.621796541334226e-05,0.0,6.397542534091558e-06
rs568342336,6761864,0.2463,0.1455,0.0905,0.0249441,0.108012,0.817363,rsid,0.999786222990407,0.00014565107760776836,5.9463200815667693e-05,0.0,8.66273116957347e-06
rs10426863,6761874,0.0052,0.0209,0.804,-0.0120228,0.0140532,0.392264,rsid,0.9999721746432586,1.422647392476418e-05,1.3408127137660572e-05,0.0,1.907556789486683e-07
rs187342490,6761908,-0.0112,0.1066,0.916,0.0272498,0.0311045,0.38099,rsid,0.9999108175723266,5.814177244739729e-05,2.9334918923472987e-05,0.0,1.7057363025158446e-06
rs74875378,6762742,0.0148,0.0157,0.346,0.00568867,0.0106834,0.594395,rsid,0.9999755301841714,1.6156570175903934e-05,8.181064475862525e-06,0.0,1.3218117676691916e-07
rs184367022,6762840,-0.1438,0.2359,0.542,-0.086767,0.370428,0.814803,rsid,0.9998096629290062,8.901413372219442e-05,9.303952767387953e-05,0.0,8.283409597733196e-06
rs10409233,6762948,-0.0152,0.016,0.342,-0.00609134,0.0106839,0.568581,rsid,0.9999749373433698,1.6572013253574202e-05,8.352226696054644e-06,0.0,1.3841668059361143e-07
rs2305805,6763718,-0.0139,0.0157,0.376,-0.00611168,0.010684,0.567294,rsid,0.9999761698514674,1.5340548843060662e-05,8.36132925294213e-06,0.0,1.2827043650122485e-07
rs62125126,6764378,-0.0076,0.0745,0.919,-0.0757105,0.0846121,0.370897,rsid,0.9998857944553754,4.466778199015463e-05,6.656415008698256e-05,0.0,2.973612547485757e-06
rs10403119,6764823,-0.0202,0.0159,0.204,-0.00653577,0.0107232,0.542194,rsid,0.9999678055758683,2.34150165751803e-05,8.578534560616734e-06,0.0,2.0087299591802506e-07
rs3845204,6764999,0.0203,0.0159,0.202,0.00661417,0.010721,0.537279,rsid,0.9999675796396579,2.3601217331467093e-05,8.615793209988249e-06,0.0,2.0334980070572556e-07
rs118171619,6765073,-0.0271,0.0218,0.214,-0.0244679,0.0145675,0.0930315,rsid,0.99992905188264,3.065246636649154e-05,3.909714212757279e-05,0.0,1.198508866039049e-06
rs36053890,6765449,-0.0084,0.0207,0.685,0.0116419,0.0140525,0.407413,rsid,0.9999718758149624,1.4821887194999845e-05,1.3108006977623337e-05,0.0,1.9429086504584366e-07
rs7248911,6766213,0.02,0.0159,0.208,0.00645519,0.0107178,0.546983,rsid,0.9999682164463772,2.3049714267260896e-05,8.537056390614666e-06,0.0,1.967829649490802e-07
rs3786684,6766467,-0.026,0.0217,0.231,-0.0251267,0.014561,0.084417,rsid,0.9999276239386614,2.8921752518839617e-05,4.223277455611714e-05,0.0,1.2215342637347659e-06
rs10409437,6766594,0.0203,0.0159,0.202,0.00652495,0.0107169,0.542627,rsid,0.9999676263648203,2.360121843427356e-05,8.570144348520608e-06,0.0,2.022723970754798e-07
rs74574985,6766748,-0.0549,0.0634,0.387,-0.0236026,0.0208788,0.258284,rsid,0.999919302297657,5.35130825374121e-05,2.5803674218166414e-05,0.0,1.380945587341191e-06
rs191939590,6766772,-0.1168,0.1367,0.393,-0.016532,0.0519571,0.750345,rsid,0.9998807204421206,8.222092441453272e-05,3.424282118373725e-05,0.0,2.8158122811323855e-06
rs12609729,6767274,0.0192,0.0159,0.227,0.00540892,0.0107746,0.615663,rsid,0.9999700233674904,2.167851033568764e-05,8.12204310035353e-06,0.0,1.7607907355559514e-07
rs28680825,6767315,0.0054,0.0208,0.795,-0.0117045,0.0140464,0.404689,rsid,0.9999724607305526,1.4198008181460634e-05,1.3154488585934246e-05,0.0,1.8677268014918903e-07
rs75437292,6767726,0.0536,0.0328,0.102,-0.00970743,0.0157623,0.537984,rsid,0.9999100356651537,7.639420397983563e-05,1.26069465666299e-05,0.0,9.631842998088797e-07
rs3810226,6767743,-0.0262,0.0217,0.227,-0.02308,0.0147549,0.117764,rsid,0.9999369159072924,2.923777197885645e-05,3.288478230442448e-05,0.0,9.615384243702015e-07
rs62125127,6767992,0.0275,0.0219,0.209,0.0240394,0.014755,0.103263,rsid,0.9999311513126892,3.126354975295776e-05,3.6445639055045e-05,0.0,1.1394985028518538e-06
rs10425286,6768035,-0.0202,0.0222,0.363,-0.0240772,0.0147557,0.102738,rsid,0.9999406488541455,2.195355051124696e-05,3.659417557748396e-05,0.0,8.03419765841439e-07
rs74651083,6768524,0.0029,0.0209,0.89,-0.01323,0.0140727,0.347156,rsid,0.999971390002646,1.3931951336937183e-05,1.4476356354567269e-05,0.0,2.0168966260870609e-07
rs59464806,6768594,0.0036,0.0212,0.865,-0.0132296,0.014072,0.347147,rsid,0.9999711241372665,1.4194487311399441e-05,1.4475891628377367e-05,0.0,2.0548379356201282e-07
rs111919165,6768822,0.0297,0.0218,0.173,0.0246431,0.0147596,0.0949926,rsid,0.9999239768796718,3.5689919595554934e-05,3.894321485470575e-05,0.0,1.389985878020528e-06
rs113151210,6768853,0.0291,0.022,0.186,0.0246459,0.0147594,0.0949511,rsid,0.9999255424817042,3.416983969008276e-05,3.895644403759776e-05,0.0,1.331234568082605e-06
rs10413156,6769415,-0.0105,0.0164,0.522,-0.00529615,0.0107677,0.622824,rsid,0.9999785065578627,1.3309636986761958e-05,8.076310084617834e-06,0.0,1.0749506585776619e-07
rs3760745,6769831,0.0213,0.0225,0.344,0.0249178,0.0147608,0.0913903,rsid,0.9999359218237178,2.299299406356492e-05,4.01616856430491e-05,0.0,9.234965755497526e-07
rs141763348,6771621,0.0471,0.0423,0.266,-0.0754104,0.0299009,0.0116686,rsid,0.9995155079811612,4.8179052626796164e-05,0.0004162487736971826,0.0,2.0064192514933858e-05
rs146253571,6771625,-0.0434,0.1219,0.722,0.690582,0.872289,0.428542,rsid,0.9998285305173257,6.551617268217162e-05,9.943743270570748e-05,0.0,6.515877286326406e-06
rs58532964,6771715,0.0151,0.0165,0.36,0.00573108,0.010807,0.595898,rsid,0.9999750590022051,1.6538673414907848e-05,8.265618603881344e-06,0.0,1.3670577624024386e-07
rs58276003,6771981,0.0166,0.0165,0.314,0.00570459,0.010789,0.596984,rsid,0.9999735771991811,1.802903997306594e-05,8.24510557990739e-06,0.0,1.4865526597078283e-07
rs62125131,6772107,0.0202,0.0225,0.369,0.0246653,0.0147832,0.0952226,rsid,0.9999382134210403,2.2001212319896306e-05,3.8928832214621676e-05,0.0,8.565344252514083e-07
rs79853737,6772452,-0.0303,0.0536,0.572,0.0158097,0.0325857,0.627554,rsid,0.9999365511331594,3.8773051335705194e-05,2.3754714304955398e-05,0.0,9.211012000384343e-07
rs56239969,6772572,-0.0337,0.0942,0.721,-0.0824159,0.0468362,0.0784657,rsid,0.9998153707888292,5.567532069581776e-05,0.00012215179428867268,0.0,6.8020961862445875e-06
rs45448796,6772872,0.0092,0.0213,0.666,-0.0108543,0.0139729,0.437271,rsid,0.9999718910929195,1.5406168802531548e-05,1.2510001663055348e-05,0.0,1.927366149565819e-07
rs61505502,6773327,0.012,0.0165,0.467,0.003628,0.0110741,0.743206,rsid,0.9999779224894254,1.4200264297650942e-05,7.766951083771028e-06,0.0,1.1029519321976967e-07
rs59147975,6773831,-0.0072,0.0143,0.615,0.00267664,0.00859368,0.755447,rsid,0.9999831704159329,1.0761410656026368e-05,6.003565490064477e-06,0.0,6.46079209633693e-08
rs79127960,6773887,0.0079,0.0306,0.796,-0.0311717,0.0221873,0.160041,rsid,0.9999401289657643,2.0639005077354783e-05,3.8438646242510683e-05,0.0,7.933829156215255e-07
rs682626,6774069,-0.0193,0.0212,0.363,0.00784709,0.0131499,0.550681,rsid,0.9999683495338093,2.100989113780939e-05,1.0421611205625295e-05,0.0,2.1896384721860528e-07
rs184693516,6774172,0.0233,0.065,0.72,-0.00505351,0.0387785,0.896315,rsid,0.999931738725074,4.1971977678667586e-05,2.5230261004313164e-05,0.0,1.0590362428641203e-06
rs543684949,6774295,-0.0029,0.1958,0.988,0.0531889,0.0577878,0.357354,rsid,0.9998645061795217,7.938321955843111e-05,5.1983429700246366e-05,0.0,4.127171219491222e-06
rs11670298,6774329,0.0043,0.0157,0.784,-0.00230346,0.00855388,0.787708,rsid,0.9999832287062854,1.0804159779625527e-05,5.903352105833912e-06,0.0,6.378182909060775e-08
rs34747150,6774901,-0.0172,0.0151,0.255,-0.00535754,0.00875848,0.540738,rsid,0.9999738027768644,1.9039147663232063e-05,7.024334624647578e-06,0.0,1.33740847793451e-07
rs10412587,6775399,0.0037,0.0145,0.799,-0.00180175,0.00855027,0.833102,rsid,0.9999841853282573,9.938064451745833e-06,5.818778975816854e-06,0.0,5.7828315027951106e-08
rs76187856,6775871,-0.0187,0.023,0.416,-0.0219753,0.0158319,0.165125,rsid,0.9999512804299385,2.0934287527508835e-05,2.721551731062569e-05,0.0,5.697652233072477e-07
rs62125158,6775910,-0.005,0.0153,0.744,-0.00661171,0.00877022,0.450921,rsid,0.9999814698890035,1.0698916772449874e-05,7.748294331822676e-06,0.0,8.289989232882237e-08
rs146452075,6775948,0.0029,0.0281,0.918,-0.0228062,0.0158317,0.149716,rsid,0.9999516599991582,1.8508960731415724e-05,2.9288906679970223e-05,0.0,5.421334303361474e-07
rs62125159,6776749,0.0101,0.0153,0.509,0.00491517,0.00875287,0.574422,rsid,0.999980506672351,1.2590415405181891e-05,6.8170806928061104e-06,0.0,8.58315509156187e-08
rs62126660,6776878,0.0184,0.0231,0.426,0.0224377,0.0158466,0.156796,rsid,0.9999503476079268,2.0750792987670757e-05,2.8314031309092807e-05,0.0,5.875677764870211e-07
rs57771330,6777245,0.0034,0.0257,0.895,-0.00324423,0.00876171,0.711179,rsid,0.9999766169189909,1.7032746757707993e-05,6.2439796405461115e-06,0.0,1.0635461087618834e-07
rs62126661,6777363,0.0197,0.0237,0.406,0.0252291,0.0156182,0.106232,rsid,0.9999396644439142,2.186250463240378e-05,3.76498810873284e-05,0.0,8.231703661229622e-07
rs392497,6777486,-0.2267,0.1392,0.103,-0.0182418,0.0556951,0.743267,rsid,0.9998197561403566,0.00013869723931546967,3.64852979538162e-05,0.0,5.061322374076265e-06
rs142982570,6777819,0.0016,0.0286,0.955,-0.0230519,0.0158451,0.145718,rsid,0.999950761575417,1.875852030610216e-05,2.9918647092607722e-05,0.0,5.61257184437334e-07
rs77662590,6777858,-0.0183,0.0236,0.438,-0.0250197,0.0156151,0.109093,rsid,0.9999415227856002,2.084211488667151e-05,3.6866675099922155e-05,0.0,7.684244132413326e-07
rs8100785,6778222,0.0043,0.0146,0.768,0.000867888,0.00855746,0.919218,rsid,0.9999841029362342,1.0113691306208948e-05,5.72546594371188e-06,0.0,5.790651568248652e-08
rs79565466,6778738,-0.0032,0.0283,0.91,-0.0231185,0.0158674,0.145121,rsid,0.9999507316829016,1.8655340552470633e-05,3.005231279331364e-05,0.0,5.606637525081801e-07
rs76969246,6778900,0.0097,0.0298,0.745,-0.00982422,0.0173122,0.570393,rsid,0.9999657775742412,2.05060312625908e-05,1.344076824965303e-05,0.0,2.7562624651938157e-07
rs146653352,6778948,-0.0091,0.1041,0.93,-0.00644407,0.0515663,0.90055,rsid,0.9999082275901372,5.71626325565947e-05,3.2738203642036994e-05,0.0,1.8715736641781285e-06
rs111896466,6778949,-0.0087,0.0217,0.688,0.0090239,0.0140411,0.520433,rsid,0.9999728932051886,1.5491405591276847e-05,1.1438190764554448e-05,0.0,1.7719845564628808e-07
rs11667864,6778993,0.003,0.0187,0.873,0.0117765,0.00989363,0.233925,rsid,0.9999739779177261,1.2529587898432123e-05,1.3325526672708316e-05,0.0,1.6696770258589438e-07
rs692221,6781753,0.0026,0.0163,0.873,0.00560312,0.0108523,0.605639,rsid,0.9999807294207589,1.0940639202881984e-05,8.239789734263787e-06,0.0,9.015030383876467e-08
rs692222,6781763,0.0033,0.0163,0.84,0.00560313,0.0108523,0.605638,rsid,0.9999806443590791,1.1025002491751717e-05,8.239792933099564e-06,0.0,9.08454959917406e-08
rs811292,6782052,-0.0018,0.0162,0.912,-0.00562889,0.0108528,0.604,rsid,0.9999808565659051,1.0804151032890191e-05,8.250145537426138e-06,0.0,8.913752482800895e-08
rs481623,6782273,-0.0011,0.0162,0.946,-0.00560847,0.0108542,0.605359,rsid,0.9999809054247695,1.0762926575958278e-05,8.24292892174151e-06,0.0,8.871973282115958e-08
rs657410,6782446,-0.0033,0.0163,0.84,-0.00562428,0.0108528,0.604294,rsid,0.9999806357214076,1.1025002396519524e-05,8.248336505342218e-06,0.0,9.093969072020365e-08
rs657469,6782483,0.0044,0.0163,0.787,0.00562416,0.0108528,0.604302,rsid,0.99998045926963,1.1200059217793054e-05,8.248288032602358e-06,0.0,9.238311964419191e-08
rs479660,6782498,-0.0045,0.0163,0.782,-0.00562428,0.0108528,0.604295,rsid,0.9999804405141709,1.1218614236564782e-05,8.248334895176062e-06,0.0,9.253669725319488e-08
rs568259,6782574,-0.0018,0.0162,0.912,-0.00573179,0.0108496,0.597295,rsid,0.9999808170649818,1.080415060610808e-05,8.289224662536374e-06,0.0,8.955974968076678e-08
rs2431518,6782627,-0.0009,0.0162,0.956,-0.00562334,0.0108527,0.604355,rsid,0.9999809085561269,1.0754822030204239e-05,8.247915288209739e-06,0.0,8.870655458110442e-08
rs117999728,6782628,-0.0294,0.065,0.651,0.0224222,0.0268024,0.40283,rsid,0.9999309006767592,4.3338038660693744e-05,2.469114484421598e-05,0.0,1.0701397357669358e-06
rs2546143,6782701,-0.0027,0.0162,0.868,-0.00542878,0.0110047,0.62179,rsid,0.9999807643905396,1.0886869282157663e-05,8.258825692927142e-06,0.0,8.991448530294711e-08
rs2607466,6782848,-0.0053,0.0163,0.745,-0.00562435,0.0108527,0.604289,rsid,0.9999802743996378,1.1383398997066255e-05,8.248305757573048e-06,0.0,9.389560763548484e-08
rs2607465,6782851,-0.0041,0.0163,0.801,-0.00562415,0.0108527,0.604302,rsid,0.9999805127595783,1.114706571516115e-05,8.248229360086328e-06,0.0,9.194534647167627e-08
rs2546142,6782921,0.0039,0.0162,0.81,0.00562426,0.0108527,0.604295,rsid,0.9999806101133871,1.1050464333332786e-05,8.248273262640888e-06,0.0,9.114901686949755e-08
rs113966705,6783059,0.0031,0.0162,0.848,0.00562388,0.0108527,0.60432,rsid,0.9999807271447511,1.0934538721591527e-05,8.248125343149283e-06,0.0,9.019118418684383e-08
rs10411364,6783063,0.0028,0.0162,0.863,0.00562388,0.0108527,0.60432,rsid,0.9999807638318128,1.089815148954079e-05,8.248125645754598e-06,0.0,8.989105195159396e-08
rs10411572,6783153,0.0014,0.0162,0.931,0.00565356,0.010854,0.602454,rsid,0.9999808723171674,1.077813877056957e-05,8.260509441888728e-06,0.0,8.903462010625144e-08
rs10403533,6783167,-0.0024,0.0162,0.882,-0.00562394,0.0108527,0.604316,rsid,0.9999808067645317,1.0855546075554337e-05,8.24814950715929e-06,0.0,8.953988557313608e-08
rs112842149,6783189,-0.0078,0.0194,0.688,0.00576505,0.0108576,0.59544,rsid,0.9999776887795091,1.3888878132555711e-05,8.306965354614319e-06,0.0,1.1537700366336905e-07
rs187160972,6783218,0.0085,0.1449,0.953,-0.0253369,0.0321575,0.430755,rsid,0.9999002950975369,6.953930380713609e-05,2.8204108982806923e-05,0.0,1.9614896733015457e-06
rs2660478,6783353,0.005,0.0162,0.758,0.00531469,0.0108433,0.624038,rsid,0.9999805266058277,1.125608869724938e-05,8.12583853456641e-06,0.0,9.146694045639169e-08
rs146130884,6783758,-0.0495,0.0527,0.348,0.0284055,0.0209363,0.174857,rsid,0.999915141044801,4.9088510468157085e-05,3.409655365522848e-05,0.0,1.6738910756805625e-06
rs149865022,6784164,-0.038,0.045,0.398,0.0144878,0.0294762,0.623067,rsid,0.9999376206193056,3.985508575241974e-05,2.166094237095214e-05,0.0,8.633525710712242e-07
rs76873911,6784227,0.0336,0.0451,0.456,-0.0147641,0.0294435,0.616063,rsid,0.9999403113413138,3.714011479870578e-05,2.174103129006641e-05,0.0,8.075125972991259e-07
rs146425089,6784919,-0.0079,0.0499,0.874,0.0144873,0.0294762,0.623079,rsid,0.999945721997731,3.1925484611186734e-05,2.1660943986712386e-05,0.0,6.91573671148856e-07
rs6510921,6785048,0.0288,0.0449,0.521,-0.0147636,0.0294435,0.616074,rsid,0.9999428695561207,3.4636464003443725e-05,2.1740908652689127e-05,0.0,7.530712232442819e-07
rs6510922,6785141,0.0319,0.045,0.478,-0.0149202,0.0294403,0.6123,rsid,0.9999412301337506,3.618573983818634e-05,2.179539747506149e-05,0.0,7.887289361965258e-07
rs6510923,6785199,0.0318,0.045,0.48,-0.0153618,0.0305703,0.61531,rsid,0.9999405076031864,3.6133536373079925e-05,2.2544209944772795e-05,0.0,8.146504955523437e-07
rs147625642,6785295,0.0399,0.0729,0.584,0.00379042,0.0261225,0.884631,rsid,0.9999324678893287,4.934322566507286e-05,1.7333534726970695e-05,0.0,8.55350279216011e-07
rs111757811,6785747,0.034,0.0452,0.452,-0.0147632,0.0294435,0.616083,rsid,0.9999400497321634,3.739648833880812e-05,2.1740704742312168e-05,0.0,8.130747554227062e-07
rs797629,6785879,-0.0124,0.0169,0.463,-0.00426624,0.0113914,0.708021,rsid,0.9999771555898427,1.460586150818279e-05,8.119947116575263e-06,0.0,1.186015324205184e-07
rs808843,6785961,-0.0082,0.0169,0.628,-0.00429258,0.0113912,0.706298,rsid,0.9999791940742208,1.2576855272598625e-05,8.126858062318549e-06,0.0,1.0221244429526142e-07
rs118024974,6786120,-0.0427,0.045,0.343,0.0144867,0.0294762,0.623093,rsid,0.9999339680746723,4.34306536394943e-05,2.166048072962568e-05,0.0,9.407909584716327e-07
rs79443873,6786132,-0.034,0.0456,0.456,0.0127501,0.0294506,0.665065,rsid,0.9999406077653057,3.751503628904158e-05,2.1086105410692796e-05,0.0,7.910929944574881e-07
rs138173249,6786217,0.0041,0.0191,0.83,-0.00585311,0.0108527,0.589662,rsid,0.9999786299602494,1.2922006491404415e-05,8.340258086843046e-06,0.0,1.0777517229789014e-07
rs691528,6786271,-0.0057,0.0161,0.723,-0.00593685,0.0108534,0.584377,rsid,0.9999801743292613,1.1355071411965595e-05,8.37549311848516e-06,0.0,9.510620801519072e-08
rs580314,6786380,-0.0111,0.0168,0.509,-0.00420715,0.0113927,0.711915,rsid,0.9999779738054189,1.3809080356075488e-05,8.105186586895544e-06,0.0,1.1192763821936427e-07
rs113104679,6786430,0.0377,0.0446,0.398,-0.0144209,0.0294446,0.624301,rsid,0.999937948675682,3.957466564875945e-05,2.1620963183244618e-05,0.0,8.556954860191641e-07
rs579371,6786503,-0.0031,0.0161,0.847,-0.00565087,0.0108545,0.602644,rsid,0.9999807801964269,1.0870292659151608e-05,8.259723575602665e-06,0.0,8.978733824549957e-08
rs691503,6786630,0.0048,0.0161,0.766,0.00560192,0.0108547,0.605797,rsid,0.9999805151690613,1.1152279876905684e-05,8.240647266407114e-06,0.0,9.190379541174611e-08
rs691502,6786675,0.0134,0.0169,0.428,0.00404096,0.0113939,0.722845,rsid,0.9999765413577444,1.5272023818450903e-05,8.063470041772649e-06,0.0,1.2314839543147e-07
rs691486,6786845,-0.0053,0.0173,0.759,-0.00668534,0.0119014,0.574302,rsid,0.9999786348529097,1.200141657895034e-05,9.252682837496459e-06,0.0,1.1104767375558314e-07
rs642553,6786857,-0.0062,0.0173,0.72,-0.00669086,0.0119014,0.573986,rsid,0.9999784239714379,1.2207962725791912e-05,9.255077754331531e-06,0.0,1.1298808208327148e-07
rs694271,6787477,-0.006,0.0172,0.727,-0.00669974,0.0119,0.573432,rsid,0.9999785317234657,1.2098064931116676e-05,9.25820285895687e-06,0.0,1.1200874396780001e-07
rs551058843,6788051,-0.016,0.0534,0.764,0.0282174,0.0209394,0.177795,rsid,0.999930232840607,3.490227824126146e-05,3.368897706115668e-05,0.0,1.1759040905400808e-06
rs372411235,6788066,-0.0073,0.0477,0.878,0.0131428,0.0294756,0.655679,rsid,0.9999475005603397,3.063009995777248e-05,2.121935462556465e-05,0.0,6.49985077072801e-07
rs139549037,6788421,-0.0318,0.0456,0.486,0.0132091,0.0294767,0.654067,rsid,0.9999416491859473,3.633853765877401e-05,2.124038675926649e-05,0.0,7.718896345270638e-07
rs35122999,6788510,0.0072,0.0198,0.716,-0.0079146,0.0112678,0.482425,rsid,0.999976326086785,1.3966192953002227e-05,9.574004699330289e-06,0.0,1.3371556253441982e-07
rs35514362,6788516,0.0021,0.0164,0.898,0.00787654,0.0112739,0.484769,rsid,0.9999793833174111,1.0957844250566221e-05,9.554143364970629e-06,0.0,1.0469497340396415e-07
rs473021,6788907,-0.0077,0.0171,0.652,-0.00662336,0.0118972,0.577722,rsid,0.9999781409392684,1.2519861861974263e-05,9.223716686460347e-06,0.0,1.1548218310052435e-07
rs659657,6788939,0.0026,0.0163,0.873,0.00783877,0.0112649,0.486519,rsid,0.9999794270297789,1.094062495361758e-05,9.52809975694018e-06,0.0,1.0424551060112264e-07
rs472835,6788979,-0.0019,0.0163,0.907,-0.00779333,0.0112659,0.489087,rsid,0.9999795178771616,1.0876714651705944e-05,9.502054929803227e-06,0.0,1.033532569704105e-07
rs692397,6789063,0.0043,0.0163,0.792,0.00788878,0.0112652,0.483753,rsid,0.9999791535554151,1.118193602271776e-05,9.557633487969733e-06,0.0,1.0687507415637325e-07
rs660134,6789080,0.0038,0.0163,0.816,0.0077921,0.0112659,0.489154,rsid,0.9999792951887506,1.109802370719043e-05,9.501339270481506e-06,0.0,1.0544827176042659e-07
rs3101748,6789404,0.0022,0.0163,0.893,0.00798232,0.0112552,0.478193,rsid,0.9999793844273828,1.0901624486294263e-05,9.609190188144776e-06,0.0,1.047579426935125e-07
rs7256070,6789466,-0.004,0.0164,0.807,-0.00803607,0.0112553,0.47524,rsid,0.9999790566654496,1.1193650351981691e-05,9.641755498153085e-06,0.0,1.0792870021249882e-07
rs7245458,6789487,0.003,0.0164,0.855,0.00797853,0.0112552,0.478402,rsid,0.9999792362971954,1.1050630607714172e-05,9.606907605165314e-06,0.0,1.0616459159715016e-07
rs7245566,6789513,0.001,0.0163,0.951,0.00797873,0.0112552,0.478391,rsid,0.9999794649388994,1.0824041929217433e-05,9.607030138981517e-06,0.0,1.0398903246072692e-07
rs34152758,6789542,-0.0008,0.0164,0.961,0.00797763,0.0112552,0.478452,rsid,0.9999794068754169,1.0882216077871292e-05,9.606367782400821e-06,0.0,1.0454072275171466e-07
rs34426013,6789552,0.0004,0.0164,0.981,-0.00949096,0.0112896,0.400528,rsid,0.9999783455021577,1.0872612988684567e-05,1.0665915965904926e-05,0.0,1.1596888771514482e-07
rs7246009,6789861,0.0055,0.0172,0.749,0.00677697,0.0118885,0.56865,rsid,0.9999786200840034,1.1982576469189466e-05,9.286066150567758e-06,0.0,1.112733767625779e-07
rs7246124,6789904,0.0031,0.0163,0.849,0.0079859,0.0112546,0.477971,rsid,0.9999792844222359,1.0998771420839437e-05,9.611093928171781e-06,0.0,1.0571241511393517e-07
rs117470610,6789905,0.0519,0.0449,0.248,-0.0130107,0.0294801,0.658968,rsid,0.9999247550359402,5.294273722808056e-05,2.1180774280886657e-05,0.0,1.1214525506971412e-06
rs10418301,6790016,0.0007,0.0163,0.966,0.008018,0.0112542,0.476188,rsid,0.9999794517488234,1.0813779357329435e-05,9.630329421745444e-06,0.0,1.0414239744929413e-07
rs332423,6790165,-0.0348,0.0261,0.182,-0.0162261,0.0174678,0.352935,rsid,0.9999409510369331,4.062426425188344e-05,1.7705387980334072e-05,0.0,7.193108345541156e-07
rs145836391,6790189,0.0049,0.0191,0.798,-0.00801464,0.0112541,0.476372,rsid,0.999977198056669,1.304808081424725e-05,9.628229732446267e-06,0.0,1.2563278431872564e-07
rs117483641,6790212,-0.0188,0.0494,0.704,0.0130031,0.0294801,0.659154,rsid,0.9999447199174583,3.339392002651769e-05,2.1178877669368385e-05,0.0,7.072848459069514e-07
rs2546122,6790326,0.0013,0.0163,0.936,0.00369133,0.0106603,0.72914,rsid,0.9999815551514158,1.0837964549943595e-05,7.525323342391555e-06,0.0,8.156069198631685e-08
rs192194573,6790718,0.1811,0.1293,0.161,0.0813098,0.0609247,0.182009,rsid,0.9997953159937023,0.0001146037852397017,8.081645343905962e-05,0.0,9.263767618833974e-06
rs2135789,6790825,0.0018,0.0163,0.912,0.00797211,0.0112551,0.478752,rsid,0.9999794233824814,1.0869231127994807e-05,9.603006940890922e-06,0.0,1.0437944974029593e-07
rs2546124,6791475,-0.001,0.0163,0.951,-0.00796788,0.0112551,0.478984,rsid,0.9999794715736493,1.0824042001033717e-05,9.600466365245073e-06,0.0,1.0391798443961428e-07
rs2546125,6791496,-0.002,0.0163,0.902,-0.00799714,0.0112552,0.477375,rsid,0.9999793925766371,1.0884605819989399e-05,9.618125876470602e-06,0.0,1.0469166631791293e-07
rs2660484,6791668,0.0079,0.0171,0.644,0.0067728,0.0118885,0.568887,rsid,0.9999780129600134,1.2585970424979725e-05,9.28421612292599e-06,0.0,1.1685343880349802e-07
rs2546126,6791831,-0.002,0.0163,0.902,-0.00801134,0.011254,0.476549,rsid,0.9999793844042518,1.0884605731034373e-05,9.626210352612738e-06,0.0,1.0477966446739632e-07
rs2431516,6791860,-0.0022,0.0163,0.893,-0.0079684,0.011255,0.478954,rsid,0.9999793929738399,1.0901624579466449e-05,9.600735806459688e-06,0.0,1.0466577429901363e-07
rs2546127,6791879,-0.0061,0.0171,0.721,-0.0067716,0.0118885,0.568955,rsid,0.9999785424990132,1.206182973163292e-05,9.283690557670741e-06,0.0,1.1198069761372233e-07
rs11435405,6792001,-0.0055,0.0191,0.773,0.00807462,0.0112592,0.473278,rsid,0.9999770475685228,1.3158354121625381e-05,9.666874280975277e-06,0.0,1.2720307465816025e-07
rs2660485,6792286,-0.0001,0.0163,0.995,0.00792944,0.0112544,0.481082,rsid,0.9999795152237448,1.0804130174750225e-05,9.577170959089994e-06,0.0,1.0347512141255587e-07
rs2546128,6792315,0.0011,0.0164,0.947,0.00785125,0.0112532,0.485371,rsid,0.9999794721806488,1.0893617744309105e-05,9.530379168169266e-06,0.0,1.0382243886463218e-07
rs397947288,6792577,0.0063,0.0193,0.744,-0.00773117,0.011257,0.492216,rsid,0.999976961319121,1.3449153013920686e-05,9.462265476898047e-06,0.0,1.2726238821469103e-07
rs2617807,6792634,-0.0013,0.0164,0.937,-0.0078673,0.0112532,0.484479,rsid,0.9999794529315936,1.0903227603137542e-05,9.539823795965247e-06,0.0,1.0401700738580282e-07
rs2617808,6792827,0.001,0.0164,0.951,0.00784012,0.0112526,0.485965,rsid,0.9999794832874083,1.0889416124144428e-05,9.52358802681778e-06,0.0,1.0370844077521109e-07
rs2617809,6792843,-0.0015,0.0167,0.928,0.0078384,0.0112525,0.486059,rsid,0.9999792616425257,1.1110025268559594e-05,9.522534413731095e-06,0.0,1.057977920297119e-07
rs2546129,6792868,-0.0019,0.0167,0.909,0.00795223,0.0112514,0.479706,rsid,0.9999791668686605,1.1136813679069035e-05,9.589518751743995e-06,0.0,1.0679890856580063e-07
rs59906444,6793238,-0.0088,0.061,0.885,0.0218349,0.0266033,0.411783,rsid,0.999936861942918,3.801010681949116e-05,2.420775288998227e-05,0.0,9.201973726823151e-07
rs2617810,6793259,0.0011,0.0168,0.948,-0.007819,0.0112521,0.487121,rsid,0.9999792280143177,1.1154879585543866e-05,9.511009724656507e-06,0.0,1.060963720478012e-07
rs2617811,6793350,0.0086,0.0184,0.64,-0.00781946,0.011252,0.487092,rsid,0.9999768001045956,1.3559711039011085e-05,9.51121208591591e-06,0.0,1.2897227965916777e-07
rs2546130,6793354,0.0076,0.0184,0.68,-0.00781939,0.011252,0.487095,rsid,0.9999771190109602,1.324384738794557e-05,9.511174229695218e-06,0.0,1.2596742223745187e-07
rs72998343,6793445,0.0303,0.0666,0.649,0.00144849,0.0240348,0.951944,rsid,0.9999392027308162,4.424588271060353e-05,1.5850044618353868e-05,0.0,7.013418548110548e-07
rs60654216,6793634,0.0381,0.0448,0.395,-0.012456,0.029478,0.67262,rsid,0.9999382590581568,3.9887863976556564e-05,2.101479098554978e-05,0.0,8.382868809489413e-07
rs186780103,6793734,0.0864,0.149,0.562,0.00155513,0.034855,0.964412,rsid,0.9998989101914986,7.66970449044923e-05,2.2655015209446315e-05,0.0,1.7377483874825743e-06
rs2546131,6793829,-0.001,0.0167,0.952,0.0078015,0.0112519,0.488088,rsid,0.9999793084987982,1.1085459954926526e-05,9.5007192250005e-06,0.0,1.0532202178248392e-07
rs2617812,6793910,0.0012,0.0168,0.943,-0.00779844,0.0112519,0.48826,rsid,0.9999792356886454,1.115936937450268e-05,9.498937625200618e-06,0.0,1.0600435473240161e-07
rs2546132,6793918,0.0005,0.0168,0.976,-0.00779834,0.0112519,0.488265,rsid,0.9999792591773007,1.1136159797254323e-05,9.498879666133483e-06,0.0,1.0578323588829239e-07
rs11672850,6794003,0.0362,0.0918,0.693,-0.0276897,0.0306969,0.367039,rsid,0.9999134978534036,5.523871479760176e-05,2.9626746804841133e-05,0.0,1.6366849938986533e-06
rs143570897,6794302,-0.2683,0.1229,0.029,0.169264,0.101736,0.0961634,rsid,0.9995533903047721,0.0002636262204800959,0.0001447947314794585,0.0,3.8188743268352235e-05
rs2660486,6794481,-0.0002,0.0167,0.99,-0.00779894,0.0112519,0.488235,rsid,0.9999793290134205,1.1066630505087798e-05,9.49922943920799e-06,0.0,1.0512663535803586e-07
rs78412113,6794576,0.0392,0.0452,0.386,-0.0124515,0.0294783,0.672735,rsid,0.9999374000096853,4.0730406942597314e-05,2.101363585022775e-05,0.0,8.559475218299044e-07
rs2660487,6794942,0.0021,0.0168,0.901,-0.00779713,0.011252,0.488339,rsid,0.9999791777260207,1.121750704574686e-05,9.498218383345134e-06,0.0,1.0654855022032118e-07
rs2617815,6795147,-0.0018,0.0168,0.915,0.00733942,0.0112434,0.513902,rsid,0.9999794627342169,1.1194571192124259e-05,9.239262880657376e-06,0.0,1.034317102847946e-07
rs186133366,6795157,-0.0155,0.0747,0.836,0.0316598,0.0572536,0.580281,rsid,0.9999120462226581,4.535424521814137e-05,4.0751132685433675e-05,0.0,1.8483994384448232e-06
rs79464105,6795170,-0.0266,0.0445,0.55,0.0124497,0.0294789,0.672788,rsid,0.9999447635736727,3.351843976834501e-05,2.101360441745203e-05,0.0,7.043821415344618e-07
rs181848525,6795276,-0.1352,0.2609,0.604,0.539485,0.300692,0.0727897,rsid,0.9997760211964652,8.962257007407288e-05,0.00012330302387823552,0.0,1.1053209582529761e-05
rs2617816,6795389,-0.002,0.0168,0.905,0.00759098,0.0112514,0.499886,rsid,0.9999793050277112,1.1209464659378866e-05,9.380356676804721e-06,0.0,1.0515095275706456e-07
rs4807900,6795472,0.0007,0.017,0.967,-0.00806335,0.0112716,0.474382,rsid,0.9999789543682546,1.1271561454101321e-05,9.66512692638061e-06,0.0,1.0894336489432715e-07
rs112495019,6795733,0.0403,0.0269,0.134,0.0410819,0.0191155,0.0316235,rsid,0.9998185674425775,5.235251301562618e-05,0.00012265745322338414,0.0,6.422591183484478e-06
rs146010502,6795809,0.016,0.0459,0.727,-0.0143708,0.0295669,0.626936,rsid,0.9999467270228346,3.093370373363197e-05,2.1668937236306725e-05,0.0,6.703361954954143e-07
rs139966812,6795819,0.0155,0.0469,0.741,-0.0285446,0.0303006,0.346168,rsid,0.9999373553621543,3.136530576649482e-05,3.032802471654507e-05,0.0,9.513073628334732e-07
rs2617817,6795823,0.002,0.0184,0.913,0.017587,0.0111618,0.115107,rsid,0.9999619367657094,1.2247229958718813e-05,2.5503643456193834e-05,0.0,3.123608756583736e-07
rs139258568,6795851,0.0093,0.0491,0.85,0.0411654,0.0258793,0.111684,rsid,0.9999084633152165,3.161751008223833e-05,5.808258002597684e-05,0.0,1.8365946753616108e-06
rs150000296,6795940,-0.0096,0.0488,0.844,-0.0178484,0.029829,0.5496,rsid,0.9999446152928441,3.148477389194112e-05,2.3170378722827035e-05,0.0,7.295545412434739e-07
rs80220306,6795991,0.0154,0.0516,0.765,-0.0144584,0.0301703,0.631777,rsid,0.9999433819279488,3.385215109105677e-05,2.202043950694937e-05,0.0,7.454814530033448e-07
rs76648517,6796179,0.0407,0.0345,0.238,-0.0409458,0.026617,0.123966,rsid,0.9998991846907238,4.340678882186267e-05,5.5020036550907244e-05,0.0,2.3884839032798074e-06
rs2617818,6796266,-0.0183,0.0261,0.483,-0.00233498,0.0148061,0.87469,rsid,0.9999680752544989,2.1762904095367255e-05,9.945393843227297e-06,0.0,2.1644756243415672e-07
rs2660488,6796267,0.0124,0.0271,0.647,0.000353842,0.0145557,0.980606,rsid,0.999970470877191,1.9677057243320806e-05,9.661941377816727e-06,0.0,1.9012418777339937e-07
rs35510323,6796283,0.0087,0.0518,0.867,-0.0533564,0.0367666,0.146719,rsid,0.9999005362648251,3.305574296755711e-05,6.428286303632057e-05,0.0,2.125129171032371e-06
rs2660489,6796330,0.0064,0.0198,0.747,0.0182216,0.0125464,0.146409,rsid,0.9999621393157013,1.3776812635007486e-05,2.3756569465393837e-05,0.0,3.2730219826046957e-07
rs34446835,6796360,0.015,0.0253,0.553,0.0273565,0.01366,0.0452127,rsid,0.9999126902409771,1.9731595232736233e-05,6.62704283442974e-05,0.0,1.3077354460563879e-06
rs2617819,6796380,0.0106,0.0212,0.617,0.0253255,0.0134838,0.0603518,rsid,0.9999318575557947,1.581930185325282e-05,5.1508262078387646e-05,0.0,8.148802736880535e-07
rs11085201,6796722,0.1278,0.0819,0.119,0.0407781,0.0801235,0.610794,rsid,0.9998191037634448,0.0001224108175769632,5.210593486595065e-05,0.0,6.379484112220076e-06
rs4807901,6796734,0.008,0.0214,0.709,-0.0137415,0.0140807,0.329108,rsid,0.9999696623148684,1.5125801933526583e-05,1.4985212958284428e-05,0.0,2.2667023978908964e-07
rs2456795,6796978,-0.0058,0.0253,0.819,0.0259477,0.0194317,0.181769,rsid,0.9999515332056036,1.7063059291255112e-05,3.087685594523142e-05,0.0,5.268791598649397e-07
rs2617820,6797529,-0.0023,0.0254,0.928,0.0253833,0.0194455,0.191771,rsid,0.9999530201789499,1.676322301133649e-05,2.9718398491914954e-05,0.0,4.981995467852917e-07
rs9917111,6798063,-0.0032,0.0343,0.926,-0.00932908,0.0259029,0.71873,rsid,0.9999590853132414,2.238500653724673e-05,1.8123958687745186e-05,0.0,4.057215336754272e-07
rs2436517,6798708,0.013,0.0197,0.509,-0.0155469,0.0156455,0.320368,rsid,0.9999666889122615,1.613048008664184e-05,1.6907866561787306e-05,0.0,2.7274109018489266e-07
rs111293563,6798760,0.1534,0.1522,0.314,0.0641076,0.124948,0.607898,rsid,0.9998330316260489,9.147054583118855e-05,6.916977450590136e-05,0.0,6.328053613897217e-06
rs11878607,6799104,-0.0185,0.0322,0.566,0.00565968,0.0205503,0.783004,rsid,0.999960987657084,2.4576993911045822e-05,1.4089068543884134e-05,0.0,3.4628046102743834e-07
rs2617821,6799401,-0.0182,0.0197,0.356,0.0152077,0.0156416,0.33092,rsid,0.9999633070859678,1.9809997847176055e-05,1.655495061485483e-05,0.0,3.279655700528476e-07
rs2546133,6799677,0.0022,0.0252,0.93,-0.0240611,0.019512,0.217521,rsid,0.9999556707620555,1.6630264872416933e-05,2.7245847327538257e-05,0.0,4.531257444493388e-07
rs11426897,6800326,0.0049,0.0226,0.828,-0.0147704,0.0156313,0.344695,rsid,0.999968387276144,1.5245926545861833e-05,1.6121009808719423e-05,0.0,2.457875014012635e-07
rs2436516,6800694,-0.0139,0.0196,0.478,0.0140825,0.0156002,0.366678,rsid,0.9999676705296336,1.6591932214623103e-05,1.5480675528435064e-05,0.0,2.5686262323693547e-07
rs2436515,6800779,-0.0168,0.0197,0.394,0.0135528,0.0156038,0.38509,rsid,0.999966074526177,1.861802614300495e-05,1.5027652952053419e-05,0.0,2.797947276980464e-07
rs34844949,6800864,0.0075,0.0185,0.685,0.00606361,0.0105277,0.564637,rsid,0.9999783583957528,1.3273654372446891e-05,8.258329293722487e-06,0.0,1.0962058110395936e-07
rs2617822,6801481,-0.004,0.0188,0.832,0.00806573,0.0153563,0.599417,rsid,0.9999754595095539,1.2717241531066711e-05,1.167477434617466e-05,0.0,1.4847456881974224e-07
rs151100897,6801575,0.2549,0.1263,0.0436,0.182478,0.172293,0.289546,rsid,0.9996715684095294,0.00021203075483403893,9.603233706235622e-05,0.0,2.0368498574190463e-05
rs7247477,6801814,0.0087,0.0258,0.736,0.00160833,0.0213362,0.939912,rsid,0.9999677096872198,1.7914690358266523e-05,1.4122612030432004e-05,0.0,2.530103913597927e-07
rs7251975,6801815,-0.0067,0.0259,0.796,-0.00160998,0.0213362,0.939851,rsid,0.9999680510514893,1.7577994294442917e-05,1.4122697587109657e-05,0.0,2.482566291466183e-07
rs332425,6801953,0.0231,0.0256,0.367,0.00357573,0.0156444,0.819209,rsid,0.9999640996743834,2.4988746757074815e-05,1.0645550347400389e-05,0.0,2.6602851223109056e-07
rs332426,6801966,0.0103,0.0243,0.672,0.00316326,0.0156482,0.839801,rsid,0.9999717710486619,1.745568105307306e-05,1.0588436693640702e-05,0.0,1.8483359143330582e-07
rs35172734,6802044,0.0119,0.0277,0.667,0.00875437,0.018882,0.64291,rsid,0.9999659841698388,1.9855933908319082e-05,1.388420305642774e-05,0.0,2.7569319619104924e-07
rs34640358,6802049,0.0002,0.0267,0.994,-0.00874951,0.0188821,0.643096,rsid,0.9999683478041886,1.752621558667075e-05,1.388266199600347e-05,0.0,2.433182286150542e-07
rs2546134,6802081,0.0043,0.0255,0.866,0.0108081,0.021005,0.606869,rsid,0.9999669460076346,1.6993882395292012e-05,1.57917381583767e-05,0.0,2.6837181184051854e-07
rs2546135,6802094,-0.006,0.0256,0.815,-0.0111867,0.0210064,0.594352,rsid,0.9999665056560483,1.727960193554171e-05,1.5939307895189275e-05,0.0,2.754341210420941e-07
rs2546136,6802215,-0.0022,0.0251,0.93,-0.0106971,0.0210101,0.610654,rsid,0.9999674195867072,1.656677105113684e-05,1.5752662977905228e-05,0.0,2.609792638129512e-07
rs8106212,6802571,-0.0456,0.0579,0.431,-0.0218633,0.0445831,0.623855,rsid,0.9999195107572784,4.716917849564948e-05,3.18190642886455e-05,0.0,1.5009999373439479e-06
rs2617823,6802581,-0.0076,0.0234,0.745,-0.0129227,0.0191612,0.500044,rsid,0.9999676636987714,1.6229106065341636e-05,1.5849956224378742e-05,0.0,2.572389388522789e-07
rs118146369,6802585,0.0141,0.0297,0.635,-0.000784974,0.025155,0.975106,rsid,0.9999614448904672,2.16489535989951e-05,1.6547897456718196e-05,0.0,3.5825847689623906e-07
rs2617824,6802616,0.0122,0.0236,0.605,0.0125827,0.019145,0.511032,rsid,0.9999663552614938,1.7707925974233598e-05,1.565950583191374e-05,0.0,2.773066999760146e-07
rs12232825,6803221,0.0327,0.0503,0.516,0.0336164,0.0424692,0.428625,rsid,0.9999237461531079,3.8445303681154824e-05,3.640869320033879e-05,0.0,1.3998500106694072e-06
rs8109794,6803270,-0.0349,0.0521,0.503,-0.0348379,0.0425776,0.413231,rsid,0.9999212009643538,4.0084022196929446e-05,3.7222854156285175e-05,0.0,1.4921592929469174e-06
rs13345037,6803567,-0.0038,0.0284,0.894,0.0326845,0.0236083,0.166221,rsid,0.9999408798926609,1.876506609225921e-05,3.9611681478313895e-05,0.0,7.433597684753841e-07
rs13345466,6803661,-0.0017,0.0257,0.947,0.00784728,0.0213867,0.713677,rsid,0.9999677417310924,1.6924338921354898e-05,1.5078724312958814e-05,0.0,2.552056732674243e-07
rs113367654,6803673,-0.0389,0.0509,0.445,-0.0347096,0.0425704,0.414874,rsid,0.9999195584615898,4.175435234939257e-05,3.713645278299284e-05,0.0,1.5507332778782e-06
rs201831100,6804093,-0.0138,0.0295,0.64,-0.0010911,0.0246186,0.964649,rsid,0.9999619980620549,2.1442079274753356e-05,1.6212221716318506e-05,0.0,3.47636954139138e-07
rs76476983,6804117,-0.0223,0.0331,0.5,0.0319747,0.0280257,0.253909,rsid,0.9999378758496895,2.6755558230955053e-05,3.4446889072893847e-05,0.0,9.21703006481177e-07
rs111983268,6804122,-0.0261,0.0341,0.444,0.0308705,0.0280796,0.271597,rsid,0.9999367531356231,2.9288522322156397e-05,3.299199417809576e-05,0.0,9.66347876410692e-07
rs72998373,6804316,0.0544,0.0393,0.166,0.00577148,0.0138578,0.67706,rsid,0.9999272300486154,6.212136918921647e-05,1.0025725099822194e-05,0.0,6.228570955962148e-07
rs147284652,6804423,0.0065,0.0242,0.788,-0.01646,0.017271,0.340567,rsid,0.9999652981722691,1.649837134589591e-05,1.7907993406527584e-05,0.0,2.9546297838612445e-07
rs181314940,6804780,0.023,0.0338,0.496,-0.0316439,0.0281165,0.260396,rsid,0.999937696913611,2.7401666833279567e-05,3.397051288114718e-05,0.0,9.309066744837879e-07
rs112998031,6805096,-0.0033,0.0253,0.896,-0.00655101,0.0213745,0.759233,rsid,0.9999682084700559,1.6771032797849122e-05,1.4772735242161902e-05,0.0,2.477619039902286e-07
rs140416947,6805759,0.0081,0.0328,0.805,0.0029461,0.0248197,0.905513,rsid,0.9999612065651406,2.199405146466036e-05,1.6437834784647216e-05,0.0,3.6154860993356307e-07
rs8103611,6805966,-0.0014,0.0258,0.957,-0.0117478,0.0223596,0.599304,rsid,0.9999658610418648,1.69764619586246e-05,1.6875991763395153e-05,0.0,2.8650441314750597e-07
rs114565652,6806389,-0.0402,0.0512,0.432,-0.0813229,0.0515044,0.114347,rsid,0.9998541726806415,4.257196866800831e-05,9.903847298570709e-05,0.0,4.21687770484667e-06
rs12710097,6806392,0.0092,0.019,0.628,0.0153556,0.0139301,0.270317,rsid,0.9999687674826192,1.410406178803303e-05,1.6890227342203357e-05,0.0,2.3822825051633587e-07
rs17704510,6806460,0.0372,0.0514,0.469,0.0814195,0.0514862,0.11379,rsid,0.9998555950035088,4.097627210934021e-05,9.935686254894759e-05,0.0,4.071861832929687e-06
rs75014155,6807187,0.0161,0.029,0.579,0.00340658,0.0248281,0.890867,rsid,0.9999611325641976,2.2023263067272073e-05,1.648118906442475e-05,0.0,3.6298367067179116e-07
rs141872001,6807528,0.0835,0.0671,0.213,-0.0313715,0.0356338,0.37865,rsid,0.999886206895661,7.784154552803736e-05,3.335486878811835e-05,0.0,2.5966900227707247e-06
rs12978597,6807732,0.0112,0.0193,0.562,0.0189421,0.0154044,0.218827,rsid,0.9999630254212418,1.5061343577349714e-05,2.158807770282261e-05,0.0,3.251574780175136e-07
rs28835675,6807762,0.0087,0.0178,0.625,0.0201909,0.0147308,0.170481,rsid,0.999961631575246,1.3257848440258098e-05,2.478200760617338e-05,0.0,3.2856870755170226e-07
rs7247388,6807785,-0.0451,0.0298,0.13,-0.018524,0.0247064,0.453396,rsid,0.9999187373262461,5.864179254069853e-05,2.1367736980159598e-05,0.0,1.2531442329056966e-06
rs28873729,6807814,0.0134,0.019,0.481,0.018436,0.0151792,0.224535,rsid,0.9999627169617408,1.6052247880330162e-05,2.0895360368854135e-05,0.0,3.3543001003957133e-07
rs144555386,6808051,0.2083,0.1173,0.0758,-0.00414659,0.211748,0.984376,rsid,0.9997411907580548,0.00016384470710080143,8.159256426175225e-05,0.0,1.3371970582639923e-05
rs8102009,6808301,-0.0492,0.0295,0.0954,-0.0181669,0.0246484,0.461098,rsid,0.9999036992328794,7.36215979597871e-05,2.1123847941765723e-05,0.0,1.5553212191588767e-06
rs114064622,6808355,0.0386,0.0516,0.454,0.0831721,0.0515006,0.106317,rsid,0.9998496067817885,4.177411693908335e-05,0.0001042629533323968,0.0,4.356147940029441e-06
rs12710098,6808547,-0.0128,0.0191,0.503,-0.0189708,0.0153882,0.217645,rsid,0.999962253836153,1.5755918393446518e-05,2.1649130642143654e-05,0.0,3.411148114622419e-07
rs150952336,6808581,0.0946,0.0672,0.159,-0.0317888,0.0356302,0.372293,rsid,0.9998698604436861,9.331298065586225e-05,3.3683096440490396e-05,0.0,3.1434792175716803e-06
rs12610223,6808656,0.0153,0.0194,0.43,0.018051,0.0153588,0.239881,rsid,0.9999620542431595,1.741708041333376e-05,2.0177234574119433e-05,0.0,3.514418528232272e-07
rs11085204,6808762,-0.0483,0.0301,0.109,-0.0184742,0.0245905,0.452489,rsid,0.9999094345127547,6.782617212074558e-05,2.129483702337235e-05,0.0,1.4444781010935192e-06
rs10853998,6808784,-0.0514,0.0301,0.0877,-0.0181233,0.0245986,0.461268,rsid,0.9998973270028608,7.990993733605988e-05,2.107850484354926e-05,0.0,1.6845549594923935e-06
rs557777276,6808857,-0.0749,0.1393,0.591,0.0470792,0.0331777,0.155899,rsid,0.9998659223388114,7.353843773303202e-05,5.639170917272264e-05,0.0,4.147514282672281e-06
rs200027004,6809097,-0.0087,0.056,0.877,-0.0340513,0.0177018,0.0544039,rsid,0.9998894086427148,3.534745921003971e-05,7.267474631818962e-05,0.0,2.569151757062077e-06
rs34296431,6809276,-0.0548,0.0536,0.307,-0.0275961,0.0279477,0.323438,rsid,0.9999156010753206,5.3488993825401565e-05,2.9340409410325757e-05,0.0,1.5695214437057785e-06
rs398650,6809372,-0.029,0.0265,0.274,-0.0283981,0.0232939,0.222798,rsid,0.9999362149861105,3.1094011101591764e-05,3.1705101135445784e-05,0.0,9.85901652433235e-07
rs3097355,6810013,-0.0148,0.0158,0.349,-0.0222523,0.00882399,0.0116759,rsid,0.9998419487830105,1.6165306473447598e-05,0.0001396284175543803,0.0,2.257492961679007e-06
rs28533437,6810093,-0.0664,0.0824,0.42,-0.360635,0.268105,0.178586,rsid,0.9998232618545859,6.178093877316864e-05,0.00010826717645737687,0.0,6.690030183384423e-06
rs138123698,6810332,0.1037,0.1165,0.373,0.0831429,0.0588206,0.157509,rsid,0.999827884617918,7.852811424426297e-05,8.677204942328072e-05,0.0,6.815218414241561e-06
rs8102571,6810367,0.0059,0.0232,0.799,-0.0227508,0.0161977,0.16015,rsid,0.9999553089339244,1.5776221037814628e-05,2.8465743111701018e-05,0.0,4.4910192617970203e-07
rs3095927,6810484,0.0051,0.0255,0.841,0.0176455,0.0223079,0.428945,rsid,0.9999625902216209,1.7089582005234214e-05,1.9978755028158732e-05,0.0,3.4144134566127473e-07
rs149144422,6810648,-0.0217,0.0898,0.809,-0.468298,0.520687,0.368448,rsid,0.9998432082598065,5.247842934660018e-05,9.911129036420238e-05,0.0,5.2020204826721705e-06
rs138413666,6811422,0.0474,0.0645,0.462,-0.00388481,0.0336711,0.908148,rsid,0.9999272493533627,4.961475793245322e-05,2.2042191158857698e-05,0.0,1.0936975458512714e-06
rs10423572,6811567,0.0389,0.0344,0.258,0.0329255,0.0460165,0.474291,rsid,0.9999203846186292,4.103422844008237e-05,3.706029138406352e-05,0.0,1.52086154668173e-06
rs79328422,6811620,0.0209,0.0358,0.559,0.0328581,0.0459905,0.474946,rsid,0.9999346963460938,2.7277031589025165e-05,3.701684667885818e-05,0.0,1.0097756382241177e-06
rs77540572,6811732,0.0221,0.0356,0.535,0.0328422,0.0459452,0.474725,rsid,0.9999342673228946,2.7713758687742043e-05,3.6993618797753756e-05,0.0,1.0252996200361256e-06
rs80280568,6811888,0.0225,0.0358,0.53,0.0326636,0.0458819,0.476522,rsid,0.9999341036332821,2.7985170989698533e-05,3.687906088937405e-05,0.0,1.0321348388644805e-06
rs11878414,6812002,-0.0311,0.0241,0.197,0.0194236,0.0142551,0.173017,rsid,0.9999396906595183,3.5720670469401546e-05,2.3740589104984297e-05,0.0,8.480809073688074e-07
rs374119,6812102,0.0142,0.0342,0.678,0.0226709,0.0450023,0.614421,rsid,0.9999428069121513,2.4128709360945905e-05,3.228533057346183e-05,0.0,7.790479141849157e-07
rs426815,6812364,0.0179,0.0352,0.611,0.0340253,0.0456757,0.456313,rsid,0.9999356529377891,2.582551363639621e-05,3.755169437204714e-05,0.0,9.6985420234378e-07
rs1702378,6812565,0.0067,0.02,0.738,0.0252849,0.0153918,0.100434,rsid,0.9999466913247076,1.3966134412877475e-05,3.880061735305341e-05,0.0,5.419235264806766e-07
rs415306,6812682,-0.0256,0.0365,0.483,-0.0296947,0.0459859,0.518451,rsid,0.999933652083964,2.9824464570502193e-05,3.546563762881398e-05,0.0,1.0578138366744494e-06
rs2135788,6812806,0.0272,0.0364,0.455,0.0301704,0.0459854,0.511768,rsid,0.999932522241539,3.069788381520601e-05,3.568436619579417e-05,0.0,1.0955084499523325e-06
rs2174759,6812891,0.02,0.0351,0.569,0.0344646,0.0458192,0.451938,rsid,0.9999345758275995,2.6576431235806563e-05,3.7841970827372844e-05,0.0,1.0057703372130096e-06
rs691469,6812948,-0.003,0.0305,0.922,-0.0623961,0.0329953,0.0586165,rsid,0.9998593695393614,2.0017561902458995e-05,0.00011824557764833023,0.0,2.367321087722518e-06
rs2660482,6813114,0.0186,0.0354,0.599,0.0392218,0.0456587,0.390329,rsid,0.9999319348555451,2.6178308944038282e-05,4.0818211035736955e-05,0.0,1.0686244751157417e-06
rs3105704,6813130,0.0232,0.0358,0.517,0.0384217,0.0454303,0.397704,rsid,0.9999303202984094,2.831745799489482e-05,4.0223146949524324e-05,0.0,1.1390966460800185e-06
rs3105703,6813167,-0.0655,0.0435,0.132,-0.0129605,0.0379903,0.732988,rsid,0.999892763199094,7.92500330888501e-05,2.593147700369827e-05,0.0,2.0552908133976037e-06
rs116986430,6813235,0.0228,0.0442,0.606,0.103517,0.0275703,0.00017358,rsid,0.983193718466228,3.141211220179785e-05,0.016255520858301863,0.0,0.0005193485632680868
rs78915856,6813280,0.0133,0.0359,0.711,0.0392542,0.0456624,0.389976,rsid,0.999933306158429,2.4837705867398026e-05,4.084165502921923e-05,0.0,1.0144806743668578e-06
rs117838354,6813476,0.006,0.0501,0.905,-0.0970486,0.0471701,0.0396461,rsid,0.9997557326819473,3.1880124666601904e-05,0.00020582389863972163,0.0,6.563294746405655e-06
rs80126952,6813514,0.0102,0.0357,0.775,0.0395349,0.0456925,0.386908,rsid,0.9999339011458277,2.4065970438681007e-05,4.104502996002278e-05,0.0,9.878537736752145e-07
rs76480763,6813547,0.0205,0.0366,0.575,0.0395458,0.0456949,0.386801,rsid,0.9999303305788724,2.7487875171485625e-05,4.1053007389048054e-05,0.0,1.1285385671529237e-06
rs76413264,6813590,0.0222,0.0366,0.544,0.0395582,0.0456963,0.386667,rsid,0.9999295801137532,2.8199845589165744e-05,4.1062016582556726e-05,0.0,1.158024075131505e-06
rs73484417,6813617,-0.0031,0.0241,0.898,0.0136261,0.0170116,0.423136,rsid,0.9999682910119734,1.5992768669409613e-05,1.5468822217240427e-05,0.0,2.473971400215008e-07
rs73484421,6813793,0.0053,0.0245,0.829,-0.0181506,0.0168453,0.281263,rsid,0.9999633814418153,1.6492371021896814e-05,1.9799632322519592e-05,0.0,3.265548403275547e-07
rs10419572,6814560,-0.01,0.0206,0.627,-0.0257507,0.0153801,0.0940719,rsid,0.999943270277704,1.5274278170323865e-05,4.0831733487292296e-05,0.0,6.237106383927397e-07
rs74176208,6815176,0.0174,0.0589,0.768,0.0134007,0.0280615,0.632971,rsid,0.9999407297330649,3.795968407195592e-05,2.053117957725979e-05,0.0,7.794032858181758e-07
rs142733315,6815255,-0.0156,0.0523,0.765,-0.0962895,0.0471537,0.0411481,rsid,0.9997589363118773,3.425010167296376e-05,0.0001999631759572151,0.0,6.8504104926018635e-06
rs415218,6815537,-0.0024,0.0367,0.948,-0.0429059,0.0458427,0.349305,rsid,0.9999315180419984,2.3814423006011294e-05,4.362847683649252e-05,0.0,1.03905815922942e-06
rs4807100,6815724,0.0101,0.0145,0.486,0.0338435,0.00856423,7.7589e-05,rsid,0.9863350065111268,1.2069963967866368e-05,0.013487869964602403,0.0,0.00016505356030287213
rs4807101,6815948,0.0113,0.0142,0.426,0.0296778,0.00857756,0.000540294,rsid,0.9977369386017929,1.2870869751107397e-05,0.002221532616882854,0.0,2.8657911573170457e-05
rs377201160,6816155,0.0398,0.0436,0.361,-0.0438249,0.0463011,0.343884,rsid,0.9999127961389339,4.098617500963619e-05,4.439783012257773e-05,0.0,1.8198559339160893e-06
rs141320020,6816326,0.2292,0.1872,0.221,0.00493884,0.0323331,0.878596,rsid,0.9998718538199649,0.00010460991303699643,2.1307052430871613e-05,0.0,2.2292145671994684e-06
rs76067631,6816433,-0.0103,0.0366,0.778,-0.0408294,0.0473191,0.388218,rsid,0.9999321451732436,2.4608046487212445e-05,4.220805207874156e-05,0.0,1.0387281904097635e-06
rs191639049,6816521,0.1628,0.1106,0.141,0.0195326,0.0368071,0.595644,rsid,0.9998498097265305,0.00011971716996643624,2.7214563569699856e-05,0.0,3.2585399334398567e-06
rs371399398,6816522,0.0573,0.0432,0.185,-0.0447572,0.0466517,0.337362,rsid,0.999889648239929,6.235247681986403e-05,4.518177665299405e-05,0.0,2.8175065982482147e-06
rs3097354,6816798,0.0105,0.039,0.788,0.0452243,0.0468769,0.334672,rsid,0.9999272009199923,2.6032998557208936e-05,4.557942593362525e-05,0.0,1.1866555169984015e-06
rs3105700,6816867,-0.0066,0.0154,0.668,-0.0222054,0.0087154,0.0108393,rsid,0.9998398355383226,1.1183935516882543e-05,0.0001473325049709893,0.0,1.6480211895629807e-06
rs1651876,6817038,-0.002,0.0386,0.959,0.0448145,0.0469773,0.340103,rsid,0.9999286848923923,2.495351652816514e-05,4.5232793323369186e-05,0.0,1.1287977561432178e-06
rs79671659,6817368,0.0981,0.0726,0.177,0.0427691,0.0434323,0.324756,rsid,0.9998612522005512,9.127550398068387e-05,4.350115466537202e-05,0.0,3.9711408028712085e-06
rs432280,6817774,0.0033,0.0381,0.931,0.0261443,0.0343516,0.446611,rsid,0.9999451713986884,2.4706290941107544e-05,2.9396004312983043e-05,0.0,7.263060574078632e-07
rs369471383,6817891,-0.0709,0.0439,0.106,-0.000654318,0.014782,0.964694,rsid,0.9998958912296458,9.337540160290857e-05,9.816640557298724e-06,0.0,9.167281938741819e-07
rs1808562,6817919,0.0207,0.0236,0.38,-0.00715739,0.0133683,0.592373,rsid,0.9999669105939621,2.2623719814506523e-05,1.0234144151877984e-05,0.0,2.315420714229742e-07
rs113168636,6817977,-0.1427,0.0972,0.142,0.00890804,0.030994,0.773797,rsid,0.9998603450931637,0.00011615720707361793,2.1052014950936523e-05,0.0,2.445684811857386e-06
rs146561902,6817987,-0.1288,0.0918,0.161,-0.105453,0.117475,0.369365,rsid,0.9998055920738363,0.00010681148359556503,7.914157033261185e-05,0.0,8.454872235486309e-06
rs4029443,6817989,-0.0008,0.0226,0.972,-0.00406035,0.0107134,0.70469,rsid,0.9999773247198653,1.4908796781150099e-05,7.652392797265221e-06,0.0,1.1409055613928511e-07
rs1808563,6818008,-0.0357,0.0232,0.124,0.0127896,0.0148042,0.387632,rsid,0.9999365169761195,4.857871221423322e-05,1.4213780668670067e-05,0.0,6.90530997575364e-07
rs72620535,6818351,-0.0001,0.025,0.997,0.0499068,0.0118644,2.59436e-05,rsid,0.9498744344504251,1.5617522812162506e-05,0.04929938378483657,0.0,0.000810564241926045
rs187355764,6818463,0.0688,0.1615,0.67,0.0754377,0.154021,0.624285,rsid,0.9998418419565235,7.641166041909978e-05,7.594256746112328e-05,0.0,5.803815596313341e-06
rs58882129,6818570,0.0102,0.0154,0.508,-0.00368594,0.00876847,0.674221,rsid,0.9999808559821012,1.2689797527025843e-05,6.37334239887142e-06,0.0,8.087797294144912e-08
rs164020,6818628,0.0041,0.0155,0.791,-0.00470018,0.00870503,0.58924,rsid,0.999982587148427,1.0641502684337568e-05,6.700049057068909e-06,0.0,7.129983155937632e-08
rs10415535,6818701,0.0085,0.0184,0.644,0.00384273,0.0108022,0.72204,rsid,0.9999787203335342,1.352604285829923e-05,7.650145213470043e-06,0.0,1.0347839401531959e-07
rs56333516,6818737,-0.0137,0.0318,0.667,0.0220994,0.0160196,0.167734,rsid,0.9999495082224423,2.2666304928239552e-05,2.7208720336681828e-05,0.0,6.167522927779982e-07
rs7253450,6818814,0.0034,0.0356,0.924,-0.0210942,0.016842,0.210396,rsid,0.9999520350622999,2.319301344529725e-05,2.4210385523706607e-05,0.0,5.615387311374126e-07
rs7260086,6819058,-0.017,0.038,0.655,-0.0118561,0.0194451,0.542046,rsid,0.9999571677245996,2.69804176334665e-05,1.5435386747499362e-05,0.0,4.1647101918299693e-07
rs7256484,6819104,-0.0171,0.0382,0.654,-0.0117756,0.0194452,0.544795,rsid,0.9999570698779158,2.7115307933935248e-05,1.539729386177599e-05,0.0,4.1752028860830966e-07
rs80301155,6819362,-0.0108,0.0383,0.778,-0.00452757,0.0220512,0.837322,rsid,0.9999590881166092,2.5681968042551986e-05,1.4848559515335289e-05,0.0,3.8135583293613964e-07
rs164019,6819533,0.0051,0.0171,0.766,0.0166784,0.010761,0.121168,rsid,0.9999642454963489,1.183576767211474e-05,2.3638940961811605e-05,0.0,2.7979501717080174e-07
rs73484429,6819701,0.0066,0.0381,0.862,0.00416064,0.0220227,0.850151,rsid,0.9999598786939811,2.4969214238978047e-05,1.4782958121259655e-05,0.0,3.6913365854004894e-07
rs162725,6819728,0.0248,0.031,0.424,0.0227152,0.0170635,0.183118,rsid,0.9999446359719899,2.750992767039542e-05,2.710831136496966e-05,0.0,7.457889747985639e-07
rs78261929,6819795,-0.0378,0.0355,0.287,0.0207426,0.0154278,0.178788,rsid,0.9999345933434389,3.939632303208646e-05,2.5024399707759502e-05,0.0,9.85933821205779e-07
rs73484431,6819994,-0.0007,0.0367,0.985,-0.00449567,0.0219113,0.837435,rsid,0.9999611219975538,2.377120915890913e-05,1.475601141591758e-05,0.0,3.5078187141748267e-07
rs164018,6820208,-0.0027,0.018,0.881,0.012244,0.0113478,0.280598,rsid,0.9999743317290508,1.2048288703231801e-05,1.3457834211937503e-05,0.0,1.6214803396532278e-07
rs164017,6820412,-0.0018,0.035,0.959,0.0130434,0.0148168,0.378689,rsid,0.9999624898736995,2.2752899697056847e-05,1.442891464100746e-05,0.0,3.283119625874204e-07
rs164016,6820951,0.0086,0.0142,0.545,0.00656081,0.00906839,0.469384,rsid,0.9999807743698422,1.130408201053092e-05,7.833001552960976e-06,0.0,8.854659430736084e-08
rs7258040,6821545,-0.0012,0.0202,0.953,-0.00624456,0.01557,0.688373,rsid,0.9999752997123391,1.3370350255150891e-05,1.1180447217964428e-05,0.0,1.49490187764052e-07
rs28617395,6821625,0.0025,0.0184,0.892,-0.000805958,0.0131115,0.950985,rsid,0.9999788803663818,1.2287596855474659e-05,8.724827337425877e-06,0.0,1.0720942517969379e-07
rs906331,6821931,0.0015,0.0179,0.933,-0.0110962,0.011346,0.328082,rsid,0.9999758290133436,1.1891255118434643e-05,1.2135422643074731e-05,0.0,1.4430889470719843e-07
rs347034,6822199,0.0198,0.0923,0.83,-0.0300778,0.0196987,0.126787,rsid,0.9999035733728574,5.328875286867286e-05,4.095521165465267e-05,0.0,2.1826626193435505e-06
rs347033,6822219,-0.0089,0.0174,0.609,0.00945697,0.0108315,0.382611,rsid,0.9999762268764653,1.311130097130846e-05,1.0523838074627697e-05,0.0,1.3798448869205466e-07
rs146036757,6822849,-0.0066,0.0336,0.844,-0.00385178,0.0189233,0.838708,rsid,0.9999646755333236,2.2265025760386525e-05,1.2774995269329911e-05,0.0,2.844456466512129e-07
rs180864,6823084,0.0682,0.0981,0.487,0.031428,0.0213249,0.140543,rsid,0.9998917180392802,6.482801088520041e-05,4.080815201908462e-05,0.0,2.645797815473258e-06
rs11292307,6823141,0.0086,0.0193,0.656,0.00789184,0.00889986,0.37522,rsid,0.9999770408420448,1.4071736643631005e-05,8.764092478891423e-06,0.0,1.2332883280954028e-07
rs10412674,6823406,-0.0215,0.0192,0.263,0.00375292,0.00996063,0.70634,rsid,0.9999691918138978,2.3529355346325286e-05,7.111496668523033e-06,0.0,1.6733408741759334e-07
rs78601794,6823534,0.0185,0.051,0.717,0.0521218,0.0563959,0.355376,rsid,0.999912943079235,3.414621775913819e-05,5.1163510528756305e-05,0.0,1.7471924770339068e-06
rs12460057,6823929,-0.1637,0.0954,0.0862,-0.0341193,0.0419342,0.415851,rsid,0.999804732030309,0.00015306968779852585,3.659552262954673e-05,0.0,5.602759263154591e-06
rs76348028,6823994,0.0,0.0806,1.0,0.0117939,0.0670536,0.860383,rsid,0.99990936935581,4.7333363858222634e-05,4.134032626672785e-05,0.0,1.9569540652082483e-06
rs149015516,6824332,-0.0705,0.0665,0.289,0.0623602,0.0336023,0.0634775,rsid,0.9998152235581114,6.481811367376955e-05,0.00011265490056284291,0.0,7.303427651964681e-06
rs145367293,6824800,0.0217,0.0515,0.673,0.0421547,0.0173398,0.0150536,rsid,0.9997453282404476,3.51511375986821e-05,0.00021206441754790444,0.0,7.4562044057063455e-06
rs12979659,6825032,0.0004,0.0147,0.978,-0.0023593,0.0087677,0.78786,rsid,0.9999841332211359,9.757674765213087e-06,6.0500685609542285e-06,0.0,5.903553802885916e-08
rs118022704,6825547,0.0018,0.0477,0.97,-0.00534837,0.0299199,0.858129,rsid,0.9999492066948029,3.032572528076315e-05,1.9865124992364363e-05,0.0,6.024549238632793e-07
rs79352536,6825698,0.0572,0.0524,0.275,0.0370039,0.0523452,0.479616,rsid,0.9999004369599259,5.608504982182956e-05,4.1168805817557595e-05,0.0,2.3091844348053656e-06
rs138640098,6825752,-0.0865,0.1145,0.45,-0.0439626,0.0286411,0.124797,rsid,0.9998646492496013,7.266185143453762e-05,5.844183237860493e-05,0.0,4.247066585505685e-06
rs148510385,6826074,0.0498,0.0693,0.472,-0.000794472,0.0227253,0.972112,rsid,0.9999323466157706,5.1886911423633814e-05,1.4988702697805752e-05,0.0,7.777701080161882e-07
rs143895678,6826291,-0.0083,0.0441,0.851,0.0240409,0.0231822,0.299715,rsid,0.9999447633409273,2.8671118246315863e-05,2.582506639266178e-05,0.0,7.404744335968044e-07
rs147277528,6826298,-0.0145,0.0484,0.764,0.0244048,0.0232247,0.293345,rsid,0.9999409422437064,3.19828115444178e-05,2.6235800527263746e-05,0.0,8.391442219553692e-07
rs117819421,6826630,0.09,0.0886,0.31,0.009864,0.0642662,0.878015,rsid,0.9998827076604264,7.455166440231134e-05,3.9775032453092545e-05,0.0,2.9656427182067563e-06
rs79208007,6826778,-0.0412,0.0533,0.44,-0.0520279,0.0540145,0.335437,rsid,0.9999030320971865,4.365341845984169e-05,5.108426528484121e-05,0.0,2.2302190688586597e-06
rs4807102,6827110,-0.0075,0.0178,0.674,-0.0152446,0.0112356,0.17484,rsid,0.9999682400373207,1.2862863707263687e-05,1.865710751874939e-05,0.0,2.3999145330503837e-07
rs3844451,6827356,-0.0117,0.0148,0.429,0.00366632,0.00873392,0.674646,rsid,0.9999801869341794,1.338136076695235e-05,6.34677488652574e-06,0.0,8.493016719022669e-08
rs164024,6827468,-0.0016,0.0423,0.97,0.0328909,0.0343629,0.338484,rsid,0.9999373934263909,2.7160451933253435e-05,3.4508788696058585e-05,0.0,9.373329798602983e-07
rs164023,6827565,-0.0071,0.0451,0.875,-0.0329309,0.0343653,0.337931,rsid,0.9999353250105055,2.9123470347747013e-05,3.454537292994223e-05,0.0,1.0061462166730284e-06
rs541879624,6827615,0.0698,0.1444,0.629,0.0835783,0.147907,0.572025,rsid,0.9998445774396099,7.368437044561926e-05,7.612788285464955e-05,0.0,5.610307089795174e-06
rs164022,6828040,-0.0184,0.0143,0.198,-0.00719904,0.00858674,0.401811,rsid,0.9999701549199151,2.155700106535043e-05,8.11317801233578e-06,0.0,1.7490100698986063e-07
rs61750001,6828453,0.066,0.2695,0.807,0.19132,0.102788,0.0627018,rsid,0.999712158454141,8.79828699466267e-05,0.00018369225110467934,0.0,1.6166424807853808e-05
rs56405507,6828573,0.0173,0.0762,0.82,-0.0040817,0.0638109,0.948998,rsid,0.9999127439175478,4.622901927944445e-05,3.921407667216248e-05,0.0,1.8129865006025936e-06
rs116635590,6830777,-0.0518,0.1045,0.62,-0.0453049,0.135079,0.737327,rsid,0.9998645975592301,6.208941021446105e-05,6.902662757107829e-05,0.0,4.28640298440772e-06
rs59158629,6830904,-0.0354,0.0626,0.572,0.0318014,0.0338288,0.347182,rsid,0.9999208881586726,4.413339315711641e-05,3.349986833700427e-05,0.0,1.4785798332017994e-06
rs371572261,6831146,0.1783,0.1517,0.24,0.70288,0.418409,0.0929801,rsid,0.9997783727111701,0.00010003755827757962,0.00011053011647206711,0.0,1.1059614080286197e-05
rs3786686,6831355,-0.0173,0.0142,0.223,-0.00786775,0.00855352,0.357664,rsid,0.9999714826613499,1.966686138296655e-05,8.679768593351308e-06,0.0,1.7070867391873138e-07
rs3786687,6831469,0.0138,0.0231,0.55,0.010379,0.0115627,0.369384,rsid,0.9999701998159775,1.812023218465885e-05,1.1472069087460243e-05,0.0,2.0788275044744545e-07
rs140199574,6831480,0.1343,0.091,0.14,0.0187029,0.0284527,0.510966,rsid,0.999859429170425,0.00011497448920037173,2.2956551513221155e-05,0.0,2.6397888613447647e-06
rs3786688,6831655,-0.0184,0.0143,0.198,-0.00928087,0.00854459,0.277404,rsid,0.9999679827811706,2.1556954239155664e-05,1.023952456054854e-05,0.0,2.2074002986429604e-07
rs625828,6832060,-0.0238,0.0147,0.105,-0.00532332,0.00865854,0.538683,rsid,0.9999570688087959,3.5724979603726674e-05,6.957639403214553e-06,0.0,2.48572197270454e-07
rs137939834,6832747,0.0021,0.0262,0.936,0.0219961,0.0143393,0.125037,rsid,0.9999516755557589,1.726078129480185e-05,3.053655271613755e-05,0.0,5.271102302393676e-07
rs11668094,6832880,0.026,0.0196,0.185,0.000306617,0.0120018,0.979618,rsid,0.9999609997393518,3.077591253412419e-05,7.97878417307575e-06,0.0,2.4556394089693445e-07
rs74528415,6832968,0.0026,0.0271,0.924,0.0020809,0.0138437,0.880518,rsid,0.9999726801731695,1.785955455834873e-05,9.294276105918911e-06,0.0,1.6599616618053035e-07
rs308200,6833072,0.0335,0.0161,0.0375,0.0035959,0.00903874,0.690755,rsid,0.9999021859454262,9.071518740114677e-05,6.508398799732012e-06,0.0,5.904683729047397e-07
rs191720299,6833084,0.0911,0.1163,0.433,-0.0252753,0.0419003,0.54636,rsid,0.9998915726507381,7.421384711940663e-05,3.1849566935810566e-05,0.0,2.363935206621835e-06
rs117509372,6833210,0.0949,0.07,0.175,0.0184076,0.0661702,0.78087,rsid,0.9998646243139728,8.993779512334742e-05,4.168805180457188e-05,0.0,3.749839099331643e-06
rs146355078,6833327,0.0612,0.0956,0.522,-0.0494514,0.0368361,0.179442,rsid,0.9998785665158055,6.217546905012989e-05,5.578889326989806e-05,0.0,3.4691218743998515e-06
rs186295,6833777,-0.0421,0.0195,0.0309,-0.00504197,0.011325,0.656169,rsid,0.9998630979992802,0.00012753436883111523,8.307939051486026e-06,0.0,1.0596928372882177e-06
rs200072158,6833983,0.0659,0.0941,0.484,0.0334232,0.0826849,0.686049,rsid,0.9998819820051752,6.336548145410933e-05,5.139543264275089e-05,0.0,3.2570807280866685e-06
rs308199,6833989,0.03,0.0196,0.126,0.00374783,0.0113327,0.740865,rsid,0.9999507270090355,4.0991840090467393e-05,7.955042957053775e-06,0.0,3.26107917120801e-07
rs308198,6834395,-0.0268,0.022,0.223,0.00178254,0.0130031,0.890963,rsid,0.9999610158721138,3.0004745357795056e-05,8.717797050011205e-06,0.0,2.615854782482604e-07
rs308197,6835440,-0.0223,0.0196,0.255,-0.00286838,0.0112665,0.799036,rsid,0.9999675902315303,2.4484620447168413e-05,7.735735340043854e-06,0.0,1.8941268250190613e-07
rs308196,6836271,-0.0246,0.0219,0.261,0.00146044,0.0129191,0.909995,rsid,0.9999643362555894,2.679620155149858e-05,8.636119409437497e-06,0.0,2.3142344974485844e-07
rs308195,6836760,0.0278,0.022,0.206,-0.0012109,0.0128548,0.924952,rsid,0.9999594431998976,3.170806772547462e-05,8.57676858758464e-06,0.0,2.719637892218916e-07
rs308194,6836836,0.015,0.0213,0.481,-0.000897231,0.0128498,0.944333,rsid,0.9999733613733404,1.792863457836962e-05,8.55658019505679e-06,0.0,1.5341188623965056e-07
rs112350637,6837061,0.0009,0.0753,0.99,0.0493789,0.042446,0.244693,rsid,0.9999019012924458,4.4866941087394774e-05,5.094576172282826e-05,0.0,2.286004743981435e-06
rs2660480,6837875,-0.2412,0.1153,0.0364,0.215358,0.296375,0.467447,rsid,0.9996420898145844,0.00024107461176028441,9.413410560633392e-05,0.0,2.2701468049087218e-05
rs3105702,6838069,-0.1903,0.1178,0.106,0.215371,0.296374,0.467419,rsid,0.9997544070775979,0.0001384134554320081,9.414529084950526e-05,0.0,1.3034176120535984e-05
rs143676525,6838286,-0.0415,0.0689,0.547,-0.0117629,0.0360359,0.744105,rsid,0.9999257553540164,4.848676061106603e-05,2.4566640129948185e-05,0.0,1.191245242580321e-06
rs60930171,6838689,-0.2334,0.1591,0.142,-0.0570245,0.0498607,0.252758,rsid,0.9998155800926257,0.00012071907514326694,5.683812118776726e-05,0.0,6.8627110432031125e-06
rs432249,6838975,0.0121,0.0215,0.574,-0.00106656,0.0129905,0.934565,rsid,0.9999746276210117,1.6571311185298488e-05,8.657596438021046e-06,0.0,1.4347136490102272e-07
rs2660481,6839313,-0.0168,0.0159,0.291,0.00414917,0.00944028,0.660286,rsid,0.9999746493286669,1.8308133944646314e-05,6.9159166502766395e-06,0.0,1.266207383039951e-07
rs116640499,6839653,-0.009,0.0558,0.872,0.0228032,0.0580444,0.694424,rsid,0.9999247766852387,3.52672502729328e-05,3.859482861173963e-05,0.0,1.3612358765659767e-06
rs394436,6840554,-0.0005,0.0185,0.978,0.00192566,0.0110187,0.861265,rsid,0.9999802241451043,1.2245975098949238e-05,7.438782845610714e-06,0.0,9.109695101392425e-08
rs2562717,6840903,-0.0032,0.0187,0.864,0.00324517,0.0110436,0.768872,rsid,0.9999796869295378,1.2551553633508072e-05,7.665303407508345e-06,0.0,9.621342122645797e-08
rs148164388,6841571,0.0001,0.0548,0.999,0.0198473,0.0269357,0.461219,rsid,0.9999419023925183,3.431653420123759e-05,2.2992020964645048e-05,0.0,7.890523158405417e-07
rs75586891,6842668,-0.0975,0.0394,0.0133,-0.00631901,0.0376105,0.866574,rsid,0.999519056921306,0.0004453298835956886,2.4636532014141447e-05,0.0,1.0976663084196569e-05
rs117707445,6842743,-0.0007,0.0657,0.991,0.021557,0.0244368,0.377694,rsid,0.9999354431467082,4.0123654274518795e-05,2.3490609088735422e-05,0.0,9.425899284140122e-07
rs331683,6842796,0.0022,0.0183,0.904,-0.00216829,0.0110069,0.843832,rsid,0.9999802497968378,1.2197723322773309e-05,7.461465154449163e-06,0.0,9.101468509500629e-08
rs331682,6844035,0.0045,0.0184,0.807,0.000330467,0.0117388,0.977541,rsid,0.9999795559430581,1.254046163707658e-05,7.805706145201827e-06,0.0,9.788915971575167e-08
rs182801391,6844869,0.0768,0.1054,0.466,0.054154,0.199986,0.786553,rsid,0.9998447059170482,6.867055235258245e-05,8.105647327663071e-05,0.0,5.567057322720242e-06
rs331681,6844945,0.0008,0.0188,0.966,0.000933147,0.0117231,0.936556,rsid,0.9999796377373625,1.2448120119850005e-05,7.816835627436464e-06,0.0,9.730689023590763e-08
rs186143536,6844992,-0.0663,0.0822,0.42,-0.111136,0.0802746,0.16622,rsid,0.9998327708449969,6.17120081698051e-05,9.938299671915818e-05,0.0,6.134150114212667e-06
rs162727,6845006,0.0053,0.0186,0.776,-0.000972207,0.0116607,0.933554,rsid,0.9999793137651606,1.2808752251089286e-05,7.777855898129533e-06,0.0,9.962669014492335e-08
rs112414628,6845334,-0.0338,0.0471,0.473,0.0326032,0.0260673,0.211031,rsid,0.999924159384692,3.7871437035619706e-05,3.658359969674586e-05,0.0,1.385578575583357e-06
rs162726,6845470,0.005,0.0184,0.786,-0.00138166,0.0116586,0.905664,rsid,0.9999794700985042,1.2627428028710506e-05,7.803927905983574e-06,0.0,9.854556110471541e-08
rs813430,6847035,0.011,0.0184,0.55,-0.000361625,0.0116833,0.975308,rsid,0.9999775972756814,1.4520255880164203e-05,7.769648624966876e-06,0.0,1.1281981360466687e-07
rs151082686,6847167,-0.0809,0.0428,0.0587,-0.0165879,0.0205891,0.420436,rsid,0.9998354899498558,0.00014313466174877327,1.869853897528105e-05,0.0,2.676849420055429e-06
rs186735526,6847725,0.386,0.1752,0.0276,0.176717,0.26416,0.50351,rsid,0.9996767157037283,0.00021199929938209264,9.18141638627513e-05,0.0,1.947083302680882e-05
rs331680,6847974,0.0109,0.0182,0.549,-0.00256183,0.0117263,0.827064,rsid,0.9999775291728108,1.4374648489462162e-05,7.981445646002748e-06,0.0,1.1473305374566137e-07
rs331679,6848220,-0.0152,0.0146,0.298,0.00614972,0.00932712,0.509678,rsid,0.9999755922896325,1.657294778281543e-05,7.707031240878847e-06,0.0,1.2773134394526026e-07
rs10423256,6848792,-0.0044,0.0206,0.831,0.00784992,0.0123131,0.523784,rsid,0.9999759340348459,1.3914731143943861e-05,1.001191751688683e-05,0.0,1.3931649326869467e-07
rs331678,6848798,0.012,0.0185,0.517,-0.00417407,0.0117073,0.72144,rsid,0.9999765257104122,1.5060182557250222e-05,8.289266237155157e-06,0.0,1.2484079334614268e-07
rs331677,6849906,0.0084,0.0187,0.653,-0.00936403,0.0118809,0.430604,rsid,0.9999754372080474,1.3664047218340364e-05,1.0751827645090294e-05,0.0,1.4691708931987034e-07
rs41306876,6850641,-0.0489,0.0397,0.218,-0.0579372,0.0327942,0.0772805,rsid,0.9998483855383433,5.198277206105929e-05,9.470777060644729e-05,0.0,4.923918989172825e-06
rs36097961,6850767,0.0274,0.0264,0.299,-0.00727335,0.0127579,0.568607,rsid,0.9999605220200222,2.922780146865819e-05,9.959084862261072e-06,0.0,2.910936469528518e-07
rs7257711,6851020,-0.0197,0.0274,0.472,0.00575513,0.0128989,0.655472,rsid,0.9999672463120437,2.3077379788816254e-05,9.458034366979628e-06,0.0,2.1827380041441302e-07
rs117307711,6851315,0.0013,0.0213,0.951,0.0057599,0.0111896,0.606725,rsid,0.9999773073644121,1.4085744665818273e-05,8.487337736750923e-06,0.0,1.1955318522930325e-07
rs2115533,6851318,0.0522,0.0979,0.594,0.0340547,0.0478781,0.476912,rsid,0.999899050696163,6.0384895943985326e-05,3.82541988611785e-05,0.0,2.310209031646248e-06
rs113464993,6851354,-0.0891,0.0856,0.298,-0.0151531,0.0450157,0.736405,rsid,0.9998928821567905,7.458221664152538e-05,3.027724091341967e-05,0.0,2.2583856545127693e-06
rs563283686,6852254,-0.3248,0.1516,0.0322,-0.0712633,0.149122,0.632731,rsid,0.9996876331117405,0.00022119422988130127,7.465438042892483e-05,0.0,1.6518277949324157e-05
rs111451128,6853251,-0.0478,0.0332,0.15,0.0064742,0.0127945,0.612847,rsid,0.9999317417670617,5.8047019526547305e-05,9.65096539352734e-06,0.0,5.602480181878425e-07
rs7250049,6853383,0.1611,0.0894,0.0715,0.0342842,0.0478834,0.473996,rsid,0.999785489656554,0.00016962968669893402,3.8370486623592516e-05,0.0,6.5101701232746725e-06
rs8108918,6854223,-0.0013,0.0159,0.935,-0.00322661,0.00923764,0.726872,rsid,0.9999828217330531,1.0576720936320833e-05,6.5324528923233865e-06,0.0,6.90931181717945e-08
rs16993884,6854268,-0.1081,0.0898,0.229,-0.0344898,0.04788,0.471317,rsid,0.9998705903544272,8.755968173717566e-05,3.848021258987458e-05,0.0,3.3697512458626747e-06
rs10422184,6854446,-0.0337,0.0261,0.197,0.00631686,0.0127868,0.621297,rsid,0.9999515412826462,3.8501429084268905e-05,9.588114277927372e-06,0.0,3.6917399162160126e-07
rs145265145,6855189,0.0524,0.0377,0.165,0.0362581,0.0220274,0.0997539,rsid,0.9998815014610969,6.046698726487261e-05,5.4722268764474254e-05,0.0,3.3092828736717486e-06
rs16993888,6855331,-0.0981,0.091,0.281,-0.0345419,0.0478731,0.470584,rsid,0.9998791250266477,7.931475615016999e-05,3.850577207365903e-05,0.0,3.0544451283697893e-06
rs146698172,6855813,-0.0072,0.0203,0.723,-0.00182077,0.00890207,0.837937,rsid,0.9999795974391935,1.4266701795164119e-05,6.049550122798852e-06,0.0,8.630888851921584e-08
rs573104694,6856111,-0.113,0.1767,0.522,0.0177664,0.0821493,0.828778,rsid,0.9998639844332604,8.304896538638209e-05,4.890457453643645e-05,0.0,4.062026816791852e-06
rs113261044,6856217,-0.0295,0.0258,0.253,0.00673848,0.0128308,0.59946,rsid,0.9999579275170962,3.198608227913011e-05,9.773763081197466e-06,0.0,3.126375435296117e-07
rs188913561,6856312,0.0441,0.1062,0.678,0.118718,0.192545,0.537516,rsid,0.9998488621783531,6.119616020206806e-05,8.475424318592017e-05,0.0,5.1874182589062275e-06
rs10416912,6856632,-0.0438,0.025,0.0798,0.0012096,0.0124205,0.922418,rsid,0.9999179161575673,7.318579638411794e-05,8.291198286515256e-06,0.0,6.068477619733275e-07
rs55886724,6857209,0.0974,0.0914,0.287,0.00817812,0.0315304,0.795347,rsid,0.9998983577126935,7.872553046223974e-05,2.1244131326948294e-05,0.0,1.6726255174068858e-06
rs56100731,6857245,0.0383,0.0302,0.205,-0.00676167,0.0136029,0.619134,rsid,0.9999466024640506,4.275169827133174e-05,1.0209347429626999e-05,0.0,4.3649024836233816e-07
rs461970,6857640,0.0016,0.0145,0.912,-0.00248934,0.00860127,0.772263,rsid,0.9999842920600877,9.680842560951402e-06,5.9693085077601005e-06,0.0,5.778884360505624e-08
rs7257001,6858063,-0.162,0.1335,0.225,-0.149462,0.0812221,0.0657446,rsid,0.9997057770897091,0.00010024231998559174,0.0001763024248936072,0.0,1.7678165411696763e-05
rs117700119,6858240,0.0381,0.0302,0.207,-0.00671775,0.0135799,0.620825,rsid,0.999946979040673,4.240892346093398e-05,1.0180278329371165e-05,0.0,4.317575366800981e-07
rs72982434,6858507,-0.1377,0.0784,0.079,0.0220204,0.0856718,0.797154,rsid,0.9997857002203273,0.00015554953299803327,5.0840357690993816e-05,0.0,7.90988898375351e-06
rs112503236,6858868,0.0068,0.0506,0.893,0.00124544,0.0325424,0.969471,rsid,0.99994587333264,3.22253609544948e-05,2.1217526930872484e-05,0.0,6.8377947461325e-07
rs11666078,6859120,0.0428,0.0292,0.143,-0.00514314,0.0131388,0.695468,rsid,0.9999362853399553,5.37927023343779e-05,9.415443299097355e-06,0.0,5.065144111280698e-07
rs562420488,6859211,0.0182,0.0672,0.787,-0.0079899,0.0646311,0.901614,rsid,0.9999163406114536,4.215339915776167e-05,3.982700527529342e-05,0.0,1.6789841134120307e-06
rs9749240,6859274,0.004,0.0692,0.954,0.0466209,0.0436766,0.285787,rsid,0.9999088008901231,4.194857317629458e-05,4.726754959108772e-05,0.0,1.9829871095451636e-06
rs146666686,6859705,-0.0075,0.0284,0.792,0.0177101,0.0201238,0.378829,rsid,0.9999609321321433,1.9240910485819367e-05,1.9452655936193195e-05,0.0,3.74301434738727e-07
rs140267284,6859710,0.0497,0.0297,0.0942,-0.00800996,0.0136513,0.557368,rsid,0.999913723117014,7.47226248651707e-05,1.075085658254473e-05,0.0,8.034015383772584e-07
rs112259542,6860007,0.0162,0.0484,0.738,0.00107542,0.0325011,0.973604,rsid,0.9999458200880618,3.230728042071153e-05,2.118806564944414e-05,0.0,6.845658682274937e-07
rs11668992,6860550,-0.0491,0.03,0.102,0.0079966,0.0136477,0.557921,rsid,0.9999174019498788,7.109131484130284e-05,1.0742942298877723e-05,0.0,7.637929811024015e-07
rs58677367,6860780,0.0779,0.0702,0.267,-0.0239219,0.0422796,0.571529,rsid,0.9998960829570905,7.024098702577458e-05,3.14656480110602e-05,0.0,2.21040787275223e-06
rs11672182,6860887,0.0279,0.0246,0.257,-0.00462165,0.012388,0.709094,rsid,0.999960636266767,3.027646471812016e-05,8.820213130893881e-06,0.0,2.670553839607014e-07
rs117388407,6860895,0.0944,0.0535,0.0777,0.00774886,0.0328378,0.813453,rsid,0.9998414431870312,0.00013366123837106635,2.195991914230449e-05,0.0,2.9356554552618645e-06
rs61471228,6861046,-0.0319,0.0287,0.266,0.00249895,0.0126455,0.843345,rsid,0.9999570385074424,3.4103880140959905e-05,8.565483638870795e-06,0.0,2.9212877765770993e-07
rs11669968,6861070,-0.0321,0.0245,0.19,0.00409739,0.0123852,0.740774,rsid,0.9999537952281177,3.719268512814231e-05,8.688908002313284e-06,0.0,3.231787518379399e-07
rs139119111,6861447,-0.1074,0.0853,0.208,0.0175362,0.0440907,0.690828,rsid,0.9998769644767483,8.997642585051462e-05,3.032979504491781e-05,0.0,2.7293023560638433e-06
rs35413223,6861522,-0.0297,0.0318,0.35,0.000952985,0.017315,0.956108,rsid,0.999956670018892,3.148338868666922e-05,1.1484990338377621e-05,0.0,3.6160208309721254e-07
rs56079027,6861531,0.0284,0.0243,0.243,-0.00400671,0.0123838,0.746284,rsid,0.9999599503247286,3.111255549573984e-05,8.667442683778657e-06,0.0,2.6967709198516983e-07
rs59105586,6861820,0.0224,0.0477,0.639,0.00132473,0.0324723,0.967459,rsid,0.9999446168804765,3.3497868873086924e-05,2.1175865012993258e-05,0.0,7.093856374689857e-07
rs58766713,6861965,-0.0715,0.0327,0.0288,0.00695184,0.0127868,0.586666,rsid,0.9997794725353318,0.0002086402246740245,9.834843439443453e-06,0.0,2.0523965546480285e-06
rs7249155,6862168,-0.0302,0.028,0.281,0.00481148,0.0131249,0.713922,rsid,0.999958188882285,3.219287244505375e-05,9.318251446612375e-06,0.0,2.9999382330878986e-07
rs112771505,6862438,0.0524,0.0321,0.103,-0.00312859,0.0125213,0.802694,rsid,0.9999159610355213,7.481629035044297e-05,8.580647926298415e-06,0.0,6.420262018660418e-07
rs17718517,6862498,0.0061,0.0165,0.712,-0.00202868,0.0104645,0.846283,rsid,0.9999811269067314,1.1698769156513429e-05,7.091362335455021e-06,0.0,8.296177671303187e-08
rs28620539,6862768,0.0111,0.0503,0.825,-0.00824301,0.036219,0.819966,rsid,0.9999426659574085,3.249832796901758e-05,2.405395643572588e-05,0.0,7.817581865578451e-07
rs10406045,6862938,0.0031,0.0534,0.954,-0.000953733,0.044002,0.982707,rsid,0.9999373089465414,3.3589582660406176e-05,2.8155674160528113e-05,0.0,9.45796637562088e-07
rs28459042,6862969,0.0039,0.0539,0.942,0.00147928,0.0439962,0.973178,rsid,0.9999369884407705,3.3896143376517536e-05,2.8160812755274708e-05,0.0,9.54603097781692e-07
rs72982443,6862976,-0.0511,0.0297,0.0853,0.00748789,0.0136482,0.583254,rsid,0.9999079297549274,8.070102463472865e-05,1.0520154978187472e-05,0.0,8.490654597208295e-07
rs148324404,6862979,0.1231,0.171,0.472,0.150572,0.0810822,0.0633067,rsid,0.9997201249118562,8.412716977545864e-05,0.00018055415588663244,0.0,1.5193762481553109e-05
rs113519274,6863400,0.0555,0.14,0.692,0.125408,0.147153,0.394086,rsid,0.9998385890620125,7.11538863059887e-05,8.426061366589925e-05,0.0,5.996438015540906e-06
rs113598576,6864166,0.0483,0.0301,0.109,-0.00754833,0.013652,0.580323,rsid,0.9999209097795465,6.782695051466175e-05,1.0547788989385963e-05,0.0,7.154809493681917e-07
rs113431901,6864303,-0.0515,0.033,0.119,0.00586902,0.0129749,0.651026,rsid,0.9999211604079701,6.864571533337579e-05,9.539012715991212e-06,0.0,6.548639806724559e-07
rs149455746,6864472,0.0969,0.1016,0.34,-0.0453848,0.0985829,0.64525,rsid,0.999859737654706,7.659348328784574e-05,5.913859555033166e-05,0.0,4.530266455748886e-06
rs143905359,6864495,0.1044,0.072,0.147,-0.0218197,0.0436264,0.61697,rsid,0.9998637869944028,0.00010168624852378959,3.133952427663135e-05,0.0,3.187232796769659e-06
rs142117515,6864723,-0.1064,0.0775,0.17,0.0199508,0.0434775,0.646322,rsid,0.9998697821268199,9.657698160418775e-05,3.0677741996561474e-05,0.0,2.963149579496093e-06
rs139686315,6864931,-0.0704,0.0896,0.432,0.0219318,0.0436217,0.615124,rsid,0.9999022226455238,6.438142834629918e-05,3.137571523672658e-05,0.0,2.020210893203821e-06
rs145260138,6864933,-0.1511,0.0867,0.0814,0.0219318,0.0436217,0.615124,rsid,0.9998075273105553,0.00015619862288217495,3.1372743812324345e-05,0.0,4.901322750291924e-06
rs190190647,6864935,0.0772,0.0911,0.397,-0.0219316,0.0436217,0.615127,rsid,0.9998990283276524,6.74787281380761e-05,3.13755483175083e-05,0.0,2.1173958921044614e-06
rs147636902,6864944,0.1666,0.089,0.0612,-0.0219505,0.0436216,0.614821,rsid,0.9997763379131895,0.0001864329392857197,3.137795454089148e-05,0.0,5.851192983865197e-06
rs181049980,6864965,-0.0741,0.0997,0.457,0.0219542,0.0436216,0.614763,rsid,0.9998994703309659,6.704240781674184e-05,3.1383054166199786e-05,0.0,2.1042070511837007e-06
rs185309353,6864966,-0.0313,0.0927,0.736,0.0219542,0.0436216,0.614763,rsid,0.9999121115000221,5.478553866409527e-05,3.1383450924578995e-05,0.0,1.7195103892300646e-06
rs34076416,6864975,-0.0559,0.0562,0.32,0.00285802,0.0376417,0.939477,rsid,0.9999201319619556,5.4140195000531185e-05,2.440637177351736e-05,0.0,1.3214712703913884e-06
rs150181019,6865065,-0.0346,0.0484,0.475,-0.000141284,0.0293109,0.996154,rsid,0.9999413731579395,3.870556979438173e-05,1.917889854679818e-05,0.0,7.423737193092553e-07
rs145714038,6865116,-0.105,0.0728,0.149,0.0219617,0.0436218,0.614643,rsid,0.9998641144209532,0.0001013206976512592,3.138454521673512e-05,0.0,3.1803361786502918e-06
rs111617000,6865277,0.0019,0.0535,0.972,0.00613279,0.0361357,0.865234,rsid,0.9999418453965943,3.3614064950117706e-05,2.374241302741884e-05,0.0,7.981254282439252e-07
rs113834368,6865373,0.0394,0.0266,0.139,-0.0060922,0.0129819,0.638868,rsid,0.999939315731803,5.057918237400862e-05,9.618557523230744e-06,0.0,4.865282997562083e-07
rs112636853,6865398,0.0352,0.0265,0.184,-0.0060879,0.0129824,0.639115,rsid,0.9999490592753928,4.0929611824757016e-05,9.617454067552238e-06,0.0,3.9365871498753304e-07
rs184007026,6865426,0.0508,0.0299,0.0893,-0.00792335,0.0136518,0.561652,rsid,0.9999101089747928,7.834012719628871e-05,1.071166905553834e-05,0.0,8.392289554466121e-07
rs142943620,6865490,-0.0843,0.0765,0.27,-0.0516849,0.0736355,0.482741,rsid,0.9998687506535123,7.355494288379648e-05,5.374097068897004e-05,0.0,3.953432915033453e-06
rs145132202,6865536,0.0281,0.0267,0.293,-0.00562413,0.0130063,0.665439,rsid,0.99996025883992,2.9977996031116036e-05,9.478991583518479e-06,0.0,2.841724654131376e-07
rs72982446,6865613,0.0324,0.0265,0.221,-0.00541175,0.0130502,0.678371,rsid,0.9999543053325857,3.591557863805434e-05,9.440029172970723e-06,0.0,3.390596033231646e-07
rs72982449,6865907,0.044,0.0297,0.138,-0.00698681,0.0136445,0.608608,rsid,0.9999332671249203,5.5839537295272664e-05,1.0317192103457382e-05,0.0,5.761456811012657e-07
rs72982450,6865928,0.042,0.0297,0.157,-0.00698915,0.0136445,0.608489,rsid,0.999938317964961,5.083929258635099e-05,1.0318143003168879e-05,0.0,5.245994494475353e-07
rs545668965,6865968,-0.007,0.1738,0.968,-0.0280777,0.0347313,0.418845,rsid,0.9998911812735763,7.572939252907316e-05,3.0759669312106174e-05,0.0,2.32966458253384e-06
rs77251471,6865976,-0.0711,0.1175,0.545,0.0121187,0.0977293,0.901313,rsid,0.9998722526986858,6.907314672876825e-05,5.48827462580305e-05,0.0,3.7914083273406958e-06
rs72982451,6866075,0.0446,0.0297,0.133,-0.0069321,0.0136446,0.611421,rsid,0.9999316294974481,5.748228115855484e-05,1.029632469415107e-05,0.0,5.918966992437493e-07
rs118129270,6866281,0.0436,0.0301,0.147,-0.00693587,0.0136444,0.611223,rsid,0.9999352090471507,5.3937797609048824e-05,1.0297684811587531e-05,0.0,5.554704286675375e-07
rs116979105,6866283,-0.0433,0.0301,0.15,0.0069358,0.0136444,0.611226,rsid,0.9999359575004915,5.319699367184557e-05,1.0297665884674526e-05,0.0,5.478399519416638e-07
rs113540628,6866288,-0.0438,0.0299,0.143,0.00693613,0.0136445,0.611209,rsid,0.9999342717056355,5.486543291399742e-05,1.0297829441364341e-05,0.0,5.650320089651736e-07
rs112333541,6866404,0.044,0.0297,0.138,-0.00681296,0.0136529,0.61777,rsid,0.9999333315623467,5.583954089366886e-05,1.0256159347003062e-05,0.0,5.727374127774573e-07
rs331691,6866477,-0.0035,0.0143,0.807,0.00125295,0.00855971,0.883624,rsid,0.9999844077891485,9.777051341642912e-06,5.758854020488002e-06,0.0,5.630548935440001e-08
rs74805962,6866518,0.1009,0.0752,0.18,0.0512574,0.0736655,0.486546,rsid,0.9998494894284624,9.200884104784227e-05,5.357190006088356e-05,0.0,4.929830428928168e-06
rs331690,6866745,-0.0086,0.0238,0.718,0.00556117,0.0123984,0.653766,rsid,0.9999740419546155,1.67022684026678e-05,9.10372025563334e-06,0.0,1.5205672626779307e-07
rs331689,6866758,0.0207,0.0251,0.41,-0.00378328,0.0125497,0.763062,rsid,0.9999681004368103,2.2976373114758106e-05,8.72276615181325e-06,0.0,2.004239231324447e-07
rs113818507,6866937,0.0442,0.0297,0.137,-0.00695018,0.0136437,0.610468,rsid,0.9999327369999821,5.6379375551029345e-05,1.0302724234823921e-05,0.0,5.809002319261398e-07
rs72982454,6867002,0.0439,0.0297,0.139,-0.00695432,0.0136436,0.610252,rsid,0.9999335506015079,5.557247002810719e-05,1.0304257376079265e-05,0.0,5.726710878433885e-07
rs112891323,6867133,0.0442,0.0297,0.137,-0.00696006,0.0136433,0.609951,rsid,0.9999327332483511,5.63793753395005e-05,1.0306275827400221e-05,0.0,5.811004819672217e-07
rs113191510,6867319,0.0457,0.0297,0.124,-0.00697399,0.013643,0.609228,rsid,0.9999283804688924,6.0682370189981804e-05,1.031139614256684e-05,0.0,6.257647748785519e-07
rs113593666,6867471,0.0468,0.0298,0.116,-0.0069679,0.0136428,0.609533,rsid,0.9999252124115642,6.38206959924259e-05,1.0308920738810257e-05,0.0,6.5797170459867e-07
rs113541029,6867526,-0.0442,0.0297,0.137,0.0069674,0.0136427,0.609557,rsid,0.9999327306330926,5.637937519204395e-05,1.0308751639227616e-05,0.0,5.812400760815512e-07
rs118034586,6867692,0.0441,0.0297,0.138,-0.00698122,0.0136423,0.608837,rsid,0.9999329989370666,5.610850096440183e-05,1.0313829671315785e-05,0.0,5.787322977388004e-07
rs10414931,6867792,0.0054,0.0237,0.82,-0.00502751,0.0124135,0.685474,rsid,0.999974900805247,1.6007882574218303e-05,8.948068946452778e-06,0.0,1.432432322506087e-07
rs145755878,6867824,-0.0794,0.0386,0.0397,0.0067959,0.0136386,0.618284,rsid,0.9998066576668148,0.00018124537997254617,1.0240543154786303e-05,0.0,1.8564100578664367e-06
rs112745794,6868005,-0.0441,0.0297,0.138,0.00699103,0.0136416,0.608316,rsid,0.9999329953661195,5.610850076402791e-05,1.0317211080286574e-05,0.0,5.789220362399802e-07
rs11672913,6868014,0.0176,0.0249,0.48,-0.00727737,0.012804,0.569788,rsid,0.9999689224667595,2.0884003899875745e-05,9.98499616120354e-06,0.0,2.085331794676357e-07
rs138966788,6868089,-0.0903,0.0756,0.232,-0.0503664,0.0737386,0.494582,rsid,0.9998630455298833,7.94899041780528e-05,5.323253707231918e-05,0.0,4.232028866304199e-06
rs72982461,6868394,0.0509,0.0299,0.0887,-0.00699251,0.0136406,0.608213,rsid,0.9999101004064949,7.87698599551956e-05,1.0316992435557961e-05,0.0,8.127411144035227e-07
rs191827734,6868441,0.0374,0.0951,0.694,0.00559,0.0257624,0.828222,rsid,0.9999251176084907,5.6583303910406345e-05,1.731904540153865e-05,0.0,9.800421972969007e-07
rs79906591,6868472,0.009,0.0518,0.862,-0.0031307,0.0363542,0.931374,rsid,0.9999424936253044,3.308636705345755e-05,2.3637871375434506e-05,0.0,7.821362665112485e-07
rs72982463,6868620,0.0499,0.0297,0.0929,-0.00716945,0.0136382,0.599105,rsid,0.99991329171148,7.553891009413426e-05,1.0384850139722546e-05,0.0,7.845282861505467e-07
rs72982465,6868657,-0.0463,0.0297,0.119,0.00699974,0.01364,0.607826,rsid,0.9999264978628916,6.25371177862119e-05,1.0319613028016973e-05,0.0,6.454062941831501e-07
rs148966957,6868752,-0.0834,0.0385,0.0303,0.00694215,0.0136428,0.610858,rsid,0.9997627653842629,0.00022462361018792118,1.0297414307715896e-05,0.0,2.313591241329007e-06
rs112084925,6868848,-0.0472,0.0297,0.112,0.00708869,0.0136397,0.603266,rsid,0.9999234938308655,6.547425559009548e-05,1.0353944844500876e-05,0.0,6.779686999026243e-07
rs11882988,6868943,0.0469,0.0632,0.458,-0.0561532,0.0303945,0.064677,rsid,0.9998436281399982,4.9053593515658725e-05,0.00010229933182555914,0.0,5.01893466044255e-06
rs72982467,6868992,-0.0464,0.0296,0.117,0.00699861,0.0136408,0.607907,rsid,0.9999258591758154,6.316928106257642e-05,1.0319612297688054e-05,0.0,6.519308243781074e-07
rs72982468,6869108,0.0456,0.0297,0.125,-0.00703003,0.0136418,0.606323,rsid,0.999928662817253,6.0380941833256006e-05,1.0332321124328294e-05,0.0,6.239197894906312e-07
rs139581535,6869210,0.0464,0.0297,0.118,-0.007208,0.0136417,0.597235,rsid,0.9999260897843153,6.285410166912217e-05,1.04022421049422e-05,0.0,6.538719106648078e-07
rs149726834,6869379,-0.109,0.053,0.0397,-0.0298764,0.0460623,0.516591,rsid,0.9997383475227121,0.00021831378585801168,3.557101585930358e-05,0.0,7.767675570615761e-06
rs10402531,6869386,0.0452,0.0296,0.127,-0.00703193,0.0136426,0.606246,rsid,0.9999295835565625,5.946837704091006e-05,1.033350627411485e-05,0.0,6.145601224017697e-07
rs10410808,6869422,-0.0453,0.0296,0.126,0.00692337,0.0136421,0.611802,rsid,0.9999293285670695,5.976471558833598e-05,1.0291599361973378e-05,0.0,6.151179800865131e-07
rs144202283,6869427,-0.1686,0.1458,0.248,0.0562574,0.168656,0.73871,rsid,0.9998176087533795,9.828851571734261e-05,7.657492242992262e-05,0.0,7.527808473179485e-06
rs146547406,6869501,0.1226,0.0883,0.165,0.0466552,0.0459429,0.309865,rsid,0.9998444278153092,0.00010378187240685233,4.692009889714919e-05,0.0,4.870213386797324e-06
rs111678266,6869507,-0.0498,0.0297,0.0936,0.00704633,0.0136428,0.605514,rsid,0.9999137548655731,7.512926766599961e-05,1.0339035590808906e-05,0.0,7.768311702188815e-07
rs114831164,6869716,0.049,0.0297,0.099,-0.00717546,0.0136467,0.599026,rsid,0.9999169009274859,7.195931163517344e-05,1.039190444269261e-05,0.0,7.478564364509039e-07
rs72982472,6870020,-0.0074,0.0171,0.665,0.00190144,0.00998463,0.848967,rsid,0.9999807281827288,1.2424524747909472e-05,6.763260605033259e-06,0.0,8.403191821156964e-08
rs72982473,6870043,0.0489,0.0293,0.0951,-0.00641761,0.0136015,0.637048,rsid,0.999915849604685,7.332592954580031e-05,1.0084917579827809e-05,0.0,7.395481892061332e-07
rs72982476,6870088,-0.0538,0.0306,0.0787,0.00640635,0.0135985,0.637566,rsid,0.9999008877225051,8.814461470907783e-05,1.0079151773723881e-05,0.0,8.885110120391927e-07
rs72982479,6870111,-0.0454,0.0318,0.153,0.00640916,0.0135988,0.637423,rsid,0.999934364214422,5.500067363152894e-05,1.0080633897932897e-05,0.0,5.544780486214419e-07
rs79501603,6870118,0.0407,0.0316,0.198,-0.0064154,0.0135989,0.637098,rsid,0.999943843007301,4.561409214426452e-05,1.0082950109850332e-05,0.0,4.599504448305074e-07
rs74517766,6870146,0.0464,0.0303,0.126,-0.00642124,0.0135989,0.636793,rsid,0.9999282140389071,6.10850652836028e-05,1.008481971308783e-05,0.0,6.16076096162004e-07
rs72982480,6870185,0.0428,0.0299,0.152,-0.00642415,0.013599,0.636642,rsid,0.9999370173857393,5.236841787094057e-05,1.0085976489511864e-05,0.0,5.282199001094529e-07
rs72982483,6870429,0.0438,0.0295,0.138,-0.00646284,0.0135994,0.634623,rsid,0.9999335704840976,5.576659084818347e-05,1.009966381722908e-05,0.0,5.632612369709156e-07
rs143710717,6870468,-0.0463,0.0296,0.118,0.00645817,0.0135996,0.634872,rsid,0.9999264187482511,6.284848518885663e-05,1.0098071369486495e-05,0.0,6.346951905677903e-07
rs146838186,6870472,-0.0464,0.0296,0.117,0.00645717,0.0135996,0.634924,rsid,0.99992609507273,6.316929596511981e-05,1.009771839798579e-05,0.0,6.379129069617935e-07
rs112790957,6870500,-0.0052,0.0519,0.92,0.00272479,0.0363706,0.94028,rsid,0.9999427496741912,3.2846379856108635e-05,2.3627813385452856e-05,0.0,7.761325674701912e-07
rs112572807,6870627,-0.0463,0.0296,0.118,0.00647999,0.0135999,0.633735,rsid,0.9999264104399805,6.284848466665599e-05,1.010588881159099e-05,0.0,6.351865411162978e-07
rs7258250,6870697,-0.0454,0.0296,0.125,0.0064966,0.0135999,0.632869,rsid,0.9999292176537188,6.006319931283995e-05,1.0111759358292755e-05,0.0,6.073876100607546e-07
rs55908112,6870719,-0.0849,0.074,0.251,0.00225994,0.0634224,0.971575,rsid,0.9998829964850249,7.511256034368825e-05,3.8963931503183974e-05,0.0,2.9270231282546614e-06
rs72984341,6870780,0.0469,0.0297,0.114,-0.00645608,0.0135997,0.634986,rsid,0.999924777671299,6.447388148206695e-05,1.0097380904594326e-05,0.0,6.510663144464121e-07
rs72984342,6870796,-0.0479,0.0299,0.109,0.00649355,0.0136002,0.633034,rsid,0.9999220481191382,6.716198457156771e-05,1.0110783094048789e-05,0.0,6.791131963199437e-07
rs139381209,6870871,0.083,0.0382,0.0298,-0.00650696,0.0136007,0.632346,rsid,0.9997611453204849,0.0002264496170721772,1.0114166190781904e-05,0.0,2.2908962521970448e-06
rs7246702,6870929,-0.0457,0.0296,0.123,0.00651005,0.0136009,0.632188,rsid,0.9999282944333356,6.097160737455672e-05,1.0117061550204566e-05,0.0,6.168977396252909e-07
rs61623215,6870992,-0.0471,0.0296,0.112,0.0065113,0.013601,0.632127,rsid,0.9999237384988331,6.54814277358726e-05,1.0117513663335885e-05,0.0,6.625597676149237e-07
rs57335118,6871034,0.0462,0.0297,0.12,-0.00649464,0.0136011,0.633,rsid,0.9999270366300483,6.222241942175866e-05,1.0111728413209158e-05,0.0,6.292221165716879e-07
rs112476482,6871158,0.0211,0.0512,0.68,-0.0187737,0.0352164,0.593968,rsid,0.9999380788445635,3.485739258389782e-05,2.615211196830329e-05,0.0,9.116508842533083e-07
rs150784770,6871247,0.0497,0.0302,0.0998,-0.00636997,0.0136097,0.639753,rsid,0.9999166713214432,7.252490293231483e-05,1.0073159806052624e-05,0.0,7.306158184063425e-07
rs139176312,6871248,-0.0456,0.0304,0.134,0.00636995,0.0136097,0.639754,rsid,0.9999308095806659,5.8527518198541366e-05,1.0073295362903382e-05,0.0,5.89605772742268e-07
rs112863496,6871256,-0.0462,0.0304,0.129,0.00636993,0.0136097,0.639754,rsid,0.9999290930702637,6.0226933283909175e-05,1.0073271198866542e-05,0.0,6.067252534697761e-07
rs28861726,6871304,-0.0493,0.0298,0.0981,0.00650058,0.0136016,0.632703,rsid,0.9999164608578968,7.268989722398702e-05,1.0113997983427966e-05,0.0,7.352468958339029e-07
rs111383090,6871390,-0.0491,0.0297,0.0983,0.00650075,0.0136019,0.6327,rsid,0.999916808606742,7.234538268537331e-05,1.0114231729824962e-05,0.0,7.317788427642186e-07
rs113170195,6871446,-0.048,0.0297,0.106,0.00840525,0.0133121,0.52778,rsid,0.9999202400127521,6.82512240022107e-05,1.0773406418970582e-05,0.0,7.353568268191455e-07
rs34415361,6871492,-0.0467,0.0302,0.122,0.0317595,0.0272465,0.243762,rsid,0.9999010799943312,6.22740639620767e-05,3.449743377880025e-05,0.0,2.1485079280849386e-06
rs72984345,6871547,-0.0494,0.0294,0.0929,0.0063529,0.0136116,0.640695,rsid,0.9999142793445799,7.489812101373087e-05,1.0068367919686554e-05,0.0,7.541664865049685e-07
rs376414641,6871621,-0.085,0.0389,0.0289,0.00622653,0.0136259,0.647699,rsid,0.9997525804370511,0.00023502887343875868,1.0032239933691684e-05,0.0,2.3584495762462757e-06
rs184550,6872081,-0.059,0.0398,0.138,0.00600345,0.0337501,0.858817,rsid,0.9999045345466229,7.158562503492985e-05,2.228443110744031e-05,0.0,1.5953972346942754e-06
rs72984347,6872172,-0.0485,0.0295,0.1,0.00656248,0.0136034,0.629512,rsid,0.9999182548161778,7.088953841903526e-05,1.0136980768185428e-05,0.0,7.186646349919965e-07
rs149272824,6872705,-0.0109,0.0507,0.83,0.0237779,0.034978,0.496633,rsid,0.9999381083076435,3.269269638086018e-05,2.8274566929229084e-05,0.0,9.244290463957416e-07
rs146023688,6872856,0.0512,0.0296,0.0837,-0.00657203,0.0136044,0.629038,rsid,0.9999073245026698,8.170600925453245e-05,1.0140843433091194e-05,0.0,8.286446424472626e-07
rs7255262,6872981,-0.0102,0.0245,0.677,0.00497987,0.0128197,0.697681,rsid,0.9999731198027069,1.754079015832748e-05,9.178406307971127e-06,0.0,1.610008267699788e-07
rs2925672,6873081,-0.0502,0.0398,0.207,0.00602031,0.0337499,0.858424,rsid,0.9999225896657429,5.3921905775613545e-05,2.2286599527801857e-05,0.0,1.2018289537779972e-06
rs139281002,6873167,0.0497,0.0298,0.0954,-0.00658301,0.0136051,0.628484,rsid,0.9999148354550873,7.426579560469829e-05,1.0145240759076733e-05,0.0,7.535085487866922e-07
rs60967546,6873507,-0.012,0.0223,0.59,0.00215922,0.012235,0.859918,rsid,0.9999746589659816,1.694409891733554e-05,8.257023728888973e-06,0.0,1.3991137232392714e-07
rs59055395,6873522,-0.012,0.0223,0.59,0.00216659,0.012235,0.859445,rsid,0.9999746580777016,1.6944098902284056e-05,8.257897223031345e-06,0.0,1.3992617327015052e-07
rs56931055,6873527,0.0237,0.0234,0.311,-0.00250304,0.0124023,0.840056,rsid,0.9999659445199459,2.543259973207626e-05,8.409010051598629e-06,0.0,2.1387027024003622e-07
rs78411572,6873650,0.0149,0.0492,0.762,-0.0602058,0.0233088,0.00979535,rsid,0.9995558400700847,3.2472614251710426e-05,0.0003987336385263182,0.0,1.2953677137375557e-05
rs142623315,6873740,0.0542,0.0629,0.389,-0.0282527,0.0900484,0.753711,rsid,0.999890776506268,5.302759621307187e-05,5.336573191473277e-05,0.0,2.8301656041646193e-06
rs331688,6873888,0.0307,0.0481,0.523,-0.00741335,0.0396378,0.851639,rsid,0.9999363452555651,3.673049683808019e-05,2.597028538724493e-05,0.0,9.53962209520888e-07
rs73920230,6874269,0.1203,0.0707,0.0888,-0.00716942,0.06362,0.910275,rsid,0.9998159102443783,0.0001393642907726079,3.92538698525224e-05,0.0,5.471594996662836e-06
rs137982161,6874514,-0.092,0.0381,0.0157,0.00665791,0.0136056,0.624594,rsid,0.9996053050621696,0.00038065304345209224,1.0169365849989196e-05,0.0,3.872528528182839e-06
rs72984350,6874569,-0.0223,0.027,0.409,0.00371059,0.013321,0.780588,rsid,0.9999659275283103,2.4652229340371076e-05,9.193592086352916e-06,0.0,2.2665026310926602e-07
rs58179654,6874843,-0.0263,0.0272,0.334,0.00341012,0.0133195,0.797932,rsid,0.99996254946778,2.805636923645518e-05,9.13778043996194e-06,0.0,2.5638254368794315e-07
rs111438800,6874875,-0.0528,0.0298,0.0764,0.00633882,0.013604,0.641248,rsid,0.9999008410088819,8.821250405887916e-05,1.0059063852368474e-05,0.0,8.874232068954694e-07
rs1422403,6875317,-0.0512,0.0292,0.0795,0.00406777,0.0135589,0.764172,rsid,0.9999057602533642,8.403503023517034e-05,9.413572032995187e-06,0.0,7.911443676584649e-07
rs78459103,6875356,-0.0443,0.0547,0.418,0.0123995,0.0227179,0.5852,rsid,0.9999361225424714,4.576238626621381e-05,1.732231036470422e-05,0.0,7.927608974833931e-07
rs331687,6875549,-0.0168,0.0476,0.724,0.00732907,0.0396092,0.853202,rsid,0.9999412164395043,3.20091259375788e-05,2.5943942806154167e-05,0.0,8.30491751861667e-07
rs111727884,6875566,0.1102,0.0718,0.125,-0.00689172,0.0636182,0.913734,rsid,0.9998437846809783,0.00011256000946344226,3.923799088047129e-05,0.0,4.417318677678764e-06
rs112132413,6875770,-0.2125,0.0799,0.00782,0.00445307,0.0635093,0.944101,rsid,0.9991935381165009,0.0007385606469115086,3.90426203043552e-05,0.0,2.885861628314786e-05
rs10417994,6876522,-0.0505,0.0295,0.0869,0.00643901,0.0136075,0.636073,rsid,0.9999100115508588,7.909414749712859e-05,1.0095717603486948e-05,0.0,7.985840405588731e-07
rs11672299,6876523,0.1191,0.057,0.0367,-0.0267103,0.0469063,0.569057,rsid,0.9997178924890908,0.00023924066554576349,3.4589334749354765e-05,0.0,8.277510614136718e-06
rs183200317,6876658,-0.0566,0.119,0.634,0.0767716,0.0446068,0.0852374,rsid,0.9998148557356784,6.661265205221919e-05,0.00011112772875387109,0.0,7.403883515401589e-06
rs10424498,6876996,-0.0256,0.0271,0.345,0.00354707,0.0133234,0.790064,rsid,0.9999631950990978,2.7389243333933134e-05,9.1646358871127e-06,0.0,2.51021681207127e-07
rs28502541,6877110,-0.0264,0.0271,0.33,0.00342839,0.0133242,0.796944,rsid,0.9999624478024551,2.8150818778642126e-05,9.143959162358163e-06,0.0,2.574196039706692e-07
rs331686,6877190,-0.0274,0.0471,0.561,0.00846104,0.0395016,0.830395,rsid,0.9999381235040282,3.494776608315619e-05,2.6019355277918104e-05,0.0,9.093746108016598e-07
rs72984354,6877247,0.0474,0.0296,0.109,-0.0065266,0.0136091,0.631529,rsid,0.9999226898440415,6.650902631591197e-05,1.0127506939153483e-05,0.0,6.736227034069978e-07
rs56179167,6877267,0.0278,0.0271,0.305,-0.0034361,0.0133296,0.796577,rsid,0.9999609855889882,2.959491546903262e-05,9.148729114172935e-06,0.0,2.7076642857575836e-07
rs556033248,6877279,-0.0793,0.1051,0.451,0.00696917,0.0258702,0.78763,rsid,0.9999117165088253,6.945493259965827e-05,1.760565128896594e-05,0.0,1.2229072861728224e-06
rs183483119,6877485,0.0366,0.0562,0.515,0.0244363,0.0451083,0.588008,rsid,0.9999234043712552,4.2256285902503146e-05,3.2947017600986405e-05,0.0,1.3923252414093682e-06
rs181858994,6877550,-0.156,0.1091,0.153,-0.129005,0.195217,0.50872,rsid,0.9997893748264453,0.0001147740310431439,8.5980710781742e-05,0.0,9.870431729771379e-06
rs112753238,6877685,-0.0249,0.0271,0.358,0.00304787,0.013322,0.819036,rsid,0.9999639189135227,2.6758304350240753e-05,9.0798129616878e-06,0.0,2.429691652635662e-07
rs113963446,6877756,0.0512,0.0296,0.0837,-0.00668899,0.0136216,0.623385,rsid,0.9999072683758181,8.170600466820635e-05,1.0192734653701483e-05,0.0,8.32884859962943e-07
rs191273530,6877788,-0.1424,0.1558,0.361,-0.151469,0.0810938,0.061786,rsid,0.9997124055444444,8.805347353985683e-05,0.00018338835494966402,0.0,1.615262706606497e-05
rs139283746,6877948,0.09,0.0385,0.0194,-0.00625617,0.01361,0.645749,rsid,0.999664097066942,0.00032263303155912723,1.0032120476557131e-05,0.0,3.2377810224600678e-06
rs186715,6878136,-0.0101,0.0143,0.48,0.000199025,0.0085587,0.981448,rsid,0.9999820797481231,1.2152461538523317e-05,5.698537835474865e-06,0.0,6.925250289372316e-08
rs331684,6878623,-0.0068,0.0243,0.78,0.00219023,0.0127798,0.863924,rsid,0.9999746277716547,1.6614665215447217e-05,8.61443356854577e-06,0.0,1.4312956127801e-07
rs11085205,6879310,-0.0221,0.0271,0.415,0.00319185,0.0133203,0.810622,rsid,0.9999661405361101,2.4534575472379428e-05,9.101577515830635e-06,0.0,2.2331090166726962e-07
rs117718873,6879464,0.0288,0.0796,0.717,-0.0505776,0.0471912,0.283828,rsid,0.9998975613262105,4.933136436528809e-05,5.061037480146471e-05,0.0,2.4969346226661357e-06
rs12610529,6879543,0.0014,0.0258,0.957,-0.0012288,0.0124689,0.921496,rsid,0.9999745573653314,1.6976609596469316e-05,8.32469635620427e-06,0.0,1.4132871582331548e-07
rs192633200,6879556,-0.2873,0.2113,0.174,0.0546566,0.0367514,0.136963,rsid,0.9998138133227206,0.00011113830875750259,6.75406203600268e-05,0.0,7.507748161930045e-06
rs11667753,6879884,-0.0272,0.0269,0.312,0.0031897,0.0133223,0.810775,rsid,0.9999616661368378,2.896771035969089e-05,9.102465121144284e-06,0.0,2.6368768135599096e-07
rs72984359,6879936,0.0493,0.0297,0.0969,-0.0059859,0.0136078,0.66002,rsid,0.9999162017267997,7.312611215093215e-05,9.944870395817307e-06,0.0,7.272906535919072e-07
rs1422402,6880140,-0.0742,0.0695,0.286,0.00446993,0.0635291,0.943907,rsid,0.9998910837634684,6.720862245290424e-05,3.9080763680588736e-05,0.0,2.6268503980391474e-06
rs79618413,6880495,0.0368,0.0309,0.234,-0.00490487,0.0137279,0.720872,rsid,0.9999500637588129,3.9839510240537636e-05,9.709874965281624e-06,0.0,3.8685598124726156e-07
rs139055572,6881251,-0.038,0.0415,0.36,0.00563665,0.0215337,0.793507,rsid,0.9999453633781666,3.936225113764144e-05,1.469587631467625e-05,0.0,5.784943811647394e-07
rs11882777,6881286,-0.0179,0.0273,0.512,0.00234354,0.0134425,0.8616,rsid,0.9999686892121555,2.2048869643552953e-05,9.062102820623854e-06,0.0,1.9981538016538535e-07
rs72984363,6881429,0.0367,0.0303,0.226,-0.00247435,0.0136854,0.856523,rsid,0.9999503300238932,4.0065155912089944e-05,9.234807801685108e-06,0.0,3.70012392899413e-07
rs113466717,6881929,-0.1348,0.0662,0.0417,0.0528458,0.0580988,0.363041,rsid,0.9997075202775608,0.0002288887947430146,5.174387051477161e-05,0.0,1.184705718146084e-05
rs111611035,6882002,0.1351,0.0663,0.0416,-0.0491151,0.0578355,0.395758,rsid,0.9997099113750482,0.0002295507047136522,4.923313907893723e-05,0.0,1.130478115925716e-05
rs141307292,6882055,-0.031,0.0656,0.637,0.0476249,0.0936847,0.611207,rsid,0.9998953021627469,4.4006176481046226e-05,5.813317418160696e-05,0.0,2.5584865904518578e-06
rs146692531,6882361,-0.0408,0.1562,0.794,0.0266617,0.0507902,0.599627,rsid,0.9998877312596408,7.331693936485107e-05,3.629077378322522e-05,0.0,2.6610272111413064e-06
rs16993897,6882430,-0.0105,0.0276,0.704,0.00199665,0.0134492,0.881981,rsid,0.9999713859868335,1.9409639950261918e-05,9.029116304697782e-06,0.0,1.752569113467921e-07
rs72984367,6882676,0.0388,0.0308,0.208,-0.00471828,0.0137538,0.731558,rsid,0.9999468333518983,4.3069702430655976e-05,9.68000842153102e-06,0.0,4.169372493976042e-07
rs182468594,6882828,-0.3344,0.2276,0.142,0.058278,0.0369129,0.114383,rsid,0.9997978955015023,0.00011576444807423228,7.738034652018415e-05,0.0,8.959703903165997e-06
rs111283231,6883093,0.0132,0.028,0.637,-0.00429158,0.013513,0.750798,rsid,0.9999699427782921,2.0431230010754544e-05,9.433252943284291e-06,0.0,1.927387538253241e-07
rs146208557,6883101,-0.1075,0.0802,0.18,0.00903605,0.0638741,0.887502,rsid,0.9998619283580746,9.481467567408796e-05,3.951029329730679e-05,0.0,3.7466729540587595e-06
rs72984368,6883280,-0.013,0.0279,0.641,0.00423536,0.0135123,0.753942,rsid,0.9999700773526271,2.0310760128029717e-05,9.420543127708072e-06,0.0,1.9134411726518531e-07
rs79896953,6883456,-0.1301,0.0683,0.0568,0.00868681,0.0634842,0.891162,rsid,0.9997672153955991,0.00018618793564286168,3.928126770244224e-05,0.0,7.315401055693121e-06
rs73920233,6884188,0.1304,0.066,0.0482,-0.00932021,0.0634288,0.88318,rsid,0.9997459810598179,0.0002065985072916192,3.929921151051416e-05,0.0,8.12122137985774e-06
rs150234576,6884491,-0.1374,0.0691,0.0468,-0.000376758,0.059855,0.994978,rsid,0.9997413310910999,0.00021369180142721686,3.7056408044675474e-05,0.0,7.920699428167524e-06
rs10417941,6884788,0.1295,0.066,0.0497,-0.0101538,0.063922,0.87379,rsid,0.9997503726720572,0.00020200398874575644,3.961828859419674e-05,0.0,8.005050602700248e-06
rs146389327,6884935,0.0718,0.0818,0.38,0.0236328,0.0369527,0.522471,rsid,0.9999046954323471,6.442888605404192e-05,2.900663808998418e-05,0.0,1.8690435086939437e-06
rs10418763,6885301,0.1312,0.0648,0.0429,-0.011285,0.0637305,0.859451,rsid,0.9997284803333535,0.00022305975315451017,3.961990665741823e-05,0.0,8.840006834717362e-06
rs10419194,6885518,0.1281,0.0662,0.053,-0.0114916,0.0637116,0.856863,rsid,0.9997592372551484,0.00019346278990792822,3.9630987192781004e-05,0.0,7.668967750846658e-06
rs57553064,6885691,0.1277,0.066,0.053,-0.0114838,0.0636928,0.856917,rsid,0.9997595127779896,0.00019320955805711065,3.96207206328022e-05,0.0,7.656943320396174e-06
rs58092963,6885811,-0.0072,0.0278,0.796,0.00253312,0.0134468,0.850578,rsid,0.9999719160502247,1.8824926555635976e-05,9.087938637525455e-06,0.0,1.7108458212435488e-07
rs113180177,6885896,0.1299,0.0664,0.0504,-0.00784479,0.0636587,0.901923,rsid,0.9997523312780132,0.0002004726280610009,3.931296759198407e-05,0.0,7.883126333866373e-06
rs113334005,6886000,0.1299,0.0664,0.0504,-0.0178584,0.063606,0.77889,rsid,0.999751075241673,0.00020047237619771617,4.035941896786877e-05,0.0,8.092963161346918e-06
rs112233913,6886165,-0.0073,0.0279,0.794,0.0022686,0.013436,0.865919,rsid,0.9999718767547479,1.8902862508414397e-05,9.049319883260218e-06,0.0,1.7106286039070488e-07
rs113735525,6886413,0.0367,0.0307,0.232,-0.00286042,0.0136914,0.83451,rsid,0.9999505300895991,3.981091772311079e-05,9.289164229599814e-06,0.0,3.698284482412603e-07
rs75145365,6886467,0.0205,0.0801,0.798,-0.05036,0.0470341,0.284299,rsid,0.9998988216590377,4.832035405124092e-05,5.0421362299341885e-05,0.0,2.4366246116858495e-06
rs73920234,6886829,-0.1339,0.0663,0.0434,-0.0009825,0.0620511,0.987367,rsid,0.9997306538941108,0.0002226114478826536,3.822339927621507e-05,0.0,8.511258730270224e-06
rs10406773,6886859,0.1319,0.0666,0.0476,0.0032495,0.0618887,0.958126,rsid,0.9997450588393828,0.000208788382452731,3.817934228818555e-05,0.0,7.973435876455863e-06
rs10404401,6887062,-0.1258,0.0684,0.0659,0.0120108,0.061558,0.845304,rsid,0.9997866647495979,0.0001682565198145549,3.858514334134501e-05,0.0,6.493587246221642e-06
rs145844889,6887365,0.022,0.0683,0.747,-0.0466852,0.0330579,0.157884,rsid,0.9998986253439079,4.325905640082092e-05,5.5705584361009684e-05,0.0,2.4100153301888804e-06
rs3826782,6887736,0.0099,0.0237,0.676,0.000396307,0.012046,0.973755,rsid,0.9999748597961908,1.6994278703072624e-05,8.009800895231313e-06,0.0,1.3612421096008845e-07
rs78459296,6888207,-0.0428,0.0301,0.155,0.0029208,0.0137026,0.831205,rsid,0.9999382153822705,5.1995946443270455e-05,9.304828051229472e-06,0.0,4.838432350848891e-07
rs117523293,6888304,0.0865,0.1556,0.578,-0.0900391,0.0765056,0.239237,rsid,0.9998376297523759,7.75524306064812e-05,7.871248143823052e-05,0.0,6.105335579452177e-06
rs113408920,6888432,-0.0783,0.1148,0.495,-0.0702831,0.0419325,0.0937174,rsid,0.9998235932386853,7.037293088467124e-05,9.906136205428299e-05,0.0,6.9724683757519864e-06
rs139725770,6889147,-0.1434,0.0873,0.1,0.103471,0.0564732,0.0669191,rsid,0.999687888577849,0.00013776583174691733,0.00015322924532189307,0.0,2.1116345082217283e-05
rs57562054,6889525,-0.1724,0.0693,0.0129,0.0109956,0.0622323,0.859755,rsid,0.9994034061814178,0.0005369249032741352,3.8815477678147945e-05,0.0,2.085343762986511e-05
rs145752205,6889545,0.0397,0.0306,0.194,-0.00312941,0.0137057,0.81939,rsid,0.9999454000195632,4.4843267400769696e-05,9.337946155009262e-06,0.0,4.187668810665834e-07
rs28509272,6889884,-0.0104,0.0281,0.711,0.00255215,0.0134495,0.849498,rsid,0.9999710550485233,1.9673980093145652e-05,9.092088635037315e-06,0.0,1.7888274856331716e-07
rs59106054,6891292,-0.0106,0.0279,0.704,0.00292957,0.013446,0.827526,rsid,0.9999710702116855,1.9608958275478692e-05,9.14156822315796e-06,0.0,1.7926181586673223e-07
rs141625800,6891343,0.0474,0.0403,0.24,0.00385926,0.0168942,0.819306,rsid,0.9999384851391623,4.946218459894181e-05,1.1484588458643435e-05,0.0,5.680877802250424e-07
rs62123070,6891565,-0.0364,0.0821,0.658,0.0848265,0.0390513,0.0298421,rsid,0.999706850017442,5.177410143989228e-05,0.00022949072110942773,0.0,1.1885160008682786e-05
rs112335245,6891625,0.153,0.0671,0.0226,0.00624686,0.0619407,0.919668,rsid,0.9995918740385846,0.0003561499256349276,3.8322063259696726e-05,0.0,1.3653972520780166e-05
rs181568038,6891862,-0.0209,0.1011,0.836,0.105696,0.190371,0.578749,rsid,0.9998552386836951,5.6715030272733906e-05,8.33200998763993e-05,0.0,4.726186155746207e-06
rs140349744,6892506,-0.0298,0.0346,0.389,-0.038537,0.0218661,0.078001,rsid,0.9998999235845016,3.196449421677217e-05,6.60019899026704e-05,0.0,2.1099313789087118e-06
rs77356883,6892930,0.0375,0.0483,0.438,0.0726649,0.0296635,0.0143001,rsid,0.9995976434101649,4.026245792694459e-05,0.0003480741692873369,0.0,1.4019962620737285e-05
rs146951644,6893458,-0.0587,0.0638,0.358,0.0317075,0.0390458,0.416757,rsid,0.9999077609657775,5.6012274594466785e-05,3.430507698193812e-05,0.0,1.9216826460479934e-06
rs66534104,6893560,-0.0132,0.0149,0.376,-0.00843285,0.00913809,0.356099,rsid,0.9999759899508222,1.4579891913876277e-05,9.29463917563331e-06,0.0,1.355180883551797e-07
rs34986624,6893578,0.0353,0.02,0.0776,-0.0162516,0.0143791,0.258382,rsid,0.9999198722774457,6.106149881494747e-05,1.796892624658241e-05,0.0,1.0972974926606218e-06
rs162585,6893746,0.0127,0.0555,0.819,-0.0145234,0.038649,0.707084,rsid,0.9999368826955097,3.5510586283918424e-05,2.6659948062737816e-05,0.0,9.4677014358607e-07
rs529795996,6893798,-0.0416,0.1523,0.785,-0.151533,0.0805676,0.0599971,rsid,0.9997272085708732,7.255483529350594e-05,0.00018668779557777117,0.0,1.354879825549196e-05
rs372210960,6893909,0.0176,0.1537,0.909,0.151587,0.080558,0.0598756,rsid,0.9997278659037329,7.178373252343576e-05,0.00018692830005082552,0.0,1.3422063693082161e-05
rs539701348,6893938,-0.0127,0.159,0.936,-0.151657,0.0805578,0.0597558,rsid,0.9997263610742843,7.283606144807921e-05,0.0001871666511636879,0.0,1.363621310389416e-05
rs183196421,6894229,0.0442,0.1645,0.788,0.15181,0.0805204,0.0593813,rsid,0.999722870878573,7.509992972011579e-05,0.00018791302475340175,0.0,1.411616695342057e-05
rs149327810,6894344,-0.1062,0.0923,0.25,-0.0311635,0.0299622,0.298297,rsid,0.9998795542980661,8.470290094397591e-05,3.2951386729905136e-05,0.0,2.791414259999731e-06
rs151303181,6895208,0.007,0.1507,0.963,0.151936,0.080366,0.058684,rsid,0.9997263829397374,7.090084274418097e-05,0.0001892916096668331,0.0,1.342460785151653e-05
rs146943190,6895741,-0.0094,0.0438,0.83,-0.00549301,0.0213217,0.796696,rsid,0.9999564123348239,2.8632239191427268e-05,1.453912026951722e-05,0.0,4.163057149838611e-07
rs330876,6895866,-0.0177,0.0133,0.183,0.00332967,0.00859897,0.698596,rsid,0.9999724353306034,2.1265764907760653e-05,6.167739181708819e-06,0.0,1.31165306978927e-07
rs148251876,6896071,-0.0309,0.0837,0.712,-0.0307699,0.0929265,0.740553,rsid,0.9998910699224778,5.1325938712056356e-05,5.479160203225383e-05,0.0,2.8125367776920705e-06
rs142764691,6896344,0.033,0.0487,0.498,0.00928352,0.021433,0.664912,rsid,0.9999458930693274,3.8009766226979206e-05,1.5507688920303053e-05,0.0,5.894755252928148e-07
rs10406373,6896380,-0.0119,0.0291,0.683,0.0265482,0.0188474,0.158958,rsid,0.9999455648413802,2.0644050350802586e-05,3.310759617945939e-05,0.0,6.835120896118156e-07
rs330877,6896483,0.0101,0.0146,0.489,-0.00579537,0.0108185,0.592171,rsid,0.9999793202721459,1.2279803150803844e-05,8.29802448896153e-06,0.0,1.0190021453370211e-07
rs190157618,6896664,0.2328,0.1744,0.182,-0.0156023,0.0941906,0.868435,rsid,0.9998296264843323,0.00011072573839115563,5.3700712959738906e-05,0.0,5.9470643168541564e-06
rs330878,6896941,-0.0146,0.0168,0.385,0.0133525,0.00980379,0.173207,rsid,0.9999671474631286,1.616246565167671e-05,1.642460045764473e-05,0.0,2.654707621271977e-07
rs112217832,6897195,0.0008,0.0618,0.99,-0.0118182,0.0212255,0.577669,rsid,0.9999449695788631,3.809802321221309e-05,1.6310948819276556e-05,0.0,6.214491053359999e-07
rs149027775,6897299,-0.0721,0.1092,0.509,-0.0316982,0.0573585,0.580514,rsid,0.9998885578868457,6.78663909788144e-05,4.0806053908869104e-05,0.0,2.769668266566251e-06
rs330879,6897392,0.0112,0.0146,0.443,-0.013827,0.00979976,0.158258,rsid,0.9999692389164015,1.2966754647517095e-05,1.7566540917820597e-05,0.0,2.2778803309367818e-07
rs330880,6897464,-0.0105,0.0146,0.472,0.0141737,0.00979477,0.147878,rsid,0.999968767999955,1.251705546497783e-05,1.8483577390381775e-05,0.0,2.3136718944669003e-07
rs10566988,6897925,0.0176,0.0198,0.374,-0.022888,0.0104909,0.0291313,rsid,0.9999047566092608,1.929566912792986e-05,7.450986692624536e-05,0.0,1.437854685130517e-06
rs330881,6898219,0.0143,0.0153,0.35,-0.0173714,0.0103941,0.0946695,rsid,0.9999561775811003,1.563555986989495e-05,2.775290776207118e-05,0.0,4.3395126767177027e-07
rs3029890,6898248,0.006,0.024,0.803,-0.00836188,0.014687,0.569127,rsid,0.9999720820905591,1.6289029984364525e-05,1.1442487235296437e-05,0.0,1.8639222135260825e-07
rs2607129,6898290,-0.0648,0.0572,0.257,-0.0515961,0.0447237,0.248638,rsid,0.9998816790759162,6.239063719052025e-05,5.264532296802299e-05,0.0,3.2849639250428787e-06
rs549176366,6898459,-0.0978,0.1025,0.34,0.0720082,0.108477,0.50681,rsid,0.9998501283167416,7.694264258806144e-05,6.771786795248544e-05,0.0,5.2111727179206115e-06
rs330882,6898487,0.0134,0.0152,0.378,-0.0186331,0.0103108,0.0707408,rsid,0.9999498372812309,1.4811637281901749e-05,3.483509087295561e-05,0.0,5.159906141843716e-07
rs330883,6898681,0.0303,0.0505,0.549,-0.0299917,0.0495744,0.54519,rsid,0.9999240951090699,3.750683223931483e-05,3.700983176648826e-05,0.0,1.3882269244842296e-06
rs73920235,6899044,0.0081,0.0319,0.8,-0.0172078,0.0235113,0.464231,rsid,0.9999580015037489,2.1454280868988835e-05,2.0112693875388045e-05,0.0,4.315215066889477e-07
rs330884,6899522,0.0124,0.0243,0.61,0.0115599,0.0183191,0.528021,rsid,0.9999668252349397,1.8155848680042958e-05,1.475108895622546e-05,0.0,2.678274240669524e-07
rs147301439,6900237,-0.0105,0.032,0.743,0.0172074,0.0235113,0.464242,rsid,0.9999574782018691,2.1967520017889553e-05,2.0112438920461117e-05,0.0,4.4183919239075575e-07
rs73920236,6900594,0.0132,0.0325,0.685,-0.0172074,0.0235113,0.464242,rsid,0.9999565143971979,2.2912340619863024e-05,2.0112419535174237e-05,0.0,4.608426470998054e-07
rs75426678,6900625,0.1934,0.1077,0.0725,-0.00681957,0.0361756,0.850475,rsid,0.9998031517262925,0.0001689794939438501,2.383958552583311e-05,0.0,4.02919423791658e-06
rs330885,6900715,0.0131,0.0149,0.379,-0.0186399,0.0103118,0.0706643,rsid,0.9999501315563125,1.449425219762629e-05,3.486876954558642e-05,0.0,5.054219442204043e-07
rs330886,6900830,-0.0091,0.0143,0.525,0.0134514,0.00980147,0.169942,rsid,0.9999715516130178,1.1599917425253061e-05,1.6655264369132646e-05,0.0,1.9320518775364643e-07
rs330887,6900955,-0.009,0.0143,0.529,0.0135077,0.00980117,0.16815,rsid,0.9999714697094988,1.1549153143145344e-05,1.6787253267564422e-05,0.0,1.9388409040929153e-07
rs117200733,6901082,-0.382,0.1319,0.00378,-0.0504514,0.219614,0.818304,rsid,0.9991558970255233,0.0007023959533850434,8.321075008062642e-05,0.0,5.849627101112245e-05
rs8099966,6901482,0.0122,0.0149,0.413,-0.0186164,0.0103117,0.0710183,rsid,0.9999510179610164,1.377661568600683e-05,3.4726979610522616e-05,0.0,4.784436871773021e-07
rs8101320,6901530,-0.0127,0.0149,0.394,0.0186144,0.0103118,0.0710493,rsid,0.9999506296821947,1.4164482021367223e-05,3.471410420215801e-05,0.0,4.917315818038041e-07
rs897740,6901559,-0.0125,0.0149,0.402,0.0186144,0.0103118,0.0710493,rsid,0.9999507934866673,1.4006167867432858e-05,3.4714109888764294e-05,0.0,4.862355764279181e-07
rs897739,6901715,-0.0127,0.0149,0.394,0.0186144,0.0103118,0.0710493,rsid,0.9999506296821947,1.4164482021367223e-05,3.471410420215801e-05,0.0,4.917315818038041e-07
rs897738,6901891,0.013,0.0149,0.383,-0.0186604,0.0103108,0.0703267,rsid,0.9999500839562506,1.4410130162694216e-05,3.5001512064250695e-05,0.0,5.04401522465427e-07
rs2228533,6901923,0.0331,0.0536,0.537,0.0306395,0.0270087,0.256613,rsid,0.9999257831438153,3.984956290154346e-05,3.3050161057582246e-05,0.0,1.3171322253832133e-06
rs415421,6902229,0.0135,0.0149,0.365,-0.0184605,0.0103592,0.0747429,rsid,0.9999512001590422,1.4842311538655143e-05,3.3460868546845015e-05,0.0,4.966608722978388e-07
rs4807910,6902584,-0.0133,0.0149,0.372,0.0186143,0.0103118,0.071051,rsid,0.999950111454647,1.4665932980085374e-05,3.4713481381553296e-05,0.0,5.091309912518499e-07
rs4807911,6902608,-0.013,0.0149,0.383,0.0186143,0.0103118,0.071051,rsid,0.9999503761241693,1.4410134373082117e-05,3.471349056961221e-05,0.0,5.002508880547839e-07
rs4807912,6902703,0.0136,0.0149,0.361,-0.0184605,0.0103592,0.0747429,rsid,0.999951107178817,1.4932284166168298e-05,3.346086543549408e-05,0.0,4.996715814820002e-07
rs388089,6903296,-0.0128,0.0149,0.39,0.0186143,0.0103118,0.071051,rsid,0.9999505467142958,1.4245261907402985e-05,3.471349649168483e-05,0.0,4.9452730524588e-07
rs395462,6903410,-0.0129,0.0149,0.387,0.0186143,0.0103118,0.071051,rsid,0.9999504619952042,1.4327141473165717e-05,3.47134935506435e-05,0.0,4.973697718340376e-07
rs454176,6903537,-0.0127,0.0149,0.394,0.0186143,0.0103118,0.0710493,rsid,0.9999506302955621,1.4164482030055686e-05,3.471349939322632e-05,0.0,4.91723014575598e-07
rs79190062,6903538,-0.0051,0.0319,0.873,0.0189385,0.0234565,0.419443,rsid,0.9999572556022138,2.1058578781429736e-05,2.123854628624761e-05,0.0,4.4727271857498896e-07
rs443658,6903920,-0.0129,0.0149,0.387,0.0186542,0.0103116,0.0704417,rsid,0.9999502145423075,1.4327137927697423e-05,3.495745455595215e-05,0.0,5.00865208828005e-07
rs370094,6904137,0.0123,0.0149,0.409,-0.0186243,0.0103118,0.070899,rsid,0.999950892129574,1.385209341749868e-05,3.477405982707022e-05,0.0,4.817171813351878e-07
rs10638051,6904365,-0.0133,0.0181,0.462,0.0185888,0.0103127,0.0714661,rsid,0.9999492742551711,1.5632690951621272e-05,3.4552872105260855e-05,0.0,5.401817722351779e-07
rs2546141,6904388,-0.0122,0.0158,0.44,0.0134963,0.00980115,0.168508,rsid,0.9999689352686858,1.4068451139293803e-05,1.6760478871860736e-05,0.0,2.3580130318406587e-07
rs2546140,6904402,-0.0128,0.015,0.393,0.0185994,0.0103118,0.0712771,rsid,0.9999506125839133,1.426978824687501e-05,3.4623532954287036e-05,0.0,4.940948856860805e-07
rs2546139,6904435,0.0154,0.0164,0.348,-0.0185994,0.0103118,0.0712787,rsid,0.9999479910411169,1.6803685023020535e-05,3.462344218273066e-05,0.0,5.818316773111509e-07
rs2546138,6904490,0.0085,0.0143,0.552,-0.0134949,0.00980115,0.168553,rsid,0.9999717464101325,1.1306868738157949e-05,1.675724381972622e-05,0.0,1.8947730969715031e-07
rs144031038,6904554,0.057,0.0674,0.398,0.0323153,0.0885648,0.715202,rsid,0.9998884493321918,5.5188070143505825e-05,5.3414429511854116e-05,0.0,2.948168152701797e-06
rs4807913,6904641,-0.0156,0.0164,0.341,0.0185981,0.0103118,0.0712968,rsid,0.9999477998708719,1.6996165248118802e-05,3.461560069770917e-05,0.0,5.883631822552495e-07
rs113790802,6904666,0.0253,0.0335,0.45,0.000734371,0.0136001,0.956937,rsid,0.9999620971070671,2.8600913389432466e-05,9.043322457290214e-06,0.0,2.586570862055119e-07
rs4807106,6904710,-0.0108,0.0158,0.494,0.0134971,0.00980125,0.168487,rsid,0.999969817406693,1.3199124458761854e-05,1.6762215600320586e-05,0.0,2.2125324791003052e-07
rs4807107,6904764,0.0001,0.0161,0.995,-0.0185798,0.0103118,0.0715764,rsid,0.9999544531030226,1.067282078038829e-05,3.450578535960978e-05,0.0,3.6829083753449615e-07
rs4807108,6904786,0.0151,0.0165,0.36,-0.0185978,0.0103118,0.0713017,rsid,0.9999482754793468,1.653823043992216e-05,3.461380944480011e-05,0.0,5.724807682949816e-07
rs4807109,6904797,-0.0139,0.015,0.354,0.0186804,0.0103087,0.0699713,rsid,0.9999491022996156,1.5222331754591505e-05,3.5140422236962224e-05,0.0,5.349463928286875e-07
rs10409287,6904812,-0.013,0.015,0.386,0.0185979,0.0103118,0.0713001,rsid,0.9999504531908794,1.4432715916095918e-05,3.4614487387587874e-05,0.0,4.996058169203875e-07
rs10402834,6904875,0.0126,0.015,0.401,-0.0185979,0.0103118,0.0713001,rsid,0.9999507858418824,1.4111183625042254e-05,3.461449890270235e-05,0.0,4.884755900197804e-07
rs76782992,6904921,-0.0142,0.0319,0.656,0.0168643,0.0235107,0.473188,rsid,0.9999567680454772,2.287098007474115e-05,1.9905692078526967e-05,0.0,4.5528236964862273e-07
rs4807110,6905105,0.0015,0.016,0.925,-0.0185979,0.0103118,0.0713017,rsid,0.9999543633379097,1.0653263810956329e-05,3.4614622742029314e-05,0.0,3.6877553747215767e-07
rs75910543,6905110,0.0064,0.0494,0.897,-0.0552417,0.0398757,0.165946,rsid,0.99990354217333,3.151847466745772e-05,6.295491761221612e-05,0.0,1.9844343901809678e-06
rs2546137,6905440,-0.0129,0.015,0.39,0.0185969,0.0103118,0.0713165,rsid,0.9999505441487145,1.4350705278923318e-05,3.460846555345429e-05,0.0,4.966804530680158e-07
rs2607128,6905590,0.0138,0.015,0.358,-0.0185968,0.0103118,0.0713165,rsid,0.9999497386777398,1.5129849353945771e-05,3.460783525366977e-05,0.0,5.23637652575001e-07
rs2607127,6905597,-0.0124,0.015,0.408,0.0185968,0.0103118,0.0713165,rsid,0.9999509522857145,1.3956798179152338e-05,3.460787725612573e-05,0.0,4.830388502241378e-07
rs391020,6905895,-0.0086,0.0144,0.55,0.0134918,0.00980115,0.168649,rsid,0.9999716550885756,1.1403912596662966e-05,1.6749978126769076e-05,0.0,1.910207010185416e-07
rs426073,6905957,-0.0125,0.015,0.405,0.0185967,0.0103118,0.0713198,rsid,0.9999508735740085,1.4033469897313735e-05,3.46072721226976e-05,0.0,4.856839714797018e-07
rs379254,6905975,-0.0068,0.0144,0.637,0.0134945,0.00980115,0.168567,rsid,0.9999723917276656,1.0673108358043266e-05,1.675631705099346e-05,0.0,1.788469252215989e-07
rs412362,6906050,-0.0131,0.015,0.382,0.0185946,0.0103118,0.071351,rsid,0.9999503873632762,1.4515834334559365e-05,3.459460787733501e-05,0.0,5.021945120103265e-07
rs415188,6906239,0.0131,0.015,0.382,-0.0191916,0.0103036,0.0625173,rsid,0.9999464028138411,1.4515776492630175e-05,3.852220004827833e-05,0.0,5.592096179671917e-07
rs139181791,6906290,0.0317,0.0628,0.614,0.00369527,0.0262489,0.888045,rsid,0.9999388043786123,4.30419102473284e-05,1.7404540619295754e-05,0.0,7.491705211872789e-07
rs447684,6906321,-0.0125,0.0153,0.414,0.0173622,0.010396,0.094903,rsid,0.9999577860467741,1.411972951844929e-05,2.7703047654717624e-05,0.0,3.911760528089202e-07
rs366181,6906357,-0.0083,0.0144,0.564,0.0135324,0.00980272,0.167441,rsid,0.9999717005822536,1.126660538176432e-05,1.6843043074622863e-05,0.0,1.8976929011025053e-07
rs78491083,6906469,-0.0437,0.0751,0.561,0.0272019,0.0919101,0.767259,rsid,0.9998920412029658,5.1258192836131906e-05,5.393566117676798e-05,0.0,2.7649430212654907e-06
rs3816548,6906653,0.018,0.0319,0.573,-0.0194364,0.0235283,0.408754,rsid,0.9999536304148002,2.422500909502959e-05,2.1620788030123455e-05,0.0,5.237880745071951e-07
rs449297,6906764,-0.0119,0.015,0.428,0.0187244,0.0103137,0.069448,rsid,0.9999505578318542,1.3588633163845514e-05,3.5372842633095447e-05,0.0,4.806923489755136e-07
rs419731,6906830,-0.0125,0.015,0.405,0.0187252,0.0103137,0.0694368,rsid,0.9999500922591719,1.4033458932216818e-05,3.5377784431930657e-05,0.0,4.964974640050739e-07
rs455099,6906850,0.0127,0.015,0.397,-0.0182739,0.0103136,0.076424,rsid,0.9999526255952872,1.4189979470173495e-05,3.272010561881557e-05,0.0,4.6431962385867814e-07
rs382737,6906985,0.0123,0.0153,0.421,-0.0187251,0.0103137,0.0694384,rsid,0.9999501561572067,1.397234916684173e-05,3.537716685944816e-05,0.0,4.943267670394963e-07
rs7257222,6907190,-0.013,0.0153,0.396,0.0184207,0.0103114,0.0740287,rsid,0.9999514367767481,1.4505377256962553e-05,3.357086429412769e-05,0.0,4.86981700829673e-07
rs406559,6907195,0.001,0.0166,0.952,-0.0182781,0.0103588,0.077648,rsid,0.9999561827258832,1.1019869334463454e-05,3.243990559673775e-05,0.0,3.57499185538189e-07
rs422389,6907203,-0.0089,0.0147,0.545,0.0131622,0.00980018,0.179254,rsid,0.9999721114964373,1.1695592381644293e-05,1.6005709703808234e-05,0.0,1.8720147724373478e-07
rs144786486,6907497,0.0362,0.0576,0.53,0.0444731,0.0587199,0.448824,rsid,0.9999086825059703,4.25807595253195e-05,4.674606957444644e-05,0.0,1.990664929836203e-06
rs148576085,6907498,-0.0106,0.0406,0.794,-0.0182732,0.0214016,0.393201,rsid,0.999952293960352,2.6970956049437796e-05,2.0190500516523408e-05,0.0,5.445830819494031e-07
rs2607126,6907676,0.0125,0.0154,0.417,-0.0175263,0.010398,0.091884,rsid,0.9999570149830946,1.4149789281489824e-05,2.843289091432105e-05,0.0,4.023367095514912e-07
rs144008008,6908065,-0.0119,0.0913,0.896,-0.0336364,0.0304758,0.269719,rsid,0.9999100762573332,5.231666765954673e-05,3.5737252883623405e-05,0.0,1.8698221235811774e-06
rs408575,6908111,0.0088,0.045,0.845,0.0298543,0.0358098,0.404456,rsid,0.9999375509876356,2.9244405139153372e-05,3.226109186291924e-05,0.0,9.435153622731791e-07
rs112318416,6908112,0.0493,0.0666,0.459,-0.0309833,0.0924038,0.737396,rsid,0.9998915670904897,5.1015324644407594e-05,5.4630300135664244e-05,0.0,2.7872847302352696e-06
rs396827,6908290,0.0115,0.0153,0.452,-0.0187237,0.0103137,0.0694592,rsid,0.9999507356333563,1.3421146121692748e-05,3.5368511179003434e-05,0.0,4.747093428952461e-07
rs75964774,6908440,-0.0096,0.0329,0.77,0.0214249,0.0241115,0.374231,rsid,0.9999538450358887,2.2313372795914955e-05,2.3321192826694942e-05,0.0,5.203984885610251e-07
rs452907,6908456,-0.0119,0.0153,0.437,0.0187214,0.0103137,0.0694944,rsid,0.9999504724012942,1.368934401489279e-05,3.5354254171727015e-05,0.0,4.840005191302146e-07
rs8113805,6908557,0.0127,0.0153,0.407,-0.0186976,0.010314,0.069857,rsid,0.9999500218144949,1.427085798792252e-05,3.5204898302560975e-05,0.0,5.024292146555955e-07
rs147650109,6908895,-0.0524,0.046,0.255,-0.0120392,0.034,0.723268,rsid,0.9999222371922634,5.305319456058143e-05,2.3464642139031802e-05,0.0,1.2449710371398708e-06
rs380213,6908992,0.0125,0.0152,0.411,-0.0187183,0.0103137,0.0695409,rsid,0.9999500768366734,1.4090211535374065e-05,3.533504862449868e-05,0.0,4.979031666330235e-07
rs75798960,6909244,0.0176,0.0316,0.578,-0.017747,0.0234963,0.450063,rsid,0.9999551502302225,2.391599678581826e-05,2.044479344665334e-05,0.0,4.889795449768977e-07
rs445817,6909449,-0.014,0.0152,0.357,0.0187192,0.0103137,0.0695264,rsid,0.9999487746549044,1.534253055393834e-05,3.534057294515348e-05,0.0,5.422415967176212e-07
rs140502026,6909481,-0.0554,0.1201,0.645,-0.0322279,0.101785,0.751526,rsid,0.9998713301016118,6.668551523405491e-05,5.8108864896442754e-05,0.0,3.875518257825809e-06
rs673320,6909565,0.0088,0.0177,0.619,0.00303158,0.0135134,0.822494,rsid,0.9999774392319236,1.3238871382438297e-05,9.200095070649702e-06,0.0,1.2180162328471025e-07
rs56212020,6909594,-0.018,0.0183,0.325,0.0187181,0.0103138,0.0695457,rsid,0.9999444715771232,1.950634485176807e-05,3.533282547362924e-05,0.0,6.892525513830897e-07
rs56289819,6909669,0.0134,0.0153,0.381,-0.0185854,0.010314,0.0715534,rsid,0.9999501324303172,1.4832805248462007e-05,3.452267084427713e-05,0.0,5.120935901527113e-07
rs34518123,6909804,-0.0129,0.0153,0.399,0.0187992,0.0103161,0.0684085,rsid,0.9999492361249203,1.4426144170417723e-05,3.5820946536325304e-05,0.0,5.167843730312099e-07
rs7408594,6909827,0.005,0.0196,0.799,-0.00984957,0.0147485,0.504238,rsid,0.9999742534585414,1.3378730677334894e-05,1.2204525517431678e-05,0.0,1.632852639731982e-07
rs34296469,6909839,0.0155,0.0167,0.353,-0.0187792,0.0103178,0.0687448,rsid,0.9999467808909429,1.693331169508523e-05,3.5681558257222255e-05,0.0,6.042391048027017e-07
rs35896437,6909906,-0.016,0.0161,0.32,0.0135083,0.0098031,0.168215,rsid,0.9999655328450405,1.7389671167153856e-05,1.6785578048587843e-05,0.0,2.9190574377604294e-07
rs184623921,6909996,0.0515,0.097,0.595,0.0482191,0.0658305,0.463879,rsid,0.9998866831255505,5.9975056306223086e-05,5.0323331459979614e-05,0.0,3.0184866833055244e-06
rs11333815,6910011,0.004,0.021,0.849,-0.00203758,0.0135201,0.880207,rsid,0.9999766776876315,1.411475471877327e-05,9.079401140575911e-06,0.0,1.281565089987142e-07
rs12978192,6910041,0.013,0.0153,0.396,-0.0187061,0.0103145,0.0697445,rsid,0.999949729892111,1.4505352496754519e-05,3.525336716735991e-05,0.0,5.113882250013119e-07
rs670948,6910154,-0.0104,0.0152,0.494,0.0186596,0.0103172,0.0705131,rsid,0.9999518975156922,1.2710991308942058e-05,3.494725734548806e-05,0.0,4.442356532283987e-07
rs607231,6910239,0.0119,0.0153,0.437,-0.0186238,0.0103187,0.0710968,rsid,0.9999511169402722,1.368935283864561e-05,3.471841107604797e-05,0.0,4.7529581313078425e-07
rs659977,6910274,-0.0119,0.0153,0.437,0.0185999,0.0103193,0.071476,rsid,0.9999512675576685,1.3689354900601087e-05,3.4569825754207925e-05,0.0,4.732616767986642e-07
rs606384,6910410,-0.0095,0.0146,0.515,0.013336,0.00980866,0.173952,rsid,0.9999714752745491,1.1948694378127415e-05,1.6380302264084692e-05,0.0,1.9572880868542717e-07
rs12978840,6910643,-0.014,0.0162,0.387,0.013681,0.00981544,0.163372,rsid,0.9999670223490912,1.5532401463704087e-05,1.7178418552314813e-05,0.0,2.668308929221345e-07
rs78983058,6910646,0.0181,0.0168,0.281,-0.0186707,0.0103243,0.0705407,rsid,0.9999446045179812,1.9745196096879333e-05,3.495995648447215e-05,0.0,6.903294374562107e-07
rs74400038,6910648,-0.0177,0.0168,0.292,0.018671,0.0103243,0.0705359,rsid,0.9999451082617897,1.925665141492332e-05,3.4961802592291414e-05,0.0,6.732842030973359e-07
rs434431,6910675,-0.0155,0.0169,0.359,0.0195884,0.01032,0.0576833,rsid,0.999941108278054,1.6960747943104607e-05,4.123161380736264e-05,0.0,6.993601956002888e-07
rs529294078,6910728,0.0365,0.097,0.707,0.0136468,0.0671331,0.838916,rsid,0.999898986059895,5.708145404808709e-05,4.1559944343678775e-05,0.0,2.372541713081259e-06
rs373450,6910742,-0.0118,0.0153,0.441,0.0184708,0.0103236,0.0735868,rsid,0.9999521447864216,1.3620954272154676e-05,3.377420045005172e-05,0.0,4.600588561235588e-07
rs434270,6910773,-0.0109,0.0153,0.476,0.0185632,0.0103251,0.0721971,rsid,0.9999522001835252,1.3045218657753909e-05,3.430703366789464e-05,0.0,4.4756414918080234e-07
rs140219613,6910832,-0.0173,0.0316,0.584,0.0182253,0.0234988,0.437994,rsid,0.9999549508059213,2.379624006008415e-05,2.0758946880542846e-05,0.0,4.940071379873681e-07
rs59911686,6910836,-0.0212,0.0246,0.389,0.0368018,0.0141668,0.00938383,rsid,0.9997041469877788,2.3229637876142444e-05,0.00026643241422982035,0.0,6.190960115223739e-06
rs74174850,6911024,0.0139,0.0183,0.448,-0.0185018,0.0103227,0.0730786,rsid,0.9999493993310095,1.609221254782001e-05,3.396190656788896e-05,0.0,5.465498748089757e-07
rs142255898,6912193,-0.1599,0.1189,0.179,0.07751,0.144901,0.592707,rsid,0.9998088597414154,0.00010823422363366151,7.480773041549959e-05,0.0,8.09830453534083e-06
rs10421295,6912894,0.0004,0.0152,0.979,-0.00439306,0.0103155,0.670204,rsid,0.9999823288240252,1.0085990213261704e-05,7.5094442420471524e-06,0.0,7.574151957404304e-08
rs435041,6913141,-0.0168,0.0318,0.597,0.0115609,0.0239989,0.630001,rsid,0.9999581852923948,2.37035998647069e-05,1.7691732457372793e-05,0.0,4.1937528313785385e-07
rs382818,6913181,-0.0058,0.0195,0.766,0.00910308,0.0147666,0.537587,rsid,0.9999745485446361,1.3465669459085119e-05,1.1826529711536987e-05,0.0,1.5925619324550018e-07
rs58936509,6913229,0.0076,0.0177,0.668,0.00103582,0.0110057,0.925017,rsid,0.9999797202162913,1.2835083415379999e-05,7.350355948239999e-06,0.0,9.434434501130591e-08
rs466649,6913310,0.0002,0.0152,0.99,-0.00305548,0.0103396,0.767602,rsid,0.9999826613945773,1.0083401238402036e-05,7.182776115139446e-06,0.0,7.242806937627813e-08
rs61203785,6913337,0.065,0.132,0.622,-0.0435425,0.0822518,0.596542,rsid,0.999871931500618,7.073251417226088e-05,5.354792099713983e-05,0.0,3.78806421252456e-06
rs465642,6913350,0.0012,0.0153,0.937,-0.00271835,0.0103647,0.793115,rsid,0.9999826142607857,1.0179127330850023e-05,7.133992799796571e-06,0.0,7.261908362294642e-08
rs461352,6913398,0.005,0.0168,0.766,0.00281262,0.0103389,0.785588,rsid,0.9999811531998494,1.1628998207295594e-05,7.134829460695674e-06,0.0,8.297248277359062e-08
rs466876,6913707,-0.0138,0.0159,0.385,-0.00962678,0.012315,0.434386,rsid,0.9999734465638742,1.5299226868187895e-05,1.1084618658714997e-05,0.0,1.695905988201627e-07
rs457857,6913811,0.0006,0.0152,0.969,0.00318327,0.0103382,0.75815,rsid,0.9999826283442995,1.0090315263938604e-05,7.2086021051449835e-06,0.0,7.273833143845437e-08
rs462913,6913878,0.0001,0.0152,0.995,-0.00303052,0.0103378,0.769407,rsid,0.9999826683231711,1.0082753330071087e-05,7.176562733049189e-06,0.0,7.236076592852594e-08
rs455476,6914099,-0.0001,0.0152,0.995,-0.00294976,0.0103368,0.775365,rsid,0.9999826852461563,1.0082753500704329e-05,7.159808508778184e-06,0.0,7.219183429009614e-08
rs75286904,6914201,0.0901,0.1163,0.439,0.00311455,0.0486743,0.94898,rsid,0.9998928881702365,7.390411981691372e-05,3.092218804958493e-05,0.0,2.2855218970500204e-06
rs62123082,6914444,0.1471,0.066,0.0258,0.152491,0.0673714,0.0236086,rsid,0.9992211305978318,0.0003224381428707193,0.000345078166597677,0.0,0.0001113530926997283
rs459998,6914530,-0.0091,0.0131,0.487,-0.00270687,0.00887757,0.760433,rsid,0.9999826879631699,1.1054949593561998e-05,6.188670610380312e-06,0.0,6.84166260800634e-08
rs460261,6914828,-0.0001,0.0152,0.995,0.00298421,0.0103347,0.772768,rsid,0.9999826796986127,1.0082753444768845e-05,7.165300730596353e-06,0.0,7.224721196771079e-08
rs460955,6914933,-0.0002,0.0152,0.99,0.00299733,0.0103343,0.771788,rsid,0.9999826766544897,1.0083401392276525e-05,7.1676683885360966e-06,0.0,7.227572946577486e-08
rs140679218,6914964,0.0601,0.0819,0.463,-0.0713028,0.0363759,0.0499758,rsid,0.9997878796976011,5.896113810403953e-05,0.00014462981646445552,0.0,8.529347830363695e-06
rs384239,6914966,-0.0137,0.0159,0.389,-0.00707807,0.012341,0.56628,rsid,0.9999749803324188,1.521718519906886e-05,9.655548437083286e-06,0.0,1.469339450041367e-07
