snp,pos,beta_x,se_x,p_x,beta_y,se_y,p_y,match,pp_h0,pp_h1,pp_h2,pp_h3,pp_h4
rs79653511,172024416,-0.0222,0.0622,0.721,-0.00110277,0.0684895,0.987154,rsid,0.9999163357021007,4.044409975214446e-05,4.154000929565261e-05,0.0,1.6801888514789797e-06
rs3733027,172024832,-0.0022,0.0194,0.91,-0.038259,0.0122933,0.00185708,rsid,0.9989720763778638,1.289589909935042e-05,0.0010020915540736497,0.0,1.2936168963302367e-05
rs116190318,172025052,0.1489,0.1874,0.427,-0.0245329,0.138355,0.859258,rsid,0.9998372805678826,8.830668534372476e-05,6.837389233830572e-05,0.0,6.038854435408847e-06
rs36032820,172025228,-0.0403,0.0612,0.51,-0.0326865,0.0332566,0.325677,rsid,0.9999186438676763,4.54940160705427e-05,3.4301477324890424e-05,0.0,1.5606389282090745e-06
rs115069531,172025440,-0.0932,0.0983,0.343,0.00974076,0.080192,0.90332,rsid,0.9998739617731561,7.506186412314003e-05,4.741672621059466e-05,0.0,3.559636510257751e-06
rs74427876,172025631,-0.0341,0.0613,0.578,-0.0795683,0.0371938,0.0324123,rsid,0.9997400714305784,4.318593024556969e-05,0.0002077676663767028,0.0,8.974972799269394e-06
rs9846134,172025707,0.0196,0.0152,0.197,0.00548103,0.0109079,0.615327,rsid,0.9999686283244353,2.2959045156952083e-05,8.223813576896647e-06,0.0,1.88816830774682e-07
rs55686393,172026017,-0.0185,0.0153,0.227,-0.00544286,0.0109001,0.61754,rsid,0.9999707016790251,2.0921520440831732e-05,8.205131674332357e-06,0.0,1.7166885965361183e-07
rs4615104,172026019,0.0184,0.0153,0.229,0.0054402,0.0109001,0.617711,rsid,0.9999708665850051,2.0758961893825028e-05,8.204138735927963e-06,0.0,1.7031436522986428e-07
rs145122076,172026256,0.0434,0.0652,0.506,-0.0664662,0.0559386,0.234755,rsid,0.999883917758621,4.802803857649641e-05,6.493513363098807e-05,0.0,3.1190691715394935e-06
rs7613643,172026710,-0.0208,0.0151,0.168,-0.00517086,0.0108913,0.634951,rsid,0.9999660685234357,2.562239743015325e-05,8.101492431638164e-06,0.0,2.075867025841455e-07
rs79753549,172026814,0.0542,0.0619,0.381,0.0842557,0.0370462,0.0229456,rsid,0.9996581864568953,5.291817999679271e-05,0.00027437117530328906,0.0,1.4524187804725268e-05
rs76634719,172027068,0.0988,0.0731,0.177,-0.0675944,0.091207,0.458627,rsid,0.9998390592098669,9.163770083076589e-05,6.348457259485986e-05,0.0,5.818516707493114e-06
rs73167271,172027126,0.0199,0.0153,0.193,0.004935,0.0109141,0.65115,rsid,0.9999683380051477,2.3439466792427368e-05,8.034204624511152e-06,0.0,1.8832343519543123e-07
rs76714981,172027152,0.3682,0.2094,0.0787,-0.0974209,0.0549134,0.0760501,rsid,0.9997061190372413,0.00013729516759111035,0.0001376777488506618,0.0,1.890804631687391e-05
rs72352561,172027241,-0.0341,0.0217,0.116,-2.89881e-05,0.0145992,0.998416,rsid,0.999941861327584,4.7986328892246124e-05,9.687451272721864e-06,0.0,4.6489225111873627e-07
rs149572671,172027788,-0.012,0.1303,0.927,0.321285,0.259297,0.215323,rsid,0.9998224451172956,6.573283096919703e-05,0.00010492388306178582,0.0,6.8981686734618545e-06
rs114324091,172027797,-0.03,0.0489,0.54,0.0402953,0.0460698,0.381761,rsid,0.9999200818503704,3.674283475671831e-05,4.164503590324388e-05,0.0,1.5302789696941664e-06
rs73167272,172028351,-0.4069,0.1577,0.00987,-0.540124,0.372601,0.147169,rsid,0.9995027883744919,0.0003520357978711633,0.0001073618215598098,0.0,3.7814006077137695e-05
rs10936720,172028460,-0.0169,0.0157,0.282,-0.00472497,0.0109958,0.667409,rsid,0.999973371968521,1.846537269771664e-05,8.014661135494297e-06,0.0,1.4799764579877818e-07
rs12636516,172028521,0.017,0.0157,0.279,0.00472537,0.0109957,0.66738,rsid,0.999973244864848,1.8591400493097855e-05,8.014725696852703e-06,0.0,1.4900896202742934e-07
rs572762130,172029160,0.1505,0.1731,0.385,0.00863795,0.104727,0.934265,rsid,0.99984865881969,8.88675545614507e-05,5.7374153290475694e-05,0.0,5.099472458139159e-06
rs114511323,172029218,0.0635,0.0755,0.4,-0.0194049,0.0573914,0.735275,rsid,0.9999005807936396,5.961801712302148e-05,3.7561617429808996e-05,0.0,2.2395718075504287e-06
rs28757618,172029473,0.0171,0.0157,0.276,0.00509014,0.0109955,0.643416,rsid,0.9999729951884367,1.8719037324183913e-05,8.133518491261242e-06,0.0,1.522557478526394e-07
rs12637253,172029560,0.0195,0.0168,0.246,0.00532019,0.0109959,0.628504,rsid,0.9999699572838671,2.1650623700931407e-05,8.214243591898759e-06,0.0,1.7784884005820363e-07
rs55825282,172030321,-0.0175,0.0157,0.265,-0.00521946,0.0109943,0.63497,rsid,0.9999724189152581,1.9246137801391817e-05,8.177556225546126e-06,0.0,1.5739071500213834e-07
rs56189830,172030504,0.0182,0.0157,0.246,0.00558697,0.0109883,0.61114,rsid,0.9999712871631203,2.023576677754006e-05,8.308927750161338e-06,0.0,1.681423519676201e-07
rs190297450,172030635,-0.0685,0.1131,0.545,0.0100998,0.0500325,0.840022,rsid,0.9998979201885703,6.76720464425711e-05,3.222669588360412e-05,0.0,2.181069103648689e-06
rs73167273,172030905,0.0159,0.0161,0.323,0.00521474,0.0109968,0.635354,rsid,0.9999743969495344,1.7284360110945274e-05,8.177346533505038e-06,0.0,1.4134382107007497e-07
rs9877284,172031093,-0.0079,0.0133,0.553,0.00330324,0.00949129,0.727818,rsid,0.9999826989970787,1.0522324160452114e-05,6.7080928126124395e-06,0.0,7.058594828040445e-08
rs35394365,172031314,-0.0127,0.0191,0.506,-0.0312693,0.0119408,0.00882694,rsid,0.9997410865034715,1.5698350735099578e-05,0.00023945512178531877,0.0,3.760024008064878e-06
rs6773689,172031363,-0.0051,0.0134,0.704,0.00338764,0.00949127,0.721151,rsid,0.999983645022176,9.561575208420238e-06,6.729061139198798e-06,0.0,6.434147646792807e-08
rs56966312,172031734,-0.0341,0.0191,0.0742,-0.00137062,0.0146059,0.925236,rsid,0.9999290632917405,6.061258246653443e-05,9.734076426658657e-06,0.0,5.900493663061531e-07
rs12631550,172032186,-0.0157,0.0161,0.329,-0.00479873,0.0109934,0.662468,rsid,0.9999747489982137,1.7077304539049495e-05,8.036452829305432e-06,0.0,1.3724441793879733e-07
rs34818697,172033341,0.0351,0.0191,0.0661,0.000908775,0.0146074,0.950393,rsid,0.9999231009175212,6.654159155718434e-05,9.711239868628867e-06,0.0,6.462510529651706e-07
rs11311614,172033646,-0.0354,0.0218,0.104,-0.000915964,0.0146096,0.950009,rsid,0.9999374676195193,5.231112626226499e-05,9.713118286368625e-06,0.0,5.081359320279817e-07
rs55686146,172033943,-0.0351,0.0192,0.0675,-0.000910199,0.0146074,0.950315,rsid,0.999923928823379,6.572157937842053e-05,9.711306299150525e-06,0.0,6.382909433508638e-07
rs187759965,172034110,-0.028,0.0787,0.722,0.0118725,0.0704814,0.86623,rsid,0.9999060503877683,4.882447935697076e-05,4.3024296619939806e-05,0.0,2.10083625491995e-06
rs9837821,172034271,0.005,0.0131,0.703,-0.00308166,0.00945452,0.744466,rsid,0.9999839518623379,9.35321580679157e-06,6.632882082124133e-06,0.0,6.20397731579282e-08
rs4894416,172034350,0.0111,0.0191,0.561,0.0316913,0.0119423,0.00796141,rsid,0.9997186942462011,1.4912121843073222e-05,0.0002624784203980085,0.0,3.9152115576910185e-06
rs4894543,172034443,0.0069,0.0119,0.562,0.0137945,0.00858625,0.108145,rsid,0.9999697734315373,9.34701643905355e-06,2.0686192002407888e-05,0.0,1.93360021317847e-07
rs35600243,172034632,-0.0367,0.0191,0.0547,-0.000675969,0.0146294,0.963146,rsid,0.9999118354594413,7.769225620214694e-05,9.717261797234114e-06,0.0,7.550225593511045e-07
rs34251104,172034901,0.0028,0.0183,0.878,0.0292434,0.0117459,0.0127867,rsid,0.9998157643687438,1.2249660385361467e-05,0.00016990431717280022,0.0,2.081653698156678e-06
rs6779256,172035753,0.0307,0.019,0.106,-0.000297499,0.0145655,0.983704,rsid,0.9999444790142376,4.541462222245336e-05,9.667302281785326e-06,0.0,4.390612581514046e-07
rs115545359,172036197,-0.0397,0.1219,0.745,0.0118527,0.0472492,0.801926,rsid,0.9999019560245204,6.511400353560645e-05,3.091666661235518e-05,0.0,2.0133053315646222e-06
rs114502888,172036440,-0.0001,0.0636,0.999,0.0932909,0.0636329,0.142627,rsid,0.9998600816573671,3.9034551580435026e-05,9.709326849197281e-05,0.0,3.7905225606973458e-06
rs76687557,172036769,-0.0637,0.0897,0.478,0.0303064,0.136066,0.823743,rsid,0.9998658894573822,6.179637005352737e-05,6.810496824532125e-05,0.0,4.209204318846794e-06
rs148299432,172036775,-0.0715,0.1718,0.677,-0.0150042,0.109237,0.89075,rsid,0.9998579369645522,7.820040517322969e-05,5.9230150409912797e-05,0.0,4.632479864677745e-06
rs76518020,172037663,-0.058,0.0541,0.284,0.0141326,0.0582404,0.80827,rsid,0.9999043555918516,5.6416715619266193e-05,3.7132593194009636e-05,0.0,2.095099334968246e-06
rs144006187,172038365,-0.0228,0.1191,0.848,-0.0567372,0.136433,0.677512,rsid,0.9998621364420149,6.288296961096164e-05,7.054396285276965e-05,0.0,4.436625521287333e-06
rs142905259,172038995,0.0536,0.0654,0.412,-0.0160227,0.0319281,0.615782,rsid,0.9999222718924051,5.2998612740775934e-05,2.3484739488217962e-05,0.0,1.2447553659330846e-06
rs7628579,172039260,0.012,0.0162,0.459,0.00471212,0.0109898,0.66809,rsid,0.9999777964728823,1.4083600035020515e-05,8.007155010172958e-06,0.0,1.1277207251945686e-07
rs184667261,172039263,0.0514,0.0632,0.416,0.0200201,0.0517461,0.698837,rsid,0.9999119204230428,5.141897116334253e-05,3.4867592150557236e-05,0.0,1.7930136432078634e-06
rs146509900,172039362,-0.0543,0.0655,0.407,-0.076957,0.0865412,0.373867,rsid,0.9998757751417114,5.340461259567434e-05,6.722943755753314e-05,0.0,3.5908081354169003e-06
rs9837059,172039816,-0.0313,0.0191,0.101,-0.0011909,0.0146284,0.935115,rsid,0.9999424515725797,4.7348746050930426e-05,9.73854685002892e-06,0.0,4.611345192735212e-07
rs535536865,172040160,0.2181,0.1821,0.231,0.195091,0.129525,0.132015,rsid,0.9997588079195596,0.00010313158497939828,0.00012515042043288646,0.0,1.2910075027936282e-05
rs9859151,172040228,0.0064,0.0135,0.635,-0.00322576,0.00949117,0.733954,rsid,0.9999832220571341,1.0021615637303419e-05,6.689288624395789e-06,0.0,6.703860425055264e-08
rs144671955,172040646,0.0342,0.0228,0.134,0.00125135,0.0146308,0.931841,rsid,0.9999446882749458,4.512852391464967e-05,9.743468467532153e-06,0.0,4.397326721213176e-07
rs73167275,172041213,-0.0166,0.0162,0.306,-0.00450948,0.0109917,0.681615,rsid,0.9999738665978938,1.804312978741004e-05,7.9468819490029e-06,0.0,1.4339036968927465e-07
rs149168084,172041310,-0.051,0.0958,0.594,-0.0245172,0.0716474,0.732206,rsid,0.999892579484723,5.9524689536042455e-05,4.520473863040559e-05,0.0,2.6910871104969026e-06
rs10576703,172042353,-0.0095,0.014,0.497,-0.0131766,0.00866613,0.128391,rsid,0.9999698556126833,1.1676365354178541e-05,1.8254865063079995e-05,0.0,2.1315689945188788e-07
rs111703689,172042362,-0.0734,0.0556,0.187,0.0141049,0.0582404,0.808638,rsid,0.999885321908848,7.477340714337552e-05,3.7128166120912756e-05,0.0,2.7765178876172924e-06
rs74452425,172042531,-0.0432,0.0432,0.317,0.00118993,0.0323648,0.970672,rsid,0.9999340518454838,4.3915713897062283e-05,2.1105515700984932e-05,0.0,9.269249181621383e-07
rs111877730,172043498,-0.0756,0.0763,0.322,0.117095,0.0765944,0.126321,rsid,0.9998104568094331,6.695555032348478e-05,0.00011489342908503454,0.0,7.694211158272594e-06
rs181092268,172043804,-0.067,0.1724,0.698,-0.0221458,0.0255617,0.38629,rsid,0.9998959860869003,7.79364033042406e-05,2.419188514675647e-05,0.0,1.8856246486858278e-06
rs188774478,172043835,0.0412,0.0659,0.532,-0.11212,0.0533769,0.0356829,rsid,0.9997038475182826,4.737282322885387e-05,0.00023752413621988482,0.0,1.1255522268583678e-05
rs192078892,172043983,0.0255,0.0716,0.722,0.0145493,0.0553209,0.792552,rsid,0.9999173474791783,4.5361662453900907e-05,3.567255807312573e-05,0.0,1.6183002947791175e-06
rs73167276,172044512,0.0135,0.0163,0.408,0.00516752,0.0109964,0.638406,rsid,0.9999765522743654,1.5163315910754847e-05,8.1606640945173e-06,0.0,1.2374562926028338e-07
rs34735771,172044600,-0.0335,0.0219,0.126,0.000535754,0.0146168,0.970761,rsid,0.9999444286230397,4.542499882095711e-05,9.705482124035139e-06,0.0,4.4089601523977976e-07
rs78398144,172045018,0.0028,0.0666,0.966,0.0531016,0.057942,0.359426,rsid,0.9999053522916109,4.061010948186257e-05,5.1928574209036854e-05,0.0,2.1090246982206344e-06
rs7625866,172045259,-0.0207,0.0145,0.153,-0.0226182,0.0102887,0.0279248,rsid,0.9998957768611246,2.6406128761113806e-05,7.581482539878588e-05,0.0,2.002184715457355e-06
rs73167277,172045486,0.0038,0.0191,0.842,-0.020825,0.0137932,0.131094,rsid,0.9999584006873523,1.2880507443966985e-05,2.8353581493181502e-05,0.0,3.652237105413701e-07
rs182538612,172045711,-0.0357,0.1242,0.774,-0.00224634,0.0319197,0.943895,rsid,0.9999124140445109,6.535884059187418e-05,2.0863388566458154e-05,0.0,1.3637263307951776e-06
rs6795618,172045772,0.0251,0.0138,0.0689,0.0191316,0.00970047,0.0485825,rsid,0.9999058840372171,4.723820468012984e-05,4.476303372421935e-05,0.0,2.1147243784891306e-06
rs79337583,172045902,0.0607,0.0399,0.128,-0.0362895,0.0549562,0.509039,rsid,0.9998794014041955,7.574882201022135e-05,4.169132419398054e-05,0.0,3.1584496003269857e-06
rs7642511,172046113,0.025,0.0138,0.07,0.0189455,0.00970197,0.0508487,rsid,0.9999082671868476,4.662617223660005e-05,4.3097008046459906e-05,0.0,2.0096328693328855e-06
rs193125329,172046675,0.0513,0.0636,0.42,0.0195984,0.0534916,0.71408,rsid,0.9999110853964613,5.1430508684942415e-05,3.5650412940267896e-05,0.0,1.8336819134465819e-06
rs35409041,172046841,0.0394,0.0458,0.39,0.0167092,0.0376406,0.657105,rsid,0.99993123564231,4.096642899451176e-05,2.6703890433339904e-05,0.0,1.0940382621530264e-06
rs2270568,172046861,0.0096,0.0121,0.428,0.0118335,0.0085527,0.166482,rsid,0.9999740639776451,1.0993115773920635e-05,1.4780419503904048e-05,0.0,1.6248707706199485e-07
rs6799133,172046933,0.0093,0.0121,0.442,0.0119909,0.00855797,0.161172,rsid,0.9999738990564286,1.0783647077749696e-05,1.5153878154433978e-05,0.0,1.6341833924948823e-07
rs115632883,172047320,-0.1146,0.0947,0.226,0.0282616,0.138671,0.838507,rsid,0.9998350635635794,9.010687437134022e-05,6.864330779839989e-05,0.0,6.186254250954603e-06
rs78853193,172047781,-0.0151,0.048,0.753,0.00530787,0.024286,0.826995,rsid,0.9999512403830038,3.187836092431388e-05,1.6359709904537435e-05,0.0,5.215461673452826e-07
rs185660033,172048008,-0.0491,0.0687,0.475,-0.0265009,0.0339112,0.434521,rsid,0.999917569399731,5.142908656195264e-05,2.948500198087876e-05,0.0,1.5165117261258583e-06
rs115713086,172048059,0.0342,0.0846,0.686,0.0262168,0.0583605,0.653272,rsid,0.9999060831559635,5.2267404480585235e-05,3.958047647214719e-05,0.0,2.068963083787262e-06
rs61995683,172048545,0.0109,0.0279,0.696,-0.00696064,0.0204082,0.733051,rsid,0.9999657569337081,1.968753557777069e-05,1.4274491530602738e-05,0.0,2.810391835067193e-07
rs6787360,172048594,-0.025,0.0273,0.36,-0.0205458,0.0241157,0.394232,rsid,0.9999499100132215,2.6870638455202117e-05,2.26117263634305e-05,0.0,6.076219597356326e-07
rs6774744,172048596,0.0149,0.0278,0.592,0.0118171,0.0248023,0.633751,rsid,0.9999604594387538,2.0938893782884003e-05,1.8220142744042343e-05,0.0,3.815247193280189e-07
rs76553606,172048650,0.2001,0.1119,0.0737,-0.008785,0.132312,0.947063,rsid,0.9997557208365379,0.00016699441157715805,6.622315325614095e-05,0.0,1.1061598628852829e-05
rs2172839,172048734,-0.002,0.0149,0.893,-0.00942597,0.00998988,0.345399,rsid,0.9999795709681623,9.974051683342647e-06,1.0351729361310144e-05,0.0,1.0325079297541994e-07
rs11387515,172048790,-0.0293,0.0158,0.0637,-0.0176387,0.00866442,0.0417744,rsid,0.9998945309138271,5.737508571575371e-05,4.548407262485327e-05,0.0,2.6099278322559682e-06
rs115266951,172049102,-0.0002,0.0441,0.996,0.0438238,0.0572194,0.443741,rsid,0.9999244515613168,2.8207200621669552e-05,4.604241237441424e-05,0.0,1.2988256872035332e-06
rs9861295,172049170,0.0059,0.0147,0.688,-0.0100697,0.0105402,0.339392,rsid,0.9999782799783776,1.0564090162341629e-05,1.1039308674866922e-05,0.0,1.1662278522063092e-07
rs12638847,172049187,-0.0179,0.014,0.201,-0.0255061,0.00879936,0.00374792,rsid,0.999585843162457,2.0889674752124223e-05,0.00038521677551832,0.0,8.050387272573559e-06
rs2860824,172049248,-0.003,0.0124,0.809,-0.0254161,0.00854413,0.00293292,rsid,0.9995198446317989,8.478330698228652e-06,0.0004677097347789071,0.0,3.967302723936567e-06
rs13096174,172049569,-0.0117,0.0121,0.334,-0.0243342,0.00853355,0.00435001,rsid,0.9996562266809469,1.2790717693061578e-05,0.00032680114272767553,0.0,4.181458632312135e-06
rs13096805,172049653,0.0108,0.0123,0.38,0.0250104,0.00857361,0.00353265,rsid,0.9995869282970754,1.1981698942342325e-05,0.00039633922430502757,0.0,4.750779677315855e-06
rs13096537,172049716,-0.0095,0.0127,0.454,-0.0246509,0.00856585,0.00400452,rsid,0.9996314355805666,1.1134864143101585e-05,0.000353492018453091,0.0,3.937536837124299e-06
rs1809800,172049785,-0.0156,0.0124,0.208,-0.0302249,0.00855976,0.000413914,rsid,0.9970920191272247,1.802943599337293e-05,0.0028386233969790045,0.0,5.132803980310829e-05
rs191387726,172050687,0.0822,0.0768,0.284,-0.0349999,0.0616053,0.569945,rsid,0.9998815083306984,7.174611507280625e-05,4.36159112077414e-05,0.0,3.129643021141808e-06
rs148713803,172050992,-0.1603,0.1702,0.346,-0.0458089,0.0732069,0.531483,rsid,0.9998528798056674,9.107036330809449e-05,5.1370786456557285e-05,0.0,4.679044567967342e-06
rs6782310,172051204,-0.0125,0.0352,0.723,0.0249636,0.03487,0.474051,rsid,0.9999461694012792,2.425411228783789e-05,2.8876084923794792e-05,0.0,7.004015092074472e-07
rs187704430,172051476,-0.1237,0.1172,0.291,0.0315885,0.0942042,0.737384,rsid,0.9998528076319249,8.700462800711609e-05,5.536961787135197e-05,0.0,4.818122196608941e-06
rs573562311,172052303,-0.0171,0.1498,0.909,0.00982864,0.092139,0.915049,rsid,0.9998728258487147,7.08924464482046e-05,5.255544675857951e-05,0.0,3.7262580786026826e-06
rs139505585,172052790,-0.0037,0.1207,0.976,0.077043,0.121811,0.527074,rsid,0.9998617222091659,6.270642675262551e-05,7.111159346734553e-05,0.0,4.459770614250751e-06
rs73167279,172053167,0.0522,0.0323,0.106,0.0391377,0.0176193,0.0263306,rsid,0.9997839658629386,7.332067898938935e-05,0.00013296245410700607,0.0,9.751003964948257e-06
rs141057313,172053651,0.1141,0.1413,0.419,0.0692657,0.0532996,0.193754,rsid,0.9998418713638811,8.149281103605678e-05,7.086030625971233e-05,0.0,5.775518822894191e-06
rs669552,172053664,-0.0195,0.0191,0.307,-0.0214667,0.0120553,0.0749635,rsid,0.9999393773804228,2.1095658467176015e-05,3.871029249176825e-05,0.0,8.166686181617906e-07
rs180902487,172054020,-0.0386,0.1028,0.707,-0.033626,0.19875,0.86565,rsid,0.9998557035737166,5.9306515105549677e-05,8.023100327680148e-05,0.0,4.758907901172183e-06
rs7648768,172054226,-0.1298,0.0477,0.00651,-0.0840036,0.0333841,0.0118601,rsid,0.9982966967753049,0.0008731197986374339,0.0004428567205551038,0.0,0.0003873267055028
rs141632096,172054472,-0.0095,0.0177,0.591,-0.00052901,0.0114016,0.962993,rsid,0.9999788010372911,1.3508541986084403e-05,7.587916856579859e-06,0.0,1.0250386641966838e-07
rs183097045,172054855,-0.0286,0.1857,0.878,0.113535,0.141415,0.422063,rsid,0.9998341341308631,7.815174311443382e-05,8.135503358065372e-05,0.0,6.3590924418561765e-06
rs56106326,172055101,-0.0204,0.0216,0.345,-0.0245346,0.0125156,0.0499574,rsid,0.9999206520122537,2.2063274033434838e-05,5.604801291528329e-05,0.0,1.236700797699132e-06
rs148140151,172055506,-0.0164,0.0241,0.496,-0.0244915,0.0125141,0.050335,rsid,0.9999233192892838,1.9880496346706018e-05,5.569292644136011e-05,0.0,1.1072879282801348e-06
rs7610481,172055807,-0.0199,0.0217,0.359,-0.0245368,0.0125116,0.0498643,rsid,0.9999210536585346,2.1614905452103872e-05,5.611834746962385e-05,0.0,1.213088543586622e-06
rs73167280,172056208,0.0207,0.0216,0.338,0.0233041,0.0123942,0.0600745,rsid,0.999928925358676,2.2350931376670257e-05,4.7658424066860474e-05,0.0,1.0652858806505236e-06
rs548549672,172056510,-0.1287,0.0805,0.11,0.0713811,0.0648232,0.270825,rsid,0.9997979208965119,0.00012753337098363234,6.611248078233794e-05,0.0,8.433251722209685e-06
rs13063931,172056712,0.0063,0.0121,0.603,0.0228162,0.0085125,0.00735512,rsid,0.9997855930666453,9.198593816383237e-06,0.00020333751917486369,0.0,1.8708203633775785e-06
rs115528001,172056819,0.2212,0.2013,0.272,0.0479203,0.0654145,0.463825,rsid,0.9998454691406606,9.946874241607166e-05,5.007995671143798e-05,0.0,4.9821602118369474e-06
rs1285070,172057292,-0.01,0.0117,0.393,-0.0224706,0.00850643,0.00825125,rsid,0.9998034016737878,1.1179059368331676e-05,0.0001833689711444853,0.0,2.050295699436849e-06
rs516836,172057559,0.0218,0.0343,0.525,-0.0132092,0.0382011,0.729508,rsid,0.9999461795830082,2.7009275631216217e-05,2.610599927927123e-05,0.0,7.051420812030175e-07
rs493190,172057814,0.01,0.0117,0.393,0.0230194,0.00850996,0.00683062,rsid,0.9997691976771722,1.1178676924635085e-05,0.00021719513119494566,0.0,2.428514708067673e-06
rs201256013,172058076,-0.0224,0.0331,0.499,-0.0063167,0.00857715,0.461452,rsid,0.9999655100135605,2.680839567885452e-05,7.481029445852996e-06,0.0,2.005613148266176e-07
rs74546523,172058592,-0.0063,0.0397,0.874,0.00701838,0.0235594,0.765778,rsid,0.9999574867634557,2.5890047628584525e-05,1.620365761274436e-05,0.0,4.195313029847493e-07
rs112342266,172059031,0.261,0.1873,0.163,0.0289215,0.0681772,0.671412,rsid,0.999836275920826,0.00011405986772775471,4.4578734293993366e-05,0.0,5.085477152107496e-06
rs570549,172059121,0.0026,0.0127,0.838,-0.0121281,0.00917656,0.186288,rsid,0.9999766820279641,8.61451890341063e-06,1.4577868877245698e-05,0.0,1.255842553846298e-07
rs114610854,172059185,-0.0696,0.0702,0.321,-0.0581631,0.0776817,0.454017,rsid,0.9998755653136272,6.34350344327292e-05,5.7360531797472954e-05,0.0,3.6391201424259513e-06
rs13081977,172059628,0.0273,0.0204,0.181,0.0246781,0.0120939,0.0412962,rsid,0.999901883078482,3.2462441675148503e-05,6.358999091039744e-05,0.0,2.064488932350551e-06
rs620798,172059858,-0.0081,0.014,0.563,-0.000841641,0.0110649,0.939368,rsid,0.999981569542836,1.0971095601644142e-05,7.3784108198098684e-06,0.0,8.095074245153076e-08
rs75981884,172060187,0.0024,0.0229,0.917,-0.0395801,0.0139098,0.00443445,rsid,0.9994661237906386,1.516643505420562e-05,0.000510956250102414,0.0,7.753524204830371e-06
rs606797,172060700,-0.0087,0.0117,0.457,-0.0232103,0.00850369,0.00634425,rsid,0.9997555002184174,1.0234224534670254e-05,0.00023189174447063989,0.0,2.3738125773055775e-06
rs192139131,172061116,-0.0055,0.1749,0.975,0.0201616,0.0764884,0.792096,rsid,0.9998738373414188,7.592119727303324e-05,4.669581202310438e-05,0.0,3.5456492849707743e-06
rs593739,172061303,-0.0067,0.014,0.632,-0.000492358,0.011061,0.964495,rsid,0.9999821504547669,1.0411011540621949e-05,7.361887627377201e-06,0.0,7.664606514679274e-08
rs76890000,172061389,-0.0442,0.0889,0.619,-0.132487,0.186482,0.477423,rsid,0.9998532892151432,5.586582929736048e-05,8.603768372848408e-05,0.0,4.807271830939119e-06
rs1285072,172061428,0.0075,0.014,0.592,0.000609067,0.0110461,0.956028,rsid,0.9999818508421359,1.0714447623030648e-05,7.355894464553239e-06,0.0,7.881577640096483e-08
rs77938563,172061529,-0.1704,0.187,0.362,-0.0289121,0.0681666,0.671464,rsid,0.999859566077265,9.176980765558845e-05,4.457307778400505e-05,0.0,4.091037295271156e-06
rs142800031,172061540,-0.2558,0.2183,0.241,-0.0289121,0.0681666,0.671464,rsid,0.9998481350476577,0.00010271348495866283,4.45725681962698e-05,0.0,4.578899187303392e-06
rs77061385,172061854,0.1094,0.0761,0.151,-0.0519496,0.159858,0.7452,rsid,0.9998146626354588,0.00010290232633129379,7.474244138956861e-05,0.0,7.69259682028814e-06
rs140085767,172062253,0.0362,0.064,0.572,-0.0476913,0.0700774,0.496156,rsid,0.999901580533555,4.4930937160312866e-05,5.118836183447871e-05,0.0,2.300167450177501e-06
rs143333218,172062318,-0.1314,0.144,0.362,0.00683742,0.0638945,0.91478,rsid,0.9998712301783026,8.600430471037782e-05,3.937837137417471e-05,0.0,3.3871456127995644e-06
rs6776935,172062333,0.0093,0.014,0.507,0.000861064,0.011063,0.937961,rsid,0.999980970528288,1.1565989547112601e-05,7.378144993093757e-06,0.0,8.533717178850009e-08
rs189301947,172062412,0.0712,0.0758,0.348,0.0876486,0.0508596,0.0848262,rsid,0.9998064917258953,6.408720225632624e-05,0.00012162495983589563,0.0,7.796112012600887e-06
rs601277,172062430,0.0078,0.0117,0.505,0.022832,0.00850884,0.00728937,rsid,0.9997834214139749,9.69735095804714e-06,0.0002048938768151001,0.0,1.987358251871019e-06
rs77623733,172062612,-0.0752,0.0344,0.0288,-0.0443018,0.0360906,0.219628,rsid,0.9997256788220481,0.00021632883223176788,4.767585389021185e-05,0.0,1.0316491829913031e-05
rs183983712,172062653,0.1865,0.1037,0.0721,0.0457643,0.0366003,0.21116,rsid,0.9997721771213228,0.0001698345253845173,4.95680659959727e-05,0.0,8.42028729674569e-06
rs12185914,172063333,0.0143,0.0233,0.539,0.0238073,0.0126688,0.0602143,rsid,0.9999320676660958,1.844875409387037e-05,4.8587146594044305e-05,0.0,8.964332164369366e-07
rs9832569,172063373,-0.0125,0.0148,0.398,-0.00140183,0.0116525,0.904244,rsid,0.9999781094175024,1.3979995860216186e-05,7.801519045750745e-06,0.0,1.0906759151610306e-07
rs73167281,172063680,-0.0204,0.0229,0.373,-0.024674,0.0126269,0.0506921,rsid,0.9999206687903746,2.2240702496854423e-05,5.5848303089075774e-05,0.0,1.242204039507346e-06
rs555062,172063692,-0.0017,0.0125,0.892,0.0081617,0.00899859,0.364408,rsid,0.9999825198747637,8.381861787717088e-06,9.022635641538775e-06,0.0,7.562780689184395e-08
rs532176,172063891,-0.0013,0.0122,0.915,-0.00816172,0.00899859,0.364407,rsid,0.9999827506914479,8.1530889203764e-06,9.022655847397355e-06,0.0,7.35637843461992e-08
rs584091,172063933,0.0004,0.0122,0.974,0.00784948,0.00899931,0.383082,rsid,0.9999830679385321,8.111568158390023e-06,8.749519781811448e-06,0.0,7.097352779148052e-08
rs583550,172064091,-0.0048,0.0117,0.682,-0.0183493,0.00849816,0.0308347,rsid,0.9999332876575197,8.45510581860415e-06,5.776876306967629e-05,0.0,4.884735919815455e-07
rs115904793,172064343,0.0756,0.0539,0.161,-0.00600253,0.0293245,0.837812,rsid,0.9998980303601346,8.08099128511578e-05,1.9577508889016842e-05,0.0,1.5822181253766517e-06
rs12490258,172064494,0.0007,0.0122,0.954,0.00813401,0.00899857,0.366036,rsid,0.9999828088090011,8.120504146131814e-06,8.997620383153163e-06,0.0,7.306646972635206e-08
rs502170,172064828,-0.0016,0.0122,0.896,0.0078911,0.00899924,0.380562,rsid,0.9999829665344576,8.17679672164221e-06,8.784835780645864e-06,0.0,7.183303997696156e-08
rs113522210,172065148,-0.3661,0.2017,0.0695,-0.467785,0.415724,0.260492,rsid,0.9997399976935364,0.00014424241950217051,0.00010116395792813118,0.0,1.4595929033183035e-05
rs10513701,172065559,-0.0122,0.0227,0.591,-0.0246227,0.0126245,0.0511293,rsid,0.9999263719521495,1.723245427388946e-05,5.5440153322182036e-05,0.0,9.55440254262682e-07
rs56052505,172065777,-0.0168,0.023,0.465,-0.0244844,0.0126254,0.0524662,rsid,0.9999249941044851,1.9669597572584156e-05,5.426877294704789e-05,0.0,1.0675249952946305e-06
rs187950381,172066396,-0.3878,0.2767,0.161,-0.0109635,0.267666,0.967328,rsid,0.999793297047512,0.00010987145129500067,8.724390495464074e-05,0.0,9.587596238459233e-06
rs576481,172066499,0.0079,0.012,0.51,0.0172381,0.00847543,0.0419624,rsid,0.9999453284707349,9.890951900775546e-06,4.43419691013904e-05,0.0,4.386082629520118e-07
rs183753090,172066775,-0.012,0.145,0.934,-0.0518,0.0530655,0.328989,rsid,0.9998758962728909,6.962367813682777e-05,5.093343569137482e-05,0.0,3.5466132809058725e-06
rs12696329,172066862,0.0281,0.0159,0.0772,0.02136,0.0112604,0.0578402,rsid,0.9999036115773181,4.938199491179369e-05,4.479418816367127e-05,0.0,2.2122396062625858e-06
rs12485509,172067845,0.0107,0.0119,0.369,0.0169779,0.008475,0.0451461,rsid,0.9999459962156376,1.1818877075471628e-05,4.169212655603333e-05,0.0,4.927807308050886e-07
rs116760755,172067870,-0.1633,0.1673,0.329,0.0823854,0.122341,0.500687,rsid,0.9998288554434528,9.205824187824526e-05,7.241845761408276e-05,0.0,6.667857054925469e-06
rs180803976,172068041,-0.0599,0.1784,0.737,0.0127674,0.137047,0.925776,rsid,0.9998487511631081,7.834392652725821e-05,6.760747414624296e-05,0.0,5.29743621827329e-06
rs181124723,172068242,0.1885,0.1386,0.174,0.0608432,0.0228808,0.00783394,rsid,0.9993577715238501,0.00011170562380481876,0.00047718441422085344,0.0,5.333843812431427e-05
rs12485666,172068276,-0.0067,0.0119,0.573,-0.016469,0.00847452,0.0519733,rsid,0.9999533452793963,9.25808284485464e-06,3.705357667096134e-05,0.0,3.430610879371411e-07
rs33999501,172068491,0.1512,0.0862,0.0794,-0.0199722,0.0282454,0.479506,rsid,0.9998143491025858,0.00015836355017363266,2.3556209574614156e-05,0.0,3.73113766592607e-06
rs9811624,172068509,0.028,0.0159,0.0782,0.0199744,0.0112103,0.0747825,rsid,0.9999132598698831,4.88436081757812e-05,3.613157248007395e-05,0.0,1.764949460937462e-06
rs1285078,172068795,0.0097,0.012,0.419,0.0174263,0.00847544,0.0397741,rsid,0.9999420598715301,1.1033295867141597e-05,4.639491412779819e-05,0.0,5.119184749248283e-07
rs565933,172069075,0.0108,0.012,0.368,0.0179789,0.00847577,0.0339039,rsid,0.9999343075707061,1.1925876461793035e-05,5.313285533407696e-05,0.0,6.336974979045978e-07
rs77786315,172069572,-0.0205,0.0228,0.369,-0.0247231,0.0126397,0.0504661,rsid,0.9999203292412112,2.2308730464546347e-05,5.611018166950796e-05,0.0,1.251846654754654e-06
rs559529,172069766,0.0045,0.0124,0.717,0.00616633,0.00882269,0.484603,rsid,0.999983647602506,8.796132887268538e-06,7.490377176302369e-06,0.0,6.588743043597127e-08
rs9821137,172069865,-0.0176,0.0148,0.234,-0.00890865,0.0111178,0.422961,rsid,0.9999698464949907,1.9779700469320475e-05,1.0172587734252366e-05,0.0,2.0121680577335612e-07
rs150461900,172069925,0.0412,0.0526,0.433,-0.0341078,0.0287429,0.235367,rsid,0.9999177834917151,4.3486352003925164e-05,3.711598478997312e-05,0.0,1.6141714910928744e-06
rs116145037,172070276,0.0328,0.0458,0.474,-0.0106848,0.0292707,0.715087,rsid,0.999941898790655,3.6924123642689085e-05,2.0422942626980874e-05,0.0,7.541430753308833e-07
rs115273322,172070294,0.032,0.0469,0.495,-0.0106871,0.0292707,0.715028,rsid,0.9999419308652902,3.689211686436202e-05,2.042350765835445e-05,0.0,7.535101869967589e-07
rs73167284,172070303,0.0177,0.0228,0.438,0.0247521,0.01264,0.0502019,rsid,0.9999223310722264,2.0174622633085e-05,5.635723095798284e-05,0.0,1.1370741825554775e-06
rs569172862,172071209,-0.0739,0.08,0.356,0.06068,0.158671,0.702145,rsid,0.9998542521632947,6.559667832162615e-05,7.521648743536897e-05,0.0,4.934670948396115e-06
rs839724,172071261,0.0069,0.0119,0.562,0.0167884,0.00847704,0.047653,rsid,0.9999504271195813,9.34683560329162e-06,3.985352202975172e-05,0.0,3.725227856517567e-07
rs141715930,172071287,0.1229,0.0847,0.147,-0.019182,0.066581,0.77327,rsid,0.9998441871167228,0.00010922563688824491,4.199914783308804e-05,0.0,4.588098555697316e-06
rs73167285,172071557,0.0141,0.0316,0.655,0.0468212,0.0237903,0.0490591,rsid,0.9998713782922717,2.2675148865898594e-05,0.00010359717530855851,0.0,2.349383553932974e-06
rs9832034,172072164,0.0071,0.012,0.554,0.017214,0.00848856,0.0425696,rsid,0.9999462190503868,9.48981942609445e-06,4.387474439192717e-05,0.0,4.1638579526891393e-07
rs114380158,172072289,-0.0195,0.0232,0.401,-0.0248255,0.0126417,0.0495564,rsid,0.9999202119581092,2.1582209691508353e-05,5.697606470282855e-05,0.0,1.229767496553924e-06
rs473140,172072292,0.0103,0.0339,0.761,-0.0107505,0.03811,0.777874,rsid,0.9999508128724306,2.3034850889268807e-05,2.5563398639078974e-05,0.0,5.888780410934514e-07
rs184683965,172073055,-0.0342,0.1433,0.811,0.0374674,0.312128,0.904453,rsid,0.9998333147169741,7.010895218917461e-05,9.024807783585203e-05,0.0,6.3282530008011574e-06
rs55637490,172073690,-0.0124,0.0239,0.604,-0.0239046,0.0128046,0.0619199,rsid,0.9999332183290576,1.7942472294705967e-05,4.7978291980382255e-05,0.0,8.609066673910962e-07
rs525983,172073961,-0.0126,0.0116,0.277,-0.0152457,0.00847899,0.0721689,rsid,0.9999574737453987,1.3860344320433217e-05,2.8274006153989855e-05,0.0,3.9190412682702385e-07
rs115654573,172074300,0.0671,0.0616,0.276,0.048179,0.287162,0.866759,rsid,0.9998423803148471,6.310957993789725e-05,8.88988515900821e-05,0.0,5.61125362484121e-06
rs73167287,172074477,0.0158,0.0228,0.488,0.0249383,0.0126252,0.0482381,rsid,0.9999216924520367,1.9002805259225337e-05,5.819871720464032e-05,0.0,1.1060254995213597e-06
rs7639086,172074825,-0.0095,0.0117,0.417,-0.0159391,0.00848834,0.0604129,rsid,0.9999560995212907,1.0791921727067905e-05,3.275505151124425e-05,0.0,3.5350547113483455e-07
rs115101606,172074839,0.0717,0.0273,0.00863,-0.0218142,0.01805,0.226839,rsid,0.9994588668340906,0.0005042270919642854,2.4530456395208197e-05,0.0,1.2375617549817352e-05
rs13319523,172074902,-0.0344,0.0157,0.0284,-0.017227,0.0110654,0.11951,rsid,0.9998608527822013,0.00011184552537143127,2.455494904880613e-05,0.0,2.7467433785315783e-06
rs11715666,172074967,0.0125,0.0116,0.281,0.0152441,0.00847949,0.0722154,rsid,0.9999576187330661,1.3732437472362069e-05,2.826072438259177e-05,0.0,3.881050788925466e-07
rs188105622,172075821,-0.0393,0.1031,0.703,-0.0322997,0.195344,0.868671,rsid,0.9998560360350199,5.950585993687811e-05,7.971397351605545e-05,0.0,4.744131527043426e-06
rs146606186,172075962,0.0262,0.0663,0.693,0.00196975,0.0621327,0.97471,rsid,0.9999169051834625,4.315663630988746e-05,3.8285758369972096e-05,0.0,1.6524218575122083e-06
rs7642490,172076144,0.0107,0.0117,0.36,0.0159737,0.00848884,0.0598729,rsid,0.9999548252026929,1.1784668709415496e-05,3.300120278623747e-05,0.0,3.8892581149274996e-07
rs1523325,172076337,-0.012,0.0117,0.305,-0.0159827,0.00848874,0.0597255,rsid,0.9999533810388397,1.311731932444004e-05,3.306785993530206e-05,0.0,4.337819006087908e-07
rs114221714,172078051,-0.0166,0.0492,0.736,0.0326459,0.0279029,0.242008,rsid,0.9999305868587763,3.281083028408866e-05,3.543943299900038e-05,0.0,1.1628779405052428e-06
rs62283223,172078936,-0.0764,0.0421,0.0696,-0.0145022,0.0225778,0.520666,rsid,0.9998551874385312,0.00012433797839424046,1.821005385900693e-05,0.0,2.2645292155553837e-06
rs192759658,172079377,-0.1281,0.0847,0.13,-0.0495383,0.0307632,0.10733,rsid,0.9998051077422542,0.00011702068461781762,6.97122121408013e-05,0.0,8.159360987223672e-06
rs79674845,172079461,-0.0286,0.0205,0.163,-0.0190838,0.0123622,0.122656,rsid,0.9999370294545057,3.520130250656212e-05,2.6824911691700364e-05,0.0,9.443312962282105e-07
rs530480403,172079677,-0.0747,0.2053,0.716,-0.00811298,0.0726792,0.911119,rsid,0.9998699319321186,8.262351564139361e-05,4.3823250224125996e-05,0.0,3.621302016106231e-06
rs537763545,172080165,0.0119,0.0138,0.389,0.00730972,0.00851598,0.390698,rsid,0.9999784611977345,1.324664315659398e-05,8.183749563759463e-06,0.0,1.0840954516581029e-07
rs201616250,172080173,0.0953,0.0553,0.0848,0.0524148,0.0206448,0.0111206,rsid,0.9995087663700504,0.00012779791306107545,0.0003222345717187339,0.0,4.120114516988352e-05
rs681632,172080860,0.0085,0.0116,0.464,0.014986,0.00848716,0.0774426,rsid,0.9999629399611509,1.006932028445154e-05,2.6721639842418906e-05,0.0,2.690787221669741e-07
rs184473079,172080872,-0.1559,0.1586,0.326,-0.0699758,0.184421,0.704365,rsid,0.9998216241565633,9.126104363808061e-05,7.982828725402365e-05,0.0,7.286512544463519e-06
rs151136981,172080894,0.0168,0.0261,0.52,0.0239162,0.0128037,0.0617746,rsid,0.9999299642620083,2.0960923268928394e-05,4.806721103229113e-05,0.0,1.0076036904673078e-06
rs7639108,172081022,-0.0312,0.0157,0.0469,-0.0186365,0.0110976,0.0930872,rsid,0.999894404798281,7.340177253567307e-05,2.9991749147725846e-05,0.0,2.2016800357358333e-06
rs6795001,172081286,-0.016,0.0227,0.481,-0.0249417,0.0126241,0.048187,rsid,0.9999215683980317,1.9076208755409828e-05,5.8244227028867595e-05,0.0,1.1111661841440369e-06
rs12152414,172081359,-0.1169,0.0334,0.000465,-0.0438246,0.0360453,0.224054,rsid,0.9922240092644958,0.00738240164597808,4.6632358327304884e-05,0.0,0.0003469567311987576
rs146705720,172081486,0.0308,0.0993,0.756,0.00651779,0.035253,0.853318,rsid,0.9999183411890226,5.707881599058608e-05,2.3252652712188914e-05,0.0,1.3273422746439407e-06
rs141339440,172081948,-0.1016,0.114,0.373,-0.0159277,0.223087,0.943082,rsid,0.9998326660102715,7.782423050467473e-05,8.304570915675463e-05,0.0,6.464050067126987e-06
rs6786014,172082479,0.0191,0.039,0.624,-0.0249729,0.0479046,0.602155,rsid,0.9999364588657048,2.8155909414728216e-05,3.441614543089333e-05,0.0,9.690794495637926e-07
rs6804183,172083214,0.015,0.0148,0.311,0.0109574,0.0112418,0.329708,rsid,0.9999714867240045,1.633063147995915e-05,1.1986885523732925e-05,0.0,1.9575899181070169e-07
rs142790350,172083533,0.0574,0.1134,0.613,0.015401,0.223039,0.944949,rsid,0.9998461053481914,6.542416791988395e-05,8.303701978187191e-05,0.0,5.433464106842751e-06
rs73167289,172083570,-0.0077,0.0233,0.741,-0.0239563,0.0128003,0.0612703,rsid,0.9999346463360781,1.6190446025145223e-05,4.837987494838145e-05,0.0,7.8334294838683e-07
rs146987748,172083657,0.0355,0.0443,0.423,-0.0420083,0.0682377,0.538147,rsid,0.9999116524297383,3.80554394234039e-05,4.8448248548009466e-05,0.0,1.8438822903089876e-06
rs600927,172083887,0.0116,0.0116,0.317,0.0147551,0.00848716,0.0821202,rsid,0.9999615202009098,1.2675205375050067e-05,2.548159681332579e-05,0.0,3.2299690174901176e-07
rs149535918,172083914,-0.0682,0.098,0.486,0.236747,0.0752895,0.00166376,rsid,0.9974630329854546,6.465338842996676e-05,0.002321818397939712,0.0,0.00015049522817556723
rs515062,172084605,-0.0088,0.0116,0.448,-0.0142937,0.00848602,0.0921086,rsid,0.9999662667227035,1.0264249772928118e-05,2.3230575055127133e-05,0.0,2.3845246851782086e-07
rs627233,172085144,0.0128,0.0381,0.737,-0.034128,0.0473976,0.471503,rsid,0.9999349108874879,2.5959499998294182e-05,3.81394665834753e-05,0.0,9.901459304285373e-07
rs73167290,172085262,-0.0153,0.0227,0.5,-0.0250386,0.0126195,0.0472433,rsid,0.9999210170759427,1.8683812498823403e-05,5.9193071942823336e-05,0.0,1.106039615652043e-06
rs143760470,172085710,0.0119,0.0355,0.737,0.0552784,0.0357074,0.1216,rsid,0.9999019839351752,2.4288999171475326e-05,7.197860597523152e-05,0.0,1.7484596780334929e-06
rs1285084,172086177,0.0037,0.0375,0.921,-0.00965106,0.0460796,0.834102,rsid,0.9999449427217337,2.436602365920979e-05,2.9961179600212818e-05,0.0,7.300750069394318e-07
rs9917745,172086265,0.0156,0.0227,0.492,0.0250503,0.0126183,0.0471183,rsid,0.9999207150833721,1.884882828880198e-05,5.931792627870919e-05,0.0,1.1181620602609287e-06
rs566875,172086343,-0.0143,0.0141,0.31,-0.0128804,0.0110572,0.244064,rsid,0.9999697553571405,1.5582701616184636e-05,1.443696748251972e-05,0.0,2.2497376077371242e-07
rs398052447,172087259,-0.0092,0.0168,0.584,-0.0116784,0.0112648,0.299869,rsid,0.9999741474436994,1.2907914699608684e-05,1.2779678338535219e-05,0.0,1.6496326260428343e-07
rs660239,172087898,0.0101,0.0116,0.384,0.0149268,0.00848438,0.0785218,rsid,0.9999620494563903,1.1239311102665846e-05,2.6414342229881422e-05,0.0,2.9689027704132775e-07
rs182760492,172087933,0.1238,0.1679,0.461,0.0129725,0.136979,0.92455,rsid,0.9998425852572004,8.413277732969824e-05,6.759418372132051e-05,0.0,5.687781748509615e-06
rs553878015,172088178,-0.1946,0.2053,0.343,0.101134,0.0666531,0.129184,rsid,0.9997893949302712,9.439870775264174e-05,0.00010618090988405237,0.0,1.0025452092091168e-05
rs73167291,172088814,0.1178,0.0752,0.117,0.0607227,0.0340843,0.0748238,rsid,0.9997683778646876,0.00011945709173279957,0.00010019345227447629,0.0,1.1971591304919123e-05
rs73167292,172088945,0.0043,0.0221,0.846,0.0266525,0.0144919,0.0658961,rsid,0.9999330171065097,1.4849032277573888e-05,5.137100047005713e-05,0.0,7.628607427310201e-07
rs556368,172088959,0.0044,0.0131,0.737,-0.00444615,0.00916427,0.627563,rsid,0.9999838776288116,9.201917831759155e-06,6.857351553854992e-06,0.0,6.310180289274851e-08
rs146186434,172089087,-0.0941,0.0635,0.138,0.0482617,0.0399925,0.227522,rsid,0.9998452203847471,9.891164769080241e-05,5.083865408503129e-05,0.0,5.029313477138166e-06
rs9828216,172089110,0.0208,0.0151,0.168,0.00820622,0.011448,0.473481,rsid,0.9999643007799651,2.562235213479055e-05,9.825116322588468e-06,0.0,2.517515775176001e-07
rs35197233,172089174,-0.0025,0.0219,0.909,-0.0252113,0.0143168,0.0782474,rsid,0.9999406514059394,1.4539890018674524e-05,4.416649002005203e-05,0.0,6.422140219017284e-07
rs595370,172089235,-0.0007,0.0119,0.953,-0.0162267,0.00848717,0.0558869,rsid,0.9999568682675646,7.922544425145892e-06,3.493242240447366e-05,0.0,2.767656057574591e-07
rs553685,172089253,-0.0332,0.025,0.184,0.0035541,0.0220402,0.871892,rsid,0.9999459320990758,3.877272164890206e-05,1.4724249190873289e-05,0.0,5.709300843580372e-07
rs9828546,172089284,-0.0012,0.0218,0.956,-0.0252085,0.0143165,0.0782726,rsid,0.9999408064108859,1.4404180179415057e-05,4.4153378072388625e-05,0.0,6.360308622340427e-07
rs12637807,172089891,0.0265,0.0298,0.374,0.0158629,0.0160707,0.323609,rsid,0.9999537574728595,2.8506226053912684e-05,1.724469711915791e-05,0.0,4.916039673197735e-07
rs6801840,172090415,-0.0203,0.0131,0.121,0.00403957,0.00962798,0.674803,rsid,0.9999641618379466,2.8645100996510676e-05,6.9927459635223635e-06,0.0,2.0031509329281563e-07
rs611095,172090428,-0.0019,0.012,0.874,0.0175368,0.00848387,0.0387267,rsid,0.9999440412573548,8.074821737769051e-06,4.750034264344615e-05,0.0,3.8357826388613034e-07
rs35039582,172090558,-0.0241,0.0148,0.103,-0.00945066,0.0113913,0.406744,rsid,0.9999524451447381,3.650306128276346e-05,1.0662559409532559e-05,0.0,3.892345695508911e-07
rs6804518,172090836,0.0234,0.0251,0.351,0.0229561,0.0148082,0.121087,rsid,0.9999417034846093,2.518792228170096e-05,3.2295099235613496e-05,0.0,8.134938734845687e-07
rs576825786,172090987,-0.0094,0.1753,0.957,-0.113335,0.125732,0.367374,rsid,0.9998362324896611,7.602204322525054e-05,8.154521765300581e-05,0.0,6.200249460646922e-06
rs111531814,172091011,0.0459,0.029,0.113,0.0155441,0.0164928,0.345947,rsid,0.9999184800188857,6.349317683201329e-05,1.695047691203699e-05,0.0,1.0763273701498106e-06
rs7638580,172091184,-0.0379,0.0232,0.102,-0.0148348,0.0128773,0.249316,rsid,0.9999262765400976,5.626525404925728e-05,1.6528175305459817e-05,0.0,9.300305476021415e-07
rs145271499,172091227,0.1896,0.1509,0.209,-0.0332335,0.0770894,0.666394,rsid,0.9998406544943133,0.00010498653471433962,4.9193493467228615e-05,0.0,5.1654775052420235e-06
rs143141239,172091343,-0.0741,0.2117,0.726,0.0665603,0.224648,0.767012,rsid,0.9998254116431038,8.327575963544762e-05,8.429189956156575e-05,0.0,7.020697699179808e-06
rs4894544,172091717,-0.0114,0.0206,0.58,-0.0204774,0.0139341,0.141673,rsid,0.9999567763734118,1.581297046111223e-05,2.698394141435691e-05,0.0,4.267147126670088e-07
rs181126430,172092166,-0.1987,0.1396,0.155,0.0709103,0.22478,0.752407,rsid,0.9997884186772913,0.00011722342413094891,8.445562579846278e-05,0.0,9.902272779190357e-06
rs11410934,172092797,0.0192,0.0443,0.665,-0.0108351,0.0557272,0.845838,rsid,0.9999326157455322,3.0880535814304874e-05,3.541016024320819e-05,0.0,1.0935584101988536e-06
rs1829867,172093296,-0.0199,0.0152,0.19,-0.0191598,0.0101829,0.0598949,rsid,0.999936073500734,2.3548536641100493e-05,3.9448938462842484e-05,0.0,9.290241621071821e-07
rs115470426,172093352,-0.0651,0.0524,0.214,-0.00786081,0.0401092,0.844622,rsid,0.9999063684267839,6.560674186531524e-05,2.6299260958070823e-05,0.0,1.7255703927952883e-06
rs6788595,172093434,-0.007,0.0229,0.76,0.0209184,0.0183873,0.255266,rsid,0.9999608189301474,1.5797755666498713e-05,2.301964126876614e-05,0.0,3.6367291738839777e-07
rs6788698,172093535,0.0211,0.0157,0.179,0.0199095,0.0102836,0.0528616,rsid,0.999929268353491,2.543408689233118e-05,4.4173955909191855e-05,0.0,1.123603707312634e-06
rs76507592,172095536,-0.0329,0.0321,0.305,-0.0128389,0.0199414,0.519685,rsid,0.9999487051963031,3.4580256907542445e-05,1.6155844864944688e-05,0.0,5.587019244937297e-07
rs76005025,172095552,-0.001,0.0487,0.984,-0.0335745,0.0271494,0.216214,rsid,0.9999306143276331,3.088676595846388e-05,3.7345349304519516e-05,0.0,1.1535571039410468e-06
rs6798409,172095880,-0.0241,0.0153,0.115,-0.00989577,0.0113923,0.385047,rsid,0.999953955923616,3.464184805861783e-05,1.1020442260016123e-05,0.0,3.817860652970023e-07
rs1285073,172096470,-0.0035,0.0119,0.769,0.0156053,0.00848246,0.0658112,rsid,0.9999609871561489,8.256323004603567e-06,3.0504654737703725e-05,0.0,2.5186610867156145e-07
rs56063509,172096633,-0.0243,0.0153,0.112,-0.00989747,0.0113923,0.384965,rsid,0.9999532304182538,3.5357998033400404e-05,1.1021854766052978e-05,0.0,3.8972894660235316e-07
rs55915308,172096680,-0.0244,0.0153,0.111,-0.00989967,0.0113923,0.384859,rsid,0.9999528586119314,3.572387103982421e-05,1.1023689597719156e-05,0.0,3.938274311437344e-07
rs1285074,172096820,0.0214,0.0412,0.603,-0.014477,0.0549384,0.792155,rsid,0.9999334470314934,3.0026343228861267e-05,3.546176721447798e-05,0.0,1.0648580633490498e-06
rs73167297,172097370,-0.0334,0.0278,0.23,-0.0379489,0.0175097,0.030212,rsid,0.9998414553015825,3.6612406844213613e-05,0.00011762507170610927,0.0,4.307219867258745e-06
rs34702956,172097423,-0.0079,0.0237,0.739,0.0238796,0.014344,0.0959555,rsid,0.9999453214368564,1.6476398544287507e-05,3.7582899901660975e-05,0.0,6.192646977337076e-07
rs6810022,172097558,0.0181,0.025,0.469,0.0202527,0.0145277,0.163294,rsid,0.9999530020406169,2.1216279249791068e-05,2.5246028175063965e-05,0.0,5.356519582592283e-07
rs953883,172097617,-0.0058,0.0219,0.791,0.0236711,0.0143438,0.0988895,rsid,0.9999478017982746,1.4952246351722303e-05,3.669722084427244e-05,0.0,5.48734529442782e-07
rs953882,172097742,-0.0203,0.0135,0.133,0.00359432,0.00963043,0.70898,rsid,0.9999654281990582,2.751509500391007e-05,6.8677330767887e-06,0.0,1.8897286120147754e-07
rs3057951,172097865,-0.0208,0.0151,0.168,-0.0198615,0.0089653,0.0267344,rsid,0.9999038077510772,2.5620802105767858e-05,6.880835204986652e-05,0.0,1.763094767144352e-06
rs67065953,172097920,0.0243,0.0153,0.112,0.00991939,0.0113924,0.383915,rsid,0.999953211392021,3.535799736063944e-05,1.1040231864078172e-05,0.0,3.90378754389426e-07
rs590374,172098027,-0.0314,0.0174,0.0711,-0.0177832,0.0100579,0.0770478,rsid,0.999909010169726,5.745477357904326e-05,3.171283702089444e-05,0.0,1.8222196740434544e-06
rs74598036,172098902,-0.0907,0.034,0.00764,-0.0493106,0.035886,0.169414,rsid,0.9992545359720342,0.000651639768036837,5.6790018047030325e-05,0.0,3.703424188210072e-05
rs9853174,172099011,-0.0483,0.0226,0.0326,-0.0130849,0.0125635,0.297643,rsid,0.9998447406198765,0.00013897009518874418,1.4301496045077854e-05,0.0,1.987788889596733e-06
rs73037039,172099067,-0.0099,0.0246,0.687,-0.0197973,0.0144723,0.17133,rsid,0.9999577931911454,1.751270174246858e-05,2.4269072150576547e-05,0.0,4.250349615088745e-07
rs1285075,172099611,-0.0146,0.0212,0.491,-0.0184586,0.0140915,0.190226,rsid,0.9999600614064201,1.765823868555252e-05,2.1893734660866967e-05,0.0,3.866202334281158e-07
rs62283224,172099688,0.0834,0.0448,0.0627,0.0204743,0.0227943,0.369069,rsid,0.9998341382111172,0.00014044778098366452,2.2283781105865467e-05,0.0,3.130226793260054e-06
rs113926798,172099879,-0.0185,0.0165,0.262,-0.00994036,0.0113929,0.382932,rsid,0.9999683686174362,2.034822404645592e-05,1.1058137931418267e-05,0.0,2.250205858773482e-07
rs1285076,172100040,-0.0182,0.0131,0.165,-0.0236936,0.00901705,0.00859785,rsid,0.99978600367278,2.2669584238479633e-05,0.00018708470277118777,0.0,4.2420402102272735e-06
rs192156216,172100731,0.0615,0.0497,0.216,-0.01227,0.0312296,0.694397,rsid,0.9999139767177518,6.269904701111023e-05,2.194799827322693e-05,0.0,1.3762369639536121e-06
rs142338611,172101021,0.1063,0.1241,0.392,-0.343924,0.188036,0.0673954,rsid,0.9997590859784874,7.924446543856787e-05,0.0001497961775925171,0.0,1.1873378481418696e-05
rs146827832,172101065,-0.004,0.0227,0.86,0.0429906,0.0143243,0.00268887,rsid,0.9991482680098552,1.5180377432120433e-05,0.000824031834946798,0.0,1.2519777765807804e-05
rs189625408,172101195,-0.1087,0.2433,0.655,-0.085599,0.166305,0.606756,rsid,0.9998268189862544,8.748839926332154e-05,7.879754896310357e-05,0.0,6.895065519091575e-06
rs609424,172101711,-0.0334,0.0173,0.0535,-0.0175864,0.0100582,0.0803841,rsid,0.9998950634361796,7.208471223364341e-05,3.064274622710027e-05,0.0,2.2091053597546553e-06
rs146507670,172101731,0.0769,0.0518,0.138,-0.0643377,0.0401469,0.109032,rsid,0.9998194677690567,8.736147719511808e-05,8.568392764383885e-05,0.0,7.486826104264662e-06
rs534756,172101787,-0.0225,0.0409,0.582,0.00530355,0.0556007,0.924008,rsid,0.9999337602514953,3.0286071408531992e-05,3.489672245556208e-05,0.0,1.056954640622451e-06
rs9831403,172101872,-0.0007,0.0234,0.976,0.0452677,0.0227874,0.0469753,rsid,0.9998796549961381,1.5419995517933672e-05,0.00010333144613048694,0.0,1.5935622134444447e-06
rs596953,172102173,-0.0154,0.0132,0.243,-0.0208017,0.00937513,0.026499,rsid,0.9999090974346266,1.7222722155188105e-05,7.243224930383901e-05,0.0,1.2475939143226925e-06
rs116570390,172102369,-0.0989,0.0647,0.126,0.0604232,0.0405319,0.136026,rsid,0.9998126856920608,0.00010605205387795218,7.346923142693657e-05,0.0,7.793022634302716e-06
rs34372985,172102694,-0.0218,0.0153,0.154,-0.00947593,0.0113883,0.405366,rsid,0.9999613096218488,2.771299492810631e-05,1.068135931343648e-05,0.0,2.960239097555566e-07
rs9870218,172102729,-0.0419,0.0225,0.0626,-0.0131734,0.0125572,0.294147,rsid,0.9999035676341524,8.085918625475979e-05,1.4408044483600527e-05,0.0,1.1651351092014317e-06
rs192411066,172102730,-0.0769,0.1426,0.59,-0.0201382,0.0485452,0.678263,rsid,0.9998898713200831,7.43682596168866e-05,3.328481397745304e-05,0.0,2.4756063224312875e-06
rs530966658,172103379,-0.0692,0.0932,0.458,-0.00366887,0.0954198,0.969329,rsid,0.9998784549801194,6.438627619381065e-05,5.370073314652564e-05,0.0,3.4580105401421722e-06
rs9837606,172103497,-0.0131,0.0227,0.564,0.0208546,0.0183832,0.256612,rsid,0.9999590549461842,1.7609294348605576e-05,2.2931927864631633e-05,0.0,4.0383160265599184e-07
rs11280999,172104076,0.0187,0.0149,0.209,0.0212269,0.00938558,0.0237187,rsid,0.9998969366712039,2.1560077043817967e-05,7.978294794751683e-05,0.0,1.7203038047680417e-06
rs114007771,172104234,-0.026,0.0758,0.732,0.0457365,0.0694511,0.510189,rsid,0.9999001305396703,4.726557274019927e-05,5.022952327700397e-05,0.0,2.374364312637293e-06
rs62281161,172104299,-0.0062,0.0395,0.875,-0.0114834,0.0557416,0.836782,rsid,0.9999378338653373,2.576121884425791e-05,3.54905784198791e-05,0.0,9.143373984056391e-07
rs62281162,172104449,0.0153,0.0133,0.25,0.0209146,0.00938533,0.0258518,rsid,0.9999076392440834,1.70289021854747e-05,7.407039963207724e-05,0.0,1.261454099027805e-06
rs62281163,172104456,0.0159,0.0133,0.232,0.0211063,0.00938584,0.024529,rsid,0.9999031575021486,1.794674986174208e-05,7.750465658779467e-05,0.0,1.3910914016674486e-06
rs76457251,172104494,-0.0152,0.0133,0.253,-0.0207426,0.00937708,0.0269631,rsid,0.9999105372229424,1.688390834428697e-05,7.137369398740819e-05,0.0,1.2051747257543917e-06
rs75376807,172104495,-0.0162,0.0133,0.223,-0.0207426,0.00937708,0.0269631,rsid,0.9999088721417422,1.8438165405160985e-05,7.137357513377915e-05,0.0,1.3161177188632406e-06
rs1691437,172104768,-0.0026,0.012,0.828,0.0117776,0.00852251,0.166988,rsid,0.9999770215483391,8.16332629241862e-06,1.469516121593498e-05,0.0,1.1996415251585204e-07
rs192334209,172105115,-0.266,0.2192,0.225,0.0252122,0.168513,0.881067,rsid,0.9998127449077794,0.000104361889209783,7.505849009362214e-05,0.0,7.834712917294038e-06
rs28572256,172105183,-0.0332,0.0221,0.133,-0.016739,0.0117453,0.15411,rsid,0.9999336535532403,4.398422856976365e-05,2.1420012933228417e-05,0.0,9.42205256793319e-07
rs560947748,172105427,-0.149,0.2343,0.525,0.0322696,0.0673106,0.631645,rsid,0.9998616123100068,8.931503113282084e-05,4.504858610760875e-05,0.0,4.024072752823263e-06
rs12495681,172105765,0.0149,0.0253,0.556,0.0186108,0.019547,0.341045,rsid,0.9999597351561796,1.968776181962582e-05,2.017977146873129e-05,0.0,3.973105318973774e-07
rs1720228,172105899,-0.0283,0.018,0.116,-0.017857,0.0100616,0.0759364,rsid,0.9999263123011103,4.02931210639553e-05,3.2101031748897026e-05,0.0,1.2935460769700002e-06
rs532768525,172105949,-0.4766,0.1833,0.00932,-0.0515178,0.0544285,0.343882,rsid,0.9996339574240806,0.0003001697545083438,5.0660502466147526e-05,0.0,1.5212318944945164e-05
rs11916250,172106038,-0.0354,0.0283,0.211,-0.015415,0.016495,0.350031,rsid,0.9999430422244571,3.946504842733433e-05,1.6828549754416773e-05,0.0,6.641773610849165e-07
rs10936721,172106166,0.0082,0.0226,0.717,-0.020861,0.0183788,0.25635,rsid,0.9999608029585167,1.5889916358986755e-05,2.2942555545530224e-05,0.0,3.64569578728784e-07
rs2293236,172106261,0.0236,0.0153,0.123,0.00927016,0.0113897,0.415698,rsid,0.9999561896767017,3.293866724325853e-05,1.0524962624593868e-05,0.0,3.466934303905012e-07
rs1523326,172106277,0.0116,0.0413,0.779,-0.0118396,0.0557457,0.831806,rsid,0.9999359491223083,2.753786783744379e-05,3.5534405413827186e-05,0.0,9.786044404414433e-07
rs4894545,172106574,0.0289,0.023,0.209,0.0181625,0.0118357,0.124895,rsid,0.9999410428065615,3.277743196199795e-05,2.5348842526615076e-05,0.0,8.309189498807859e-07
rs695164,172106624,0.0057,0.0407,0.889,-0.0118755,0.0557449,0.831302,rsid,0.9999370946685291,2.6427776226358997e-05,3.5538297973849395e-05,0.0,9.392572706085034e-07
rs56038024,172106923,0.0073,0.0224,0.745,-0.0223924,0.0146264,0.12578,rsid,0.9999529731952985,1.5557857284669215e-05,3.09868359729003e-05,0.0,4.821114439305551e-07
rs150959334,172107189,0.0432,0.0332,0.193,0.0154466,0.0164948,0.349041,rsid,0.9999338895037626,4.843570574036713e-05,1.6858197803577635e-05,0.0,8.165926934751796e-07
rs7638080,172107366,-0.0186,0.0135,0.168,0.00353691,0.00963068,0.713429,rsid,0.9999700062956385,2.2983360039629078e-05,6.8528383466908255e-06,0.0,1.5750597520302712e-07
rs12497429,172107376,-0.0072,0.0219,0.742,0.0236218,0.0143349,0.0993848,rsid,0.9999476801079964,1.5232619843958017e-05,3.6530783506436086e-05,0.0,5.564886531817083e-07
rs138265344,172107440,0.1615,0.0717,0.0243,-0.0342403,0.0495045,0.489151,rsid,0.9996079618981217,0.00033994442781020025,3.88736205937979e-05,0.0,1.3220053474340257e-05
rs7616368,172107772,0.0033,0.022,0.881,-0.023448,0.014327,0.101709,rsid,0.9999489504969379,1.4672835942875146e-05,3.5850610143318374e-05,0.0,5.260569760320951e-07
rs7647443,172108393,-0.0189,0.0137,0.168,-0.00170375,0.0101979,0.867316,rsid,0.9999695881910342,2.3372733649704307e-05,6.8783056216165526e-06,0.0,1.6076969455254575e-07
rs9810131,172108555,-0.0095,0.0229,0.678,0.0208344,0.018369,0.256705,rsid,0.9999602980189265,1.641673904509261e-05,2.2909133824523867e-05,0.0,3.761082039871092e-07
rs78251687,172108847,0.0189,0.0823,0.818,-0.046237,0.100866,0.646663,rsid,0.9998879813149447,4.908638020932241e-05,5.998741014082228e-05,0.0,2.944894705177465e-06
rs114667665,172109092,0.041,0.1063,0.7,-0.0658036,0.0858199,0.443222,rsid,0.9998735119715694,6.075327589551981e-05,6.19694303667785e-05,0.0,3.7653221683385774e-06
rs116658170,172109146,0.0224,0.0274,0.414,0.00823188,0.0179131,0.645843,rsid,0.9999616822419893,2.4831330803740368e-05,1.315964323090666e-05,0.0,3.267839759551584e-07
rs150651798,172109408,-0.2311,0.0721,0.00135,-0.0534138,0.112185,0.633986,rsid,0.9969520618279872,0.0028031566909529635,6.421800482979547e-05,0.0,0.0001805634762299635
rs573390724,172109501,-0.0324,0.1572,0.837,-0.0135391,0.136951,0.921248,rsid,0.9998543757248951,7.308081715671241e-05,6.760230658939682e-05,0.0,4.9411513588165365e-06
rs16845421,172109674,-0.004,0.0228,0.861,0.021116,0.0183795,0.250604,rsid,0.999961085176477,1.5256074776623677e-05,2.3303219255561674e-05,0.0,3.5552949086629994e-07
rs148483921,172109988,-0.0549,0.124,0.658,0.284553,0.148496,0.0553363,rsid,0.9997426760900255,6.752381006272661e-05,0.00017779182825469164,0.0,1.2008271657189574e-05
rs370029322,172110588,-0.0193,0.0168,0.251,0.019985,0.0239317,0.40367,coord,0.9999560317000268,2.135836526996492e-05,2.213710161153954e-05,0.0,4.7283309190481285e-07
rs565842,172110706,0.0229,0.024,0.34,0.0133567,0.0159095,0.401165,rsid,0.999960058853588,2.462751279821511e-05,1.494554725583017e-05,0.0,3.680863581104078e-07
rs9821189,172110742,0.0345,0.0221,0.119,0.0172462,0.0117761,0.143053,rsid,0.9999281462821926,4.8038841316187544e-05,2.2723201766471267e-05,0.0,1.0916747247428348e-06
rs565957,172110749,0.0318,0.0241,0.187,0.0132257,0.0159097,0.405807,rsid,0.999947540137591,3.706553325113441e-05,1.4844095960165143e-05,0.0,5.502331975523676e-07
rs566628,172110765,-0.0191,0.0135,0.157,-0.0237673,0.00902439,0.00844656,rsid,0.9997809950569089,2.418857942709655e-05,0.00019021434110044958,0.0,4.6020225635707e-06
rs10222578,172111063,0.0032,0.0219,0.884,-0.0238274,0.0143381,0.0965473,rsid,0.9999474693632955,1.4599328579731939e-05,3.738547659485823e-05,0.0,5.458315297960068e-07
rs75777671,172111788,-0.0227,0.0153,0.138,-0.00975997,0.0113973,0.391808,rsid,0.9999585999314032,3.0161368298891772e-05,1.0909637092279843e-05,0.0,3.290632055867871e-07
rs192666370,172112021,-0.0774,0.1255,0.537,0.0372524,0.11771,0.751642,rsid,0.9998599928912147,7.176185066539815e-05,6.367517021889238e-05,0.0,4.570087901135896e-06
rs7615556,172112226,-0.0068,0.0227,0.765,0.0212295,0.0183815,0.248116,rsid,0.9999605320370877,1.5634843906527934e-05,2.346621393297238e-05,0.0,3.669050729150243e-07
rs183723647,172112710,-0.111,0.1031,0.282,-0.197051,0.132508,0.136992,rsid,0.9997825141314419,8.395404240037179e-05,0.00012318748875638245,0.0,1.034433740145307e-05
rs1285082,172113324,-0.0002,0.0119,0.987,-0.0154432,0.00848734,0.0688256,rsid,0.9999624368553279,7.910089175304113e-06,2.942032932642432e-05,0.0,2.3272617046564135e-07
rs56401294,172113436,-0.0145,0.0246,0.556,0.0214272,0.0183872,0.243885,rsid,0.9999566231944156,1.9167807367650824e-05,2.3753672644482703e-05,0.0,4.5532557209249967e-07
rs9290449,172113592,0.0069,0.0232,0.766,-0.0213209,0.0183837,0.246143,rsid,0.9999600641477258,1.5960571052560727e-05,2.359861874797896e-05,0.0,3.7666247360631313e-07
rs1285081,172113611,0.0008,0.0119,0.946,-0.0118259,0.00852611,0.165434,rsid,0.9999771509977317,7.926876028285452e-06,1.4804767997965849e-05,0.0,1.173582420661423e-07
rs79740921,172113743,-0.0463,0.0599,0.44,-0.00390861,0.0687894,0.954689,rsid,0.9999082709408275,4.7984754117640445e-05,4.17411810031218e-05,0.0,2.003124051699392e-06
rs78888539,172114017,0.0673,0.1155,0.56,0.181493,0.331993,0.5846,rsid,0.9998323284197572,6.786583402487526e-05,9.346181827475952e-05,0.0,6.3439279431210535e-06
rs71310507,172114321,0.0442,0.0235,0.06,0.0141228,0.0126503,0.264251,rsid,0.999896046346325,8.699350970202799e-05,1.560267168783246e-05,0.0,1.3574722850568049e-06
rs596590,172114474,-0.014,0.0413,0.735,0.00752326,0.0556505,0.892464,rsid,0.9999359498518459,2.8002764965113064e-05,3.5065392351863296e-05,0.0,9.819908370973033e-07
rs596523,172114520,-0.0108,0.0415,0.795,0.00746981,0.0556496,0.893221,rsid,0.9999364561620191,2.751803458255595e-05,3.506093408999226e-05,0.0,9.648693082841202e-07
rs370914841,172114667,-0.1794,0.0967,0.0636,0.0582843,0.103092,0.571827,rsid,0.9997426275964469,0.00018271105752161394,6.312478129226016e-05,0.0,1.1536564739125102e-05
rs494572,172115466,0.0023,0.0155,0.882,0.00189864,0.00931529,0.838495,rsid,0.9999832138232877,1.0392044897107138e-05,6.3283660471672556e-06,0.0,6.576576804329454e-08
rs495702,172115640,-0.0008,0.0137,0.953,-0.00969807,0.009766,0.320689,rsid,0.9999801753284425,9.111598392217934e-06,1.0616339426407264e-05,0.0,9.673373896349578e-08
rs12897,172115902,-0.0094,0.0122,0.441,-0.00305404,0.00868133,0.724993,rsid,0.9999828994158423,1.0887716660850719e-05,6.145950979598319e-06,0.0,6.691651718887815e-08
rs2431,172117107,-0.0397,0.0287,0.167,-0.0229068,0.0150316,0.127531,rsid,0.9999197367494402,4.729537544533456e-05,3.147894699160195e-05,0.0,1.4889281228025849e-06
rs34229028,172117455,-0.0024,0.014,0.864,-0.00271688,0.00872384,0.755471,rsid,0.9999844183245126,9.430102192154195e-06,6.094104372730455e-06,0.0,5.746892246660243e-08
rs201107538,172118524,0.0242,0.0632,0.702,-0.0701586,0.0600511,0.242679,rsid,0.9998889860346402,4.132139938485289e-05,6.692675188671454e-05,0.0,2.765814088231271e-06
rs185292163,172118803,0.0211,0.1528,0.89,-0.0715972,0.0715922,0.317277,rsid,0.9998589399639816,7.169322854007497e-05,6.472575450137398e-05,0.0,4.6410529769958905e-06
rs9859248,172118857,0.0158,0.0132,0.231,0.00088225,0.00871934,0.919405,rsid,0.9999762156910534,1.784697738371806e-05,5.833223675663208e-06,0.0,1.0410788714788172e-07
rs138096295,172118933,0.019,0.0295,0.52,0.0393773,0.0176892,0.0260094,rsid,0.99983840397242,2.3560638312444545e-05,0.0001348575458785691,0.0,3.1778433890167997e-06
rs184955622,172118959,-0.0643,0.178,0.718,0.230231,0.17421,0.18631,rsid,0.9998029085147343,7.856132682305818e-05,0.00010989496245740711,0.0,8.635195985426399e-06
rs1285080,172118995,-0.0555,0.0217,0.0105,-0.0143755,0.0156251,0.357561,rsid,0.9996262808010281,0.00035242528290770016,1.574345142614725e-05,0.0,5.550464638002017e-06
rs55765148,172118997,-0.0069,0.0145,0.634,-0.0036716,0.0100339,0.714427,rsid,0.9999820233664838,1.0764882235153561e-05,7.134943078181519e-06,0.0,7.680820274405988e-08
rs181070980,172119083,-0.1541,0.0684,0.0243,-0.0952795,0.0499212,0.0563145,rsid,0.999443163213536,0.0003389866738821441,0.0001626747996724369,0.0,5.517531290933609e-05
rs35263143,172119132,0.0098,0.0125,0.433,0.0027609,0.00873771,0.752021,rsid,0.9999825492556229,1.1269436935356096e-05,6.112422677650724e-06,0.0,6.888476397843295e-08
rs62281182,172119136,-0.0125,0.0125,0.317,-0.00281164,0.0087378,0.74762,rsid,0.9999801468329961,1.3645846512821586e-05,6.123755011034442e-06,0.0,8.356548000212832e-08
rs1285079,172119166,0.0001,0.0134,0.994,0.00598653,0.00929001,0.519313,rsid,0.9999834309404844,8.89888755833888e-06,7.6025168933386995e-06,0.0,6.765506397497446e-08
rs113697834,172119227,-0.0558,0.0492,0.257,0.0247061,0.0457461,0.589147,rsid,0.9999091056686661,5.5702216645377015e-05,3.333510656901695e-05,0.0,1.857008119515418e-06
rs12638765,172119811,0.0044,0.0135,0.744,0.0122372,0.00991028,0.216905,rsid,0.9999763332379855,9.449429023897255e-06,1.4084241797506269e-05,0.0,1.3309119305853492e-07
rs12634057,172120053,-0.0217,0.0132,0.1,-0.00837236,0.00985404,0.395527,rsid,0.9999567849597176,3.350973459067887e-05,9.390615073712482e-06,0.0,3.146906181310726e-07
rs116595232,172120328,0.0876,0.2469,0.723,0.0286132,0.12575,0.820004,rsid,0.9998421835261829,8.69214788357004e-05,6.522467491155104e-05,0.0,5.670320069808655e-06
rs11420527,172120815,-0.0387,0.0208,0.0628,-0.00301029,0.0123046,0.806729,rsid,0.9999158919918111,7.505340645252367e-05,8.422417444818218e-06,0.0,6.32184291560339e-07
rs9812159,172120847,0.0014,0.0205,0.946,0.00561555,0.0109183,0.607024,rsid,0.9999780335851618,1.3572887810715052e-05,8.281125767480949e-06,0.0,1.1240126004114691e-07
rs10649290,172120878,0.0366,0.0237,0.123,0.00333174,0.0166448,0.84135,rsid,0.9999382337402578,4.995454890049353e-05,1.1249702323646138e-05,0.0,5.620085180066773e-07
rs12330587,172120938,-0.0145,0.012,0.227,0.00500648,0.00874286,0.56689,rsid,0.9999765620652389,1.6472964419822493e-05,6.852093404776248e-06,0.0,1.128769364604523e-07
rs4626122,172121012,0.0056,0.012,0.641,0.0109906,0.00850394,0.196216,rsid,0.9999779838877911,8.886436793674038e-06,1.3014024562279783e-05,0.0,1.1565085288617494e-07
rs485395,172121068,0.0468,0.0371,0.207,0.0701877,0.0308696,0.0229848,rsid,0.9996963603865894,5.0806748692935225e-05,0.00024060480398377328,0.0,1.2228060733950526e-05
rs528745345,172121118,0.0096,0.0987,0.923,-0.0076013,0.0648337,0.906667,rsid,0.9999027437344042,5.514968583190794e-05,3.990558521579364e-05,0.0,2.2009945480997948e-06
rs76243229,172121375,0.2627,0.0525,5.62e-07,0.0335738,0.0418728,0.422666,rsid,0.2951298871672166,0.6802135167881606,1.0693322478897205e-05,0.0,0.024645902722144012
rs582780,172121443,0.0143,0.012,0.233,0.0132039,0.00849765,0.120225,rsid,0.999964704501328,1.6148640154295057e-05,1.884256596036389e-05,0.0,3.0429255743504247e-07
rs531051446,172121474,0.1362,0.0696,0.0504,-0.0716846,0.0555332,0.196758,rsid,0.9997096868657854,0.00020339184149289832,7.222670429761816e-05,0.0,1.469458842407698e-05
rs114491074,172121796,-0.0268,0.0757,0.723,-0.0260435,0.0295884,0.378754,rsid,0.9999232076365357,4.7362932476492104e-05,2.8098501359882695e-05,0.0,1.3309296278304716e-06
rs585026,172121904,0.0351,0.0125,0.00499,0.0205146,0.00867787,0.0180784,rsid,0.9994511426820787,0.00041637950897517167,9.351760916898711e-05,0.0,3.896019977707019e-05
rs16845449,172121916,0.0629,0.029,0.0301,0.0223852,0.0260563,0.390279,rsid,0.9997877828701696,0.00018324494347964903,2.4484561848095756e-05,0.0,4.4876245027700124e-06
rs73169213,172122078,-0.0136,0.0121,0.261,0.00174312,0.0088284,0.84348,rsid,0.9999788570883673,1.506152358307962e-05,5.9911502903765225e-06,0.0,9.023775927725067e-08
rs116631637,172122224,-0.0243,0.022,0.269,-0.00186244,0.0135649,0.890795,rsid,0.9999643002036943,2.636835979863274e-05,9.091694866981535e-06,0.0,2.397416401596713e-07
rs586411,172122240,0.0168,0.012,0.162,-0.0089709,0.00863994,0.299127,rsid,0.9999688335350274,2.111721240611668e-05,9.841422675987624e-06,0.0,2.0782989035020175e-07
rs586414,172122245,-0.0174,0.012,0.147,0.00896967,0.00863997,0.299196,rsid,0.9999672705981565,2.266640332972584e-05,9.839954828949466e-06,0.0,2.230436849856466e-07
rs519352,172122467,-0.0069,0.012,0.565,0.00753125,0.00873719,0.388701,rsid,0.9999821006825851,9.398922658036431e-06,8.42124273105423e-06,0.0,7.915202588096546e-08
rs9856553,172122511,0.0209,0.0438,0.633,-0.0275768,0.0658458,0.675356,rsid,0.9999242597937218,3.1130317132381535e-05,4.326299633583374e-05,0.0,1.3468928099708266e-06
rs9856558,172122521,0.0025,0.0115,0.828,0.00882982,0.00849155,0.298416,rsid,0.9999824085850739,7.826578704700352e-06,9.689003141667077e-06,0.0,7.583307966951595e-08
rs71310508,172123440,0.0807,0.0294,0.00605,0.0154398,0.0261225,0.554484,rsid,0.9992416368344131,0.0007233455509778671,2.0313084172240192e-05,0.0,1.4704530436879455e-05
rs9881522,172123471,-0.0303,0.0124,0.0145,-0.0158967,0.00855073,0.0630115,rsid,0.9998032459106522,0.0001598011397781338,3.1860589164409286e-05,0.0,5.092360405209622e-06
rs11716729,172123616,0.044,0.0491,0.37,0.00749123,0.0325764,0.818124,rsid,0.9999325503902939,4.471009782233965e-05,2.176627399957378e-05,0.0,9.732378842642369e-07
rs149846151,172123761,0.0261,0.0145,0.0719,0.0197831,0.0086291,0.0218706,rsid,0.999869495588887,4.789469048232463e-05,7.883352074412785e-05,0.0,3.7761998864143424e-06
rs1523327,172124588,0.0211,0.0122,0.0837,-0.0013285,0.00894234,0.881899,rsid,0.9999579474394106,3.581987454057634e-05,6.017143653954472e-06,0.0,2.1554239488689489e-07
rs74660060,172124942,-0.1411,0.0485,0.00362,-0.00948663,0.0243803,0.697195,rsid,0.9985410985889294,0.0014171754333619179,1.7247513551359396e-05,0.0,2.447846415746348e-05
rs10460797,172124983,-0.0216,0.0178,0.225,0.00484575,0.0102698,0.637038,rsid,0.9999678248137466,2.4357895526160013e-05,7.631399904658276e-06,0.0,1.858908226678559e-07
rs544528630,172125024,0.2436,0.1571,0.121,0.0196853,0.0821999,0.810733,rsid,0.9998162654852669,0.00012830581242086317,4.9124575461951426e-05,0.0,6.30412685016331e-06
rs17463162,172125105,-0.0228,0.0376,0.544,-0.0649239,0.0410081,0.113377,rsid,0.9998840125256203,2.8905581190466042e-05,8.463518032488295e-05,0.0,2.446712864496324e-06
rs16845462,172125192,-0.0505,0.0288,0.0795,-0.0139974,0.0269192,0.60308,rsid,0.9998951387666818,8.305309595327716e-05,2.0135635146355357e-05,0.0,1.6725022185357948e-06
rs16845465,172125672,0.0542,0.0289,0.0607,0.01528,0.0268711,0.5696,rsid,0.999874139102038,0.00010311097156474668,2.0623182353950173e-05,0.0,2.126744043187753e-06
rs2037562,172125840,0.0056,0.0119,0.638,-0.00168574,0.00860157,0.844625,rsid,0.9999852832373977,8.82912279657586e-06,5.836111304217119e-06,0.0,5.152850169214411e-08
rs571278401,172125944,0.058,0.1432,0.685,-0.0804611,0.0699903,0.250307,rsid,0.9998499314355506,7.207630325075685e-05,7.274806277582302e-05,0.0,5.244198422864324e-06
rs185718897,172126061,0.0382,0.1084,0.725,0.00621659,0.0575981,0.914051,rsid,0.9999007609622861,6.101134762453311e-05,3.6029277166966065e-05,0.0,2.198412922277325e-06
rs58541168,172126162,0.0462,0.0207,0.0256,-0.000474309,0.0111828,0.966169,rsid,0.9998339106098729,0.00015747672440362726,7.440729386388151e-06,0.0,1.1719363371337198e-06
rs6773621,172126421,-0.0261,0.0115,0.0232,-0.0122061,0.0085768,0.154692,rsid,0.9998838631579873,9.892372503778995e-05,1.5663450164413442e-05,0.0,1.5496668106171182e-06
rs9849338,172126476,-0.0541,0.012,6.53e-06,-0.0124952,0.00871943,0.151851,rsid,0.8355040327464894,0.16186853125886397,1.3492187611548354e-05,0.0,0.002613943807034902
rs6762685,172126508,0.0251,0.0116,0.0305,0.0111876,0.00861242,0.193941,rsid,0.9999066435216697,7.90158624429041e-05,1.3290367953959656e-05,0.0,1.0502479335141037e-06
rs9811903,172126654,-0.0227,0.0388,0.559,-0.064162,0.0409203,0.116887,rsid,0.9998855405188798,2.93992151034441e-05,8.263070991613276e-05,0.0,2.429556100705318e-06
rs6776291,172126687,-0.0359,0.012,0.00277,-0.00924852,0.00885396,0.296225,rsid,0.9993028610151742,0.0006800939788947332,1.014240517075627e-05,0.0,6.902600760228791e-06
rs6765603,172126953,0.1132,0.0197,9.13e-09,0.0303355,0.0180215,0.0923188,rsid,0.0065111110915711465,0.9477931637364343,3.1391648562511286e-07,0.0,0.045695411255508835
rs481828,172127287,0.1151,0.0192,2.04e-09,0.0313108,0.018014,0.0821864,rsid,0.0015677708884805446,0.948301830100769,8.28774634503683e-08,0.0,0.050130316133286945
rs148564075,172127332,0.0407,0.014,0.00365,0.00975533,0.00924075,0.291112,rsid,0.9993699694031417,0.0006127592417856053,1.0706631621524396e-05,0.0,6.564723451117192e-06
rs10804845,172127606,-0.0204,0.0179,0.254,0.00498981,0.0102703,0.627076,rsid,0.9999696641873826,2.2480202936691297e-05,7.682891481470413e-06,0.0,1.7271819919095797e-07
rs583188,172127734,-0.0272,0.0115,0.018,-0.0122178,0.00857604,0.154259,rsid,0.9998590606686922,0.0001233088931718535,1.569485067076156e-05,0.0,1.935587465112151e-06
rs583269,172127777,0.0262,0.0116,0.0239,0.0118952,0.00857635,0.165449,rsid,0.9998863359513003,9.732590386696903e-05,1.4888904060812454e-05,0.0,1.4492407718808306e-06
rs6799710,172128051,-0.0208,0.0179,0.245,0.00495419,0.0102703,0.629535,rsid,0.9999690955988765,2.3057485184063444e-05,7.670058219860188e-06,0.0,1.7685771944723392e-07
rs112496665,172128054,0.0047,0.0573,0.935,-0.0156857,0.0322219,0.626399,rsid,0.9999398449653406,3.579131764461104e-05,2.3521790493595008e-05,0.0,8.419265212453174e-07
rs6799942,172128334,-0.0208,0.0179,0.245,0.00495351,0.0102703,0.629583,rsid,0.9999690958482975,2.3057485189814645e-05,7.669814414831735e-06,0.0,1.7685209774266714e-07
rs592999,172128397,-0.0355,0.012,0.00309,-0.00884976,0.00884294,0.316938,rsid,0.9993680205701296,0.0006163162099876816,9.688354168380993e-06,0.0,5.9748657143026086e-06
rs515019,172128613,0.0721,0.0146,7.88e-07,0.0038737,0.00950253,0.683532,rsid,0.3678328939302788,0.6278521705435524,2.5264639983263105e-06,0.0,0.004312409062170449
rs9683278,172128782,-0.021,0.0163,0.198,0.00080368,0.0100946,0.936544,rsid,0.9999685628245423,2.453566729662981e-05,6.73622518506092e-06,0.0,1.652829760057502e-07
rs9682663,172128818,0.0194,0.0362,0.592,0.0602613,0.0402255,0.134111,rsid,0.9998973627490845,2.6869298756236865e-05,7.378519227908655e-05,0.0,1.9827598801564835e-06
rs1720225,172128822,0.1184,0.0193,8.53e-10,0.0309056,0.0180155,0.0862542,rsid,0.0006808066920780745,0.9509455115396355,3.463195555475817e-08,0.0,0.04837364713633086
rs595161,172128898,-0.0363,0.012,0.00249,-0.00890298,0.0088441,0.314099,rsid,0.9992316310496124,0.000751296057610544,9.745503945396346e-06,0.0,7.327388831669949e-06
rs147793295,172128943,0.0541,0.0394,0.17,-0.00431641,0.0506753,0.93212,rsid,0.9999045558718359,6.136261751193587e-05,3.211091290374874e-05,0.0,1.9705977484558843e-06
rs1523328,172129733,0.0102,0.0744,0.891,-0.0117898,0.0744657,0.874201,rsid,0.9999083019688128,4.4771230404346185e-05,4.491568584762378e-05,0.0,2.011114935133238e-06
rs80158798,172129769,0.0897,0.0697,0.198,0.0725394,0.0463862,0.117861,rsid,0.9998190489537101,8.325988547365677e-05,9.018131587078598e-05,0.0,7.509844945565682e-06
rs35845184,172129815,0.0181,0.0116,0.119,-0.00459436,0.00879351,0.601343,rsid,0.999967260363963,2.5860765819058948e-05,6.705456305018799e-06,0.0,1.7341391272240978e-07
rs143555537,172129884,-0.02,0.2477,0.936,0.0385811,0.0666595,0.562739,rsid,0.9998636858908582,8.561007017314964e-05,4.67050695694623e-05,0.0,3.998969399234646e-06
rs76828875,172129952,0.0516,0.0288,0.0732,0.0142387,0.0269425,0.597163,rsid,0.9998893094158846,8.865651705443198e-05,2.0239504448453573e-05,0.0,1.7945626124913848e-06
rs77850861,172130134,0.011,0.0329,0.738,0.054161,0.0373178,0.146684,rsid,0.999910839036579,2.2597828505740444e-05,6.509206444392308e-05,0.0,1.471070471448874e-06
rs10936722,172130237,-0.0358,0.012,0.00285,-0.00892109,0.00884174,0.312988,rsid,0.9993202610779158,0.0006634880822582314,9.766485453811799e-06,0.0,6.484354372203878e-06
rs191551290,172130570,-0.1716,0.1896,0.365,0.0156778,0.0349948,0.654151,rsid,0.9998809016073995,9.181599202707662e-05,2.4987843642843335e-05,0.0,2.2945569307273208e-06
rs490342,172130799,0.1252,0.02,3.85e-10,0.0308713,0.0180144,0.0865825,rsid,0.00031360467672964356,0.9514374559978662,1.590339747182042e-08,0.0,0.04824892342200666
rs17463357,172130999,-0.1458,0.0261,2.32e-08,-0.0117048,0.0235311,0.618894,rsid,0.01495226241148902,0.9681165747685925,2.614925579290244e-07,0.0,0.016930901327360696
rs493789,172131456,0.1186,0.0192,6.53e-10,0.030887,0.0180153,0.0864391,rsid,0.0005278955043966557,0.9511703271210997,2.680726706026272e-08,0.0,0.04830175056723651
rs78298361,172131525,0.0115,0.032,0.719,0.0242099,0.0217741,0.266195,rsid,0.9999509037423424,2.2194244640236574e-05,2.631787889597814e-05,0.0,5.841341214287902e-07
rs141618389,172131559,0.0575,0.043,0.181,-0.00427894,0.0501319,0.93198,rsid,0.9999032406387508,6.295511044821559e-05,3.180196108795084e-05,0.0,2.0022897130354684e-06
rs495499,172131614,-0.0372,0.012,0.00194,-0.00873324,0.00884136,0.323264,rsid,0.9990376874412408,0.0009437228467820587,9.559501820523867e-06,0.0,9.030210156524917e-06
rs495526,172131622,0.1186,0.0192,6.53e-10,0.0309262,0.0180154,0.0860419,rsid,0.0005278017958378464,0.951001481582931,2.690102757488872e-08,0.0,0.048470689720203505
rs496331,172131676,0.119,0.0193,7.01e-10,0.0309116,0.0180154,0.0861906,rsid,0.0005641281178131215,0.9510301090095341,2.8713113753277868e-08,0.0,0.048405734159538916
rs522101,172132236,0.1311,0.0218,1.81e-09,0.0355052,0.0191435,0.0636414,rsid,0.0013240627748507176,0.9344088770093698,9.106666642034349e-08,0.0,0.06426696914911303
rs551228,172133060,0.0325,0.0119,0.00631,0.00763842,0.00877055,0.3838,rsid,0.999666981374927,0.0003217615450897167,8.51603468560607e-06,0.0,2.7410452976145033e-06
rs62281184,172133156,-0.0225,0.0178,0.206,0.00474343,0.0102855,0.644672,rsid,0.9999662879839165,2.590973835868727e-05,7.605221775321564e-06,0.0,1.9705594951171215e-07
rs59493846,172133383,0.0149,0.0186,0.423,-0.00564378,0.0103452,0.585377,rsid,0.9999750056400188,1.688024387324768e-05,7.97941821582162e-06,0.0,1.3469789213730863e-07
rs2593858,172133487,0.0361,0.012,0.00263,0.008542,0.00883823,0.333803,rsid,0.9992692297398584,0.0007147117914496643,9.362258649387288e-06,0.0,6.696210042473407e-06
rs114431682,172133575,-0.0368,0.0479,0.442,-0.0125869,0.0261497,0.630276,rsid,0.9999402539043704,3.976340741135664e-05,1.921845144339449e-05,0.0,7.642367747224965e-07
rs144640849,172133744,-0.0524,0.039,0.179,0.00451436,0.0506755,0.929015,rsid,0.9999073889880695,5.860738624709436e-05,3.212092770804473e-05,0.0,1.8826979753650307e-06
rs191533355,172133750,0.2847,0.1646,0.0837,-0.0198525,0.194865,0.918853,rsid,0.9997633705401829,0.00014567789291261845,7.938429318509061e-05,0.0,1.1567273719293289e-05
rs544672,172134135,0.103,0.0174,3.23e-09,0.0371859,0.0166708,0.0257075,rsid,0.0023804754996173084,0.8836531172758694,3.070135826322848e-07,0.0,0.1139661002109306
rs73037084,172134270,-0.0203,0.0117,0.0827,0.00200283,0.00884972,0.820955,rsid,0.9999590308835017,3.471717264527126e-05,6.0421682600738655e-06,0.0,2.0977559295746904e-07
rs61017161,172134500,0.0088,0.0118,0.456,0.00160251,0.00856838,0.85164,rsid,0.9999837964197293,1.0339838435499655e-05,5.803731219737129e-06,0.0,6.001061552197296e-08
rs519896,172134550,-0.0354,0.012,0.00318,-0.0089761,0.0088376,0.309785,rsid,0.999382824299555,0.0006014319954583539,9.828737315703775e-06,0.0,5.914967670935126e-06
rs150021582,172134718,-0.0573,0.0391,0.143,0.000674865,0.0510454,0.989452,rsid,0.99989661783059,6.89423587634404e-05,3.221837052936082e-05,0.0,2.2214401171071698e-06
rs144995294,172134857,0.0307,0.0379,0.418,0.0649914,0.0409913,0.112855,rsid,0.9998789289693336,3.33449461321183e-05,8.489492505986616e-05,0.0,2.8311594744070047e-06
rs9812808,172134909,-0.0235,0.0377,0.533,-0.0649925,0.0409912,0.112848,rsid,0.9998833545201712,2.9261897227554744e-05,8.489898734223138e-05,0.0,2.4845952591380284e-06
rs7623981,172135334,0.022,0.013,0.0906,-0.00315203,0.00872364,0.71786,rsid,0.9999578129025968,3.576886548575143e-05,6.196578001643484e-06,0.0,2.2165391594809413e-07
rs143452021,172135419,0.0985,0.0671,0.142,0.0462228,0.0474452,0.32994,rsid,0.9998487156098056,0.00010020897160771624,4.642273970412786e-05,0.0,4.652678882650883e-06
rs138263619,172135567,0.0967,0.06,0.107,0.0125777,0.0435458,0.772705,rsid,0.9998539567084932,0.00011377494165198455,2.897162360492876e-05,0.0,3.2967262499667703e-06
rs144024761,172135677,-0.0331,0.0378,0.381,-0.0650546,0.0409871,0.112468,rsid,0.9998768740618792,3.5041555025626443e-05,8.510191252524296e-05,0.0,2.9824705700262017e-06
rs144677040,172136115,-0.0286,0.0382,0.454,-0.0637261,0.0402642,0.11349,rsid,0.9998818274440935,3.2108866874075654e-05,8.338594440831504e-05,0.0,2.6777446241019564e-06
rs573798,172137165,0.0716,0.0134,9.13e-08,0.00794993,0.00935049,0.395206,rsid,0.07299265111941058,0.9188120210163483,6.510049665694274e-07,0.0,0.00819467685927457
rs485554,172137343,-0.048,0.0124,0.000108,-0.0114122,0.0090238,0.205987,rsid,0.9859512085840432,0.013851112553525188,1.3136137746042827e-05,0.0,0.0001845427246854887
rs486481,172137450,0.0716,0.0134,9.13e-08,0.00794803,0.00935031,0.395309,rsid,0.07299275719455649,0.9188133562619885,6.508904736527616e-07,0.0,0.008193235652981327
rs489195,172137703,-0.0714,0.0134,9.91e-08,-0.00798854,0.00935236,0.393009,rsid,0.07852014434943368,0.9133045551612958,7.028001633407921e-07,0.0,0.008174597689107251
rs191631225,172137861,-0.2474,0.1169,0.0343,-0.0329717,0.0881512,0.708378,rsid,0.9996858849449808,0.0002475435801507785,5.335871676268136e-05,0.0,1.3212758105924904e-05
rs4894548,172137910,-0.0212,0.0178,0.234,0.00467496,0.0102821,0.649347,rsid,0.9999685224382114,2.371754612143089e-05,7.580225656115294e-06,0.0,1.797900109609472e-07
rs183078861,172137934,-0.0504,0.071,0.478,-0.123982,0.0522324,0.0176125,rsid,0.9995206451612119,5.2540751860814285e-05,0.0004054986645619247,0.0,2.1315422365491365e-05
rs9809238,172138126,-0.0043,0.0771,0.956,0.0350851,0.071311,0.622719,rsid,0.9999046686907938,4.5771191691322286e-05,4.73907783106254e-05,0.0,2.1693392044030624e-06
rs11442164,172138499,0.0952,0.0212,7.1e-06,0.0320278,0.0179482,0.0743481,rsid,0.7748511242302408,0.21294678958415672,4.423885277845579e-05,0.0,0.012157847332824
rs186450981,172138510,0.0446,0.1098,0.685,0.0138964,0.0746796,0.852382,rsid,0.9998896674430946,6.232522995227467e-05,4.5190507400800134e-05,0.0,2.816819552318387e-06
rs16845502,172138774,0.0221,0.0179,0.217,-0.00466723,0.0102818,0.649878,rsid,0.9999671088600023,2.512329876472505e-05,7.577464077207916e-06,0.0,1.903771556123437e-07
rs520306,172138803,-0.1181,0.0192,7.7e-10,-0.0312314,0.0180223,0.0831075,rsid,0.0006171969887226171,0.9496069661971831,3.235178101990281e-08,0.0,0.049775804462313215
rs520418,172138843,-0.076,0.0139,4.56e-08,-0.00478068,0.00946145,0.613362,rsid,0.037903696509407524,0.9552664862748875,2.709872598476762e-07,0.0,0.00682954622844504
rs138747048,172138935,-0.0091,0.0821,0.912,0.0189853,0.0745741,0.799045,rsid,0.9999038659369819,4.8239847084408385e-05,4.568992884588455e-05,0.0,2.204287087896789e-06
rs183041934,172139223,-0.101,0.1178,0.391,-0.054616,0.0483905,0.259045,rsid,0.9998635720357686,7.752653413643363e-05,5.4663017560219244e-05,0.0,4.238412534876515e-06
rs10574968,172139426,0.1089,0.0212,2.79e-07,0.03135,0.0180227,0.0819521,rsid,0.14065771469123112,0.8160758059676014,7.4560663471654955e-06,0.0,0.04325902327482025
rs74567655,172139468,-0.0763,0.0462,0.0986,-0.0258859,0.0293775,0.378239,rsid,0.9998669260955027,0.00010228428828597671,2.7932209768740497e-05,0.0,2.8574064426822916e-06
rs188020525,172139743,0.1553,0.0963,0.107,0.0101049,0.0285726,0.723597,rsid,0.9998417613195355,0.00013566712898185196,1.9874771552063832e-05,0.0,2.696779930536397e-06
rs114532968,172139974,-0.0703,0.0769,0.361,0.0430279,0.0621637,0.48883,rsid,0.9998865349990431,6.351278095167994e-05,4.696876462800323e-05,0.0,2.983455377156606e-06
rs77839475,172140057,0.082,0.0469,0.0804,0.0246932,0.0292713,0.398894,rsid,0.9998496916019382,0.00012008543429148965,2.698229594413538e-05,0.0,3.2406678262226067e-06
rs62281187,172140350,0.023,0.0178,0.196,-0.00464082,0.0102817,0.651726,rsid,0.9999653847725813,2.6843423583591424e-05,7.568628890905733e-06,0.0,2.0317494421249007e-07
rs36122311,172140353,-0.0212,0.0117,0.07,0.00193565,0.00884658,0.826804,rsid,0.9999539716359377,3.975866555870067e-05,6.029944905317458e-06,0.0,2.3975359829381534e-07
rs116570563,172140433,0.0882,0.0512,0.085,0.0449997,0.0370403,0.22441,rsid,0.9998240749779518,0.0001220016908089221,4.80590180938329e-05,0.0,5.8643131454836105e-06
rs150913951,172140499,-0.0529,0.0712,0.457,-0.124306,0.0522222,0.017297,rsid,0.9995129737943602,5.3693934519534086e-05,0.00041124039685790217,0.0,2.2091874262372887e-05
rs139240701,172140710,0.005,0.0788,0.949,-0.0140374,0.0746722,0.850887,rsid,0.9999061135087638,4.658023596813181e-05,4.5200602830019614e-05,0.0,2.105652438043291e-06
rs59416240,172140776,-0.0226,0.0178,0.204,0.00467446,0.010281,0.649347,rsid,0.9999661306118596,2.609221686563486e-05,7.579401196771265e-06,0.0,1.9777007808934567e-07
rs471368,172140935,-0.0745,0.0139,8.34e-08,-0.00468372,0.00945984,0.620517,rsid,0.0656941391770466,0.927707494103775,4.672198195464517e-07,0.0,0.006597899499359007
rs11310999,172141131,-0.0702,0.0157,7.77e-06,-0.00468553,0.00945977,0.62038,rsid,0.8288411120169822,0.1699442339283316,5.895280723640502e-06,0.0,0.0012087587739627208
rs512721,172141673,0.1182,0.0191,6.07e-10,0.0314148,0.0180222,0.081313,rsid,0.0004923289483739723,0.9488938558049687,2.6260717520961134e-08,0.0,0.05061378898593985
rs536686,172142013,-0.1167,0.0191,9.97e-10,-0.0313628,0.0180219,0.0818144,rsid,0.0007918036951884747,0.9488453387456721,4.202735873780597e-08,0.0,0.050362815531780604
rs504603,172142232,0.1327,0.0217,9.64e-10,0.035843,0.019137,0.0610731,rsid,0.000724465119215284,0.9329424794403425,5.151008626934997e-08,0.0,0.06633300393035606
rs62281189,172142680,-0.0218,0.0178,0.221,0.00459379,0.0102798,0.654966,rsid,0.9999675723264958,2.4689137044048195e-05,7.5520761701482535e-06,0.0,1.864602900052867e-07
rs141225572,172142694,0.0537,0.1533,0.726,0.0188081,0.125058,0.880452,rsid,0.9998571397686102,7.36500651573528e-05,6.446186717187193e-05,0.0,4.748299060475477e-06
rs9868789,172142717,-0.0278,0.0374,0.457,-0.0643366,0.0409382,0.116054,rsid,0.9998829221265934,3.13784959616477e-05,8.30917771587025e-05,0.0,2.6076002863166936e-06
rs146967631,172142804,0.0605,0.0391,0.122,-0.00142761,0.0510141,0.977674,rsid,0.9998879201889728,7.73780841854352e-05,3.2209164067058045e-05,0.0,2.4925627746880727e-06
rs139226433,172142895,0.0234,0.0372,0.529,0.0653189,0.0409512,0.110703,rsid,0.9998824636474207,2.900187664308141e-05,8.60388932461124e-05,0.0,2.495582690117959e-06
rs9990128,172143378,0.0228,0.0375,0.543,0.0654011,0.0409472,0.11022,rsid,0.9998823379457923,2.8861409154187887e-05,8.630934266928507e-05,0.0,2.4913023843634406e-06
rs114235813,172143728,0.0139,0.0409,0.734,0.0842625,0.0423086,0.046413,rsid,0.9997970934886136,2.7756197933506238e-05,0.0001704191653861019,0.0,4.7311480668686806e-06
rs561131,172143767,-0.0735,0.0134,4.13e-08,-0.0079641,0.00934432,0.394052,rsid,0.03546101562691399,0.9560028568608416,3.1661884826685724e-07,0.0,0.008535810893396186
rs561254,172143815,-0.0733,0.0134,4.5e-08,-0.00796165,0.00934431,0.394196,rsid,0.038342248350237855,0.9531489761363134,3.422680700850607e-07,0.0,0.008508433245378626
rs144032691,172144037,-0.0186,0.0203,0.36,0.00460326,0.0102788,0.654267,rsid,0.9999720380795583,2.025427865996873e-05,7.5546240425901e-06,0.0,1.5301773919976905e-07
rs490499,172144394,-0.0725,0.0134,6.29e-08,-0.00796167,0.00934415,0.394187,rsid,0.052159303123059365,0.9394540712933459,4.656068600168824e-07,0.0,0.008386159976734652
rs142033125,172144443,0.2606,0.2067,0.207,-0.0398578,0.07712,0.605277,rsid,0.9998373174410856,0.00010645683622610773,5.081521542673424e-05,0.0,5.410507261644579e-06
rs9841671,172144466,-0.0239,0.0164,0.145,0.000458775,0.0100947,0.963751,rsid,0.9999620293130429,3.104009408322086e-05,6.721935442501301e-06,0.0,2.0865743142258706e-07
rs146343889,172144487,0.0244,0.1129,0.829,-0.0266688,0.0619414,0.666796,rsid,0.9998951257794055,6.103922234382457e-05,4.131301919565373e-05,0.0,2.5219790549659456e-06
rs187406021,172144489,-0.0687,0.1372,0.617,0.115039,0.141032,0.414674,rsid,0.9998401146778417,7.225569439468697e-05,8.172368209134942e-05,0.0,5.905945672027518e-06
rs493280,172144718,0.0725,0.0134,6.29e-08,0.00796851,0.0093447,0.393808,rsid,0.05215902421405352,0.9394490477944614,4.659012379480011e-07,0.0,0.008391462090247095
rs493398,172144758,-0.1174,0.0191,7.92e-10,-0.0313351,0.018008,0.0818484,rsid,0.0006349276785901825,0.9490451011529313,3.366491336094386e-08,0.0,0.050319937503565074
rs113489443,172144986,0.0282,0.0637,0.658,-0.0161356,0.0322721,0.617084,rsid,0.9999328169357353,4.2473061784428666e-05,2.3703187876092928e-05,0.0,1.0068146040394612e-06
rs16845548,172145026,-0.0235,0.0178,0.187,0.00461304,0.0102786,0.653574,rsid,0.9999643995866444,2.783240042710031e-05,7.557657684872405e-06,0.0,2.1035524370994822e-07
rs16845552,172145043,0.0267,0.0373,0.474,0.0654609,0.0409395,0.109828,rsid,0.9998801028804277,3.0716102455343175e-05,8.652304763813707e-05,0.0,2.6579694788859857e-06
rs113150725,172145551,0.0118,0.0638,0.853,-0.0161392,0.0322719,0.617005,rsid,0.9999356416907037,3.971247295881167e-05,2.3704414816704456e-05,0.0,9.414215207102387e-07
rs2442059,172146781,-0.1181,0.0191,6.28e-10,-0.0310037,0.0180077,0.0851256,rsid,0.000509208907884926,0.9506426485274476,2.616534829618981e-08,0.0,0.0488481163993191
rs12631737,172146902,0.0237,0.0179,0.185,-0.00461026,0.0102784,0.653764,rsid,0.9999641091885236,2.8121672932265433e-05,7.556625953333858e-06,0.0,2.125125907804553e-07
rs35930933,172147024,-0.0229,0.0118,0.0523,0.00114683,0.00892484,0.897755,rsid,0.9999427417270599,5.0964335463300146e-05,5.988709404851007e-06,0.0,3.0522807193329905e-07
rs59194935,172147239,-0.012,0.0116,0.301,0.00246717,0.00878118,0.778741,rsid,0.9999807159246411,1.3125221795687569e-05,6.079062974687506e-06,0.0,7.979058854044809e-08
rs4593055,172147586,-0.0739,0.0134,3.49e-08,-0.00795199,0.00934334,0.394722,rsid,0.03029275802694764,0.9611350119849045,2.7016839611346556e-07,0.0,0.00857195981975177
rs116360484,172148074,0.0015,0.0579,0.979,-0.0124311,0.0572189,0.82801,rsid,0.9999262836778634,3.6021874065755124e-05,3.6383740916914214e-05,0.0,1.3107071538609264e-06
rs144499993,172148454,0.1561,0.0759,0.0397,-0.0174168,0.0495253,0.725082,rsid,0.9997156682179945,0.00024312739139475945,3.3143907088069694e-05,0.0,8.060483522596469e-06
rs4894417,172148547,0.0778,0.0139,2.18e-08,0.00457557,0.00945492,0.628432,rsid,0.01899671738073781,0.9741164183883945,1.343014650782424e-07,0.0,0.0068867299294027
rs111346772,172148548,0.0559,0.0289,0.0531,0.0126272,0.0268549,0.638212,rsid,0.9998632579003663,0.0001148737983886678,1.9614769962298196e-05,0.0,2.2535312826883255e-06
rs4894418,172148645,0.0738,0.0134,3.64e-08,0.00804338,0.00934094,0.389189,rsid,0.031512346605221085,0.9598556897729658,2.8338061902855926e-07,0.0,0.00863168024119413
rs28401279,172149122,0.0215,0.0372,0.563,0.0654048,0.0409326,0.110073,rsid,0.9998830240919998,2.817185375423882e-05,8.637055105191786e-05,0.0,2.4335031941534053e-06
rs62281190,172149182,0.0244,0.0178,0.17,-0.00460723,0.0102779,0.653963,rsid,0.9999624562145307,2.976357610425094e-05,7.555327361141646e-06,0.0,2.2488200382757641e-07
rs580337,172149271,-0.0715,0.0142,4.77e-07,-0.00793905,0.00934296,0.395471,rsid,0.2687729595801291,0.7247683920151708,2.3942359515862543e-06,0.0,0.006456254168748508
rs34045103,172149277,0.0181,0.0126,0.151,-0.00247206,0.00884172,0.779791,rsid,0.999970418351849,2.332054729774597e-05,6.118411917799336e-06,0.0,1.426889354900168e-07
rs580392,172149283,-0.0731,0.0142,2.63e-07,-0.00793921,0.00934296,0.395462,rsid,0.17229399560091138,0.8203962541882162,1.5348212814923732e-06,0.0,0.007308215389590979
rs13094023,172149404,-0.0228,0.0118,0.0533,0.00117327,0.00892452,0.895407,rsid,0.999943568890872,5.013991148624258e-05,5.990802388625154e-06,0.0,3.0039525313454706e-07
rs2442058,172149544,-0.0737,0.0134,3.8e-08,-0.00793774,0.00934292,0.395548,rsid,0.032782647280344676,0.9586781562149519,2.919936090470213e-07,0.0,0.008538904511094285
rs2442057,172149691,0.0746,0.0134,2.59e-08,0.00794104,0.00934285,0.395348,rsid,0.022904691940601626,0.9684664537481246,2.040716793402858e-07,0.0,0.008628650239594526
rs844447,172149748,-0.105,0.0174,1.59e-09,-0.0373565,0.0166611,0.0249528,rsid,0.0012064758594371714,0.8821472891986673,1.5953194642589657e-07,0.0,0.1166460754099493
rs62281191,172149790,0.1462,0.0663,0.0274,0.00676945,0.0249259,0.785943,rsid,0.9996688043237318,0.0003089579809294687,1.6987525061138843e-05,0.0,5.250170277573811e-06
rs4894419,172150836,0.0201,0.013,0.122,-0.00363891,0.00871713,0.676354,rsid,0.9999652115921821,2.8281071626827837e-05,6.3283572401547344e-06,0.0,1.7897895078170117e-07
rs139773496,172151422,0.0357,0.0376,0.342,0.0655575,0.0409289,0.109213,rsid,0.9998727520613391,3.71565298890269e-05,8.686345351448965e-05,0.0,3.22795525742783e-06
rs514039,172151701,-0.07,0.0142,8.24e-07,-0.00792361,0.00934184,0.396335,rsid,0.3824381904305417,0.6121134815317515,3.4018981164114415e-06,0.0,0.00544492613959042
rs540164010,172151786,-0.3972,0.1526,0.00924,0.209758,0.161111,0.192935,rsid,0.9994740420056423,0.00037665723820117983,0.00010843604267741893,0.0,4.086471347908336e-05
rs28718800,172153005,-0.0245,0.0372,0.51,-0.0655691,0.0409215,0.109086,rsid,0.9998809799867229,2.952666089368192e-05,8.69264005140246e-05,0.0,2.566951869331552e-06
rs509505,172153170,0.0744,0.0134,2.82e-08,0.0079508,0.00934047,0.394647,rsid,0.02482112026274913,0.9665599660808655,2.213267736386133e-07,0.0,0.0086186923296117
rs507759,172153341,-0.0788,0.0131,1.8e-09,-0.00581812,0.00921269,0.527693,rsid,0.0018144360928524401,0.9907762544726328,1.356884945576457e-08,0.0,0.007409295865665277
rs564634,172153628,-0.0489,0.0123,7.02e-05,-0.0113124,0.00901495,0.209533,rsid,0.9791839184451273,0.020533254082926233,1.2873487988980195e-05,0.0,0.0002699539839573483
rs9861745,172153676,0.0257,0.0372,0.49,0.0656033,0.0409209,0.108897,rsid,0.9998802013806793,3.0138314036516902e-05,8.703684716474473e-05,0.0,2.6234581192599355e-06
rs150211857,172153772,0.081,0.0644,0.208,0.118347,0.0729616,0.104792,rsid,0.9997866035885086,7.692454082175446e-05,0.00012672177563182198,0.0,9.750095037888085e-06
rs188179421,172153965,0.5952,0.2826,0.0352,0.0391392,0.13965,0.779274,rsid,0.9997766057810688,0.000143805213253568,6.95807021669753e-05,0.0,1.0008303510600465e-05
rs560994,172154020,-0.078,0.0127,8.16e-10,-0.00892008,0.00912338,0.328215,rsid,0.0008639921804749923,0.9894639498673415,8.445557965009032e-09,0.0,0.009672049506625485
rs56271032,172154210,0.0199,0.0182,0.274,-0.00452447,0.0138331,0.743611,rsid,0.9999683948887019,2.1710892551948827e-05,9.68396458641199e-06,0.0,2.102541597185871e-07
rs535438,172154492,0.078,0.0127,8.16e-10,0.00894728,0.00912341,0.326744,rsid,0.0008639678388638972,0.9894360732878948,8.469920809735178e-09,0.0,0.009699950403320504
rs5854470,172154807,-0.0733,0.0148,7.32e-07,-0.00569866,0.0092182,0.536446,rsid,0.3491697730581305,0.6460335137824931,2.5911387911437803e-06,0.0,0.00479412202058525
rs561815,172154925,-0.0776,0.0127,9.95e-10,-0.00894083,0.00912356,0.3271,rsid,0.0010462116218629604,0.9892622208780266,1.0249476443732135e-08,0.0,0.009691557250633942
rs77178594,172155076,-0.0438,0.0386,0.256,-0.0186463,0.0273851,0.49594,rsid,0.9999309138505402,4.558427921227168e-05,2.2477192822904774e-05,0.0,1.024677424565062e-06
rs11929140,172155437,-0.022,0.0178,0.216,0.00469281,0.0102772,0.64794,rsid,0.9999671988627902,2.502799569858693e-05,7.583339497207055e-06,0.0,1.8980201403892775e-07
rs555554,172155585,-0.0484,0.0123,8.32e-05,-0.0111271,0.00899431,0.216042,rsid,0.9822057426490703,0.0175563726764517,1.260353885170431e-05,0.0,0.00022528113562630316
rs530893,172155963,0.0735,0.0134,4.13e-08,0.00782736,0.00934202,0.402106,rsid,0.03546474321083587,0.9561033497772317,3.1275314045880937e-07,0.0,0.008431594258792011
rs6798411,172156058,-0.0111,0.0139,0.425,-0.00100564,0.0101054,0.920729,rsid,0.9999805000783086,1.2658947513455542e-05,6.755455552951842e-06,0.0,8.55186248807875e-08
rs1868186,172156117,0.1361,0.0262,2.05e-07,0.0113081,0.023496,0.630321,rsid,0.1052856184622033,0.8794721197858517,1.82450225012163e-06,0.0,0.01524043724969488
rs529084,172156146,-0.0744,0.0134,2.82e-08,-0.0079955,0.00934212,0.392078,rsid,0.02482023797248185,0.9665256087899057,2.2223169775415e-07,0.0,0.008653931005914783
rs526268,172156459,-0.0737,0.0134,3.8e-08,-0.00792428,0.00934427,0.396418,rsid,0.03278297691693756,0.958687795930695,2.9165271196533363e-07,0.0,0.008528935499655499
rs501609,172156872,-0.0773,0.0131,3.62e-09,-0.0057409,0.00921479,0.533278,rsid,0.0035648034783643187,0.9890762139716317,2.652296321734944e-08,0.0,0.007358956027040722
rs501441,172156937,0.0792,0.0131,1.49e-09,0.00576508,0.00921538,0.531582,rsid,0.0015118870205690818,0.9911017443564965,1.1267599798309399e-08,0.0,0.007386357355334602
rs558595,172157103,0.0782,0.0127,7.39e-10,0.00883967,0.00912624,0.332745,rsid,0.0007849108671167921,0.9896236230624484,7.60737699031087e-09,0.0,0.009591458463057747
rs558572,172157110,0.0963,0.0154,4.02e-10,0.0313958,0.0144108,0.0293596,rsid,0.0003519844546728526,0.9084101264850146,3.5352210688392734e-08,0.0,0.09123785370810183
rs142931036,172157312,0.0351,0.0376,0.351,0.0658961,0.0408988,0.107136,rsid,0.9998720878960651,3.6634971421656855e-05,8.80509748995755e-05,0.0,3.2261576137029687e-06
rs115313909,172157353,0.0238,0.0373,0.523,0.0658961,0.0408988,0.107136,rsid,0.9998801434485808,2.9230742494458708e-05,8.805168428956742e-05,0.0,2.57412463537344e-06
rs141578423,172158019,0.1554,0.1421,0.274,-0.0220109,0.136395,0.871797,rsid,0.9998316166868062,9.424459345314523e-05,6.775235155503293e-05,0.0,6.386368185633025e-06
rs61586786,172158103,-0.0246,0.0179,0.169,0.00546858,0.0103175,0.59609,rsid,0.9999618036609675,3.0066776059983484e-05,7.892259120751743e-06,0.0,2.3730385172937923e-07
rs57668955,172158112,-0.0245,0.0179,0.171,0.0054688,0.0103175,0.596076,rsid,0.9999620316298582,2.98404998403807e-05,7.892349699172336e-06,0.0,2.3552060227178386e-07
rs1403637,172158397,0.0207,0.0117,0.0769,-0.00306686,0.00883525,0.728504,rsid,0.9999566788391018,3.6846917747312545e-05,6.244155306191177e-06,0.0,2.3008784464120993e-07
rs16845602,172158419,-0.0458,0.0282,0.104,-0.0129439,0.026835,0.629557,rsid,0.9999129399510875,6.604605489248769e-05,1.9711982020094787e-05,0.0,1.3020119997672952e-06
rs1916345,172158924,0.0939,0.0154,1.08e-09,0.0313362,0.0144636,0.0302684,rsid,0.0009136155958050204,0.9097490455697523,8.971694389516908e-08,0.0,0.08933724911749867
rs4144707,172159205,-0.0769,0.0128,1.88e-09,-0.00831778,0.00914356,0.362988,rsid,0.0019257131263768958,0.9889859606557523,1.7696383682521237e-08,0.0,0.009088308521487277
rs535595114,172159447,-0.0441,0.0766,0.565,0.0254614,0.0300287,0.396492,rsid,0.999918957206404,5.1869570698482606e-05,2.7734528229011705e-05,0.0,1.4386946685988593e-06
rs578015,172160022,-0.0793,0.0131,1.42e-09,-0.00516799,0.0092344,0.575721,rsid,0.0014446442129675539,0.9914340720077616,1.0376591546129518e-08,0.0,0.007121273402679362
rs114441197,172160206,-0.0157,0.0497,0.752,0.00112151,0.0740473,0.987916,rsid,0.9999213743693098,3.28988841109099e-05,4.4270192136078235e-05,0.0,1.4565544431642812e-06
rs13085429,172160401,0.02,0.0117,0.0874,-0.00305436,0.00883543,0.729573,rsid,0.9999603250271287,3.322635032029806e-05,6.241240674071273e-06,0.0,2.0738187694032698e-07
rs73039026,172160481,0.0036,0.0499,0.942,-0.0126311,0.0298476,0.672161,rsid,0.9999464132778255,3.164135568481633e-05,2.1272247664868447e-05,0.0,6.731188248110617e-07
rs139844524,172161790,0.0844,0.0825,0.306,0.0185499,0.0633193,0.769554,rsid,0.9998847436037842,7.201954642245931e-05,4.033183454170432e-05,0.0,2.9050152516680817e-06
rs182732562,172161793,-0.0644,0.1467,0.661,0.0151622,0.112319,0.892618,rsid,0.9998618378664099,7.344683431636704e-05,6.0286811936628024e-05,0.0,4.428487337030558e-06
rs562416,172161842,-0.1066,0.0173,7.19e-10,-0.0256292,0.0152497,0.0928325,rsid,0.0006119021238697676,0.9600910777601438,2.5045451730952622e-08,0.0,0.03929699507053469
rs9880206,172161927,-0.0199,0.0369,0.59,-0.0659862,0.0408948,0.106623,rsid,0.9998818230553718,2.7398059134307298e-05,8.835776802039572e-05,0.0,2.4211174734638083e-06
rs565105,172162117,-0.0777,0.0131,3.01e-09,-0.00444084,0.00922293,0.63016,rsid,0.0029831060310069233,0.9901954205032866,2.0550607395173822e-08,0.0,0.006821452915099171
rs535110477,172162122,0.0353,0.1313,0.788,0.0207301,0.0374052,0.579439,rsid,0.9999029340225772,6.722646809374443e-05,2.79596952991462e-05,0.0,1.8798140299250559e-06
rs58550930,172162155,0.023,0.0374,0.539,0.0659778,0.0408945,0.106665,rsid,0.9998802086375894,2.8906275205685684e-05,8.833144815150274e-05,0.0,2.5536390534854165e-06
rs9880652,172162159,-0.0236,0.0373,0.527,-0.0659778,0.0408945,0.106665,rsid,0.9998799574432379,2.913710019938999e-05,8.833142596048362e-05,0.0,2.5740306021802788e-06
rs139778759,172162553,-0.0037,0.0445,0.934,-0.00797393,0.0456309,0.861277,rsid,0.999941110115325,2.853314902776614e-05,2.951454319103743e-05,0.0,8.421924559729178e-07
rs183870776,172162573,-0.1304,0.1134,0.25,-0.0133149,0.0357052,0.709214,rsid,0.9998811512876701,9.184596238909235e-05,2.473103430385396e-05,0.0,2.2717156369933606e-06
rs482204,172162829,-0.0784,0.0131,2.17e-09,-0.00497697,0.00923437,0.589913,rsid,0.002176254214543483,0.9907872238393276,1.545561603661185e-08,0.0,0.007036506490512891
rs477251,172162837,0.1046,0.0164,1.79e-10,0.0258678,0.0152489,0.0898152,rsid,0.0001647177014840353,0.9595173157774448,6.921273357556862e-09,0.0,0.04031795959979789
rs509035,172163449,-0.0476,0.0123,0.000109,-0.0116442,0.0090189,0.196674,rsid,0.9860997495979705,0.013698027028365868,1.3580134600286417e-05,0.0,0.00018864323906319825
rs373906564,172164538,-0.0771,0.0789,0.328,0.0225807,0.0540164,0.675923,rsid,0.9998932533823136,6.766409887292949e-05,3.660538406131717e-05,0.0,2.4771347521628694e-06
rs6774762,172164990,0.0188,0.0117,0.108,-0.00315294,0.00883477,0.721182,rsid,0.9999654997972101,2.8059107731383917e-05,6.2652905313953065e-06,0.0,1.758045272806831e-07
rs9868459,172165110,0.0182,0.037,0.623,0.0659507,0.0408945,0.106809,rsid,0.9998825460005453,2.684132935756302e-05,8.824381067906273e-05,0.0,2.368859418215976e-06
rs8192668,172165221,-0.1435,0.0841,0.088,-0.0335184,0.0886256,0.705281,rsid,0.9997904100654023,0.00014801790496299144,5.363188604836204e-05,0.0,7.940143586267383e-06
rs4988509,172165673,0.027,0.0917,0.768,-0.187844,0.0663976,0.00466821,rsid,0.9987364529270902,5.3768237953551703e-05,0.0011479760925716285,0.0,6.18027423846177e-05
rs572169,172165727,-0.047,0.0123,0.000133,-0.011521,0.00901083,0.201048,rsid,0.9884360528498096,0.011396250511582263,1.3384061250139301e-05,0.0,0.00015431257735812744
rs2232169,172165757,0.0243,0.0371,0.512,0.0659503,0.0408945,0.106811,rsid,0.9998797762973134,2.9387868091378585e-05,8.824227057953724e-05,0.0,2.593564015744305e-06
rs495225,172166033,-0.0767,0.0128,2.07e-09,-0.00819686,0.00914375,0.370016,rsid,0.002113379341279968,0.9889064761237777,1.919131064620547e-08,0.0,0.008980125343631646
rs2232165,172166144,0.0202,0.0373,0.588,0.068377,0.0408453,0.0941218,rsid,0.999872775205222,2.7704726766786693e-05,9.683688714480519e-05,0.0,2.6831808664280704e-06
rs60876792,172166997,-0.0132,0.0763,0.863,0.0157378,0.0746108,0.832941,rsid,0.9999067018217921,4.588080579841791e-05,4.5337076709893134e-05,0.0,2.0802956997935072e-06
rs34136054,172167162,-0.0708,0.1185,0.55,0.0766437,0.185666,0.67975,rsid,0.9998448027724111,6.918700442743089e-05,8.044370058416805e-05,0.0,5.566522577347076e-06
rs2922126,172167261,0.0193,0.0127,0.129,0.00312724,0.00865949,0.717999,rsid,0.9999671330436426,2.655280136632279e-05,6.150827911266334e-06,0.0,1.6332707983029384e-07
rs146502323,172167935,0.1209,0.1204,0.315,-0.059593,0.063741,0.349828,rsid,0.999853501471983,8.505303463843233e-05,5.6628372730062486e-05,0.0,4.817120648412333e-06
rs2981464,172168292,-0.0561,0.0119,2.43e-06,-0.00617776,0.00849607,0.467145,rsid,0.6676069541371445,0.3299594074686273,4.9140386144139446e-06,0.0,0.002428724355613727
rs11418500,172168365,-0.0552,0.0148,0.000192,-0.00912789,0.00866349,0.292064,rsid,0.9903557512286981,0.009538674025282008,9.9303125857338e-06,0.0,9.564443343409868e-05
rs519384,172168507,-0.055,0.0131,2.69e-05,-0.0117446,0.00942498,0.212723,rsid,0.9474218091689646,0.05186050166059113,1.2875991472619941e-05,0.0,0.0007048131789717702
rs144756114,172168591,-0.0607,0.0398,0.127,-0.0127545,0.0492267,0.79556,rsid,0.999889404500398,7.601159581463388e-05,3.2140577017069034e-05,0.0,2.4433267704154285e-06
rs7619236,172168733,-0.0518,0.0119,1.34e-05,-0.00559883,0.00848848,0.509523,rsid,0.9109763183502015,0.08839685889673793,6.393847555098858e-06,0.0,0.0006204289055053696
rs9813961,172168939,0.055,0.0135,4.62e-05,0.00910175,0.00878008,0.299906,rsid,0.9670619916462501,0.032602879826323636,9.654174050929874e-06,0.0,0.00032547435337528527
rs6770558,172169202,-0.0658,0.0127,2.21e-07,-0.00945602,0.00865082,0.274359,rsid,0.16057871307613228,0.8307430665853501,1.6771348418501253e-06,0.0,0.008676543203675724
rs114989217,172169235,-0.1752,0.1601,0.274,-0.0410326,0.0663828,0.536495,rsid,0.9998513977230215,9.654117364085195e-05,4.747694238243535e-05,0.0,4.584160955235399e-06
rs186457260,172169314,0.0833,0.224,0.71,-0.0922962,0.0998362,0.355238,rsid,0.9998342934861744,8.488303613420849e-05,7.449874958957274e-05,0.0,6.324728102009733e-06
rs148012305,172169610,-0.0228,0.0413,0.581,0.00766534,0.0321785,0.811716,rsid,0.9999472015067166,3.05863703057815e-05,2.155286428182933e-05,0.0,6.592586959401129e-07
rs144213746,172169748,0.0045,0.0652,0.945,-0.00910096,0.0252201,0.718203,rsid,0.9999416837852979,3.994527159439119e-05,1.766525840989577e-05,0.0,7.056846978287403e-07
rs17524016,172169774,0.0011,0.0159,0.945,0.00880325,0.0126116,0.48516,rsid,0.9999786485147623,1.0566752268480254e-05,1.0671962576584024e-05,0.0,1.1277039258062806e-07
rs147089765,172169914,-0.0834,0.1495,0.577,-0.0416681,0.0663466,0.529981,rsid,0.9998723334425925,7.632177423747947e-05,4.7703502362702314e-05,0.0,3.641280807448476e-06
rs9819506,172170104,0.0573,0.0131,1.22e-05,0.0093454,0.00873628,0.284744,rsid,0.895483021496819,0.10344389192479542,9.20966616902891e-06,0.0,0.0010638769122166495
rs9820889,172170785,0.0708,0.1111,0.524,0.0419998,0.0663132,0.526502,rsid,0.9998810790809358,6.785657809637303e-05,4.781911362423018e-05,0.0,3.2452273435601794e-06
rs512692,172170842,0.0557,0.0131,2.12e-05,0.0115216,0.00942234,0.221405,rsid,0.9351006007627315,0.0640415282521531,1.23459109485991e-05,0.0,0.0008455250741667443
rs12488095,172171200,0.0633,0.0126,5.07e-07,0.00942708,0.00864941,0.275753,rsid,0.29931207254205894,0.6934680967300669,3.1148515642909013e-06,0.0,0.007216715876309852
rs149354317,172171542,0.1986,0.1596,0.213,0.0421141,0.0663081,0.525345,rsid,0.9998423608196809,0.0001047650273445825,4.785937383972604e-05,0.0,5.014779134685768e-06
rs115104551,172171902,-0.1993,0.0607,0.00103,-0.0195499,0.0451505,0.66502,rsid,0.9960109232863162,0.003837249020606438,3.1287793852983174e-05,0.0,0.00012053989922436154
rs9867581,172171986,-0.0554,0.0119,3.23e-06,-0.005999,0.00848871,0.479751,rsid,0.7253877901562132,0.2726309915790869,5.25742820476293e-06,0.0,0.001975960836495063
rs60069545,172172202,0.0525,0.1097,0.632,0.0421012,0.0663051,0.525453,rsid,0.9998854969989622,6.360334957365622e-05,4.7855530845706966e-05,0.0,3.0441206183587115e-06
rs477441,172172254,-0.0138,0.0148,0.351,0.00556165,0.0109203,0.610545,rsid,0.9999765104055254,1.510337902057583e-05,8.261436910279358e-06,0.0,1.2477854390791963e-07
rs11918879,172172369,0.0563,0.0131,1.73e-05,0.00863545,0.00875404,0.323911,rsid,0.9225336954591317,0.07673149820704263,8.72953517007614e-06,0.0,0.000726076798655737
rs143459727,172172397,0.1678,0.1636,0.305,0.0422184,0.0663015,0.52428,rsid,0.9998538939279802,9.371861051355772e-05,4.789788255224267e-05,0.0,4.489578954083766e-06
rs144923334,172173294,0.1728,0.1682,0.304,0.0421857,0.0662976,0.524575,rsid,0.9998533164345623,9.428416612984436e-05,4.7884031039973845e-05,0.0,4.5153682678563115e-06
rs13069543,172173524,0.0643,0.0123,1.72e-07,0.0099663,0.00864667,0.249067,rsid,0.13361933562976477,0.8568182510721435,1.4910094207510636e-06,0.0,0.009560922288670904
rs79763978,172173551,-0.0778,0.1079,0.471,-0.0422264,0.0662962,0.524166,rsid,0.9998794746143603,6.930475773591481e-05,4.790049550707312e-05,0.0,3.3201323967854765e-06
rs145904625,172173626,-0.1792,0.1825,0.326,-0.0422256,0.0662961,0.524175,rsid,0.9998537824749971,9.382388003000574e-05,4.7898924792675166e-05,0.0,4.4947201801745475e-06
rs80216922,172174371,0.1035,0.0711,0.145,0.120764,0.0664887,0.0693218,rsid,0.9997210877940269,0.00010172294563696402,0.000160825093887762,0.0,1.6364166448367477e-05
rs73169253,172174639,-0.0087,0.0167,0.602,-0.0183215,0.0132015,0.165187,rsid,0.9999642597318923,1.2652890295707064e-05,2.2798895576976664e-05,0.0,2.884822350311911e-07
rs142569083,172174732,0.2369,0.1608,0.141,0.042415,0.0662886,0.522269,rsid,0.9998250687121624,0.00012115058032249095,4.7968302998564904e-05,0.0,5.8124045167687725e-06
rs143380210,172174733,0.1818,0.0518,0.000449,0.001642,0.0252071,0.948062,rsid,0.9919075006339265,0.007944088095368305,1.647385017254644e-05,0.0,0.00013193742053262898
rs59186092,172174877,0.0051,0.0164,0.756,-0.000446525,0.0135969,0.973802,rsid,0.9999794624745534,1.140139810579553e-05,9.03313485885789e-06,0.0,1.0299248187989535e-07
rs77457335,172175066,-0.0736,0.0468,0.116,-0.0230799,0.0279787,0.409424,rsid,0.999880269050784,9.191524812303119e-05,2.547397406863384e-05,0.0,2.3417270243975775e-06
rs490683,172175074,-0.0594,0.0131,5.78e-06,-0.011158,0.00941461,0.235946,rsid,0.8080086588294384,0.18959039157456425,1.0189098546000509e-05,0.0,0.0023907604974513427
rs113272516,172175110,0.0161,0.0696,0.817,-0.0129842,0.0744477,0.861546,rsid,0.9999100327229129,4.3027127390906444e-05,4.500359984647369e-05,0.0,1.9365498497605275e-06
rs148378674,172175143,0.0345,0.0739,0.641,0.0129842,0.0744477,0.861546,rsid,0.999904580361612,4.824489465191062e-05,4.50033544485097e-05,0.0,2.1713892875315596e-06
rs141388695,172175404,0.0058,0.0654,0.929,-0.01064,0.0694224,0.878189,rsid,0.9999157895765787,4.009935791195014e-05,4.2410296623369234e-05,0.0,1.7007688859204785e-06
rs112732740,172175411,0.0433,0.0285,0.129,0.0120134,0.0269195,0.655401,rsid,0.9999225768125752,5.686333493611857e-05,1.9453571864160506e-05,0.0,1.106280624387738e-06
rs34831987,172175506,-0.0622,0.0123,4.26e-07,-0.00945949,0.00863588,0.273354,rsid,0.26962081729986137,0.7228210670897416,2.8182153942827156e-06,0.0,0.0075552973950028055
rs9818935,172175709,0.0548,0.0116,2.31e-06,0.00569031,0.00848741,0.502576,rsid,0.6622623301157801,0.3353624772337414,4.681204786354434e-06,0.0,0.0023705114456922414
rs9838818,172175722,0.0552,0.0116,1.95e-06,0.00566595,0.00848732,0.504403,rsid,0.6250136742477035,0.3723549714210261,4.409438856122019e-06,0.0,0.002626944892414263
rs519811,172175930,-0.0126,0.0147,0.391,0.00556766,0.010922,0.610217,rsid,0.9999775846009973,1.4034707755090715e-05,8.264696053810692e-06,0.0,1.1599519387843775e-07
rs35887907,172176017,-0.0418,0.0131,0.00142,-0.00567111,0.00848714,0.504005,rsid,0.9986246852845486,0.001358677532822739,7.048014946406311e-06,0.0,9.589167682103245e-06
rs73169254,172176406,0.046,0.087,0.597,0.0238244,0.0536181,0.6568,rsid,0.9999055102666784,5.5704099869734574e-05,3.673893097908635e-05,0.0,2.046702472737149e-06
rs55742802,172176619,-0.0123,0.0178,0.49,-0.00760201,0.0125718,0.545385,rsid,0.9999749220914735,1.4913240615886461e-05,1.001530353341529e-05,0.0,1.4936437718114816e-07
rs474225,172176940,-0.0143,0.0147,0.331,0.00555254,0.0109213,0.611164,rsid,0.999976027334583,1.5585448140871902e-05,8.258501739936765e-06,0.0,1.2871553624356915e-07
rs116314425,172177189,-0.0181,0.0715,0.8,0.0130926,0.0744458,0.860398,rsid,0.9999088328892441,4.4167022193208215e-05,4.501186716620609e-05,0.0,1.9882213964878253e-06
rs13317803,172177764,0.0538,0.0116,3.52e-06,0.0056578,0.00848596,0.504948,rsid,0.7454598161292983,0.2527530648193457,5.255357763287406e-06,0.0,0.0017818636935926287
rs76963932,172177896,0.0194,0.072,0.788,-0.0131419,0.0744447,0.859876,rsid,0.9999084087862654,4.45691754564023e-05,4.501554861661572e-05,0.0,2.006489661383586e-06
rs146080796,172178028,0.2161,0.1615,0.181,0.0427546,0.0662612,0.518769,rsid,0.999835663303226,0.00011090942182786483,4.809248818586464e-05,0.0,5.33478676019183e-06
rs138872640,172178156,0.1613,0.048,0.000778,0.0786896,0.0337839,0.0198481,rsid,0.9931631163521806,0.005074408327352912,0.0002884886478896598,0.0,0.001473986672576917
rs4894549,172178212,-0.0628,0.0123,3.3e-07,-0.00926177,0.00864777,0.284169,rsid,0.22400038557788043,0.7681658680917819,2.2836873187723905e-06,0.0,0.007831462643018842
rs58479515,172178218,0.0648,0.0123,1.38e-07,0.00925498,0.00864779,0.284523,rsid,0.1110288995851622,0.8800058135020565,1.1309929459764854e-06,0.0,0.008964155919835246
rs80188378,172178290,-0.0887,0.0499,0.0755,-0.0152973,0.0266595,0.566102,rsid,0.9998458845213795,0.00013090288803935672,2.0525348976755063e-05,0.0,2.687241604598956e-06
rs4894550,172178371,-0.0627,0.0123,3.44e-07,-0.00915525,0.00864709,0.289706,rsid,0.2312664803870388,0.761072743767764,2.3271658140554127e-06,0.0,0.007658448679383102
rs35551861,172178652,-0.0561,0.014,6.15e-05,-0.00921814,0.00864649,0.286372,rsid,0.9738249587423757,0.02590249932875018,9.875164840340431e-06,0.0,0.0002626667640338069
rs116201452,172179059,-0.0654,0.0825,0.428,0.0456631,0.0593693,0.441811,rsid,0.9998882204934174,6.133884991377934e-05,4.752519026638271e-05,0.0,2.91546640226936e-06
rs73169255,172179140,0.0077,0.0167,0.645,0.0182598,0.0131951,0.166411,rsid,0.9999647677281273,1.2290712404481207e-05,2.2663005175305723e-05,0.0,2.7855429293153176e-07
rs17524100,172179568,0.0536,0.0115,3.15e-06,0.00558792,0.00848442,0.510147,rsid,0.7263280886461383,0.2717615360658289,5.0921872644097154e-06,0.0,0.0019052831007683123
rs144220538,172179686,-0.2794,0.1622,0.085,-0.042871,0.0662443,0.517525,rsid,0.9997993933154209,0.0001454723575356127,4.813116772337211e-05,0.0,7.003159320233741e-06
rs568899349,172180052,0.0586,0.1356,0.666,-0.0760229,0.0499637,0.128119,rsid,0.9998335042581835,7.059153817025681e-05,8.957958960597393e-05,0.0,6.324614040252384e-06
rs2442060,172180160,0.0159,0.0149,0.286,-0.00472771,0.0109837,0.666884,rsid,0.9999744804115015,1.73720805594948e-05,8.008382128924962e-06,0.0,1.391258099283218e-07
rs111249411,172180173,-0.0314,0.071,0.658,0.0130055,0.0744418,0.861309,rsid,0.9999065704563369,4.6341381136856236e-05,4.500249011614484e-05,0.0,2.0856724100013708e-06
rs13079726,172180433,-0.0546,0.0115,2.06e-06,-0.00603266,0.00848643,0.477171,rsid,0.6385646739108028,0.3588230755138842,4.640525581329313e-06,0.0,0.0026076100497316756
rs151295543,172180914,-0.1584,0.168,0.346,-0.0429742,0.066241,0.516497,rsid,0.9998566021656167,9.084720137865855e-05,4.8173571217977894e-05,0.0,4.37706178674997e-06
rs10706932,172181333,0.0108,0.0177,0.542,0.00759657,0.0125695,0.545602,rsid,0.9999757660085188,1.4081449965388642e-05,1.0011560806760788e-05,0.0,1.4098070910115142e-07
rs13064073,172181740,0.0633,0.0122,2.12e-07,0.00962744,0.00863284,0.26476,rsid,0.15978540232596278,0.8313344408464592,1.7064693735920695e-06,0.0,0.008878450358204351
rs13068238,172182001,-0.0611,0.0121,4.43e-07,-0.00977521,0.00862128,0.256859,rsid,0.2795565693358714,0.7126788302140347,3.044560670483507e-06,0.0,0.007761555889423432
rs13068406,172182091,-0.0624,0.0121,2.51e-07,-0.00977702,0.00862135,0.256775,rsid,0.18371058917734492,0.8074912162419352,2.001203029122802e-06,0.0,0.00879619337769069
rs547922501,172182627,-0.8541,0.0805,2.68e-26,-0.0467518,0.0744824,0.530206,rsid,2.1105030585035483e-15,0.9504860787840851,1.0994299074676495e-19,0.0,0.04951392121591275
rs9881073,172183400,-0.0543,0.0115,2.34e-06,-0.00579875,0.00848701,0.49445,rsid,0.6664271080293582,0.33120679492269123,4.751305945487003e-06,0.0,0.002361345742005069
rs12494266,172183480,0.0655,0.0121,6.19e-08,0.00954937,0.00863421,0.26873,rsid,0.055389912121796364,0.9347266437103935,5.856371691208084e-07,0.0,0.009882858530640982
rs187422382,172183506,-0.0612,0.087,0.482,0.0494787,0.0908898,0.586179,rsid,0.9998783848538026,6.03747312970317e-05,5.7753159321464246e-05,0.0,3.487255578685095e-06
rs147349258,172183600,0.2198,0.1622,0.175,0.0431836,0.0662218,0.514333,rsid,0.9998342442961287,0.00011209667565088353,4.8249520692405566e-05,0.0,5.409507528095097e-06
rs9865850,172183911,0.0621,0.0124,5.5e-07,0.00927541,0.0085533,0.278177,rsid,0.3188985997604842,0.6742004653272526,3.2626172030801354e-06,0.0,0.0068976722950600255
rs181023263,172184103,0.134,0.0958,0.162,0.113678,0.0753947,0.131612,rsid,0.9997689131092911,0.00010781837963827618,0.00011126890507035629,0.0,1.1999606000451368e-05
rs28797809,172184104,0.0637,0.0121,1.41e-07,0.00783592,0.00862161,0.363419,rsid,0.11451712103008793,0.877877905870674,9.919215724760676e-07,0.0,0.00760398117766555
rs28507699,172184464,0.0665,0.0121,3.89e-08,0.00804405,0.00862328,0.350909,rsid,0.03617475251033452,0.9553641567216613,3.2036608573052377e-07,0.0,0.00846077040191839
rs146782821,172184492,0.0078,0.0736,0.916,0.0122489,0.0744665,0.869346,rsid,0.9999088087445047,4.424999342173109e-05,4.495195687031603e-05,0.0,1.9893052030444532e-06
rs112960592,172184544,0.0052,0.0158,0.742,0.0141486,0.0129441,0.274372,rsid,0.9999732185261745,1.1052589468305804e-05,1.5556935332635706e-05,0.0,1.7194902466490727e-07
rs529820665,172184858,-0.0598,0.1194,0.616,0.067891,0.0520006,0.191695,rsid,0.9998579465113263,6.724535713841926e-05,7.009396796301619e-05,0.0,4.714163572303566e-06
rs138229207,172185108,-0.1833,0.1285,0.154,0.184599,0.138923,0.183919,rsid,0.9997609727125075,0.00011697001896026446,0.0001092725951229246,0.0,1.2784673409172266e-05
rs570382775,172185232,-0.1945,0.1651,0.239,0.0825997,0.189295,0.66258,rsid,0.9998091769414026,0.00010128659483297901,8.130026509705416e-05,0.0,8.236198667320024e-06
rs9881097,172185376,-0.0578,0.0115,5.01e-07,-0.00202746,0.00849017,0.81126,rsid,0.3140377362262059,0.6819949318031521,1.8259938041842713e-06,0.0,0.003965505976837795
rs6795379,172185511,-0.0015,0.0159,0.925,-0.0140526,0.012934,0.277266,rsid,0.9999738134144197,1.058821599805524e-05,1.543493685695862e-05,0.0,1.6343272510286425e-07
rs57940787,172185635,-0.1023,0.0185,3.21e-08,-0.0135344,0.0173304,0.434825,rsid,0.02265155400992855,0.9624221734387978,3.5129626143983765e-07,0.0,0.014925921255012346
rs6772676,172185658,0.0563,0.0115,9.8e-07,0.00246327,0.00848779,0.771653,rsid,0.4655296783966561,0.5313367945424607,2.743030217172183e-06,0.0,0.0031307840306661026
rs35608185,172185940,-0.0813,0.0746,0.276,0.0439589,0.0285249,0.1233,rsid,0.9998653428086356,7.168082187557357e-05,5.876358046269619e-05,0.0,4.212789026255548e-06
rs62281224,172186036,0.0557,0.0115,1.28e-06,0.0024258,0.00848732,0.77502,rsid,0.528590169835489,0.46864894710839633,3.1104976849353723e-06,0.0,0.002757772558429815
rs549591656,172186079,-0.3402,0.1623,0.0361,-0.0270251,0.120342,0.822315,rsid,0.9997216193040871,0.00020200873485856584,6.353397025389993e-05,0.0,1.2837990800345205e-05
rs146120664,172186620,-0.0446,0.0651,0.493,0.028877,0.029833,0.333068,rsid,0.999919396785261,4.850549479550167e-05,3.06127153424571e-05,0.0,1.4850046008644587e-06
rs6765199,172186776,-0.0544,0.0116,2.74e-06,-0.00205617,0.00848532,0.808532,rsid,0.6976176558441863,0.30062977435129623,4.05745933214671e-06,0.0,0.0017485123451853534
rs10513702,172186953,-0.0538,0.0115,2.89e-06,-0.00134562,0.00848414,0.873981,rsid,0.7102554352922625,0.28809293233275435,4.061869539953589e-06,0.0,0.0016475705054433017
rs114092688,172187362,0.0532,0.077,0.49,-0.184542,0.146784,0.208669,rsid,0.9998343422239454,5.51594329234313e-05,0.00010472103326495174,0.0,5.777309866354563e-06
rs62281225,172187534,-0.0314,0.0119,0.00832,-0.00588668,0.00875404,0.501296,rsid,0.9997394147486158,0.000251452420288756,7.297403130873046e-06,0.0,1.8354279645383102e-06
rs9874429,172187548,-0.0549,0.0127,1.54e-05,-0.00917371,0.00936304,0.327195,rsid,0.9165054354559066,0.0826546671385674,9.21095772238978e-06,0.0,0.0008306864478035843
rs187933695,172187788,0.2114,0.0842,0.012,-0.00803184,0.0693938,0.907856,rsid,0.9993976284620985,0.0005374790087631345,4.21982078164573e-05,0.0,2.2694321322006596e-05
rs6445061,172188000,-0.0319,0.0119,0.00735,-0.00496076,0.00875072,0.570784,rsid,0.9997102671485851,0.00028097797359196916,6.834091989616396e-06,0.0,1.920785833339975e-06
rs73169263,172188006,0.0343,0.0809,0.672,0.00289977,0.0976158,0.976302,rsid,0.9998917702675291,5.089195385918335e-05,5.456077368066416e-05,0.0,2.777004931178478e-06
rs73041015,172188104,0.2499,0.1682,0.137,0.255919,0.331194,0.439689,rsid,0.9997708295266292,0.00012167850908510015,9.582896578674029e-05,0.0,1.1662998498984566e-05
rs115218941,172188262,-0.0274,0.0372,0.461,-0.0345799,0.0280045,0.216905,rsid,0.9999293884420696,3.108024595172404e-05,3.833962292151706e-05,0.0,1.1916890571179986e-06
rs73041016,172188853,0.1821,0.1792,0.31,0.256619,0.330785,0.437874,rsid,0.999800197071948,9.484842169072032e-05,9.586047462631908e-05,0.0,9.094031734998159e-06
rs73041019,172189166,0.3411,0.174,0.05,0.256429,0.330756,0.438172,rsid,0.9997158862016289,0.0001717978583562727,9.584525152013018e-05,0.0,1.6470688494646657e-05
rs114047838,172189221,-0.0551,0.0768,0.473,0.184085,0.14677,0.209753,rsid,0.9998337613375665,5.5878456766667623e-05,0.00010451888084796883,0.0,5.841324818788427e-06
rs75872465,172189248,-0.2123,0.1804,0.239,-0.256406,0.330751,0.438209,rsid,0.9997923275516262,0.00010203816006664656,9.585172325752214e-05,0.0,9.782565049650191e-06
rs9814532,172190200,-0.0557,0.0127,1.16e-05,-0.00916156,0.00937063,0.328228,rsid,0.8931652926582491,0.10576411414905425,8.965320391427401e-06,0.0,0.0010616278723053604
rs76578551,172190436,0.0891,0.0178,5.57e-07,0.0151364,0.0170224,0.373894,rsid,0.26463831987098557,0.7233061194408608,4.409193283997621e-06,0.0,0.012051151494869669
rs7637580,172191144,-0.0557,0.0127,1.16e-05,-0.00880637,0.00937216,0.347407,rsid,0.8931992722413561,0.10576813783933421,8.647074839183857e-06,0.0,0.0010239428444705472
rs62281226,172191689,0.0205,0.0116,0.0772,0.00121785,0.00883758,0.890396,rsid,0.9999574338094932,3.641219652140862e-05,5.937777269131421e-06,0.0,2.1621671634590503e-07
rs7628827,172191694,0.0229,0.0125,0.067,0.00638204,0.00993026,0.520428,rsid,0.9999475643225928,4.3964816828477566e-05,8.114106659090374e-06,0.0,3.5675391962708167e-07
rs114626530,172191795,-0.0429,0.0776,0.58,0.473333,0.194081,0.014734,rsid,0.9996951529148422,5.182493833339952e-05,0.0002405517648835801,0.0,1.2470381940667372e-05
rs6445062,172192239,-0.0109,0.0115,0.343,-0.0076617,0.0084895,0.366796,rsid,0.9999794696364249,1.1948353273041181e-05,8.480678083879472e-06,0.0,1.0133221812840998e-07
rs139025385,172192292,0.0147,0.0529,0.781,0.030723,0.0371685,0.408471,rsid,0.9999312507871634,3.4421968085922876e-05,3.318487742240934e-05,0.0,1.1423673284240367e-06
rs184093702,172192293,-0.0297,0.1383,0.83,-0.0126842,0.0520806,0.80758,rsid,0.9998953739191163,6.863507389828903e-05,3.367919132390901e-05,0.0,2.311815661563504e-06
rs76344120,172192313,-0.1363,0.0237,8.87e-09,-0.0148222,0.022231,0.50494,rsid,0.006151649708376314,0.9760603289771627,1.1210883510866801e-07,0.0,0.017787909205625917
rs147907368,172192641,-0.1971,0.0907,0.0298,0.111859,0.234027,0.632668,rsid,0.9995961278407652,0.00029148726747999274,8.70118096423585e-05,0.0,2.537308211259962e-05
rs11713751,172193000,0.0194,0.0121,0.109,0.00226324,0.00933477,0.808429,rsid,0.999964585684749,2.8833766676911694e-05,6.396117872274789e-06,0.0,1.8443070185421356e-07
rs67179268,172193201,-0.0086,0.0249,0.73,0.00950923,0.0150989,0.528827,rsid,0.9999702438439568,1.7355788453833627e-05,1.2188814803071418e-05,0.0,2.1155278622278153e-07
rs71310510,172193246,-0.1432,0.0772,0.0636,0.0435868,0.0284556,0.125584,rsid,0.9997535742825866,0.0001782880754024204,5.7825503166047865e-05,0.0,1.0312138844864155e-05
rs6445063,172193632,-0.091,0.0177,2.73e-07,-0.015198,0.0170164,0.371783,rsid,0.1548512677217862,0.8312532354060511,2.5880615557721944e-06,0.0,0.013892908810606924
rs13061442,172193731,-0.036,0.0131,0.00599,-0.00541169,0.00882494,0.539727,rsid,0.9996214179619124,0.0003688872770027775,7.081497441887882e-06,0.0,2.613263643116227e-06
rs13061902,172193737,0.0358,0.0131,0.00628,0.00548422,0.00882494,0.534307,rsid,0.9996364735946579,0.0003538891817374817,7.117501010294892e-06,0.0,2.5197225942461048e-06
rs13061446,172193741,-0.0375,0.0131,0.0042,-0.00548423,0.00882494,0.534306,rsid,0.9994819510693703,0.0005073203560400634,7.116405790144032e-06,0.0,3.6121687993652045e-06
rs77169239,172193758,-0.0263,0.0145,0.0697,0.00177317,0.0111919,0.874116,rsid,0.9999430000824987,4.9095635558337644e-05,7.53435682060676e-06,0.0,3.699251223324397e-07
rs144081987,172193782,-0.1014,0.0239,2.21e-05,-0.0151283,0.0214743,0.481131,rsid,0.9058614284959644,0.0924511718214276,1.63731669025823e-05,0.0,0.0016710265157054225
rs115898535,172193933,-0.0196,0.0383,0.609,0.0201048,0.028864,0.486095,rsid,0.9999474779219969,2.7976995531547733e-05,2.3877039555761216e-05,0.0,6.680429159602616e-07
rs113860555,172195029,0.0284,0.0975,0.771,-0.0413893,0.202025,0.837672,rsid,0.9998584251605773,5.6146274177222166e-05,8.088644942925249e-05,0.0,4.542115816194143e-06
rs61673004,172195439,0.0197,0.0121,0.104,0.00256985,0.00933873,0.783177,rsid,0.9999633488888804,3.0004449138564843e-05,6.4530351204140935e-06,0.0,1.936268606994246e-07
rs113935914,172195606,0.0008,0.0573,0.989,0.0758063,0.0615683,0.218227,rsid,0.9998890788778169,3.568762521926673e-05,7.264083064274016e-05,0.0,2.5926663210521153e-06
rs13064280,172195712,-0.0383,0.0131,0.00346,-0.00562768,0.00882109,0.523487,rsid,0.9993839750565472,0.0006044911100606737,7.186799252620912e-06,0.0,4.347034139459983e-06
rs12638147,172196147,-0.0593,0.0127,3.02e-06,-0.00838004,0.00940463,0.3729,rsid,0.7005713504609069,0.2966650956282471,6.510727062285336e-06,0.0,0.0027570431837835724
rs62281228,172196244,-0.0008,0.0163,0.961,-0.00722057,0.0131798,0.583793,rsid,0.9999789141690455,1.081679089337986e-05,1.0159148360490667e-05,0.0,1.0989170062807314e-07
rs538401846,172196272,0.0187,0.1027,0.856,0.124251,0.263886,0.637748,rsid,0.9998484465938605,5.713231040160458e-05,8.931741214245243e-05,0.0,5.103683595423382e-06
rs79204749,172196551,-0.0621,0.0495,0.21,-0.0177129,0.0266546,0.50635,rsid,0.9999132273110716,6.371988505435126e-05,2.167176186248309e-05,0.0,1.38104201153156e-06
rs62281229,172197023,-0.0003,0.0164,0.985,-0.00724688,0.0131801,0.582433,rsid,0.9999788478542008,1.0871220390404556e-05,1.0170358857512271e-05,0.0,1.1056655130933283e-07
rs34435474,172197169,-0.0475,0.0122,9.88e-05,-0.00672162,0.00916209,0.463172,rsid,0.9850006260905736,0.014872951664422719,7.852589552488971e-06,0.0,0.00011856965545114286
rs35544005,172197251,-0.0374,0.0131,0.0043,-0.00563719,0.00882085,0.522774,rsid,0.9994927785337989,0.0004964565415183134,7.192399059086707e-06,0.0,3.5725256237786926e-06
rs73169268,172197439,-0.0196,0.0121,0.105,-0.00261513,0.00933713,0.779417,rsid,0.9999637410080464,2.9607023741333816e-05,6.460679776891637e-06,0.0,1.912884354654283e-07
rs73169269,172197545,-0.0207,0.0251,0.41,-0.0143728,0.0176963,0.416681,rsid,0.9999604295316689,2.2976196859556984e-05,1.622154725937038e-05,0.0,3.727242120695309e-07
rs1523324,172197772,-0.1105,0.0216,3.13e-07,-0.0182925,0.0214489,0.393748,rsid,0.15694316157598945,0.826346646450746,3.1730659029031323e-06,0.0,0.016707018907361912
rs59017269,172198073,-0.0235,0.0152,0.122,0.00178436,0.0111932,0.873342,rsid,0.9999593055469397,3.290989826952476e-05,7.5365186354221796e-06,0.0,2.4803615529380044e-07
rs201248123,172198346,0.1186,0.0256,3.61e-06,0.01832,0.021448,0.393015,rsid,0.6329331588634458,0.35977244902959266,1.2810193372288662e-05,0.0,0.007281581913589205
rs6801674,172198469,-0.0128,0.0117,0.274,-0.000798803,0.00901259,0.929374,rsid,0.9999797961589723,1.4097374584685209e-05,6.021576311226106e-06,0.0,8.48901319563523e-08
rs75119100,172198528,0.1407,0.0238,3.38e-09,0.0155236,0.0221911,0.484216,rsid,0.0024722151846253834,0.9793164904554216,4.597300794174619e-08,0.0,0.018211248386945062
rs114782573,172198640,-0.0462,0.048,0.336,-0.0102662,0.0262804,0.696064,rsid,0.9999341581978298,4.639548986734267e-05,1.8584039894803326e-05,0.0,8.622724082029574e-07
rs191889118,172198718,0.151,0.1321,0.253,-0.0374411,0.0754469,0.619714,rsid,0.9998502135802302,9.548074912637758e-05,4.957180819335772e-05,0.0,4.73386245015899e-06
rs150224110,172199094,0.0038,0.0528,0.943,-0.0542821,0.0803804,0.499476,rsid,0.9999084556452882,3.327993542823697e-05,5.63876694785447e-05,0.0,1.876749805044595e-06
rs191011349,172199592,-0.1463,0.101,0.147,-0.0287823,0.0381921,0.451077,rsid,0.9998491333524263,0.00011494956411133042,3.221358694973891e-05,0.0,3.7034965124380624e-06
rs12492800,172199771,-0.0663,0.0115,8.16e-09,-0.0050922,0.0085074,0.549465,rsid,0.008602667174058966,0.9847304639240657,5.824167660418773e-08,0.0,0.0066668106601986375
rs139909455,172199782,-0.0048,0.1289,0.97,-0.133733,0.19834,0.500145,rsid,0.9998425226276367,6.519710725844085e-05,8.663126747791329e-05,0.0,5.648997626994977e-06
rs4894553,172199795,-0.059,0.0127,3.39e-06,-0.00719747,0.00941331,0.444506,rsid,0.723153961011076,0.2745390862826628,6.0607004648406745e-06,0.0,0.0023008920057962373
rs4894554,172199850,0.028,0.0146,0.0551,-0.00132236,0.0111918,0.905946,rsid,0.9999321626215838,5.989598414614284e-05,7.49258789823463e-06,0.0,4.488063718139235e-07
rs146742340,172200141,-0.0175,0.0934,0.851,0.445947,0.175253,0.0109406,rsid,0.9996319383853559,5.351586699671066e-05,0.0002985620573149279,0.0,1.5983690332401705e-05
rs71310511,172200148,0.136,0.0794,0.0867,-0.0435496,0.0284335,0.125614,rsid,0.9997865966407044,0.00014712357954307828,5.777752852922978e-05,0.0,8.50225122334525e-06
rs192583101,172200164,0.1011,0.0753,0.179,-0.0570785,0.0634104,0.368043,rsid,0.99984787666723,9.215736250599836e-05,5.490527507559312e-05,0.0,5.060695188451192e-06
rs188327160,172200181,0.2192,0.1112,0.0487,0.0319191,0.102724,0.756009,rsid,0.9997208207783176,0.00020861647086907532,5.838026488725036e-05,0.0,1.2182485926118978e-05
rs78580653,172200214,-0.0935,0.0177,1.27e-07,-0.0155306,0.0167464,0.35372,rsid,0.08141110813284155,0.9032604324074985,1.3814337058977107e-06,0.0,0.01532707802595423
rs149038051,172200356,0.1383,0.1748,0.429,-0.0386097,0.19428,0.842472,rsid,0.9998267014320007,8.665479541943847e-05,7.973330202973532e-05,0.0,6.910470550153556e-06
rs73169271,172201103,-0.0286,0.0146,0.0501,0.0014271,0.011193,0.898546,rsid,0.9999271982360166,6.48135951981222e-05,7.501907771038774e-06,0.0,4.862610141453403e-07
rs150244029,172201158,-0.0303,0.0146,0.038,0.00142493,0.0111912,0.898682,rsid,0.9999100952810986,8.179078385941255e-05,7.500415057015192e-06,0.0,6.135199851260162e-07
rs139284675,172201350,0.1396,0.0237,3.86e-09,0.0163024,0.02218,0.462337,rsid,0.002796980064212516,0.9785562401555108,5.3297419295070004e-08,0.0,0.01864672648285732
rs73169272,172201427,0.0286,0.0146,0.0501,-0.00132201,0.0111895,0.905951,rsid,0.9999272098356887,6.481359594999338e-05,7.49101349568237e-06,0.0,4.855548655835526e-07
rs73169273,172201447,0.0292,0.0146,0.0455,-0.00157567,0.0111928,0.888048,rsid,0.9999217046270471,7.025235286719646e-05,7.515030193488974e-06,0.0,5.279898921261425e-07
rs73169275,172201477,-0.0016,0.0163,0.922,-0.00707872,0.0131788,0.591178,rsid,0.9999789349502541,1.0855487632373759e-05,1.0099920244489143e-05,0.0,1.0964186891343613e-07
rs6765792,172201547,0.0462,0.0122,0.000153,0.00549236,0.00915145,0.548398,rsid,0.989965359363986,0.009954883330877856,7.214075906915413e-06,0.0,7.254322922933213e-05
rs143302221,172201568,0.0718,0.0651,0.27,0.0270379,0.0425229,0.524879,rsid,0.9998985107454357,6.641908237147188e-05,3.288571169935125e-05,0.0,2.184460493470795e-06
rs73169276,172201829,0.0285,0.0146,0.0509,-0.0012586,0.0111883,0.910433,rsid,0.9999280764564501,6.395938453427245e-05,7.485365226080125e-06,0.0,4.787937894202948e-07
rs115103397,172201897,-0.1108,0.0655,0.0907,0.0524171,0.264376,0.842836,rsid,0.999767924859106,0.00013306355635912877,8.738158150498678e-05,0.0,1.1630003029930384e-05
rs2860860,172202410,-0.0585,0.0115,3.64e-07,-0.00393415,0.00846722,0.642194,rsid,0.25204069388989636,0.7432922958858293,1.581985683232023e-06,0.0,0.0046654282385912
rs2860861,172202429,0.0363,0.0131,0.00559,0.00434454,0.00882819,0.622633,rsid,0.9995980148040124,0.000392754592049788,6.626836712269969e-06,0.0,2.6037672253865528e-06
rs2860862,172202432,-0.0456,0.0122,0.000186,-0.00548923,0.00915124,0.548617,rsid,0.9916349973405109,0.008297326959100635,7.2246601169589745e-06,0.0,6.045104027142219e-05
rs2901790,172202450,0.0335,0.0132,0.0112,0.00413332,0.0088282,0.639645,rsid,0.9997779449480984,0.0002140992488052458,6.552587453801251e-06,0.0,1.403215642711898e-06
rs2100143,172202876,-0.0581,0.0115,4.37e-07,-0.00392961,0.00846726,0.64258,rsid,0.2864978171215261,0.7090509676442914,1.797823335472435e-06,0.0,0.004449417410847139
rs2084373,172202999,-0.0464,0.0122,0.000143,-0.00528921,0.0091512,0.563277,rsid,0.989333956266343,0.010582808221864476,7.116030629065629e-06,0.0,7.611948116338716e-05
rs61116349,172203271,-0.0295,0.0145,0.0419,0.00129434,0.0111078,0.907236,rsid,0.9999172363492267,7.477252079780668e-05,7.435139813411238e-06,0.0,5.559901621085025e-07
rs189967226,172203404,0.0159,0.0799,0.842,-0.464731,0.193833,0.016504,rsid,0.9997091524961599,4.773464245514817e-05,0.00023203359816310388,0.0,1.1079263221949781e-05
rs62282568,172203533,0.0021,0.0164,0.898,-0.00717068,0.0131792,0.58638,rsid,0.9999787930565027,1.095783778244577e-05,1.0138012660629432e-05,0.0,1.1109305411568032e-07
rs73169277,172203597,0.0295,0.0146,0.0433,-0.000854367,0.0111019,0.938658,rsid,0.9999188687197531,7.318645061941534e-05,7.402987302579554e-06,0.0,5.41842325017918e-07
rs547762637,172203795,-0.1918,0.1916,0.317,0.165746,0.137127,0.226777,rsid,0.9997947493943068,9.524418398325213e-05,0.0001004382944503753,0.0,9.568127259510962e-06
rs11919974,172203820,-0.0625,0.0115,5.49e-08,-0.00408991,0.00846871,0.629135,rsid,0.05180927453900186,0.9422239223377669,3.2807354658567474e-07,0.0,0.005966475049684644
rs144133876,172203856,0.0306,0.068,0.653,0.0404939,0.0357294,0.257067,rsid,0.9999106319763492,4.490686524049803e-05,4.255019189755965e-05,0.0,1.9109665128015545e-06
rs149483668,172204014,-0.0326,0.0444,0.463,-0.00308462,0.0318282,0.922794,rsid,0.9999420237723985,3.636685955209261e-05,2.0851037337823487e-05,0.0,7.58330711533995e-07
rs1597088,172204644,-0.0611,0.0115,1.08e-07,-0.00405271,0.00846857,0.632253,rsid,0.0947833233402427,0.899531992305241,5.989297893950082e-07,0.0,0.005684085424726896
rs1823226,172205068,-0.0334,0.0132,0.0114,-0.00552926,0.00886362,0.532749,rsid,0.9997812755858874,0.0002100599327781382,7.160101789439345e-06,0.0,1.5043795451088628e-06
rs1839047,172205381,0.0474,0.0122,0.000102,0.00544334,0.00914348,0.551626,rsid,0.9854719888408359,0.01441619600051169,7.15446579265921e-06,0.0,0.00010466069285972332
rs4894555,172205407,-0.0481,0.0122,8.06e-05,-0.00546938,0.00914364,0.549732,rsid,0.9819081003188254,0.01795419026685735,7.14075237604274e-06,0.0,0.00013056866194133287
rs73169279,172205494,-0.0285,0.0146,0.0509,0.00104234,0.0111163,0.925294,rsid,0.9999281426027293,6.395938876525206e-05,7.423191589450007e-06,0.0,4.74816915856336e-07
rs182707774,172205861,0.1713,0.1427,0.23,-0.0948261,0.143453,0.508595,rsid,0.9998141417978773,0.00010060017688331563,7.74637133387733e-05,0.0,7.794311900715703e-06
rs113146273,172205922,-0.0488,0.0287,0.0891,-0.0100629,0.0256732,0.695088,rsid,0.9999046521667562,7.579254749247309e-05,1.817743989989689e-05,0.0,1.377845851520997e-06
rs6777318,172205950,-0.0484,0.0122,7.27e-05,-0.00543846,0.00914349,0.551983,rsid,0.9801104747920205,0.019739152122894097,7.113295423722699e-06,0.0,0.0001432597896617153
rs73169281,172206404,-0.0039,0.0164,0.812,0.00988867,0.0130642,0.449093,rsid,0.9999771628984865,1.117739593852728e-05,1.1530818112037477e-05,0.0,1.2888746294945965e-07
rs73169282,172206431,0.0285,0.0146,0.0509,-0.00104066,0.0111165,0.925416,rsid,0.9999281425738775,6.395938876340657e-05,7.42321870867223e-06,0.0,4.7481865050986083e-07
rs182729752,172206505,-0.0958,0.1391,0.491,0.0804781,0.0534692,0.132291,rsid,0.9998239544555075,7.723776125102171e-05,9.172212430432416e-05,0.0,7.085658937139603e-06
rs191522692,172206624,-0.0052,0.0567,0.927,-0.00968868,0.0555703,0.86159,rsid,0.9999280528781047,3.5489588718066056e-05,3.520792837422434e-05,0.0,1.2496048030854385e-06
rs142360709,172206724,0.0311,0.0533,0.56,-0.0570653,0.0803166,0.477392,rsid,0.999901383175911,3.894563651244955e-05,5.7434157159404874e-05,0.0,2.2370304169641964e-06
rs6445064,172206980,-0.0493,0.0122,5.32e-05,-0.0054986,0.00914366,0.547602,rsid,0.9735087019280592,0.0262926306372746,7.093210888105715e-06,0.0,0.00019157422377826888
rs148170085,172207254,-0.0299,0.0741,0.687,-0.0204299,0.0538578,0.704443,rsid,0.9999149930103801,4.728650323589822e-05,3.601721351056163e-05,0.0,1.7032728733146715e-06
rs111962448,172207492,-0.0474,0.0288,0.0998,-0.00952054,0.0256805,0.710839,rsid,0.9999110838476217,6.961999190674282e-05,1.804009735532806e-05,0.0,1.2560631161742266e-06
rs115408096,172207654,-0.004,0.057,0.944,-0.0672039,0.0387588,0.0829354,rsid,0.9998583817842431,3.5596805468438e-05,0.00010237661371594626,0.0,3.644796572551363e-06
rs1597087,172207695,0.0489,0.0122,6.12e-05,0.00549884,0.00914366,0.547586,rsid,0.9766866441917894,0.02313765037536384,7.116478028580611e-06,0.0,0.00016858895481826938
rs138747986,172207964,0.0288,0.0933,0.758,-0.0439604,0.100493,0.661788,rsid,0.9998826304252971,5.4661511826480664e-05,5.945763704487832e-05,0.0,3.2504258316006696e-06
rs114948847,172207988,0.241,0.1876,0.199,-0.118944,0.294354,0.68615,rsid,0.9997918952223932,0.00010774059481439374,9.060077011664682e-05,0.0,9.763412675833269e-06
rs62282569,172208114,-0.0916,0.0657,0.163,-0.00605618,0.0249598,0.808287,rsid,0.9998908960455148,9.06811170382438e-05,1.6890977598495685e-05,0.0,1.531859848466726e-06
rs6445065,172208177,-0.1124,0.0217,2.22e-07,-0.0190466,0.0214387,0.374316,rsid,0.1185249225483077,0.8634848943750123,2.4690558283427507e-06,0.0,0.017987714020851638
rs185864422,172208209,0.0203,0.1211,0.867,0.099939,0.149963,0.505139,rsid,0.9998526411794787,6.335039660297614e-05,7.900282594319952e-05,0.0,5.005597975271222e-06
rs56159606,172208643,0.0057,0.0173,0.742,-0.00803181,0.0133029,0.546,rsid,0.9999771973815172,1.2088776853287025e-05,1.0585868509134232e-05,0.0,1.2797312032740083e-07
rs183930814,172208674,0.146,0.1724,0.397,-0.0379566,0.194274,0.845098,rsid,0.9998252286994399,8.803960890422144e-05,7.971259888903149e-05,0.0,7.019092766901033e-06
rs34793659,172208888,-0.0596,0.013,4.55e-06,-0.0085552,0.00865936,0.323167,rsid,0.7719410725269454,0.22593358809571873,7.236862569887933e-06,0.0,0.002118102514765869
rs34022867,172209149,0.0676,0.0122,3.01e-08,0.00863758,0.00865761,0.318431,rsid,0.028276238504727595,0.9626137523409679,2.675935435807721e-07,0.0,0.009109741560760857
rs34120932,172209171,0.0595,0.013,4.72e-06,0.00852325,0.00865795,0.324899,rsid,0.7780451910233579,0.2198935350682345,7.267652000924399e-06,0.0,0.0020540062564065337
rs7649372,172209172,-0.0189,0.0157,0.229,0.00111447,0.0111158,0.920138,rsid,0.9999710956369213,2.1318180308908932e-05,7.427830365572096e-06,0.0,1.5835240411263778e-07
rs35631909,172209176,-0.0599,0.013,4.07e-06,-0.00863747,0.00865761,0.318438,rsid,0.7528638489861545,0.24481226298113207,7.1246732445514156e-06,0.0,0.0023167633594687763
rs34260166,172209291,0.0327,0.014,0.0195,0.00572431,0.00885911,0.518183,rsid,0.9998528777902596,0.00013885527690976745,7.25885429652485e-06,0.0,1.0080785341331468e-06
rs145379434,172209679,0.1263,0.0253,5.97e-07,0.016032,0.0221824,0.469842,rsid,0.24407745355749208,0.7419024422843303,4.610937639035683e-06,0.0,0.014015493220538447
rs149216664,172209680,0.0181,0.0157,0.249,-0.000953407,0.0111147,0.931643,rsid,0.9999723448929834,2.0088934471103564e-05,7.417165473586485e-06,0.0,1.4900707196673223e-07
rs147109194,172209801,-0.0605,0.0133,5.39e-06,-0.00854276,0.00865758,0.323772,rsid,0.7961264178333476,0.20197531652825024,7.453019028913404e-06,0.0,0.0018908126193734295
rs150571279,172210342,0.058,0.013,8.14e-06,0.00863747,0.00865752,0.318433,rsid,0.8546725276318811,0.14395705693174596,8.088132289305376e-06,0.0,0.0013623273040835652
rs60273977,172210361,0.0583,0.013,7.3e-06,0.00865149,0.00865772,0.317659,rsid,0.841477626090845,0.1570259968203049,7.976106825537998e-06,0.0,0.001488400982024599
rs78100332,172210541,-0.0604,0.013,3.38e-06,-0.00863522,0.00865752,0.318558,rsid,0.718558035543432,0.2787974679601515,6.798265683326907e-06,0.0,0.0026376982307330563
rs7610883,172210552,-0.0421,0.0124,0.000686,-0.00897025,0.00854566,0.293863,rsid,0.9974484075811438,0.0025169717934398423,9.82588470240943e-06,0.0,2.47947407139899e-05
rs76407136,172210730,-0.0603,0.013,3.51e-06,-0.00863503,0.00865752,0.318569,rsid,0.7256699561624604,0.27175219154006364,6.865401663938481e-06,0.0,0.0025709868958119
rs7611095,172210782,0.0407,0.0124,0.00103,0.00896814,0.00854566,0.293976,rsid,0.9982407942938637,0.0017323139031162524,9.831150729969509e-06,0.0,1.706065229001668e-05
rs144352408,172210910,0.0288,0.0146,0.0485,-0.000951428,0.0111148,0.931784,rsid,0.9999255238098065,6.65656794681898e-05,7.4167715178941405e-06,0.0,4.937392073640546e-07
rs112503286,172210946,-0.0423,0.0126,0.000788,-0.00897458,0.00854565,0.29363,rsid,0.9977189718500489,0.0022490274161836056,9.833764445082551e-06,0.0,2.2166969322305508e-05
rs199930912,172210969,0.0608,0.0133,4.84e-06,0.00863773,0.00865751,0.318418,rsid,0.779043621397558,0.21887761149486493,7.37264370465785e-06,0.0,0.0020713944638725995
rs150261421,172211168,0.1078,0.185,0.56,0.273461,0.320522,0.393563,rsid,0.9998122026574662,8.307907679211779e-05,9.668431348244675e-05,0.0,8.033952259285721e-06
rs145869885,172211182,0.0194,0.0374,0.604,-0.0292464,0.0222432,0.188561,rsid,0.9999374242415807,2.7460449955023325e-05,3.4176741045468755e-05,0.0,9.385674186729376e-07
rs140458381,172211250,-0.0603,0.0131,4.16e-06,-0.00863658,0.00865749,0.318481,rsid,0.7556091031745533,0.2420929517653334,7.149921744674283e-06,0.0,0.00229079513836862
rs193206503,172211575,0.0667,0.088,0.448,-0.00653597,0.0591963,0.912083,rsid,0.9998981274135039,6.265704752989328e-05,3.690306621478724e-05,0.0,2.3124727513991095e-06
rs77408560,172211612,-0.068,0.0122,2.49e-08,-0.00863666,0.00865749,0.318475,rsid,0.023705426267360257,0.9671427150192369,2.2431373479647429e-07,0.0,0.009151634399667987
rs142917806,172211625,0.0355,0.0132,0.00716,0.00557966,0.00885942,0.528826,rsid,0.9996734131872266,0.0003171254811925695,7.182753323191755e-06,0.0,2.2785782575154897e-06
rs13076358,172211743,-0.0597,0.0131,5.18e-06,-0.00863758,0.00865748,0.318424,rsid,0.7919858546697358,0.20605662360045282,7.4949960954685805e-06,0.0,0.0019500267337159158
rs150787568,172211746,0.0495,0.0288,0.0857,0.00950687,0.0256806,0.711236,rsid,0.9999021871749459,7.836275428854609e-05,1.803653958431323e-05,0.0,1.4135311811393024e-06
rs34937527,172211825,0.0587,0.013,6.32e-06,0.00867564,0.00865749,0.316297,rsid,0.8222716522103902,0.1760471858835796,7.815774398612527e-06,0.0,0.0016733461316316993
rs7627964,172211875,-0.0623,0.0135,3.93e-06,-0.00726647,0.00940373,0.439687,rsid,0.7409872612981137,0.25684268841014196,6.242552515672369e-06,0.0,0.002163807739228766
rs34802424,172211878,-0.0598,0.0133,6.92e-06,-0.00863732,0.00865748,0.318439,rsid,0.8317833781247496,0.16663186890137063,7.871386800444066e-06,0.0,0.001576881587079346
rs34134613,172212104,-0.0589,0.0131,6.92e-06,-0.0084761,0.00865759,0.327562,rsid,0.833612034070975,0.16484857027771913,7.74530321981318e-06,0.0,0.0015316503480861559
rs35678713,172212118,-0.0592,0.0131,6.21e-06,-0.0084762,0.00865758,0.327556,rsid,0.8189134718296324,0.17941193829925664,7.608820530814809e-06,0.0,0.0016669810505799854
rs7635942,172212126,0.0489,0.013,0.000169,0.00557793,0.00914393,0.541852,rsid,0.9903373238023252,0.009585214353890713,7.253839554453573e-06,0.0,7.020800422952347e-05
rs57361543,172212144,-0.0592,0.0131,6.21e-06,-0.0086356,0.00865746,0.318534,rsid,0.8188883764869994,0.17940644027752548,7.747827354453862e-06,0.0,0.0016974354081205755
rs7628265,172212174,0.0485,0.0122,7.03e-05,0.00558344,0.0091449,0.541496,rsid,0.9794689605407834,0.020374561738309795,7.177336813175831e-06,0.0,0.00014930038409380068
rs151311904,172212208,-0.076,0.075,0.311,0.0359721,0.0581831,0.536406,rsid,0.9998869859888406,6.743579716616086e-05,4.269848234817755e-05,0.0,2.879731644958861e-06
rs7636141,172212322,-0.0302,0.0146,0.0386,0.000932743,0.0111154,0.933124,rsid,0.9999113367310319,8.06491106234926e-05,7.4160106477725525e-06,0.0,5.981476968473358e-07
rs36112767,172212338,-0.0353,0.0131,0.00705,-0.00565181,0.00886105,0.523587,rsid,0.9996711430656436,0.00031932986873682464,7.2205650282322706e-06,0.0,2.3065005913846914e-06
rs62282574,172212544,-0.069,0.1028,0.502,-0.0367568,0.0703242,0.6012,rsid,0.9998834985278441,6.589425877995978e-05,4.747830137567991e-05,0.0,3.1289120001362352e-06
rs4894556,172213127,-0.0292,0.0146,0.0455,0.000622297,0.0111198,0.955371,rsid,0.9999218228098616,7.025236117046736e-05,7.404597817433052e-06,0.0,5.20231150401922e-07
rs34407347,172213322,-0.0591,0.0138,1.85e-05,-0.00877451,0.00865326,0.310578,rsid,0.923954668965871,0.07531232622757125,8.883738889527962e-06,0.0,0.0007241210676683156
rs2901791,172213570,0.0666,0.0122,4.79e-08,0.00860771,0.00865423,0.319919,rsid,0.04355658338765148,0.9475069126840635,4.107892837068041e-07,0.0,0.008936093139001332
rs143550433,172213861,-0.0379,0.0448,0.398,0.0333479,0.0374556,0.373289,rsid,0.9999236698612401,3.974885240978271e-05,3.518270735427729e-05,0.0,1.3985789957305555e-06
rs2080199,172213951,-0.0172,0.0121,0.155,-0.00421679,0.00928516,0.649726,rsid,0.9999710617081334,2.1940849618510684e-05,6.847204417930035e-06,0.0,1.5023783006718077e-07
rs2080198,172213968,0.0675,0.0122,3.15e-08,0.00859818,0.0086552,0.320509,rsid,0.02954296628475401,0.9613995161468993,2.783210405477587e-07,0.0,0.009057239247306165
rs2080197,172214001,0.0672,0.0122,3.63e-08,0.0085933,0.00865545,0.320798,rsid,0.033664780880623864,0.9573211141370409,3.1697535307469216e-07,0.0,0.009013788006982059
rs2080196,172214082,-0.0192,0.0121,0.113,-0.0041873,0.00928581,0.652037,rsid,0.9999648818751502,2.80883128687244e-05,6.837744528434692e-06,0.0,1.9206745267986482e-07
rs55773226,172214132,-0.0297,0.0146,0.0419,0.00112886,0.0111176,0.919123,rsid,0.9999167837202059,7.52277471678944e-05,7.429575857802269e-06,0.0,5.589567684982814e-07
rs55732865,172214341,-0.0351,0.0143,0.0141,0.00015865,0.010465,0.987904,rsid,0.9998039210113621,0.00018781170955016504,6.959876440954089e-06,0.0,1.3074026468222374e-06
rs141013100,172214344,0.02,0.0424,0.637,-0.0280461,0.0234597,0.231891,rsid,0.9999378688668082,3.0153621791796265e-05,3.104144135813967e-05,0.0,9.360700416780025e-07
rs12633330,172214403,0.0406,0.0116,0.000465,0.00919683,0.00854747,0.28194,rsid,0.9965682167703601,0.0033873681227804004,1.0096561722667144e-05,0.0,3.431854513671326e-05
rs75887550,172214879,0.0704,0.0703,0.317,0.116584,0.0712789,0.101923,rsid,0.9998000119378333,6.401047143044484e-05,0.00012779569196478928,0.0,8.181898771526236e-06
rs10804846,172215011,-0.0418,0.0135,0.00196,-0.0087404,0.00925538,0.344986,rsid,0.9989401409630947,0.0010402748890241543,9.59358927690975e-06,0.0,9.990558604201004e-06
rs74910533,172215013,0.2558,0.1728,0.139,0.286182,0.304248,0.346899,rsid,0.9997694793175854,0.00012091174712286105,9.778308548389864e-05,0.0,1.1825849807890108e-05
rs73041067,172215419,-0.1763,0.185,0.341,-0.28547,0.30344,0.346817,rsid,0.999800135836954,9.299554054715975e-05,9.777423684962138e-05,0.0,9.09438564919276e-06
rs2041693,172215575,0.04,0.0116,0.000564,0.00705364,0.00848743,0.405935,rsid,0.9971345926705921,0.002834861005949099,7.948546655640675e-06,0.0,2.2597776803323435e-05
rs2041692,172215637,-0.0405,0.0136,0.0029,-0.00859918,0.00925598,0.352868,rsid,0.9992501330343686,0.0007334615222524196,9.46097489957878e-06,0.0,6.944468479343513e-06
rs9855107,172215655,-0.0167,0.014,0.233,0.00018028,0.0114278,0.987413,rsid,0.9999734443141954,1.8814710245908995e-05,7.598017268914501e-06,0.0,1.4295828971346394e-07
rs9817507,172215677,-0.0165,0.0141,0.242,0.000124093,0.0114278,0.991336,rsid,0.9999738118784641,1.8450414912260587e-05,7.5975254555388495e-06,0.0,1.4018116804261915e-07
rs10576103,172215870,-0.0451,0.0138,0.00108,-0.00285664,0.00935069,0.759985,rsid,0.9981577358113034,0.0018238690622472274,6.5064009240357215e-06,0.0,1.1888725525209864e-05
rs181818153,172215910,0.0133,0.1078,0.902,0.0812919,0.0779223,0.296836,rsid,0.9998664385820728,5.865080225620163e-05,7.075993438095372e-05,0.0,4.150681289917565e-06
rs9822165,172216096,0.0163,0.0141,0.248,-0.000135993,0.0114276,0.990505,rsid,0.9999741134659885,1.8151142333033017e-05,7.59748507546238e-06,0.0,1.3790660290177823e-07
rs145807254,172216505,0.109,0.0214,3.52e-07,0.018146,0.0212587,0.393338,rsid,0.17290107261957469,0.8108325000127931,3.4678964354465826e-06,0.0,0.016262959471196853
rs1990529,172216555,0.0403,0.0116,0.000512,0.00692445,0.0084864,0.414531,rsid,0.9968699130672463,0.00309785288348145,7.847455247292915e-06,0.0,2.438659402511036e-05
rs1990528,172216561,0.0152,0.0141,0.281,-0.000142337,0.0114274,0.990062,rsid,0.9999756270147799,1.6649076722710893e-05,7.597415461607265e-06,0.0,1.2649303592750448e-07
rs573393175,172216606,0.1762,0.0575,0.00218,0.075762,0.0342034,0.0267572,rsid,0.9971416215159362,0.0021400639648761523,0.0002283118796957577,0.0,0.0004900026394918885
rs376028698,172216630,-0.2316,0.1261,0.0663,-0.0351454,0.105403,0.738804,rsid,0.9997571732616981,0.00017284625973052178,5.966508665361073e-05,0.0,1.0315391917547734e-05
rs73169285,172216957,0.1083,0.0136,1.68e-15,0.0121332,0.00976671,0.214124,rsid,2.401778006178878e-09,0.9861818351268032,3.365318395396318e-14,0.0,0.013818162471385181
rs62282576,172217058,0.108,0.0136,2e-15,0.0121544,0.00976807,0.213388,rsid,2.8581062400677035e-09,0.9861462143424135,4.015183802538436e-14,0.0,0.013853782799440162
rs2041691,172217194,0.0402,0.0116,0.000529,0.00682172,0.00848598,0.421466,rsid,0.996961412766044,0.003007371840662404,7.771716445286854e-06,0.0,2.3443676848357007e-05
rs6808332,172217520,0.04,0.0136,0.00327,0.00828782,0.00925541,0.370542,rsid,0.9993262984757202,0.0006584780584596876,9.17672202048518e-06,0.0,6.046743799588055e-06
rs138929316,172217631,-0.0246,0.0705,0.727,-0.0163799,0.119296,0.89079,rsid,0.9998898850803417,4.471042698020443e-05,6.260508436810556e-05,0.0,2.799408309850852e-06
rs115984079,172217788,0.0015,0.0421,0.972,0.0144418,0.0363468,0.691121,rsid,0.9999469003319902,2.7039679924540935e-05,2.537385084630315e-05,0.0,6.861372389966794e-07
rs4894557,172218253,0.0434,0.0122,0.000375,0.00292407,0.00935018,0.754487,rsid,0.9956310381312127,0.004334144687435756,6.504038480951688e-06,0.0,2.8313142870682026e-05
rs10936723,172218451,-0.0396,0.0136,0.00359,-0.00862481,0.00924852,0.351047,rsid,0.9993801471683826,0.000604628491562389,9.485549414953465e-06,0.0,5.738790640032098e-06
rs6785831,172219118,0.1093,0.0136,9.22e-16,0.0119815,0.00976521,0.219837,rsid,1.3404836611281104e-09,0.9864385906283524,1.8428765926586864e-14,0.0,0.013561408031145552
rs184800239,172219253,-0.2787,0.1111,0.0121,0.0508595,0.0543099,0.349033,rsid,0.999473285979761,0.00045380320735067663,5.0143527453475195e-05,0.0,2.2767285434704997e-05
rs9880475,172219863,-0.0397,0.0116,0.000621,-0.00719841,0.00848417,0.396186,rsid,0.99737509016745,0.002595858050795877,8.063914115745303e-06,0.0,2.098786763841229e-05
rs9880799,172220093,0.0434,0.0122,0.000375,0.00224769,0.00935781,0.81018,rsid,0.995631696096606,0.004334147551666685,6.380591919816862e-06,0.0,2.7775759807445094e-05
rs556567488,172220102,-0.2419,0.1382,0.0801,-0.00887618,0.136375,0.948105,rsid,0.9997670627391543,0.0001551478116282665,6.733944715950162e-05,0.0,1.0450002057909166e-05
rs34531510,172220158,0.0122,0.0153,0.425,0.00142452,0.00985153,0.885028,rsid,0.9999793846923395,1.3900577700675272e-05,6.622669135020418e-06,0.0,9.206082475944113e-08
rs142968030,172220242,-0.1056,0.0821,0.198,0.00522317,0.0913112,0.954385,rsid,0.9998524854501386,9.073335710542738e-05,5.205717375803273e-05,0.0,4.7240189980228975e-06
rs1597086,172220562,-0.0431,0.0122,0.000411,-0.00224769,0.00935781,0.81018,rsid,0.9959920993116473,0.003976037009363301,6.382901595021844e-06,0.0,2.5480777394188827e-05
rs66496128,172220597,-0.0397,0.0136,0.00351,-0.00896251,0.00924876,0.33252,rsid,0.9993664989325698,0.0006176134838647049,9.819242620993216e-06,0.0,6.068340944530306e-06
rs6414542,172220619,0.0433,0.0122,0.000386,0.00224769,0.00935781,0.81018,rsid,0.9957555669159599,0.004211064725423677,6.3813857566866295e-06,0.0,2.6986972859748156e-05
rs1992869,172220789,0.0432,0.0122,0.000399,0.00223545,0.00935779,0.811194,rsid,0.9958756710397517,0.004091734807808227,6.3801510686131395e-06,0.0,2.6214001371539872e-05
rs2860863,172220961,0.0398,0.0133,0.00277,0.00217609,0.00935667,0.816095,rsid,0.9992386647543647,0.0007501456281457865,6.391447828002799e-06,0.0,4.798169661375926e-06
rs1992868,172220976,-0.0442,0.0121,0.000259,-0.00228865,0.00935961,0.806825,rsid,0.9939087445514586,0.006046083211427326,6.377433633356429e-06,0.0,3.879480348070522e-05
rs11706116,172221003,0.1096,0.0136,7.7e-16,0.0119784,0.00976495,0.219946,rsid,1.1240723513981467e-09,0.9864435965768314,1.5447793529916117e-14,0.0,0.013556402299080594
rs9849142,172221249,-0.0096,0.0133,0.47,0.00147814,0.00985374,0.880759,rsid,0.9999818568300299,1.1437919675283354e-05,6.629422121264342e-06,0.0,7.58281734800081e-08
rs34988670,172221306,-0.0401,0.0136,0.00319,-0.00898993,0.00924809,0.331008,rsid,0.9993107614564193,0.0006727625433245632,9.846843625044214e-06,0.0,6.629156631165641e-06
rs62282578,172221371,0.0432,0.0121,0.000357,0.00249199,0.00935681,0.789985,rsid,0.9954629736420693,0.004501568888585704,6.42102843077199e-06,0.0,2.9036440914456873e-05
rs9869065,172221470,0.0828,0.0769,0.282,-0.458222,0.193869,0.0181001,rsid,0.9996865126878319,7.218075060770634e-05,0.0002250567055040659,0.0,1.6249856056279195e-05
rs9811639,172221549,0.0438,0.0122,0.00033,0.00226878,0.00935916,0.80846,rsid,0.9950958395479826,0.0048665700194997314,6.3814765127421645e-06,0.0,3.1208956004840406e-05
rs9811646,172221556,0.0455,0.0122,0.000192,0.00226134,0.00935896,0.809072,rsid,0.9918910768633874,0.008050944371563697,6.359578257019853e-06,0.0,5.1619186791943175e-05
rs115315907,172221558,0.047,0.0513,0.36,0.0254218,0.032831,0.438739,rsid,0.9999230759355151,4.711942653418255e-05,2.846335768261242e-05,0.0,1.3412802679718425e-06
rs9811650,172221572,0.044,0.0122,0.00031,0.00220073,0.00935941,0.814103,rsid,0.9948018473664979,0.005158757506802204,6.368727847185787e-06,0.0,3.3026398852620756e-05
rs9869255,172221599,0.043,0.0122,0.000424,0.00224869,0.00935781,0.810097,rsid,0.996104998907233,0.0038638548229818236,6.383788378371528e-06,0.0,2.4762481406805273e-05
rs9811673,172221631,0.0435,0.0121,0.000324,0.00224869,0.00935781,0.810097,rsid,0.9950472813428171,0.004914843640965974,6.377009730435091e-06,0.0,3.149800648639629e-05
rs9811928,172221761,0.0433,0.0121,0.000346,0.00225228,0.00935897,0.809823,rsid,0.9953288884678807,0.004635020514485219,6.380142668649565e-06,0.0,2.9710874965212572e-05
rs9869551,172221794,0.0435,0.0121,0.000324,0.00224869,0.00935781,0.810097,rsid,0.9950472813428171,0.004914843640965974,6.377009730435091e-06,0.0,3.149800648639629e-05
rs9873546,172221933,0.0432,0.0121,0.000357,0.00212645,0.00935185,0.820126,rsid,0.9954633285151733,0.004501570493352297,6.356473498190659e-06,0.0,2.8744517976279003e-05
rs183311120,172221992,-0.1454,0.1687,0.389,-0.0469378,0.118792,0.692751,rsid,0.9998410902962855,8.804348218046081e-05,6.513095414383348e-05,0.0,5.735267390200715e-06
rs12696330,172222000,0.0436,0.0121,0.000314,0.0022521,0.00935143,0.809687,rsid,0.9948996990188361,0.0050615084136860205,6.3725417755150985e-06,0.0,3.242002570223378e-05
rs6796310,172222111,0.1092,0.0136,9.79e-16,0.0119794,0.00976494,0.219906,rsid,1.4213669622908946e-09,0.9864419163581863,1.953587922468331e-14,0.0,0.01355808222042712
rs6783667,172222186,-0.0434,0.0122,0.000375,-0.00196359,0.00934969,0.833655,rsid,0.9956319546295371,0.004334148677102804,6.332086327232751e-06,0.0,2.7564607032614017e-05
rs6807069,172222205,-0.0433,0.0121,0.000346,-0.00196359,0.00934969,0.833655,rsid,0.9953291698942288,0.004635021825023788,6.3301606567341035e-06,0.0,2.9478120090650435e-05
rs13089978,172222248,-0.0404,0.0136,0.00297,-0.0093849,0.00925646,0.310642,rsid,0.9992646178954839,0.0007177335160892411,1.0271187616167928e-05,0.0,7.377400810698509e-06
rs140094666,172222290,-0.0253,0.0477,0.596,0.0132646,0.0720127,0.853858,rsid,0.9999201731646207,3.443467344454957e-05,4.388101295313963e-05,0.0,1.5111489816984087e-06
rs201618957,172222474,0.0001,0.0303,0.997,0.0156663,0.017978,0.383526,rsid,0.9999625522320746,1.9801419911162535e-05,1.73036974043665e-05,0.0,3.4265060982007035e-07
rs73025624,172222493,-0.0396,0.0116,0.000641,-0.00721452,0.00848842,0.395367,rsid,0.9974503869500986,0.0025211152799846093,8.078607683139328e-06,0.0,2.041916223346211e-05
rs6809850,172222602,-0.0428,0.0121,0.000404,-0.0019075,0.00935335,0.838402,rsid,0.9959605477184013,0.004007657407150914,6.328708717430185e-06,0.0,2.546616573037277e-05
rs62282595,172222614,0.0275,0.0319,0.389,0.0360746,0.0300765,0.230362,rsid,0.9999298958951617,2.9682474197003836e-05,3.925632412075987e-05,0.0,1.16530652055416e-06
rs193272075,172222688,0.0984,0.0229,1.73e-05,0.0180359,0.0212526,0.396079,rsid,0.8869277224950047,0.11084116259566895,1.771119205133084e-05,0.0,0.0022134037172749864
rs7631904,172222756,0.0307,0.014,0.0283,0.00371122,0.00941404,0.693416,rsid,0.9998917848425808,0.00010076541438144435,6.767717385395699e-06,0.0,6.82025652269227e-07
rs2860864,172222902,0.0397,0.013,0.00226,0.00196359,0.00934969,0.833655,rsid,0.9991051656989449,0.0008828652206173509,6.354175486004652e-06,0.0,5.614904951840933e-06
rs9859259,172223141,0.04,0.0116,0.000564,0.0069489,0.00848704,0.412919,rsid,0.9971349006334707,0.0028348618814898353,7.868182922545744e-06,0.0,2.2369302117039457e-05
rs112822654,172223206,0.0477,0.0138,0.000547,0.0019067,0.00935179,0.838443,rsid,0.996559227852903,0.0034127586269002623,6.331394781768144e-06,0.0,2.1682125415008365e-05
rs9859413,172223224,0.0149,0.0141,0.291,-0.00187596,0.0114248,0.869573,rsid,0.9999758986175824,1.627847720250006e-05,7.697597037151172e-06,0.0,1.25308177983615e-07
rs9859809,172223262,-0.0437,0.0121,0.000304,-0.00196359,0.00934969,0.833655,rsid,0.9947476403176769,0.00521287999917529,6.32646220625404e-06,0.0,3.315322094153253e-05
rs11720451,172223376,0.0434,0.0121,0.000335,0.00216731,0.00935296,0.816752,rsid,0.9951903972885403,0.004772731041374314,6.361794693480605e-06,0.0,3.050987539183615e-05
rs1131580,172223620,0.0435,0.0121,0.000324,0.00196359,0.00934969,0.833655,rsid,0.9950475688109119,0.004914845060859043,6.328369711434374e-06,0.0,3.125775851771733e-05
rs1131579,172223627,0.0441,0.0122,0.000301,0.00196359,0.00934969,0.833655,rsid,0.9946480308293719,0.005311860617463774,6.325828703205022e-06,0.0,3.378272446119283e-05
rs1131568,172223690,0.0435,0.0121,0.000324,0.00196359,0.00934969,0.833655,rsid,0.9950475688109119,0.004914845060859043,6.328369711434374e-06,0.0,3.125775851771733e-05
rs1131542,172223926,0.0435,0.0121,0.000324,0.00196359,0.00934969,0.833655,rsid,0.9950475688109119,0.004914845060859043,6.328369711434374e-06,0.0,3.125775851771733e-05
rs17600346,172223982,0.3973,0.0308,4.54e-38,0.0511559,0.0202006,0.0113287,rsid,0.0,0.7626024171069855,0.0,0.0,0.23739758289301452
rs1131535,172224075,0.0388,0.0116,0.000823,0.00690777,0.00848433,0.415542,rsid,0.9979756121453549,0.002000820627713899,7.84298626584167e-06,0.0,1.572424066539937e-05
rs41309772,172224078,0.075,0.0453,0.0978,-0.0317303,0.0373356,0.395398,rsid,0.9998611087241945,0.00010151065299878942,3.39353452332349e-05,0.0,3.445277573362699e-06
rs1131532,172224303,0.044,0.0121,0.000277,0.00196856,0.00934964,0.833239,rsid,0.9942605972476839,0.005696843700211231,6.324036613828014e-06,0.0,3.623501549103072e-05
rs56119116,172224615,-0.0807,0.0703,0.251,0.12552,0.0624385,0.0443987,rsid,0.9996964644769599,7.282382386993921e-05,0.0002150464401277581,0.0,1.5665259042318252e-05
rs111284464,172224769,-0.0424,0.0143,0.00303,-0.00196359,0.00934969,0.833655,rsid,0.9992496117779841,0.0007393310808888204,6.355094143785626e-06,0.0,4.7020469831507624e-06
rs17848019,172224771,-0.0342,0.0138,0.0132,-0.00196359,0.00934969,0.833655,rsid,0.9997999350156784,0.00019248222891352174,6.358594126116204e-06,0.0,1.2241612819589562e-06
rs564405417,172225119,0.0913,0.1628,0.575,0.0560399,0.0448611,0.211597,rsid,0.9998576791623921,7.904571292167918e-05,5.8639281127227616e-05,0.0,4.635843559054818e-06
rs75389921,172225411,0.0314,0.0335,0.349,0.0644505,0.0324655,0.0471227,rsid,0.9998233347893417,3.311795907263547e-05,0.00013894486805115025,0.0,4.602383534527387e-06
rs3136609,172225485,0.1398,0.0236,3.15e-09,0.0174257,0.0221238,0.430905,rsid,0.002307727134039545,0.9783511728412386,4.562152863532896e-08,0.0,0.01934105440319332
rs3136608,172225492,-0.0388,0.0116,0.000823,-0.00685212,0.00848435,0.419311,rsid,0.9979757364934528,0.0020008208770168237,7.801521238701502e-06,0.0,1.564110829160076e-05
rs3819772,172225624,0.0396,0.0116,0.000641,0.00690478,0.00848435,0.415745,rsid,0.9974512383879223,0.0025211174320444365,7.836630229830963e-06,0.0,1.9807549803481675e-05
rs3819773,172225679,0.0434,0.0121,0.000335,0.00196359,0.00934969,0.833655,rsid,0.9951905848418391,0.004772731940841846,6.3292792743002475e-06,0.0,3.0353938044703168e-05
rs13076985,172225738,0.1267,0.0776,0.103,-0.0443428,0.0284166,0.118652,rsid,0.9998002967043556,0.0001314884008422508,6.0286355030964105e-05,0.0,7.928539771151601e-06
rs3136607,172225774,0.0434,0.0121,0.000335,0.00196359,0.00934969,0.833655,rsid,0.9951905848418391,0.004772731940841846,6.3292792743002475e-06,0.0,3.0353938044703168e-05
rs3136606,172225860,0.043,0.0121,0.00038,0.00196359,0.00934969,0.833655,rsid,0.9957197599004171,0.0042468977520298285,6.3326447570346595e-06,0.0,2.7009702796039404e-05
rs115624423,172225899,0.0489,0.0553,0.377,-0.00897202,0.0473493,0.849712,rsid,0.9999191054324481,4.880302650449916e-05,3.059813847629923e-05,0.0,1.493402571202345e-06
rs3136605,172226074,-0.0427,0.0136,0.00169,-0.00896723,0.00925629,0.33266,rsid,0.99878080087046,0.00119760695589721,9.818780138893935e-06,0.0,1.1773393503876411e-05
rs3136603,172226144,-0.111,0.0136,3.3e-16,-0.0117329,0.00976916,0.229748,rsid,4.912955410636956e-10,0.9868466065077762,6.548336173622313e-15,0.0,0.01315339300092179
rs3136602,172226199,0.0142,0.0141,0.314,-0.00151748,0.0114175,0.894266,rsid,0.9999767517897827,1.5472489190191834e-05,7.657241683556123e-06,0.0,1.1847934360819507e-07
rs3136601,172226240,0.0414,0.0116,0.000358,0.00627863,0.00848435,0.459285,rsid,0.9956484580988764,0.004312156913804797,7.387912545504847e-06,0.0,3.199707477327322e-05
rs3136600,172226264,-0.0423,0.0122,0.000526,-0.00227353,0.00935092,0.807901,rsid,0.9968053059713446,0.003168004172798015,6.387948853330095e-06,0.0,2.0301907004046187e-05
rs3136599,172226620,-0.0418,0.0135,0.00196,-0.0102802,0.00904523,0.255735,rsid,0.9989363665430712,0.001040270958423901,1.1444471135428967e-05,0.0,1.1918027369358004e-05
rs10543824,172226678,-0.0486,0.0139,0.000472,-0.00321951,0.0093611,0.730903,rsid,0.9960285421125651,0.003938851926464632,6.581003932376691e-06,0.0,2.602495703801202e-05
rs3136598,172226752,0.0389,0.0133,0.00345,0.0022736,0.00935092,0.807895,rsid,0.9993745716644342,0.0006150821968567629,6.404425403206958e-06,0.0,3.941713305801921e-06
rs3815496,172227199,-0.0426,0.0122,0.00048,-0.00226942,0.0093509,0.808242,rsid,0.9965234373427263,0.0034480828317851996,6.385450560116439e-06,0.0,2.2094374928362434e-05
rs6775921,172227402,0.0134,0.014,0.338,-0.00160291,0.0113965,0.888147,rsid,0.9999776013891258,1.4635331848194233e-05,7.651297243601491e-06,0.0,1.1198178246565212e-07
rs6801105,172227411,0.0053,0.0156,0.734,-0.00634105,0.0122995,0.606168,rsid,0.9999796187280047,1.0952872793772749e-05,9.326247912437176e-06,0.0,1.0215128900131889e-07
rs3181143,172227473,0.0442,0.0122,0.000291,0.00239126,0.00935803,0.798313,rsid,0.9944885731624472,0.0054698414819355475,6.3975942780850575e-06,0.0,3.5187761339060643e-05
rs3181142,172227570,0.0447,0.0122,0.000248,0.00237161,0.00935802,0.799935,rsid,0.9936139251537733,0.006338929380285802,6.388559810077835e-06,0.0,4.075690613086783e-05
rs3181141,172227638,0.0449,0.0122,0.000233,0.00237161,0.00935802,0.799935,rsid,0.9932234242805307,0.0067269380162750265,6.386049037914278e-06,0.0,4.325165415632476e-05
rs3181140,172227642,0.0457,0.0122,0.00018,0.00262693,0.00935749,0.778917,rsid,0.9913863130477653,0.008551883570904995,6.42033884563764e-06,0.0,5.538304248407179e-05
rs3181139,172227905,0.0446,0.0136,0.00104,0.00869596,0.00925433,0.34739,rsid,0.9981055056090923,0.001867101661657858,9.542358468978216e-06,0.0,1.785037078088417e-05
rs3136597,172228544,0.0104,0.014,0.458,-0.00201469,0.011382,0.859503,rsid,0.9999800029389765,1.2217521424041379e-05,7.685638271421708e-06,0.0,9.390132798911306e-08
rs1126161,172228827,0.0465,0.0122,0.000138,0.00231493,0.00936064,0.804673,rsid,0.9890110906955428,0.010912482743178917,6.351027676281579e-06,0.0,7.007553360208923e-05
rs3136596,172228872,0.0174,0.0143,0.224,-0.00368942,0.0114194,0.746631,rsid,0.9999720802487375,1.976585812364564e-05,7.995844007898373e-06,0.0,1.580491309313442e-07
rs3136595,172229301,-0.0627,0.0446,0.16,0.0216061,0.0219577,0.325122,rsid,0.9999044330376411,7.065635524407768e-05,2.3266522327711435e-05,0.0,1.6440847870700054e-06
rs2241063,172229871,0.0475,0.0142,0.000823,0.00826528,0.00926516,0.372349,rsid,0.9975620570831376,0.0024067426909801216,9.1425896962524e-06,0.0,2.2057636185987997e-05
rs3136594,172230584,-0.1081,0.0131,1.56e-16,-0.00363488,0.00931514,0.69638,rsid,2.415646464246072e-10,0.9933572452878427,1.615385242908072e-15,0.0,0.006642754470591004
rs79502229,172230726,-0.0538,0.0623,0.388,0.0164663,0.0555441,0.766883,rsid,0.9999092858352282,5.271756982425381e-05,3.609365266885014e-05,0.0,1.9029422786018845e-06
rs3136593,172230899,-0.0106,0.0472,0.822,0.0208924,0.0733806,0.775865,rsid,0.9999224864612688,3.0713103202793746e-05,4.540577516468238e-05,0.0,1.3946603636958573e-06
rs3136592,172230948,-0.0149,0.0477,0.755,0.0206378,0.0733718,0.778497,rsid,0.9999215187809388,3.167820128249294e-05,4.5365798100276056e-05,0.0,1.437219678313894e-06
rs3821821,172231610,-0.1193,0.013,4.44e-20,-0.00323282,0.00943703,0.731924,rsid,8.128229895821533e-14,0.9933865164179263,5.411379566587559e-19,0.0,0.006613483581992416
rs3774314,172231909,0.0088,0.0157,0.575,0.0034992,0.0114562,0.76003,rsid,0.9999797648548984,1.2160717066693696e-05,7.977414985186922e-06,0.0,9.70130496315967e-08
rs3774315,172231986,0.1192,0.013,4.76e-20,0.00424399,0.00946675,0.653933,rsid,8.710118644308444e-14,0.9930857488824526,6.064325023029721e-19,0.0,0.0069142511174602106
rs7643953,172232225,-0.0234,0.0133,0.0785,0.0082094,0.00933258,0.37905,rsid,0.9999494737638414,4.1021705837441527e-05,9.129983883689063e-06,0.0,3.745464375990332e-07
rs142770957,172232905,-0.0703,0.0768,0.36,0.0229412,0.0370147,0.535398,rsid,0.999905948599135,6.351472006940206e-05,2.8712822383185424e-05,0.0,1.8238584125091603e-06
rs4894559,172233369,0.0216,0.013,0.0966,-0.00778273,0.00929746,0.402547,rsid,0.9999569480101439,3.3983122491666756e-05,8.770795513646253e-06,0.0,2.9807185087590217e-07
rs143093293,172233915,-0.0914,0.0661,0.167,-0.0204204,0.0282284,0.469434,rsid,0.9998842580429969,8.97925961505899e-05,2.3811056757784822e-05,0.0,2.1383040948711553e-06
rs142552223,172234017,-0.439,0.0314,2.04e-44,-0.0551543,0.0209573,0.00849454,rsid,0.0,0.7075594818473739,0.0,0.0,0.292440518152626
rs231987,172234399,-0.1131,0.017,2.87e-11,-0.033002,0.0131699,0.0122155,rsid,2.403127166511266e-05,0.835238262064691,4.73979300066092e-09,0.0,0.16473770192385093
rs11574670,172234557,0.065,0.0892,0.466,-0.127321,0.0635037,0.0449697,rsid,0.9997101865792067,6.217620288270461e-05,0.00021430846825807635,0.0,1.3328749652427486e-05
rs116792332,172234601,0.0353,0.0412,0.392,-0.00360934,0.0250165,0.885281,rsid,0.9999455008274362,3.726126419646033e-05,1.6618642971567338e-05,0.0,6.192653958018878e-07
rs231986,172234844,0.113,0.0169,2.29e-11,0.031954,0.0131592,0.0151709,rsid,1.9898856653536974e-05,0.8598417976082786,3.2431453750399037e-09,0.0,0.1401383002919226
rs540616953,172234882,-0.2153,0.1377,0.118,-0.0248329,0.0318516,0.435601,rsid,0.9998373025087707,0.0001312701640992282,2.7780042931823225e-05,0.0,3.6472841983329092e-06
rs3136591,172234969,-0.0847,0.0114,1.09e-13,-0.0044598,0.00859663,0.603911,rsid,1.5826130889101555e-07,0.993498742150547,1.0356052667560746e-12,0.0,0.006501099587108564
rs231985,172235026,0.1143,0.017,1.77e-11,0.0319289,0.0131572,0.0152356,rsid,1.5530515174133068e-05,0.8603088879061077,2.521459129969291e-09,0.0,0.13967557905725894
rs231984,172235034,0.1143,0.017,1.77e-11,0.0328654,0.0131646,0.0125427,rsid,1.5136302747811206e-05,0.8384715920865463,2.9156786655977345e-09,0.0,0.1615132686950272
rs11333712,172235277,-0.1254,0.019,4.11e-11,-0.0319108,0.0131564,0.0152869,rsid,3.357475087297971e-05,0.8606552160320047,5.4346257057231396e-09,0.0,0.13931120378249673
rs192558196,172235600,0.2175,0.1378,0.114,-0.0215914,0.0756021,0.77519,rsid,0.9998143970498089,0.0001329300278207095,4.649164009483516e-05,0.0,6.181282275463142e-06
rs149583242,172235858,0.0271,0.0524,0.605,-0.00716057,0.0784894,0.92731,rsid,0.9999146024397556,3.7154121342109046e-05,4.651506493666316e-05,0.0,1.7283739658127357e-06
rs231983,172236440,-0.0383,0.0131,0.00346,0.00900275,0.00850195,0.289643,rsid,0.9993796390028765,0.0006044884873391152,9.890253966558287e-06,0.0,5.982255817828697e-06
rs3216506,172236730,0.0789,0.0135,5.08e-09,0.0112476,0.00882753,0.202611,rsid,0.004809091495838514,0.9822319610845504,6.344780171434695e-08,0.0,0.01295888397180942
rs150235139,172237158,0.0252,0.0155,0.104,-0.0043667,0.00991846,0.659749,rsid,0.9999544497949945,3.800733566837736e-05,7.26666999074046e-06,0.0,2.761993464662512e-07
rs3136589,172237826,-0.031,0.0148,0.0362,0.00819955,0.0100986,0.416821,rsid,0.9999036555372022,8.621423558591116e-05,9.326106588901063e-06,0.0,8.041206231242939e-07
rs3136588,172237859,-0.3607,0.0285,1.03e-36,-0.0520377,0.0202265,0.0100895,rsid,0.0,0.7435915369549623,0.0,0.0,0.2564084630450377
rs179777,172237885,-0.1144,0.017,1.7e-11,-0.032223,0.013156,0.0143136,rsid,1.4819494987326865e-05,0.8536266558226085,2.5408758857685846e-09,0.0,0.14635852214152822
rs231982,172238420,0.1166,0.017,6.94e-12,0.0331316,0.0131634,0.0118372,rsid,6.0591617558363474e-06,0.8314826966407693,1.2279712890650646e-09,0.0,0.16851124296950343
rs3774316,172238421,0.0297,0.0148,0.0448,-0.00814567,0.010098,0.419861,rsid,0.9999179148766637,7.21292250224711e-05,9.286047891045419e-06,0.0,6.69850422657219e-07
rs231981,172238498,0.1164,0.017,7.54e-12,0.0332188,0.0131667,0.0116375,rsid,6.544272580331578e-06,0.8293388854590755,1.3466268562633427e-09,0.0,0.1706545689217172
rs16845780,172238510,0.0305,0.0148,0.0393,-0.0082175,0.0100978,0.415764,rsid,0.999909484465759,8.04250122776799e-05,9.339337626268463e-06,0.0,7.51184337109626e-07
rs231980,172238646,0.0222,0.0137,0.105,-0.00438711,0.0099161,0.658184,rsid,0.9999590404937657,3.344440035004443e-05,7.2718918594948595e-06,0.0,2.432140245775311e-07
rs6805054,172238652,0.0897,0.0149,1.74e-09,0.0119355,0.0104679,0.254204,rsid,0.0016054622643807096,0.9852949042231183,2.1344810495931358e-08,0.0,0.013099612167690384
rs231979,172238687,0.1167,0.0169,5.01e-12,0.0331199,0.013163,0.0118648,rsid,4.429432750189399e-06,0.8317721335364198,8.958395783201541e-10,0.0,0.1682234361349904
rs62282626,172239100,0.0393,0.0399,0.325,-0.02898,0.0340039,0.394072,rsid,0.9999270680654142,4.043829767869572e-05,3.123063123131221e-05,0.0,1.2630056758727092e-06
rs56165071,172240129,-0.0287,0.0168,0.0876,0.00822381,0.0100966,0.415354,rsid,0.9999431835581828,4.703292590601084e-05,9.344014594338418e-06,0.0,4.3950131698120767e-07
rs1823227,172240215,0.0312,0.0136,0.0218,-0.00462094,0.0104366,0.657935,rsid,0.9998686138674734,0.00012279448921492537,7.651907741029194e-06,0.0,9.397355708016585e-07
rs3136587,172240311,-0.0293,0.0148,0.0477,0.0082225,0.0100966,0.415426,rsid,0.9999216361455853,6.838209169230213e-05,9.342830370228372e-06,0.0,6.389323522444139e-07
rs115861969,172240458,-0.0503,0.0454,0.268,-0.0140946,0.0316755,0.656343,rsid,0.9999252990094413,5.08304089767766e-05,2.2715839889903887e-05,0.0,1.1547416922030378e-06
rs2270417,172240605,0.0305,0.0136,0.0249,-0.00444022,0.0104379,0.670548,rsid,0.9998822049357163,0.00010936847761071493,7.595752876318799e-06,0.0,8.308337965106654e-07
rs2270418,172240999,-0.0282,0.0148,0.0567,0.00942702,0.0100766,0.349511,rsid,0.9999297517898683,5.927164747746015e-05,1.0362327294777457e-05,0.0,6.1423535939671e-07
rs41308132,172241070,-0.0271,0.0986,0.783,0.117435,0.149171,0.431136,rsid,0.9998565589602617,5.639445419690959e-05,8.239906840749445e-05,0.0,4.647517133864351e-06
rs80208847,172241243,-0.0095,0.053,0.858,-0.0333517,0.0275337,0.225779,rsid,0.9999282515131783,3.379504368835767e-05,3.6712648546583764e-05,0.0,1.2407945866811702e-06
rs146334252,172241734,0.0172,0.0482,0.721,-0.0211541,0.0419195,0.613814,rsid,0.999936316552694,3.241134455598831e-05,3.0290291161367528e-05,0.0,9.818115886788628e-07
rs3136586,172241759,-0.0289,0.0148,0.0509,0.00824357,0.010095,0.414155,rsid,0.9999251580843289,6.487652590923201e-05,9.358215790705426e-06,0.0,6.071739712730404e-07
rs365238,172241866,-0.1162,0.017,8.18e-12,-0.0324159,0.0131381,0.0136126,rsid,7.24684643375608e-06,0.8482210265380201,1.2966742770585795e-09,0.0,0.15177172531887181
rs12488654,172241890,0.0309,0.0148,0.0368,-0.00765866,0.0100949,0.448054,rsid,0.9999052809825615,8.501632745012824e-05,8.942370475192567e-06,0.0,7.603195132165614e-07
rs75278014,172241934,-0.0584,0.028,0.037,0.00210433,0.0203165,0.917505,rsid,0.9998343659964373,0.0001501165458662823,1.349178240377898e-05,0.0,2.025675292743443e-06
